[0.452s] DEBUG:colcon:Command line arguments: ['/usr/bin/colcon', 'build']
[0.452s] DEBUG:colcon:Parsed command line arguments: Namespace(log_base=None, log_level=None, verb_name='build', build_base='build', install_base='install', merge_install=False, symlink_install=False, test_result_base=None, continue_on_error=False, executor='parallel', parallel_workers=8, event_handlers=None, ignore_user_meta=False, metas=['./colcon.meta'], base_paths=['.'], packages_ignore=None, packages_ignore_regex=None, paths=None, packages_up_to=None, packages_up_to_regex=None, packages_above=None, packages_above_and_dependencies=None, packages_above_depth=None, packages_select_by_dep=None, packages_skip_by_dep=None, packages_skip_up_to=None, packages_select_build_failed=False, packages_skip_build_finished=False, packages_select_test_failures=False, packages_skip_test_passed=False, packages_select=None, packages_skip=None, packages_select_regex=None, packages_skip_regex=None, packages_start=None, packages_end=None, allow_overriding=[], cmake_args=None, cmake_target=None, cmake_target_skip_unavailable=False, cmake_clean_cache=False, cmake_clean_first=False, cmake_force_configure=False, ament_cmake_args=None, catkin_cmake_args=None, catkin_skip_building_tests=False, mixin_files=None, mixin=None, verb_parser=<colcon_mixin.mixin.mixin_argument.MixinArgumentDecorator object at 0x710a69203c10>, verb_extension=<colcon_core.verb.build.BuildVerb object at 0x710a693a0b50>, main=<bound method BuildVerb.main of <colcon_core.verb.build.BuildVerb object at 0x710a693a0b50>>, mixin_verb=('build',))
[1.101s] Level 1:colcon.colcon_core.package_discovery:discover_packages(colcon_meta) check parameters
[1.101s] Level 1:colcon.colcon_core.package_discovery:discover_packages(recursive) check parameters
[1.101s] Level 1:colcon.colcon_core.package_discovery:discover_packages(ignore) check parameters
[1.102s] Level 1:colcon.colcon_core.package_discovery:discover_packages(path) check parameters
[1.102s] Level 1:colcon.colcon_core.package_discovery:discover_packages(colcon_meta) discover
[1.102s] Level 1:colcon.colcon_core.package_discovery:discover_packages(recursive) discover
[1.102s] INFO:colcon.colcon_core.package_discovery:Crawling recursively for packages in '/home/albert/umov_ws'
[1.102s] Level 1:colcon.colcon_core.package_identification:_identify(.) by extensions ['ignore', 'ignore_ament_install']
[1.102s] Level 1:colcon.colcon_core.package_identification:_identify(.) by extension 'ignore'
[1.102s] Level 1:colcon.colcon_core.package_identification:_identify(.) by extension 'ignore_ament_install'
[1.102s] Level 1:colcon.colcon_core.package_identification:_identify(.) by extensions ['colcon_pkg']
[1.103s] Level 1:colcon.colcon_core.package_identification:_identify(.) by extension 'colcon_pkg'
[1.103s] Level 1:colcon.colcon_core.package_identification:_identify(.) by extensions ['colcon_meta']
[1.103s] Level 1:colcon.colcon_core.package_identification:_identify(.) by extension 'colcon_meta'
[1.103s] Level 1:colcon.colcon_core.package_identification:_identify(.) by extensions ['ros']
[1.103s] Level 1:colcon.colcon_core.package_identification:_identify(.) by extension 'ros'
[1.149s] Level 1:colcon.colcon_core.package_identification:_identify(.) by extensions ['cmake', 'python']
[1.149s] Level 1:colcon.colcon_core.package_identification:_identify(.) by extension 'cmake'
[1.149s] Level 1:colcon.colcon_core.package_identification:_identify(.) by extension 'python'
[1.149s] Level 1:colcon.colcon_core.package_identification:_identify(.) by extensions ['python_setup_py']
[1.149s] Level 1:colcon.colcon_core.package_identification:_identify(.) by extension 'python_setup_py'
[1.149s] Level 1:colcon.colcon_core.package_identification:_identify(CAD of Robot) by extensions ['ignore', 'ignore_ament_install']
[1.149s] Level 1:colcon.colcon_core.package_identification:_identify(CAD of Robot) by extension 'ignore'
[1.150s] Level 1:colcon.colcon_core.package_identification:_identify(CAD of Robot) by extension 'ignore_ament_install'
[1.150s] Level 1:colcon.colcon_core.package_identification:_identify(CAD of Robot) by extensions ['colcon_pkg']
[1.150s] Level 1:colcon.colcon_core.package_identification:_identify(CAD of Robot) by extension 'colcon_pkg'
[1.150s] Level 1:colcon.colcon_core.package_identification:_identify(CAD of Robot) by extensions ['colcon_meta']
[1.150s] Level 1:colcon.colcon_core.package_identification:_identify(CAD of Robot) by extension 'colcon_meta'
[1.150s] Level 1:colcon.colcon_core.package_identification:_identify(CAD of Robot) by extensions ['ros']
[1.150s] Level 1:colcon.colcon_core.package_identification:_identify(CAD of Robot) by extension 'ros'
[1.150s] Level 1:colcon.colcon_core.package_identification:_identify(CAD of Robot) by extensions ['cmake', 'python']
[1.150s] Level 1:colcon.colcon_core.package_identification:_identify(CAD of Robot) by extension 'cmake'
[1.150s] Level 1:colcon.colcon_core.package_identification:_identify(CAD of Robot) by extension 'python'
[1.151s] Level 1:colcon.colcon_core.package_identification:_identify(CAD of Robot) by extensions ['python_setup_py']
[1.151s] Level 1:colcon.colcon_core.package_identification:_identify(CAD of Robot) by extension 'python_setup_py'
[1.151s] Level 1:colcon.colcon_core.package_identification:_identify(STL 3D Print) by extensions ['ignore', 'ignore_ament_install']
[1.151s] Level 1:colcon.colcon_core.package_identification:_identify(STL 3D Print) by extension 'ignore'
[1.151s] Level 1:colcon.colcon_core.package_identification:_identify(STL 3D Print) by extension 'ignore_ament_install'
[1.151s] Level 1:colcon.colcon_core.package_identification:_identify(STL 3D Print) by extensions ['colcon_pkg']
[1.151s] Level 1:colcon.colcon_core.package_identification:_identify(STL 3D Print) by extension 'colcon_pkg'
[1.152s] Level 1:colcon.colcon_core.package_identification:_identify(STL 3D Print) by extensions ['colcon_meta']
[1.152s] Level 1:colcon.colcon_core.package_identification:_identify(STL 3D Print) by extension 'colcon_meta'
[1.152s] Level 1:colcon.colcon_core.package_identification:_identify(STL 3D Print) by extensions ['ros']
[1.152s] Level 1:colcon.colcon_core.package_identification:_identify(STL 3D Print) by extension 'ros'
[1.152s] Level 1:colcon.colcon_core.package_identification:_identify(STL 3D Print) by extensions ['cmake', 'python']
[1.152s] Level 1:colcon.colcon_core.package_identification:_identify(STL 3D Print) by extension 'cmake'
[1.152s] Level 1:colcon.colcon_core.package_identification:_identify(STL 3D Print) by extension 'python'
[1.152s] Level 1:colcon.colcon_core.package_identification:_identify(STL 3D Print) by extensions ['python_setup_py']
[1.153s] Level 1:colcon.colcon_core.package_identification:_identify(STL 3D Print) by extension 'python_setup_py'
[1.153s] Level 1:colcon.colcon_core.package_identification:_identify(STL Gazebo) by extensions ['ignore', 'ignore_ament_install']
[1.153s] Level 1:colcon.colcon_core.package_identification:_identify(STL Gazebo) by extension 'ignore'
[1.153s] Level 1:colcon.colcon_core.package_identification:_identify(STL Gazebo) by extension 'ignore_ament_install'
[1.153s] Level 1:colcon.colcon_core.package_identification:_identify(STL Gazebo) by extensions ['colcon_pkg']
[1.153s] Level 1:colcon.colcon_core.package_identification:_identify(STL Gazebo) by extension 'colcon_pkg'
[1.153s] Level 1:colcon.colcon_core.package_identification:_identify(STL Gazebo) by extensions ['colcon_meta']
[1.153s] Level 1:colcon.colcon_core.package_identification:_identify(STL Gazebo) by extension 'colcon_meta'
[1.154s] Level 1:colcon.colcon_core.package_identification:_identify(STL Gazebo) by extensions ['ros']
[1.154s] Level 1:colcon.colcon_core.package_identification:_identify(STL Gazebo) by extension 'ros'
[1.154s] Level 1:colcon.colcon_core.package_identification:_identify(STL Gazebo) by extensions ['cmake', 'python']
[1.154s] Level 1:colcon.colcon_core.package_identification:_identify(STL Gazebo) by extension 'cmake'
[1.154s] Level 1:colcon.colcon_core.package_identification:_identify(STL Gazebo) by extension 'python'
[1.154s] Level 1:colcon.colcon_core.package_identification:_identify(STL Gazebo) by extensions ['python_setup_py']
[1.154s] Level 1:colcon.colcon_core.package_identification:_identify(STL Gazebo) by extension 'python_setup_py'
[1.154s] Level 1:colcon.colcon_core.package_identification:_identify(build) by extensions ['ignore', 'ignore_ament_install']
[1.155s] Level 1:colcon.colcon_core.package_identification:_identify(build) by extension 'ignore'
[1.155s] Level 1:colcon.colcon_core.package_identification:_identify(build) ignored
[1.155s] Level 1:colcon.colcon_core.package_identification:_identify(install) by extensions ['ignore', 'ignore_ament_install']
[1.155s] Level 1:colcon.colcon_core.package_identification:_identify(install) by extension 'ignore'
[1.155s] Level 1:colcon.colcon_core.package_identification:_identify(install) ignored
[1.156s] Level 1:colcon.colcon_core.package_identification:_identify(log) by extensions ['ignore', 'ignore_ament_install']
[1.156s] Level 1:colcon.colcon_core.package_identification:_identify(log) by extension 'ignore'
[1.156s] Level 1:colcon.colcon_core.package_identification:_identify(log) ignored
[1.156s] Level 1:colcon.colcon_core.package_identification:_identify(src) by extensions ['ignore', 'ignore_ament_install']
[1.156s] Level 1:colcon.colcon_core.package_identification:_identify(src) by extension 'ignore'
[1.157s] Level 1:colcon.colcon_core.package_identification:_identify(src) by extension 'ignore_ament_install'
[1.157s] Level 1:colcon.colcon_core.package_identification:_identify(src) by extensions ['colcon_pkg']
[1.157s] Level 1:colcon.colcon_core.package_identification:_identify(src) by extension 'colcon_pkg'
[1.157s] Level 1:colcon.colcon_core.package_identification:_identify(src) by extensions ['colcon_meta']
[1.157s] Level 1:colcon.colcon_core.package_identification:_identify(src) by extension 'colcon_meta'
[1.157s] Level 1:colcon.colcon_core.package_identification:_identify(src) by extensions ['ros']
[1.157s] Level 1:colcon.colcon_core.package_identification:_identify(src) by extension 'ros'
[1.157s] Level 1:colcon.colcon_core.package_identification:_identify(src) by extensions ['cmake', 'python']
[1.157s] Level 1:colcon.colcon_core.package_identification:_identify(src) by extension 'cmake'
[1.157s] Level 1:colcon.colcon_core.package_identification:_identify(src) by extension 'python'
[1.158s] Level 1:colcon.colcon_core.package_identification:_identify(src) by extensions ['python_setup_py']
[1.158s] Level 1:colcon.colcon_core.package_identification:_identify(src) by extension 'python_setup_py'
[1.158s] Level 1:colcon.colcon_core.package_identification:_identify(src/arduino_cpp_examples) by extensions ['ignore', 'ignore_ament_install']
[1.158s] Level 1:colcon.colcon_core.package_identification:_identify(src/arduino_cpp_examples) by extension 'ignore'
[1.158s] Level 1:colcon.colcon_core.package_identification:_identify(src/arduino_cpp_examples) by extension 'ignore_ament_install'
[1.158s] Level 1:colcon.colcon_core.package_identification:_identify(src/arduino_cpp_examples) by extensions ['colcon_pkg']
[1.158s] Level 1:colcon.colcon_core.package_identification:_identify(src/arduino_cpp_examples) by extension 'colcon_pkg'
[1.158s] Level 1:colcon.colcon_core.package_identification:_identify(src/arduino_cpp_examples) by extensions ['colcon_meta']
[1.159s] Level 1:colcon.colcon_core.package_identification:_identify(src/arduino_cpp_examples) by extension 'colcon_meta'
[1.159s] Level 1:colcon.colcon_core.package_identification:_identify(src/arduino_cpp_examples) by extensions ['ros']
[1.159s] Level 1:colcon.colcon_core.package_identification:_identify(src/arduino_cpp_examples) by extension 'ros'
[1.165s] DEBUG:colcon.colcon_core.package_identification:Package 'src/arduino_cpp_examples' with type 'ros.ament_cmake' and name 'arduino_cpp_examples'
[1.166s] Level 1:colcon.colcon_core.package_identification:_identify(src/arduino_py_examples) by extensions ['ignore', 'ignore_ament_install']
[1.166s] Level 1:colcon.colcon_core.package_identification:_identify(src/arduino_py_examples) by extension 'ignore'
[1.166s] Level 1:colcon.colcon_core.package_identification:_identify(src/arduino_py_examples) by extension 'ignore_ament_install'
[1.166s] Level 1:colcon.colcon_core.package_identification:_identify(src/arduino_py_examples) by extensions ['colcon_pkg']
[1.166s] Level 1:colcon.colcon_core.package_identification:_identify(src/arduino_py_examples) by extension 'colcon_pkg'
[1.166s] Level 1:colcon.colcon_core.package_identification:_identify(src/arduino_py_examples) by extensions ['colcon_meta']
[1.166s] Level 1:colcon.colcon_core.package_identification:_identify(src/arduino_py_examples) by extension 'colcon_meta'
[1.166s] Level 1:colcon.colcon_core.package_identification:_identify(src/arduino_py_examples) by extensions ['ros']
[1.167s] Level 1:colcon.colcon_core.package_identification:_identify(src/arduino_py_examples) by extension 'ros'
[1.168s] DEBUG:colcon.colcon_core.package_identification:Package 'src/arduino_py_examples' with type 'ros.ament_python' and name 'arduino_py_examples'
[1.168s] Level 1:colcon.colcon_core.package_identification:_identify(src/arduinobot_bringup) by extensions ['ignore', 'ignore_ament_install']
[1.168s] Level 1:colcon.colcon_core.package_identification:_identify(src/arduinobot_bringup) by extension 'ignore'
[1.169s] Level 1:colcon.colcon_core.package_identification:_identify(src/arduinobot_bringup) by extension 'ignore_ament_install'
[1.169s] Level 1:colcon.colcon_core.package_identification:_identify(src/arduinobot_bringup) by extensions ['colcon_pkg']
[1.169s] Level 1:colcon.colcon_core.package_identification:_identify(src/arduinobot_bringup) by extension 'colcon_pkg'
[1.169s] Level 1:colcon.colcon_core.package_identification:_identify(src/arduinobot_bringup) by extensions ['colcon_meta']
[1.169s] Level 1:colcon.colcon_core.package_identification:_identify(src/arduinobot_bringup) by extension 'colcon_meta'
[1.169s] Level 1:colcon.colcon_core.package_identification:_identify(src/arduinobot_bringup) by extensions ['ros']
[1.169s] Level 1:colcon.colcon_core.package_identification:_identify(src/arduinobot_bringup) by extension 'ros'
[1.171s] DEBUG:colcon.colcon_core.package_identification:Package 'src/arduinobot_bringup' with type 'ros.ament_cmake' and name 'arduinobot_bringup'
[1.171s] Level 1:colcon.colcon_core.package_identification:_identify(src/arduinobot_controller) by extensions ['ignore', 'ignore_ament_install']
[1.171s] Level 1:colcon.colcon_core.package_identification:_identify(src/arduinobot_controller) by extension 'ignore'
[1.171s] Level 1:colcon.colcon_core.package_identification:_identify(src/arduinobot_controller) by extension 'ignore_ament_install'
[1.172s] Level 1:colcon.colcon_core.package_identification:_identify(src/arduinobot_controller) by extensions ['colcon_pkg']
[1.172s] Level 1:colcon.colcon_core.package_identification:_identify(src/arduinobot_controller) by extension 'colcon_pkg'
[1.172s] Level 1:colcon.colcon_core.package_identification:_identify(src/arduinobot_controller) by extensions ['colcon_meta']
[1.172s] Level 1:colcon.colcon_core.package_identification:_identify(src/arduinobot_controller) by extension 'colcon_meta'
[1.172s] Level 1:colcon.colcon_core.package_identification:_identify(src/arduinobot_controller) by extensions ['ros']
[1.172s] Level 1:colcon.colcon_core.package_identification:_identify(src/arduinobot_controller) by extension 'ros'
[1.175s] DEBUG:colcon.colcon_core.package_identification:Package 'src/arduinobot_controller' with type 'ros.ament_cmake' and name 'arduinobot_controller'
[1.175s] Level 1:colcon.colcon_core.package_identification:_identify(src/arduinobot_firmware) by extensions ['ignore', 'ignore_ament_install']
[1.176s] Level 1:colcon.colcon_core.package_identification:_identify(src/arduinobot_firmware) by extension 'ignore'
[1.176s] Level 1:colcon.colcon_core.package_identification:_identify(src/arduinobot_firmware) by extension 'ignore_ament_install'
[1.176s] Level 1:colcon.colcon_core.package_identification:_identify(src/arduinobot_firmware) by extensions ['colcon_pkg']
[1.176s] Level 1:colcon.colcon_core.package_identification:_identify(src/arduinobot_firmware) by extension 'colcon_pkg'
[1.176s] Level 1:colcon.colcon_core.package_identification:_identify(src/arduinobot_firmware) by extensions ['colcon_meta']
[1.176s] Level 1:colcon.colcon_core.package_identification:_identify(src/arduinobot_firmware) by extension 'colcon_meta'
[1.176s] Level 1:colcon.colcon_core.package_identification:_identify(src/arduinobot_firmware) by extensions ['ros']
[1.176s] Level 1:colcon.colcon_core.package_identification:_identify(src/arduinobot_firmware) by extension 'ros'
[1.178s] DEBUG:colcon.colcon_core.package_identification:Package 'src/arduinobot_firmware' with type 'ros.ament_cmake' and name 'arduinobot_firmware'
[1.179s] Level 1:colcon.colcon_core.package_identification:_identify(src/arduinobot_moveit) by extensions ['ignore', 'ignore_ament_install']
[1.179s] Level 1:colcon.colcon_core.package_identification:_identify(src/arduinobot_moveit) by extension 'ignore'
[1.179s] Level 1:colcon.colcon_core.package_identification:_identify(src/arduinobot_moveit) by extension 'ignore_ament_install'
[1.179s] Level 1:colcon.colcon_core.package_identification:_identify(src/arduinobot_moveit) by extensions ['colcon_pkg']
[1.179s] Level 1:colcon.colcon_core.package_identification:_identify(src/arduinobot_moveit) by extension 'colcon_pkg'
[1.179s] Level 1:colcon.colcon_core.package_identification:_identify(src/arduinobot_moveit) by extensions ['colcon_meta']
[1.179s] Level 1:colcon.colcon_core.package_identification:_identify(src/arduinobot_moveit) by extension 'colcon_meta'
[1.179s] Level 1:colcon.colcon_core.package_identification:_identify(src/arduinobot_moveit) by extensions ['ros']
[1.179s] Level 1:colcon.colcon_core.package_identification:_identify(src/arduinobot_moveit) by extension 'ros'
[1.181s] DEBUG:colcon.colcon_core.package_identification:Package 'src/arduinobot_moveit' with type 'ros.ament_cmake' and name 'arduinobot_moveit'
[1.181s] Level 1:colcon.colcon_core.package_identification:_identify(src/arduinobot_msgs) by extensions ['ignore', 'ignore_ament_install']
[1.181s] Level 1:colcon.colcon_core.package_identification:_identify(src/arduinobot_msgs) by extension 'ignore'
[1.181s] Level 1:colcon.colcon_core.package_identification:_identify(src/arduinobot_msgs) by extension 'ignore_ament_install'
[1.181s] Level 1:colcon.colcon_core.package_identification:_identify(src/arduinobot_msgs) by extensions ['colcon_pkg']
[1.182s] Level 1:colcon.colcon_core.package_identification:_identify(src/arduinobot_msgs) by extension 'colcon_pkg'
[1.182s] Level 1:colcon.colcon_core.package_identification:_identify(src/arduinobot_msgs) by extensions ['colcon_meta']
[1.182s] Level 1:colcon.colcon_core.package_identification:_identify(src/arduinobot_msgs) by extension 'colcon_meta'
[1.182s] Level 1:colcon.colcon_core.package_identification:_identify(src/arduinobot_msgs) by extensions ['ros']
[1.182s] Level 1:colcon.colcon_core.package_identification:_identify(src/arduinobot_msgs) by extension 'ros'
[1.183s] DEBUG:colcon.colcon_core.package_identification:Package 'src/arduinobot_msgs' with type 'ros.ament_cmake' and name 'arduinobot_msgs'
[1.184s] Level 1:colcon.colcon_core.package_identification:_identify(src/arduinobot_remote) by extensions ['ignore', 'ignore_ament_install']
[1.184s] Level 1:colcon.colcon_core.package_identification:_identify(src/arduinobot_remote) by extension 'ignore'
[1.184s] Level 1:colcon.colcon_core.package_identification:_identify(src/arduinobot_remote) by extension 'ignore_ament_install'
[1.184s] Level 1:colcon.colcon_core.package_identification:_identify(src/arduinobot_remote) by extensions ['colcon_pkg']
[1.184s] Level 1:colcon.colcon_core.package_identification:_identify(src/arduinobot_remote) by extension 'colcon_pkg'
[1.184s] Level 1:colcon.colcon_core.package_identification:_identify(src/arduinobot_remote) by extensions ['colcon_meta']
[1.184s] Level 1:colcon.colcon_core.package_identification:_identify(src/arduinobot_remote) by extension 'colcon_meta'
[1.185s] Level 1:colcon.colcon_core.package_identification:_identify(src/arduinobot_remote) by extensions ['ros']
[1.185s] Level 1:colcon.colcon_core.package_identification:_identify(src/arduinobot_remote) by extension 'ros'
[1.187s] DEBUG:colcon.colcon_core.package_identification:Package 'src/arduinobot_remote' with type 'ros.ament_cmake' and name 'arduinobot_remote'
[1.188s] Level 1:colcon.colcon_core.package_identification:_identify(src/arduinobot_utils) by extensions ['ignore', 'ignore_ament_install']
[1.188s] Level 1:colcon.colcon_core.package_identification:_identify(src/arduinobot_utils) by extension 'ignore'
[1.188s] Level 1:colcon.colcon_core.package_identification:_identify(src/arduinobot_utils) by extension 'ignore_ament_install'
[1.188s] Level 1:colcon.colcon_core.package_identification:_identify(src/arduinobot_utils) by extensions ['colcon_pkg']
[1.188s] Level 1:colcon.colcon_core.package_identification:_identify(src/arduinobot_utils) by extension 'colcon_pkg'
[1.188s] Level 1:colcon.colcon_core.package_identification:_identify(src/arduinobot_utils) by extensions ['colcon_meta']
[1.188s] Level 1:colcon.colcon_core.package_identification:_identify(src/arduinobot_utils) by extension 'colcon_meta'
[1.188s] Level 1:colcon.colcon_core.package_identification:_identify(src/arduinobot_utils) by extensions ['ros']
[1.189s] Level 1:colcon.colcon_core.package_identification:_identify(src/arduinobot_utils) by extension 'ros'
[1.191s] DEBUG:colcon.colcon_core.package_identification:Package 'src/arduinobot_utils' with type 'ros.ament_cmake' and name 'arduinobot_utils'
[1.191s] Level 1:colcon.colcon_core.package_identification:_identify(src/description) by extensions ['ignore', 'ignore_ament_install']
[1.191s] Level 1:colcon.colcon_core.package_identification:_identify(src/description) by extension 'ignore'
[1.191s] Level 1:colcon.colcon_core.package_identification:_identify(src/description) by extension 'ignore_ament_install'
[1.191s] Level 1:colcon.colcon_core.package_identification:_identify(src/description) by extensions ['colcon_pkg']
[1.191s] Level 1:colcon.colcon_core.package_identification:_identify(src/description) by extension 'colcon_pkg'
[1.192s] Level 1:colcon.colcon_core.package_identification:_identify(src/description) by extensions ['colcon_meta']
[1.192s] Level 1:colcon.colcon_core.package_identification:_identify(src/description) by extension 'colcon_meta'
[1.192s] Level 1:colcon.colcon_core.package_identification:_identify(src/description) by extensions ['ros']
[1.192s] Level 1:colcon.colcon_core.package_identification:_identify(src/description) by extension 'ros'
[1.193s] DEBUG:colcon.colcon_core.package_identification:Package 'src/description' with type 'ros.ament_cmake' and name 'description'
[1.193s] Level 1:colcon.colcon_core.package_discovery:discover_packages(recursive) using defaults
[1.193s] Level 1:colcon.colcon_core.package_discovery:discover_packages(ignore) discover
[1.194s] Level 1:colcon.colcon_core.package_discovery:discover_packages(ignore) using defaults
[1.194s] Level 1:colcon.colcon_core.package_discovery:discover_packages(path) discover
[1.194s] Level 1:colcon.colcon_core.package_discovery:discover_packages(path) using defaults
[1.250s] Level 1:colcon.colcon_core.package_discovery:discover_packages(prefix_path) check parameters
[1.250s] Level 1:colcon.colcon_core.package_discovery:discover_packages(prefix_path) discover
[1.257s] WARNING:colcon.colcon_ros.prefix_path.ament:The path '/home/albert/umov_ws/install/description' in the environment variable AMENT_PREFIX_PATH doesn't exist
[1.257s] WARNING:colcon.colcon_ros.prefix_path.ament:The path '/home/albert/umov_ws/install/arduinobot_utils' in the environment variable AMENT_PREFIX_PATH doesn't exist
[1.257s] WARNING:colcon.colcon_ros.prefix_path.ament:The path '/home/albert/umov_ws/install/arduinobot_remote' in the environment variable AMENT_PREFIX_PATH doesn't exist
[1.257s] WARNING:colcon.colcon_ros.prefix_path.ament:The path '/home/albert/umov_ws/install/arduino_py_examples' in the environment variable AMENT_PREFIX_PATH doesn't exist
[1.257s] WARNING:colcon.colcon_ros.prefix_path.ament:The path '/home/albert/umov_ws/install/arduino_cpp_examples' in the environment variable AMENT_PREFIX_PATH doesn't exist
[1.257s] WARNING:colcon.colcon_ros.prefix_path.ament:The path '/home/albert/umov_ws/install/arduinobot_msgs' in the environment variable AMENT_PREFIX_PATH doesn't exist
[1.257s] WARNING:colcon.colcon_ros.prefix_path.ament:The path '/home/albert/umov_ws/install/arduinobot_moveit' in the environment variable AMENT_PREFIX_PATH doesn't exist
[1.258s] WARNING:colcon.colcon_ros.prefix_path.ament:The path '/home/albert/umov_ws/install/arduinobot_firmware' in the environment variable AMENT_PREFIX_PATH doesn't exist
[1.258s] WARNING:colcon.colcon_ros.prefix_path.ament:The path '/home/albert/umov_ws/install/arduinobot_controller' in the environment variable AMENT_PREFIX_PATH doesn't exist
[1.258s] WARNING:colcon.colcon_ros.prefix_path.ament:The path '/home/albert/umov_ws/install/arduinobot_bringup' in the environment variable AMENT_PREFIX_PATH doesn't exist
[1.263s] WARNING:colcon.colcon_ros.prefix_path.catkin:The path '/home/albert/umov_ws/install/description' in the environment variable CMAKE_PREFIX_PATH doesn't exist
[1.263s] WARNING:colcon.colcon_ros.prefix_path.catkin:The path '/home/albert/umov_ws/install/arduinobot_utils' in the environment variable CMAKE_PREFIX_PATH doesn't exist
[1.264s] WARNING:colcon.colcon_ros.prefix_path.catkin:The path '/home/albert/umov_ws/install/arduinobot_remote' in the environment variable CMAKE_PREFIX_PATH doesn't exist
[1.264s] WARNING:colcon.colcon_ros.prefix_path.catkin:The path '/home/albert/umov_ws/install/arduino_cpp_examples' in the environment variable CMAKE_PREFIX_PATH doesn't exist
[1.264s] WARNING:colcon.colcon_ros.prefix_path.catkin:The path '/home/albert/umov_ws/install/arduinobot_msgs' in the environment variable CMAKE_PREFIX_PATH doesn't exist
[1.264s] WARNING:colcon.colcon_ros.prefix_path.catkin:The path '/home/albert/umov_ws/install/arduinobot_moveit' in the environment variable CMAKE_PREFIX_PATH doesn't exist
[1.264s] WARNING:colcon.colcon_ros.prefix_path.catkin:The path '/home/albert/umov_ws/install/arduinobot_firmware' in the environment variable CMAKE_PREFIX_PATH doesn't exist
[1.264s] WARNING:colcon.colcon_ros.prefix_path.catkin:The path '/home/albert/umov_ws/install/arduinobot_controller' in the environment variable CMAKE_PREFIX_PATH doesn't exist
[1.264s] WARNING:colcon.colcon_ros.prefix_path.catkin:The path '/home/albert/umov_ws/install/arduinobot_bringup' in the environment variable CMAKE_PREFIX_PATH doesn't exist
[1.266s] DEBUG:colcon.colcon_installed_package_information.package_discovery:Found 0 installed packages in /home/albert/umov_ws/install
[1.268s] DEBUG:colcon.colcon_installed_package_information.package_discovery:Found 12 installed packages in /home/albert/udem2_ws/install
[1.270s] DEBUG:colcon.colcon_installed_package_information.package_discovery:Found 18 installed packages in /home/albert/bcdc_ws/install
[1.274s] DEBUG:colcon.colcon_installed_package_information.package_discovery:Found 55 installed packages in /home/albert/ws_moveit2/install
[1.276s] DEBUG:colcon.colcon_installed_package_information.package_discovery:Found 3 installed packages in /home/albert/unav_ws/install
[1.278s] DEBUG:colcon.colcon_installed_package_information.package_discovery:Found 8 installed packages in /home/albert/udem_ws/install
[1.280s] DEBUG:colcon.colcon_installed_package_information.package_discovery:Found 9 installed packages in /home/albert/arduinobot_ws/install
[1.281s] DEBUG:colcon.colcon_installed_package_information.package_discovery:Found 5 installed packages in /home/albert/ag_arm_ws/install
[1.283s] DEBUG:colcon.colcon_installed_package_information.package_discovery:Found 8 installed packages in /home/albert/rad_ws/install
[1.284s] DEBUG:colcon.colcon_installed_package_information.package_discovery:Found 1 installed packages in /home/albert/dev_ws/install
[1.285s] DEBUG:colcon.colcon_installed_package_information.package_discovery:Found 4 installed packages in /home/albert/ag_car_ws/install
[1.290s] DEBUG:colcon.colcon_installed_package_information.package_discovery:Found 435 installed packages in /opt/ros/humble
[1.295s] Level 1:colcon.colcon_core.package_discovery:discover_packages(prefix_path) using defaults
[1.455s] WARNING:colcon.colcon_core.package_selection:Some selected packages are already built in one or more underlay workspaces:
	'arduinobot_msgs' is in: /home/albert/arduinobot_ws/install/arduinobot_msgs
If a package in a merged underlay workspace is overridden and it installs headers, then all packages in the overlay must sort their include directories by workspace order. Failure to do so may result in build failures or undefined behavior at run time.
If the overridden package is used by another package in any underlay, then the overriding package in the overlay must be API and ABI compatible or undefined behavior at run time may occur.

If you understand the risks and want to override a package anyways, add the following to the command line:
	--allow-overriding arduinobot_msgs

This may be promoted to an error in a future release of colcon-override-check.
[1.458s] Level 5:colcon.colcon_core.verb:set package 'arduinobot_bringup' build argument 'cmake_args' from command line to 'None'
[1.458s] Level 5:colcon.colcon_core.verb:set package 'arduinobot_bringup' build argument 'cmake_target' from command line to 'None'
[1.458s] Level 5:colcon.colcon_core.verb:set package 'arduinobot_bringup' build argument 'cmake_target_skip_unavailable' from command line to 'False'
[1.458s] Level 5:colcon.colcon_core.verb:set package 'arduinobot_bringup' build argument 'cmake_clean_cache' from command line to 'False'
[1.458s] Level 5:colcon.colcon_core.verb:set package 'arduinobot_bringup' build argument 'cmake_clean_first' from command line to 'False'
[1.459s] Level 5:colcon.colcon_core.verb:set package 'arduinobot_bringup' build argument 'cmake_force_configure' from command line to 'False'
[1.459s] Level 5:colcon.colcon_core.verb:set package 'arduinobot_bringup' build argument 'ament_cmake_args' from command line to 'None'
[1.459s] Level 5:colcon.colcon_core.verb:set package 'arduinobot_bringup' build argument 'catkin_cmake_args' from command line to 'None'
[1.459s] Level 5:colcon.colcon_core.verb:set package 'arduinobot_bringup' build argument 'catkin_skip_building_tests' from command line to 'False'
[1.459s] DEBUG:colcon.colcon_core.verb:Building package 'arduinobot_bringup' with the following arguments: {'ament_cmake_args': None, 'build_base': '/home/albert/umov_ws/build/arduinobot_bringup', 'catkin_cmake_args': None, 'catkin_skip_building_tests': False, 'cmake_args': None, 'cmake_clean_cache': False, 'cmake_clean_first': False, 'cmake_force_configure': False, 'cmake_target': None, 'cmake_target_skip_unavailable': False, 'install_base': '/home/albert/umov_ws/install/arduinobot_bringup', 'merge_install': False, 'path': '/home/albert/umov_ws/src/arduinobot_bringup', 'symlink_install': False, 'test_result_base': None}
[1.460s] Level 5:colcon.colcon_core.verb:set package 'arduinobot_controller' build argument 'cmake_args' from command line to 'None'
[1.460s] Level 5:colcon.colcon_core.verb:set package 'arduinobot_controller' build argument 'cmake_target' from command line to 'None'
[1.460s] Level 5:colcon.colcon_core.verb:set package 'arduinobot_controller' build argument 'cmake_target_skip_unavailable' from command line to 'False'
[1.460s] Level 5:colcon.colcon_core.verb:set package 'arduinobot_controller' build argument 'cmake_clean_cache' from command line to 'False'
[1.460s] Level 5:colcon.colcon_core.verb:set package 'arduinobot_controller' build argument 'cmake_clean_first' from command line to 'False'
[1.460s] Level 5:colcon.colcon_core.verb:set package 'arduinobot_controller' build argument 'cmake_force_configure' from command line to 'False'
[1.460s] Level 5:colcon.colcon_core.verb:set package 'arduinobot_controller' build argument 'ament_cmake_args' from command line to 'None'
[1.460s] Level 5:colcon.colcon_core.verb:set package 'arduinobot_controller' build argument 'catkin_cmake_args' from command line to 'None'
[1.460s] Level 5:colcon.colcon_core.verb:set package 'arduinobot_controller' build argument 'catkin_skip_building_tests' from command line to 'False'
[1.460s] DEBUG:colcon.colcon_core.verb:Building package 'arduinobot_controller' with the following arguments: {'ament_cmake_args': None, 'build_base': '/home/albert/umov_ws/build/arduinobot_controller', 'catkin_cmake_args': None, 'catkin_skip_building_tests': False, 'cmake_args': None, 'cmake_clean_cache': False, 'cmake_clean_first': False, 'cmake_force_configure': False, 'cmake_target': None, 'cmake_target_skip_unavailable': False, 'install_base': '/home/albert/umov_ws/install/arduinobot_controller', 'merge_install': False, 'path': '/home/albert/umov_ws/src/arduinobot_controller', 'symlink_install': False, 'test_result_base': None}
[1.461s] Level 5:colcon.colcon_core.verb:set package 'arduinobot_firmware' build argument 'cmake_args' from command line to 'None'
[1.461s] Level 5:colcon.colcon_core.verb:set package 'arduinobot_firmware' build argument 'cmake_target' from command line to 'None'
[1.461s] Level 5:colcon.colcon_core.verb:set package 'arduinobot_firmware' build argument 'cmake_target_skip_unavailable' from command line to 'False'
[1.461s] Level 5:colcon.colcon_core.verb:set package 'arduinobot_firmware' build argument 'cmake_clean_cache' from command line to 'False'
[1.461s] Level 5:colcon.colcon_core.verb:set package 'arduinobot_firmware' build argument 'cmake_clean_first' from command line to 'False'
[1.462s] Level 5:colcon.colcon_core.verb:set package 'arduinobot_firmware' build argument 'cmake_force_configure' from command line to 'False'
[1.462s] Level 5:colcon.colcon_core.verb:set package 'arduinobot_firmware' build argument 'ament_cmake_args' from command line to 'None'
[1.462s] Level 5:colcon.colcon_core.verb:set package 'arduinobot_firmware' build argument 'catkin_cmake_args' from command line to 'None'
[1.462s] Level 5:colcon.colcon_core.verb:set package 'arduinobot_firmware' build argument 'catkin_skip_building_tests' from command line to 'False'
[1.462s] DEBUG:colcon.colcon_core.verb:Building package 'arduinobot_firmware' with the following arguments: {'ament_cmake_args': None, 'build_base': '/home/albert/umov_ws/build/arduinobot_firmware', 'catkin_cmake_args': None, 'catkin_skip_building_tests': False, 'cmake_args': None, 'cmake_clean_cache': False, 'cmake_clean_first': False, 'cmake_force_configure': False, 'cmake_target': None, 'cmake_target_skip_unavailable': False, 'install_base': '/home/albert/umov_ws/install/arduinobot_firmware', 'merge_install': False, 'path': '/home/albert/umov_ws/src/arduinobot_firmware', 'symlink_install': False, 'test_result_base': None}
[1.463s] Level 5:colcon.colcon_core.verb:set package 'arduinobot_moveit' build argument 'cmake_args' from command line to 'None'
[1.463s] Level 5:colcon.colcon_core.verb:set package 'arduinobot_moveit' build argument 'cmake_target' from command line to 'None'
[1.463s] Level 5:colcon.colcon_core.verb:set package 'arduinobot_moveit' build argument 'cmake_target_skip_unavailable' from command line to 'False'
[1.463s] Level 5:colcon.colcon_core.verb:set package 'arduinobot_moveit' build argument 'cmake_clean_cache' from command line to 'False'
[1.463s] Level 5:colcon.colcon_core.verb:set package 'arduinobot_moveit' build argument 'cmake_clean_first' from command line to 'False'
[1.463s] Level 5:colcon.colcon_core.verb:set package 'arduinobot_moveit' build argument 'cmake_force_configure' from command line to 'False'
[1.463s] Level 5:colcon.colcon_core.verb:set package 'arduinobot_moveit' build argument 'ament_cmake_args' from command line to 'None'
[1.463s] Level 5:colcon.colcon_core.verb:set package 'arduinobot_moveit' build argument 'catkin_cmake_args' from command line to 'None'
[1.463s] Level 5:colcon.colcon_core.verb:set package 'arduinobot_moveit' build argument 'catkin_skip_building_tests' from command line to 'False'
[1.463s] DEBUG:colcon.colcon_core.verb:Building package 'arduinobot_moveit' with the following arguments: {'ament_cmake_args': None, 'build_base': '/home/albert/umov_ws/build/arduinobot_moveit', 'catkin_cmake_args': None, 'catkin_skip_building_tests': False, 'cmake_args': None, 'cmake_clean_cache': False, 'cmake_clean_first': False, 'cmake_force_configure': False, 'cmake_target': None, 'cmake_target_skip_unavailable': False, 'install_base': '/home/albert/umov_ws/install/arduinobot_moveit', 'merge_install': False, 'path': '/home/albert/umov_ws/src/arduinobot_moveit', 'symlink_install': False, 'test_result_base': None}
[1.464s] Level 5:colcon.colcon_core.verb:set package 'arduinobot_msgs' build argument 'cmake_args' from command line to 'None'
[1.464s] Level 5:colcon.colcon_core.verb:set package 'arduinobot_msgs' build argument 'cmake_target' from command line to 'None'
[1.464s] Level 5:colcon.colcon_core.verb:set package 'arduinobot_msgs' build argument 'cmake_target_skip_unavailable' from command line to 'False'
[1.465s] Level 5:colcon.colcon_core.verb:set package 'arduinobot_msgs' build argument 'cmake_clean_cache' from command line to 'False'
[1.465s] Level 5:colcon.colcon_core.verb:set package 'arduinobot_msgs' build argument 'cmake_clean_first' from command line to 'False'
[1.465s] Level 5:colcon.colcon_core.verb:set package 'arduinobot_msgs' build argument 'cmake_force_configure' from command line to 'False'
[1.465s] Level 5:colcon.colcon_core.verb:set package 'arduinobot_msgs' build argument 'ament_cmake_args' from command line to 'None'
[1.465s] Level 5:colcon.colcon_core.verb:set package 'arduinobot_msgs' build argument 'catkin_cmake_args' from command line to 'None'
[1.465s] Level 5:colcon.colcon_core.verb:set package 'arduinobot_msgs' build argument 'catkin_skip_building_tests' from command line to 'False'
[1.465s] DEBUG:colcon.colcon_core.verb:Building package 'arduinobot_msgs' with the following arguments: {'ament_cmake_args': None, 'build_base': '/home/albert/umov_ws/build/arduinobot_msgs', 'catkin_cmake_args': None, 'catkin_skip_building_tests': False, 'cmake_args': None, 'cmake_clean_cache': False, 'cmake_clean_first': False, 'cmake_force_configure': False, 'cmake_target': None, 'cmake_target_skip_unavailable': False, 'install_base': '/home/albert/umov_ws/install/arduinobot_msgs', 'merge_install': False, 'path': '/home/albert/umov_ws/src/arduinobot_msgs', 'symlink_install': False, 'test_result_base': None}
[1.466s] Level 5:colcon.colcon_core.verb:set package 'description' build argument 'cmake_args' from command line to 'None'
[1.466s] Level 5:colcon.colcon_core.verb:set package 'description' build argument 'cmake_target' from command line to 'None'
[1.467s] Level 5:colcon.colcon_core.verb:set package 'description' build argument 'cmake_target_skip_unavailable' from command line to 'False'
[1.467s] Level 5:colcon.colcon_core.verb:set package 'description' build argument 'cmake_clean_cache' from command line to 'False'
[1.467s] Level 5:colcon.colcon_core.verb:set package 'description' build argument 'cmake_clean_first' from command line to 'False'
[1.467s] Level 5:colcon.colcon_core.verb:set package 'description' build argument 'cmake_force_configure' from command line to 'False'
[1.467s] Level 5:colcon.colcon_core.verb:set package 'description' build argument 'ament_cmake_args' from command line to 'None'
[1.467s] Level 5:colcon.colcon_core.verb:set package 'description' build argument 'catkin_cmake_args' from command line to 'None'
[1.467s] Level 5:colcon.colcon_core.verb:set package 'description' build argument 'catkin_skip_building_tests' from command line to 'False'
[1.467s] DEBUG:colcon.colcon_core.verb:Building package 'description' with the following arguments: {'ament_cmake_args': None, 'build_base': '/home/albert/umov_ws/build/description', 'catkin_cmake_args': None, 'catkin_skip_building_tests': False, 'cmake_args': None, 'cmake_clean_cache': False, 'cmake_clean_first': False, 'cmake_force_configure': False, 'cmake_target': None, 'cmake_target_skip_unavailable': False, 'install_base': '/home/albert/umov_ws/install/description', 'merge_install': False, 'path': '/home/albert/umov_ws/src/description', 'symlink_install': False, 'test_result_base': None}
[1.469s] Level 5:colcon.colcon_core.verb:set package 'arduino_cpp_examples' build argument 'cmake_args' from command line to 'None'
[1.469s] Level 5:colcon.colcon_core.verb:set package 'arduino_cpp_examples' build argument 'cmake_target' from command line to 'None'
[1.469s] Level 5:colcon.colcon_core.verb:set package 'arduino_cpp_examples' build argument 'cmake_target_skip_unavailable' from command line to 'False'
[1.469s] Level 5:colcon.colcon_core.verb:set package 'arduino_cpp_examples' build argument 'cmake_clean_cache' from command line to 'False'
[1.469s] Level 5:colcon.colcon_core.verb:set package 'arduino_cpp_examples' build argument 'cmake_clean_first' from command line to 'False'
[1.469s] Level 5:colcon.colcon_core.verb:set package 'arduino_cpp_examples' build argument 'cmake_force_configure' from command line to 'False'
[1.469s] Level 5:colcon.colcon_core.verb:set package 'arduino_cpp_examples' build argument 'ament_cmake_args' from command line to 'None'
[1.469s] Level 5:colcon.colcon_core.verb:set package 'arduino_cpp_examples' build argument 'catkin_cmake_args' from command line to 'None'
[1.469s] Level 5:colcon.colcon_core.verb:set package 'arduino_cpp_examples' build argument 'catkin_skip_building_tests' from command line to 'False'
[1.469s] DEBUG:colcon.colcon_core.verb:Building package 'arduino_cpp_examples' with the following arguments: {'ament_cmake_args': None, 'build_base': '/home/albert/umov_ws/build/arduino_cpp_examples', 'catkin_cmake_args': None, 'catkin_skip_building_tests': False, 'cmake_args': None, 'cmake_clean_cache': False, 'cmake_clean_first': False, 'cmake_force_configure': False, 'cmake_target': None, 'cmake_target_skip_unavailable': False, 'install_base': '/home/albert/umov_ws/install/arduino_cpp_examples', 'merge_install': False, 'path': '/home/albert/umov_ws/src/arduino_cpp_examples', 'symlink_install': False, 'test_result_base': None}
[1.470s] Level 5:colcon.colcon_core.verb:set package 'arduino_py_examples' build argument 'cmake_args' from command line to 'None'
[1.470s] Level 5:colcon.colcon_core.verb:set package 'arduino_py_examples' build argument 'cmake_target' from command line to 'None'
[1.471s] Level 5:colcon.colcon_core.verb:set package 'arduino_py_examples' build argument 'cmake_target_skip_unavailable' from command line to 'False'
[1.471s] Level 5:colcon.colcon_core.verb:set package 'arduino_py_examples' build argument 'cmake_clean_cache' from command line to 'False'
[1.471s] Level 5:colcon.colcon_core.verb:set package 'arduino_py_examples' build argument 'cmake_clean_first' from command line to 'False'
[1.471s] Level 5:colcon.colcon_core.verb:set package 'arduino_py_examples' build argument 'cmake_force_configure' from command line to 'False'
[1.471s] Level 5:colcon.colcon_core.verb:set package 'arduino_py_examples' build argument 'ament_cmake_args' from command line to 'None'
[1.471s] Level 5:colcon.colcon_core.verb:set package 'arduino_py_examples' build argument 'catkin_cmake_args' from command line to 'None'
[1.471s] Level 5:colcon.colcon_core.verb:set package 'arduino_py_examples' build argument 'catkin_skip_building_tests' from command line to 'False'
[1.471s] DEBUG:colcon.colcon_core.verb:Building package 'arduino_py_examples' with the following arguments: {'ament_cmake_args': None, 'build_base': '/home/albert/umov_ws/build/arduino_py_examples', 'catkin_cmake_args': None, 'catkin_skip_building_tests': False, 'cmake_args': None, 'cmake_clean_cache': False, 'cmake_clean_first': False, 'cmake_force_configure': False, 'cmake_target': None, 'cmake_target_skip_unavailable': False, 'install_base': '/home/albert/umov_ws/install/arduino_py_examples', 'merge_install': False, 'path': '/home/albert/umov_ws/src/arduino_py_examples', 'symlink_install': False, 'test_result_base': None}
[1.472s] Level 5:colcon.colcon_core.verb:set package 'arduinobot_remote' build argument 'cmake_args' from command line to 'None'
[1.472s] Level 5:colcon.colcon_core.verb:set package 'arduinobot_remote' build argument 'cmake_target' from command line to 'None'
[1.472s] Level 5:colcon.colcon_core.verb:set package 'arduinobot_remote' build argument 'cmake_target_skip_unavailable' from command line to 'False'
[1.472s] Level 5:colcon.colcon_core.verb:set package 'arduinobot_remote' build argument 'cmake_clean_cache' from command line to 'False'
[1.472s] Level 5:colcon.colcon_core.verb:set package 'arduinobot_remote' build argument 'cmake_clean_first' from command line to 'False'
[1.472s] Level 5:colcon.colcon_core.verb:set package 'arduinobot_remote' build argument 'cmake_force_configure' from command line to 'False'
[1.472s] Level 5:colcon.colcon_core.verb:set package 'arduinobot_remote' build argument 'ament_cmake_args' from command line to 'None'
[1.473s] Level 5:colcon.colcon_core.verb:set package 'arduinobot_remote' build argument 'catkin_cmake_args' from command line to 'None'
[1.473s] Level 5:colcon.colcon_core.verb:set package 'arduinobot_remote' build argument 'catkin_skip_building_tests' from command line to 'False'
[1.473s] DEBUG:colcon.colcon_core.verb:Building package 'arduinobot_remote' with the following arguments: {'ament_cmake_args': None, 'build_base': '/home/albert/umov_ws/build/arduinobot_remote', 'catkin_cmake_args': None, 'catkin_skip_building_tests': False, 'cmake_args': None, 'cmake_clean_cache': False, 'cmake_clean_first': False, 'cmake_force_configure': False, 'cmake_target': None, 'cmake_target_skip_unavailable': False, 'install_base': '/home/albert/umov_ws/install/arduinobot_remote', 'merge_install': False, 'path': '/home/albert/umov_ws/src/arduinobot_remote', 'symlink_install': False, 'test_result_base': None}
[1.474s] Level 5:colcon.colcon_core.verb:set package 'arduinobot_utils' build argument 'cmake_args' from command line to 'None'
[1.474s] Level 5:colcon.colcon_core.verb:set package 'arduinobot_utils' build argument 'cmake_target' from command line to 'None'
[1.474s] Level 5:colcon.colcon_core.verb:set package 'arduinobot_utils' build argument 'cmake_target_skip_unavailable' from command line to 'False'
[1.474s] Level 5:colcon.colcon_core.verb:set package 'arduinobot_utils' build argument 'cmake_clean_cache' from command line to 'False'
[1.474s] Level 5:colcon.colcon_core.verb:set package 'arduinobot_utils' build argument 'cmake_clean_first' from command line to 'False'
[1.474s] Level 5:colcon.colcon_core.verb:set package 'arduinobot_utils' build argument 'cmake_force_configure' from command line to 'False'
[1.474s] Level 5:colcon.colcon_core.verb:set package 'arduinobot_utils' build argument 'ament_cmake_args' from command line to 'None'
[1.474s] Level 5:colcon.colcon_core.verb:set package 'arduinobot_utils' build argument 'catkin_cmake_args' from command line to 'None'
[1.474s] Level 5:colcon.colcon_core.verb:set package 'arduinobot_utils' build argument 'catkin_skip_building_tests' from command line to 'False'
[1.474s] DEBUG:colcon.colcon_core.verb:Building package 'arduinobot_utils' with the following arguments: {'ament_cmake_args': None, 'build_base': '/home/albert/umov_ws/build/arduinobot_utils', 'catkin_cmake_args': None, 'catkin_skip_building_tests': False, 'cmake_args': None, 'cmake_clean_cache': False, 'cmake_clean_first': False, 'cmake_force_configure': False, 'cmake_target': None, 'cmake_target_skip_unavailable': False, 'install_base': '/home/albert/umov_ws/install/arduinobot_utils', 'merge_install': False, 'path': '/home/albert/umov_ws/src/arduinobot_utils', 'symlink_install': False, 'test_result_base': None}
[1.475s] INFO:colcon.colcon_core.executor:Executing jobs using 'parallel' executor
[1.477s] DEBUG:colcon.colcon_parallel_executor.executor.parallel:run_until_complete
[1.477s] INFO:colcon.colcon_ros.task.ament_cmake.build:Building ROS package in '/home/albert/umov_ws/src/arduinobot_msgs' with build type 'ament_cmake'
[1.477s] INFO:colcon.colcon_cmake.task.cmake.build:Building CMake package in '/home/albert/umov_ws/src/arduinobot_msgs'
[1.483s] INFO:colcon.colcon_core.plugin_system:Skipping extension 'colcon_core.shell.bat': Not used on non-Windows systems
[1.483s] INFO:colcon.colcon_core.shell:Skip shell extension 'powershell' for command environment: Not usable outside of PowerShell
[1.483s] DEBUG:colcon.colcon_core.shell:Skip shell extension 'dsv' for command environment
[1.524s] INFO:colcon.colcon_ros.task.ament_cmake.build:Building ROS package in '/home/albert/umov_ws/src/arduinobot_bringup' with build type 'ament_cmake'
[1.524s] INFO:colcon.colcon_cmake.task.cmake.build:Building CMake package in '/home/albert/umov_ws/src/arduinobot_bringup'
[1.525s] INFO:colcon.colcon_core.shell:Skip shell extension 'powershell' for command environment: Not usable outside of PowerShell
[1.525s] DEBUG:colcon.colcon_core.shell:Skip shell extension 'dsv' for command environment
[1.568s] INFO:colcon.colcon_ros.task.ament_cmake.build:Building ROS package in '/home/albert/umov_ws/src/arduinobot_controller' with build type 'ament_cmake'
[1.569s] INFO:colcon.colcon_cmake.task.cmake.build:Building CMake package in '/home/albert/umov_ws/src/arduinobot_controller'
[1.570s] INFO:colcon.colcon_core.shell:Skip shell extension 'powershell' for command environment: Not usable outside of PowerShell
[1.570s] DEBUG:colcon.colcon_core.shell:Skip shell extension 'dsv' for command environment
[1.617s] INFO:colcon.colcon_ros.task.ament_cmake.build:Building ROS package in '/home/albert/umov_ws/src/arduinobot_firmware' with build type 'ament_cmake'
[1.618s] INFO:colcon.colcon_cmake.task.cmake.build:Building CMake package in '/home/albert/umov_ws/src/arduinobot_firmware'
[1.618s] INFO:colcon.colcon_core.shell:Skip shell extension 'powershell' for command environment: Not usable outside of PowerShell
[1.618s] DEBUG:colcon.colcon_core.shell:Skip shell extension 'dsv' for command environment
[1.666s] INFO:colcon.colcon_ros.task.ament_cmake.build:Building ROS package in '/home/albert/umov_ws/src/arduinobot_moveit' with build type 'ament_cmake'
[1.667s] INFO:colcon.colcon_cmake.task.cmake.build:Building CMake package in '/home/albert/umov_ws/src/arduinobot_moveit'
[1.667s] INFO:colcon.colcon_core.shell:Skip shell extension 'powershell' for command environment: Not usable outside of PowerShell
[1.667s] DEBUG:colcon.colcon_core.shell:Skip shell extension 'dsv' for command environment
[1.713s] INFO:colcon.colcon_ros.task.ament_cmake.build:Building ROS package in '/home/albert/umov_ws/src/description' with build type 'ament_cmake'
[1.714s] INFO:colcon.colcon_cmake.task.cmake.build:Building CMake package in '/home/albert/umov_ws/src/description'
[1.715s] INFO:colcon.colcon_core.shell:Skip shell extension 'powershell' for command environment: Not usable outside of PowerShell
[1.715s] DEBUG:colcon.colcon_core.shell:Skip shell extension 'dsv' for command environment
[1.768s] DEBUG:colcon.colcon_core.event_handler.log_command:Invoking command in '/home/albert/umov_ws/build/arduinobot_msgs': CMAKE_PREFIX_PATH=${CMAKE_PREFIX_PATH}:/home/albert/ws_moveit2/install/moveit_configs_utils:/home/albert/ws_moveit2/install/launch_param_builder:/home/albert/umov_ws/install/arduino_py_examples:/home/albert/udem2_ws/install/actions_py:/home/albert/udem2_ws/install/lifecycle_py:/home/albert/udem2_ws/install/executors_py:/home/albert/udem2_ws/install/components_py:/home/albert/udem_ws/install/turtlesim_catcher:/home/albert/udem_ws/install/my_py_pkg:/home/albert/udem_ws/install/lifecycle_py:/home/albert/bcdc_ws/install/agbot_teleop:/home/albert/bcdc_ws/install/agbot_py:/home/albert/arduinobot_ws/install/arduinobot_py_examples:/opt/ros/humble /home/albert/.local/bin/cmake /home/albert/umov_ws/src/arduinobot_msgs -DCMAKE_INSTALL_PREFIX=/home/albert/umov_ws/install/arduinobot_msgs
[1.796s] DEBUG:colcon.colcon_core.event_handler.log_command:Invoking command in '/home/albert/umov_ws/build/arduinobot_bringup': CMAKE_PREFIX_PATH=${CMAKE_PREFIX_PATH}:/home/albert/ws_moveit2/install/moveit_configs_utils:/home/albert/ws_moveit2/install/launch_param_builder:/home/albert/umov_ws/install/arduino_py_examples:/home/albert/udem2_ws/install/actions_py:/home/albert/udem2_ws/install/lifecycle_py:/home/albert/udem2_ws/install/executors_py:/home/albert/udem2_ws/install/components_py:/home/albert/udem_ws/install/turtlesim_catcher:/home/albert/udem_ws/install/my_py_pkg:/home/albert/udem_ws/install/lifecycle_py:/home/albert/bcdc_ws/install/agbot_teleop:/home/albert/bcdc_ws/install/agbot_py:/home/albert/arduinobot_ws/install/arduinobot_py_examples:/opt/ros/humble /home/albert/.local/bin/cmake /home/albert/umov_ws/src/arduinobot_bringup -DCMAKE_INSTALL_PREFIX=/home/albert/umov_ws/install/arduinobot_bringup
[1.807s] DEBUG:colcon.colcon_core.event_handler.log_command:Invoking command in '/home/albert/umov_ws/build/arduinobot_controller': CMAKE_PREFIX_PATH=${CMAKE_PREFIX_PATH}:/home/albert/ws_moveit2/install/moveit_configs_utils:/home/albert/ws_moveit2/install/launch_param_builder:/home/albert/umov_ws/install/arduino_py_examples:/home/albert/udem2_ws/install/actions_py:/home/albert/udem2_ws/install/lifecycle_py:/home/albert/udem2_ws/install/executors_py:/home/albert/udem2_ws/install/components_py:/home/albert/udem_ws/install/turtlesim_catcher:/home/albert/udem_ws/install/my_py_pkg:/home/albert/udem_ws/install/lifecycle_py:/home/albert/bcdc_ws/install/agbot_teleop:/home/albert/bcdc_ws/install/agbot_py:/home/albert/arduinobot_ws/install/arduinobot_py_examples:/opt/ros/humble /home/albert/.local/bin/cmake /home/albert/umov_ws/src/arduinobot_controller -DCMAKE_INSTALL_PREFIX=/home/albert/umov_ws/install/arduinobot_controller
[1.818s] DEBUG:colcon.colcon_core.event_handler.log_command:Invoking command in '/home/albert/umov_ws/build/arduinobot_firmware': CMAKE_PREFIX_PATH=${CMAKE_PREFIX_PATH}:/home/albert/ws_moveit2/install/moveit_configs_utils:/home/albert/ws_moveit2/install/launch_param_builder:/home/albert/umov_ws/install/arduino_py_examples:/home/albert/udem2_ws/install/actions_py:/home/albert/udem2_ws/install/lifecycle_py:/home/albert/udem2_ws/install/executors_py:/home/albert/udem2_ws/install/components_py:/home/albert/udem_ws/install/turtlesim_catcher:/home/albert/udem_ws/install/my_py_pkg:/home/albert/udem_ws/install/lifecycle_py:/home/albert/bcdc_ws/install/agbot_teleop:/home/albert/bcdc_ws/install/agbot_py:/home/albert/arduinobot_ws/install/arduinobot_py_examples:/opt/ros/humble /home/albert/.local/bin/cmake /home/albert/umov_ws/src/arduinobot_firmware -DCMAKE_INSTALL_PREFIX=/home/albert/umov_ws/install/arduinobot_firmware
[1.837s] DEBUG:colcon.colcon_core.event_handler.log_command:Invoking command in '/home/albert/umov_ws/build/arduinobot_moveit': CMAKE_PREFIX_PATH=${CMAKE_PREFIX_PATH}:/home/albert/ws_moveit2/install/moveit_configs_utils:/home/albert/ws_moveit2/install/launch_param_builder:/home/albert/umov_ws/install/arduino_py_examples:/home/albert/udem2_ws/install/actions_py:/home/albert/udem2_ws/install/lifecycle_py:/home/albert/udem2_ws/install/executors_py:/home/albert/udem2_ws/install/components_py:/home/albert/udem_ws/install/turtlesim_catcher:/home/albert/udem_ws/install/my_py_pkg:/home/albert/udem_ws/install/lifecycle_py:/home/albert/bcdc_ws/install/agbot_teleop:/home/albert/bcdc_ws/install/agbot_py:/home/albert/arduinobot_ws/install/arduinobot_py_examples:/opt/ros/humble /home/albert/.local/bin/cmake /home/albert/umov_ws/src/arduinobot_moveit -DCMAKE_INSTALL_PREFIX=/home/albert/umov_ws/install/arduinobot_moveit
[1.887s] DEBUG:colcon.colcon_core.event_handler.log_command:Invoking command in '/home/albert/umov_ws/build/description': CMAKE_PREFIX_PATH=${CMAKE_PREFIX_PATH}:/home/albert/ws_moveit2/install/moveit_configs_utils:/home/albert/ws_moveit2/install/launch_param_builder:/home/albert/umov_ws/install/arduino_py_examples:/home/albert/udem2_ws/install/actions_py:/home/albert/udem2_ws/install/lifecycle_py:/home/albert/udem2_ws/install/executors_py:/home/albert/udem2_ws/install/components_py:/home/albert/udem_ws/install/turtlesim_catcher:/home/albert/udem_ws/install/my_py_pkg:/home/albert/udem_ws/install/lifecycle_py:/home/albert/bcdc_ws/install/agbot_teleop:/home/albert/bcdc_ws/install/agbot_py:/home/albert/arduinobot_ws/install/arduinobot_py_examples:/opt/ros/humble /home/albert/.local/bin/cmake /home/albert/umov_ws/src/description -DCMAKE_INSTALL_PREFIX=/home/albert/umov_ws/install/description
[7.546s] DEBUG:colcon.colcon_core.event_handler.log_command:Invoked command in '/home/albert/umov_ws/build/arduinobot_bringup' returned '0': CMAKE_PREFIX_PATH=${CMAKE_PREFIX_PATH}:/home/albert/ws_moveit2/install/moveit_configs_utils:/home/albert/ws_moveit2/install/launch_param_builder:/home/albert/umov_ws/install/arduino_py_examples:/home/albert/udem2_ws/install/actions_py:/home/albert/udem2_ws/install/lifecycle_py:/home/albert/udem2_ws/install/executors_py:/home/albert/udem2_ws/install/components_py:/home/albert/udem_ws/install/turtlesim_catcher:/home/albert/udem_ws/install/my_py_pkg:/home/albert/udem_ws/install/lifecycle_py:/home/albert/bcdc_ws/install/agbot_teleop:/home/albert/bcdc_ws/install/agbot_py:/home/albert/arduinobot_ws/install/arduinobot_py_examples:/opt/ros/humble /home/albert/.local/bin/cmake /home/albert/umov_ws/src/arduinobot_bringup -DCMAKE_INSTALL_PREFIX=/home/albert/umov_ws/install/arduinobot_bringup
[7.547s] DEBUG:colcon.colcon_core.event_handler.log_command:Invoking command in '/home/albert/umov_ws/build/arduinobot_bringup': CMAKE_PREFIX_PATH=${CMAKE_PREFIX_PATH}:/home/albert/ws_moveit2/install/moveit_configs_utils:/home/albert/ws_moveit2/install/launch_param_builder:/home/albert/umov_ws/install/arduino_py_examples:/home/albert/udem2_ws/install/actions_py:/home/albert/udem2_ws/install/lifecycle_py:/home/albert/udem2_ws/install/executors_py:/home/albert/udem2_ws/install/components_py:/home/albert/udem_ws/install/turtlesim_catcher:/home/albert/udem_ws/install/my_py_pkg:/home/albert/udem_ws/install/lifecycle_py:/home/albert/bcdc_ws/install/agbot_teleop:/home/albert/bcdc_ws/install/agbot_py:/home/albert/arduinobot_ws/install/arduinobot_py_examples:/opt/ros/humble /home/albert/.local/bin/cmake --build /home/albert/umov_ws/build/arduinobot_bringup -- -j8 -l8
[7.688s] DEBUG:colcon.colcon_core.event_handler.log_command:Invoked command in '/home/albert/umov_ws/build/arduinobot_bringup' returned '0': CMAKE_PREFIX_PATH=${CMAKE_PREFIX_PATH}:/home/albert/ws_moveit2/install/moveit_configs_utils:/home/albert/ws_moveit2/install/launch_param_builder:/home/albert/umov_ws/install/arduino_py_examples:/home/albert/udem2_ws/install/actions_py:/home/albert/udem2_ws/install/lifecycle_py:/home/albert/udem2_ws/install/executors_py:/home/albert/udem2_ws/install/components_py:/home/albert/udem_ws/install/turtlesim_catcher:/home/albert/udem_ws/install/my_py_pkg:/home/albert/udem_ws/install/lifecycle_py:/home/albert/bcdc_ws/install/agbot_teleop:/home/albert/bcdc_ws/install/agbot_py:/home/albert/arduinobot_ws/install/arduinobot_py_examples:/opt/ros/humble /home/albert/.local/bin/cmake --build /home/albert/umov_ws/build/arduinobot_bringup -- -j8 -l8
[7.719s] DEBUG:colcon.colcon_core.event_handler.log_command:Invoking command in '/home/albert/umov_ws/build/arduinobot_bringup': CMAKE_PREFIX_PATH=${CMAKE_PREFIX_PATH}:/home/albert/ws_moveit2/install/moveit_configs_utils:/home/albert/ws_moveit2/install/launch_param_builder:/home/albert/umov_ws/install/arduino_py_examples:/home/albert/udem2_ws/install/actions_py:/home/albert/udem2_ws/install/lifecycle_py:/home/albert/udem2_ws/install/executors_py:/home/albert/udem2_ws/install/components_py:/home/albert/udem_ws/install/turtlesim_catcher:/home/albert/udem_ws/install/my_py_pkg:/home/albert/udem_ws/install/lifecycle_py:/home/albert/bcdc_ws/install/agbot_teleop:/home/albert/bcdc_ws/install/agbot_py:/home/albert/arduinobot_ws/install/arduinobot_py_examples:/opt/ros/humble /home/albert/.local/bin/cmake --install /home/albert/umov_ws/build/arduinobot_bringup
[7.726s] DEBUG:colcon.colcon_core.event_handler.log_command:Invoked command in '/home/albert/umov_ws/build/arduinobot_moveit' returned '0': CMAKE_PREFIX_PATH=${CMAKE_PREFIX_PATH}:/home/albert/ws_moveit2/install/moveit_configs_utils:/home/albert/ws_moveit2/install/launch_param_builder:/home/albert/umov_ws/install/arduino_py_examples:/home/albert/udem2_ws/install/actions_py:/home/albert/udem2_ws/install/lifecycle_py:/home/albert/udem2_ws/install/executors_py:/home/albert/udem2_ws/install/components_py:/home/albert/udem_ws/install/turtlesim_catcher:/home/albert/udem_ws/install/my_py_pkg:/home/albert/udem_ws/install/lifecycle_py:/home/albert/bcdc_ws/install/agbot_teleop:/home/albert/bcdc_ws/install/agbot_py:/home/albert/arduinobot_ws/install/arduinobot_py_examples:/opt/ros/humble /home/albert/.local/bin/cmake /home/albert/umov_ws/src/arduinobot_moveit -DCMAKE_INSTALL_PREFIX=/home/albert/umov_ws/install/arduinobot_moveit
[7.728s] DEBUG:colcon.colcon_core.event_handler.log_command:Invoking command in '/home/albert/umov_ws/build/arduinobot_moveit': CMAKE_PREFIX_PATH=${CMAKE_PREFIX_PATH}:/home/albert/ws_moveit2/install/moveit_configs_utils:/home/albert/ws_moveit2/install/launch_param_builder:/home/albert/umov_ws/install/arduino_py_examples:/home/albert/udem2_ws/install/actions_py:/home/albert/udem2_ws/install/lifecycle_py:/home/albert/udem2_ws/install/executors_py:/home/albert/udem2_ws/install/components_py:/home/albert/udem_ws/install/turtlesim_catcher:/home/albert/udem_ws/install/my_py_pkg:/home/albert/udem_ws/install/lifecycle_py:/home/albert/bcdc_ws/install/agbot_teleop:/home/albert/bcdc_ws/install/agbot_py:/home/albert/arduinobot_ws/install/arduinobot_py_examples:/opt/ros/humble /home/albert/.local/bin/cmake --build /home/albert/umov_ws/build/arduinobot_moveit -- -j8 -l8
[7.752s] Level 1:colcon.colcon_core.environment:create_environment_scripts_only(arduinobot_bringup)
[7.755s] DEBUG:colcon.colcon_core.event_handler.log_command:Invoked command in '/home/albert/umov_ws/build/arduinobot_bringup' returned '0': CMAKE_PREFIX_PATH=${CMAKE_PREFIX_PATH}:/home/albert/ws_moveit2/install/moveit_configs_utils:/home/albert/ws_moveit2/install/launch_param_builder:/home/albert/umov_ws/install/arduino_py_examples:/home/albert/udem2_ws/install/actions_py:/home/albert/udem2_ws/install/lifecycle_py:/home/albert/udem2_ws/install/executors_py:/home/albert/udem2_ws/install/components_py:/home/albert/udem_ws/install/turtlesim_catcher:/home/albert/udem_ws/install/my_py_pkg:/home/albert/udem_ws/install/lifecycle_py:/home/albert/bcdc_ws/install/agbot_teleop:/home/albert/bcdc_ws/install/agbot_py:/home/albert/arduinobot_ws/install/arduinobot_py_examples:/opt/ros/humble /home/albert/.local/bin/cmake --install /home/albert/umov_ws/build/arduinobot_bringup
[7.764s] Level 1:colcon.colcon_core.environment:checking '/home/albert/umov_ws/install/arduinobot_bringup' for CMake module files
[7.766s] Level 1:colcon.colcon_core.environment:checking '/home/albert/umov_ws/install/arduinobot_bringup' for CMake config files
[7.766s] Level 1:colcon.colcon_core.shell:create_environment_hook('arduinobot_bringup', 'cmake_prefix_path')
[7.771s] INFO:colcon.colcon_core.shell:Creating environment hook '/home/albert/umov_ws/install/arduinobot_bringup/share/arduinobot_bringup/hook/cmake_prefix_path.ps1'
[7.777s] INFO:colcon.colcon_core.shell:Creating environment descriptor '/home/albert/umov_ws/install/arduinobot_bringup/share/arduinobot_bringup/hook/cmake_prefix_path.dsv'
[7.780s] INFO:colcon.colcon_core.shell:Creating environment hook '/home/albert/umov_ws/install/arduinobot_bringup/share/arduinobot_bringup/hook/cmake_prefix_path.sh'
[7.783s] Level 1:colcon.colcon_core.environment:checking '/home/albert/umov_ws/install/arduinobot_bringup/bin'
[7.783s] Level 1:colcon.colcon_core.environment:checking '/home/albert/umov_ws/install/arduinobot_bringup/lib/pkgconfig/arduinobot_bringup.pc'
[7.783s] Level 1:colcon.colcon_core.environment:checking '/home/albert/umov_ws/install/arduinobot_bringup/lib/python3.10/site-packages'
[7.784s] Level 1:colcon.colcon_core.environment:checking '/home/albert/umov_ws/install/arduinobot_bringup/bin'
[7.797s] INFO:colcon.colcon_core.shell:Creating package script '/home/albert/umov_ws/install/arduinobot_bringup/share/arduinobot_bringup/package.ps1'
[7.799s] INFO:colcon.colcon_core.shell:Creating package descriptor '/home/albert/umov_ws/install/arduinobot_bringup/share/arduinobot_bringup/package.dsv'
[7.805s] INFO:colcon.colcon_core.shell:Creating package script '/home/albert/umov_ws/install/arduinobot_bringup/share/arduinobot_bringup/package.sh'
[7.807s] INFO:colcon.colcon_core.shell:Creating package script '/home/albert/umov_ws/install/arduinobot_bringup/share/arduinobot_bringup/package.bash'
[7.813s] INFO:colcon.colcon_core.shell:Creating package script '/home/albert/umov_ws/install/arduinobot_bringup/share/arduinobot_bringup/package.zsh'
[7.815s] Level 1:colcon.colcon_core.environment:create_file_with_runtime_dependencies(/home/albert/umov_ws/install/arduinobot_bringup/share/colcon-core/packages/arduinobot_bringup)
[7.819s] Level 1:colcon.colcon_core.environment:create_environment_scripts_only(arduinobot_bringup)
[7.820s] Level 1:colcon.colcon_core.environment:checking '/home/albert/umov_ws/install/arduinobot_bringup' for CMake module files
[7.821s] Level 1:colcon.colcon_core.environment:checking '/home/albert/umov_ws/install/arduinobot_bringup' for CMake config files
[7.822s] Level 1:colcon.colcon_core.shell:create_environment_hook('arduinobot_bringup', 'cmake_prefix_path')
[7.823s] INFO:colcon.colcon_core.shell:Creating environment hook '/home/albert/umov_ws/install/arduinobot_bringup/share/arduinobot_bringup/hook/cmake_prefix_path.ps1'
[7.827s] INFO:colcon.colcon_core.shell:Creating environment descriptor '/home/albert/umov_ws/install/arduinobot_bringup/share/arduinobot_bringup/hook/cmake_prefix_path.dsv'
[7.829s] INFO:colcon.colcon_core.shell:Creating environment hook '/home/albert/umov_ws/install/arduinobot_bringup/share/arduinobot_bringup/hook/cmake_prefix_path.sh'
[7.833s] Level 1:colcon.colcon_core.environment:checking '/home/albert/umov_ws/install/arduinobot_bringup/bin'
[7.833s] Level 1:colcon.colcon_core.environment:checking '/home/albert/umov_ws/install/arduinobot_bringup/lib/pkgconfig/arduinobot_bringup.pc'
[7.834s] Level 1:colcon.colcon_core.environment:checking '/home/albert/umov_ws/install/arduinobot_bringup/lib/python3.10/site-packages'
[7.835s] Level 1:colcon.colcon_core.environment:checking '/home/albert/umov_ws/install/arduinobot_bringup/bin'
[7.836s] INFO:colcon.colcon_core.shell:Creating package script '/home/albert/umov_ws/install/arduinobot_bringup/share/arduinobot_bringup/package.ps1'
[7.841s] INFO:colcon.colcon_core.shell:Creating package descriptor '/home/albert/umov_ws/install/arduinobot_bringup/share/arduinobot_bringup/package.dsv'
[7.846s] INFO:colcon.colcon_core.shell:Creating package script '/home/albert/umov_ws/install/arduinobot_bringup/share/arduinobot_bringup/package.sh'
[7.848s] INFO:colcon.colcon_core.shell:Creating package script '/home/albert/umov_ws/install/arduinobot_bringup/share/arduinobot_bringup/package.bash'
[7.849s] INFO:colcon.colcon_core.shell:Creating package script '/home/albert/umov_ws/install/arduinobot_bringup/share/arduinobot_bringup/package.zsh'
[7.850s] Level 1:colcon.colcon_core.environment:create_file_with_runtime_dependencies(/home/albert/umov_ws/install/arduinobot_bringup/share/colcon-core/packages/arduinobot_bringup)
[7.868s] DEBUG:colcon.colcon_core.event_handler.log_command:Invoked command in '/home/albert/umov_ws/build/arduinobot_moveit' returned '0': CMAKE_PREFIX_PATH=${CMAKE_PREFIX_PATH}:/home/albert/ws_moveit2/install/moveit_configs_utils:/home/albert/ws_moveit2/install/launch_param_builder:/home/albert/umov_ws/install/arduino_py_examples:/home/albert/udem2_ws/install/actions_py:/home/albert/udem2_ws/install/lifecycle_py:/home/albert/udem2_ws/install/executors_py:/home/albert/udem2_ws/install/components_py:/home/albert/udem_ws/install/turtlesim_catcher:/home/albert/udem_ws/install/my_py_pkg:/home/albert/udem_ws/install/lifecycle_py:/home/albert/bcdc_ws/install/agbot_teleop:/home/albert/bcdc_ws/install/agbot_py:/home/albert/arduinobot_ws/install/arduinobot_py_examples:/opt/ros/humble /home/albert/.local/bin/cmake --build /home/albert/umov_ws/build/arduinobot_moveit -- -j8 -l8
[7.869s] DEBUG:colcon.colcon_core.event_handler.log_command:Invoking command in '/home/albert/umov_ws/build/arduinobot_moveit': CMAKE_PREFIX_PATH=${CMAKE_PREFIX_PATH}:/home/albert/ws_moveit2/install/moveit_configs_utils:/home/albert/ws_moveit2/install/launch_param_builder:/home/albert/umov_ws/install/arduino_py_examples:/home/albert/udem2_ws/install/actions_py:/home/albert/udem2_ws/install/lifecycle_py:/home/albert/udem2_ws/install/executors_py:/home/albert/udem2_ws/install/components_py:/home/albert/udem_ws/install/turtlesim_catcher:/home/albert/udem_ws/install/my_py_pkg:/home/albert/udem_ws/install/lifecycle_py:/home/albert/bcdc_ws/install/agbot_teleop:/home/albert/bcdc_ws/install/agbot_py:/home/albert/arduinobot_ws/install/arduinobot_py_examples:/opt/ros/humble /home/albert/.local/bin/cmake --install /home/albert/umov_ws/build/arduinobot_moveit
[7.919s] Level 1:colcon.colcon_core.environment:create_environment_scripts_only(arduinobot_moveit)
[7.920s] Level 1:colcon.colcon_core.environment:checking '/home/albert/umov_ws/install/arduinobot_moveit' for CMake module files
[7.922s] DEBUG:colcon.colcon_core.event_handler.log_command:Invoked command in '/home/albert/umov_ws/build/arduinobot_moveit' returned '0': CMAKE_PREFIX_PATH=${CMAKE_PREFIX_PATH}:/home/albert/ws_moveit2/install/moveit_configs_utils:/home/albert/ws_moveit2/install/launch_param_builder:/home/albert/umov_ws/install/arduino_py_examples:/home/albert/udem2_ws/install/actions_py:/home/albert/udem2_ws/install/lifecycle_py:/home/albert/udem2_ws/install/executors_py:/home/albert/udem2_ws/install/components_py:/home/albert/udem_ws/install/turtlesim_catcher:/home/albert/udem_ws/install/my_py_pkg:/home/albert/udem_ws/install/lifecycle_py:/home/albert/bcdc_ws/install/agbot_teleop:/home/albert/bcdc_ws/install/agbot_py:/home/albert/arduinobot_ws/install/arduinobot_py_examples:/opt/ros/humble /home/albert/.local/bin/cmake --install /home/albert/umov_ws/build/arduinobot_moveit
[7.923s] Level 1:colcon.colcon_core.environment:checking '/home/albert/umov_ws/install/arduinobot_moveit' for CMake config files
[7.923s] Level 1:colcon.colcon_core.shell:create_environment_hook('arduinobot_moveit', 'cmake_prefix_path')
[7.924s] INFO:colcon.colcon_core.shell:Creating environment hook '/home/albert/umov_ws/install/arduinobot_moveit/share/arduinobot_moveit/hook/cmake_prefix_path.ps1'
[7.927s] INFO:colcon.colcon_core.shell:Creating environment descriptor '/home/albert/umov_ws/install/arduinobot_moveit/share/arduinobot_moveit/hook/cmake_prefix_path.dsv'
[7.930s] INFO:colcon.colcon_core.shell:Creating environment hook '/home/albert/umov_ws/install/arduinobot_moveit/share/arduinobot_moveit/hook/cmake_prefix_path.sh'
[7.931s] Level 1:colcon.colcon_core.environment:checking '/home/albert/umov_ws/install/arduinobot_moveit/bin'
[7.931s] Level 1:colcon.colcon_core.environment:checking '/home/albert/umov_ws/install/arduinobot_moveit/lib/pkgconfig/arduinobot_moveit.pc'
[7.936s] Level 1:colcon.colcon_core.environment:checking '/home/albert/umov_ws/install/arduinobot_moveit/lib/python3.10/site-packages'
[7.936s] Level 1:colcon.colcon_core.environment:checking '/home/albert/umov_ws/install/arduinobot_moveit/bin'
[7.937s] INFO:colcon.colcon_core.shell:Creating package script '/home/albert/umov_ws/install/arduinobot_moveit/share/arduinobot_moveit/package.ps1'
[7.938s] INFO:colcon.colcon_core.shell:Creating package descriptor '/home/albert/umov_ws/install/arduinobot_moveit/share/arduinobot_moveit/package.dsv'
[7.939s] INFO:colcon.colcon_core.shell:Creating package script '/home/albert/umov_ws/install/arduinobot_moveit/share/arduinobot_moveit/package.sh'
[7.944s] INFO:colcon.colcon_core.shell:Creating package script '/home/albert/umov_ws/install/arduinobot_moveit/share/arduinobot_moveit/package.bash'
[7.945s] INFO:colcon.colcon_core.shell:Creating package script '/home/albert/umov_ws/install/arduinobot_moveit/share/arduinobot_moveit/package.zsh'
[7.945s] Level 1:colcon.colcon_core.environment:create_file_with_runtime_dependencies(/home/albert/umov_ws/install/arduinobot_moveit/share/colcon-core/packages/arduinobot_moveit)
[7.947s] Level 1:colcon.colcon_core.environment:create_environment_scripts_only(arduinobot_moveit)
[7.951s] Level 1:colcon.colcon_core.environment:checking '/home/albert/umov_ws/install/arduinobot_moveit' for CMake module files
[7.952s] Level 1:colcon.colcon_core.environment:checking '/home/albert/umov_ws/install/arduinobot_moveit' for CMake config files
[7.952s] Level 1:colcon.colcon_core.shell:create_environment_hook('arduinobot_moveit', 'cmake_prefix_path')
[7.953s] INFO:colcon.colcon_core.shell:Creating environment hook '/home/albert/umov_ws/install/arduinobot_moveit/share/arduinobot_moveit/hook/cmake_prefix_path.ps1'
[7.953s] INFO:colcon.colcon_core.shell:Creating environment descriptor '/home/albert/umov_ws/install/arduinobot_moveit/share/arduinobot_moveit/hook/cmake_prefix_path.dsv'
[7.954s] INFO:colcon.colcon_core.shell:Creating environment hook '/home/albert/umov_ws/install/arduinobot_moveit/share/arduinobot_moveit/hook/cmake_prefix_path.sh'
[7.958s] Level 1:colcon.colcon_core.environment:checking '/home/albert/umov_ws/install/arduinobot_moveit/bin'
[7.959s] Level 1:colcon.colcon_core.environment:checking '/home/albert/umov_ws/install/arduinobot_moveit/lib/pkgconfig/arduinobot_moveit.pc'
[7.959s] Level 1:colcon.colcon_core.environment:checking '/home/albert/umov_ws/install/arduinobot_moveit/lib/python3.10/site-packages'
[7.960s] Level 1:colcon.colcon_core.environment:checking '/home/albert/umov_ws/install/arduinobot_moveit/bin'
[7.960s] INFO:colcon.colcon_core.shell:Creating package script '/home/albert/umov_ws/install/arduinobot_moveit/share/arduinobot_moveit/package.ps1'
[7.966s] INFO:colcon.colcon_core.shell:Creating package descriptor '/home/albert/umov_ws/install/arduinobot_moveit/share/arduinobot_moveit/package.dsv'
[7.967s] INFO:colcon.colcon_core.shell:Creating package script '/home/albert/umov_ws/install/arduinobot_moveit/share/arduinobot_moveit/package.sh'
[7.971s] INFO:colcon.colcon_core.shell:Creating package script '/home/albert/umov_ws/install/arduinobot_moveit/share/arduinobot_moveit/package.bash'
[7.972s] INFO:colcon.colcon_core.shell:Creating package script '/home/albert/umov_ws/install/arduinobot_moveit/share/arduinobot_moveit/package.zsh'
[7.973s] Level 1:colcon.colcon_core.environment:create_file_with_runtime_dependencies(/home/albert/umov_ws/install/arduinobot_moveit/share/colcon-core/packages/arduinobot_moveit)
[8.858s] DEBUG:colcon.colcon_core.event_handler.log_command:Invoked command in '/home/albert/umov_ws/build/description' returned '0': CMAKE_PREFIX_PATH=${CMAKE_PREFIX_PATH}:/home/albert/ws_moveit2/install/moveit_configs_utils:/home/albert/ws_moveit2/install/launch_param_builder:/home/albert/umov_ws/install/arduino_py_examples:/home/albert/udem2_ws/install/actions_py:/home/albert/udem2_ws/install/lifecycle_py:/home/albert/udem2_ws/install/executors_py:/home/albert/udem2_ws/install/components_py:/home/albert/udem_ws/install/turtlesim_catcher:/home/albert/udem_ws/install/my_py_pkg:/home/albert/udem_ws/install/lifecycle_py:/home/albert/bcdc_ws/install/agbot_teleop:/home/albert/bcdc_ws/install/agbot_py:/home/albert/arduinobot_ws/install/arduinobot_py_examples:/opt/ros/humble /home/albert/.local/bin/cmake /home/albert/umov_ws/src/description -DCMAKE_INSTALL_PREFIX=/home/albert/umov_ws/install/description
[8.868s] DEBUG:colcon.colcon_core.event_handler.log_command:Invoking command in '/home/albert/umov_ws/build/description': CMAKE_PREFIX_PATH=${CMAKE_PREFIX_PATH}:/home/albert/ws_moveit2/install/moveit_configs_utils:/home/albert/ws_moveit2/install/launch_param_builder:/home/albert/umov_ws/install/arduino_py_examples:/home/albert/udem2_ws/install/actions_py:/home/albert/udem2_ws/install/lifecycle_py:/home/albert/udem2_ws/install/executors_py:/home/albert/udem2_ws/install/components_py:/home/albert/udem_ws/install/turtlesim_catcher:/home/albert/udem_ws/install/my_py_pkg:/home/albert/udem_ws/install/lifecycle_py:/home/albert/bcdc_ws/install/agbot_teleop:/home/albert/bcdc_ws/install/agbot_py:/home/albert/arduinobot_ws/install/arduinobot_py_examples:/opt/ros/humble /home/albert/.local/bin/cmake --build /home/albert/umov_ws/build/description -- -j8 -l8
[9.003s] DEBUG:colcon.colcon_core.event_handler.log_command:Invoked command in '/home/albert/umov_ws/build/description' returned '0': CMAKE_PREFIX_PATH=${CMAKE_PREFIX_PATH}:/home/albert/ws_moveit2/install/moveit_configs_utils:/home/albert/ws_moveit2/install/launch_param_builder:/home/albert/umov_ws/install/arduino_py_examples:/home/albert/udem2_ws/install/actions_py:/home/albert/udem2_ws/install/lifecycle_py:/home/albert/udem2_ws/install/executors_py:/home/albert/udem2_ws/install/components_py:/home/albert/udem_ws/install/turtlesim_catcher:/home/albert/udem_ws/install/my_py_pkg:/home/albert/udem_ws/install/lifecycle_py:/home/albert/bcdc_ws/install/agbot_teleop:/home/albert/bcdc_ws/install/agbot_py:/home/albert/arduinobot_ws/install/arduinobot_py_examples:/opt/ros/humble /home/albert/.local/bin/cmake --build /home/albert/umov_ws/build/description -- -j8 -l8
[9.004s] DEBUG:colcon.colcon_core.event_handler.log_command:Invoking command in '/home/albert/umov_ws/build/description': CMAKE_PREFIX_PATH=${CMAKE_PREFIX_PATH}:/home/albert/ws_moveit2/install/moveit_configs_utils:/home/albert/ws_moveit2/install/launch_param_builder:/home/albert/umov_ws/install/arduino_py_examples:/home/albert/udem2_ws/install/actions_py:/home/albert/udem2_ws/install/lifecycle_py:/home/albert/udem2_ws/install/executors_py:/home/albert/udem2_ws/install/components_py:/home/albert/udem_ws/install/turtlesim_catcher:/home/albert/udem_ws/install/my_py_pkg:/home/albert/udem_ws/install/lifecycle_py:/home/albert/bcdc_ws/install/agbot_teleop:/home/albert/bcdc_ws/install/agbot_py:/home/albert/arduinobot_ws/install/arduinobot_py_examples:/opt/ros/humble /home/albert/.local/bin/cmake --install /home/albert/umov_ws/build/description
[9.203s] Level 1:colcon.colcon_core.environment:create_environment_scripts_only(description)
[9.204s] Level 1:colcon.colcon_core.environment:checking '/home/albert/umov_ws/install/description' for CMake module files
[9.206s] Level 1:colcon.colcon_core.environment:checking '/home/albert/umov_ws/install/description' for CMake config files
[9.206s] Level 1:colcon.colcon_core.shell:create_environment_hook('description', 'cmake_prefix_path')
[9.207s] INFO:colcon.colcon_core.shell:Creating environment hook '/home/albert/umov_ws/install/description/share/description/hook/cmake_prefix_path.ps1'
[9.208s] INFO:colcon.colcon_core.shell:Creating environment descriptor '/home/albert/umov_ws/install/description/share/description/hook/cmake_prefix_path.dsv'
[9.205s] DEBUG:colcon.colcon_core.event_handler.log_command:Invoked command in '/home/albert/umov_ws/build/description' returned '0': CMAKE_PREFIX_PATH=${CMAKE_PREFIX_PATH}:/home/albert/ws_moveit2/install/moveit_configs_utils:/home/albert/ws_moveit2/install/launch_param_builder:/home/albert/umov_ws/install/arduino_py_examples:/home/albert/udem2_ws/install/actions_py:/home/albert/udem2_ws/install/lifecycle_py:/home/albert/udem2_ws/install/executors_py:/home/albert/udem2_ws/install/components_py:/home/albert/udem_ws/install/turtlesim_catcher:/home/albert/udem_ws/install/my_py_pkg:/home/albert/udem_ws/install/lifecycle_py:/home/albert/bcdc_ws/install/agbot_teleop:/home/albert/bcdc_ws/install/agbot_py:/home/albert/arduinobot_ws/install/arduinobot_py_examples:/opt/ros/humble /home/albert/.local/bin/cmake --install /home/albert/umov_ws/build/description
[9.214s] INFO:colcon.colcon_core.shell:Creating environment hook '/home/albert/umov_ws/install/description/share/description/hook/cmake_prefix_path.sh'
[9.215s] Level 1:colcon.colcon_core.environment:checking '/home/albert/umov_ws/install/description/bin'
[9.215s] Level 1:colcon.colcon_core.environment:checking '/home/albert/umov_ws/install/description/lib/pkgconfig/description.pc'
[9.216s] Level 1:colcon.colcon_core.environment:checking '/home/albert/umov_ws/install/description/lib/python3.10/site-packages'
[9.216s] Level 1:colcon.colcon_core.environment:checking '/home/albert/umov_ws/install/description/bin'
[9.217s] INFO:colcon.colcon_core.shell:Creating package script '/home/albert/umov_ws/install/description/share/description/package.ps1'
[9.222s] INFO:colcon.colcon_core.shell:Creating package descriptor '/home/albert/umov_ws/install/description/share/description/package.dsv'
[9.223s] INFO:colcon.colcon_core.shell:Creating package script '/home/albert/umov_ws/install/description/share/description/package.sh'
[9.224s] INFO:colcon.colcon_core.shell:Creating package script '/home/albert/umov_ws/install/description/share/description/package.bash'
[9.225s] INFO:colcon.colcon_core.shell:Creating package script '/home/albert/umov_ws/install/description/share/description/package.zsh'
[9.230s] Level 1:colcon.colcon_core.environment:create_file_with_runtime_dependencies(/home/albert/umov_ws/install/description/share/colcon-core/packages/description)
[9.231s] Level 1:colcon.colcon_core.environment:create_environment_scripts_only(description)
[9.232s] Level 1:colcon.colcon_core.environment:checking '/home/albert/umov_ws/install/description' for CMake module files
[9.233s] Level 1:colcon.colcon_core.environment:checking '/home/albert/umov_ws/install/description' for CMake config files
[9.233s] Level 1:colcon.colcon_core.shell:create_environment_hook('description', 'cmake_prefix_path')
[9.237s] INFO:colcon.colcon_core.shell:Creating environment hook '/home/albert/umov_ws/install/description/share/description/hook/cmake_prefix_path.ps1'
[9.237s] INFO:colcon.colcon_core.shell:Creating environment descriptor '/home/albert/umov_ws/install/description/share/description/hook/cmake_prefix_path.dsv'
[9.238s] INFO:colcon.colcon_core.shell:Creating environment hook '/home/albert/umov_ws/install/description/share/description/hook/cmake_prefix_path.sh'
[9.239s] Level 1:colcon.colcon_core.environment:checking '/home/albert/umov_ws/install/description/bin'
[9.239s] Level 1:colcon.colcon_core.environment:checking '/home/albert/umov_ws/install/description/lib/pkgconfig/description.pc'
[9.240s] Level 1:colcon.colcon_core.environment:checking '/home/albert/umov_ws/install/description/lib/python3.10/site-packages'
[9.245s] Level 1:colcon.colcon_core.environment:checking '/home/albert/umov_ws/install/description/bin'
[9.245s] INFO:colcon.colcon_core.shell:Creating package script '/home/albert/umov_ws/install/description/share/description/package.ps1'
[9.246s] INFO:colcon.colcon_core.shell:Creating package descriptor '/home/albert/umov_ws/install/description/share/description/package.dsv'
[9.252s] INFO:colcon.colcon_core.shell:Creating package script '/home/albert/umov_ws/install/description/share/description/package.sh'
[9.253s] INFO:colcon.colcon_core.shell:Creating package script '/home/albert/umov_ws/install/description/share/description/package.bash'
[9.254s] INFO:colcon.colcon_core.shell:Creating package script '/home/albert/umov_ws/install/description/share/description/package.zsh'
[9.255s] Level 1:colcon.colcon_core.environment:create_file_with_runtime_dependencies(/home/albert/umov_ws/install/description/share/colcon-core/packages/description)
[11.944s] DEBUG:colcon.colcon_core.event_handler.log_command:Invoked command in '/home/albert/umov_ws/build/arduinobot_firmware' returned '0': CMAKE_PREFIX_PATH=${CMAKE_PREFIX_PATH}:/home/albert/ws_moveit2/install/moveit_configs_utils:/home/albert/ws_moveit2/install/launch_param_builder:/home/albert/umov_ws/install/arduino_py_examples:/home/albert/udem2_ws/install/actions_py:/home/albert/udem2_ws/install/lifecycle_py:/home/albert/udem2_ws/install/executors_py:/home/albert/udem2_ws/install/components_py:/home/albert/udem_ws/install/turtlesim_catcher:/home/albert/udem_ws/install/my_py_pkg:/home/albert/udem_ws/install/lifecycle_py:/home/albert/bcdc_ws/install/agbot_teleop:/home/albert/bcdc_ws/install/agbot_py:/home/albert/arduinobot_ws/install/arduinobot_py_examples:/opt/ros/humble /home/albert/.local/bin/cmake /home/albert/umov_ws/src/arduinobot_firmware -DCMAKE_INSTALL_PREFIX=/home/albert/umov_ws/install/arduinobot_firmware
[11.946s] DEBUG:colcon.colcon_core.event_handler.log_command:Invoking command in '/home/albert/umov_ws/build/arduinobot_firmware': CMAKE_PREFIX_PATH=${CMAKE_PREFIX_PATH}:/home/albert/ws_moveit2/install/moveit_configs_utils:/home/albert/ws_moveit2/install/launch_param_builder:/home/albert/umov_ws/install/arduino_py_examples:/home/albert/udem2_ws/install/actions_py:/home/albert/udem2_ws/install/lifecycle_py:/home/albert/udem2_ws/install/executors_py:/home/albert/udem2_ws/install/components_py:/home/albert/udem_ws/install/turtlesim_catcher:/home/albert/udem_ws/install/my_py_pkg:/home/albert/udem_ws/install/lifecycle_py:/home/albert/bcdc_ws/install/agbot_teleop:/home/albert/bcdc_ws/install/agbot_py:/home/albert/arduinobot_ws/install/arduinobot_py_examples:/opt/ros/humble /home/albert/.local/bin/cmake --build /home/albert/umov_ws/build/arduinobot_firmware -- -j8 -l8
[12.853s] DEBUG:colcon.colcon_core.event_handler.log_command:Invoked command in '/home/albert/umov_ws/build/arduinobot_controller' returned '0': CMAKE_PREFIX_PATH=${CMAKE_PREFIX_PATH}:/home/albert/ws_moveit2/install/moveit_configs_utils:/home/albert/ws_moveit2/install/launch_param_builder:/home/albert/umov_ws/install/arduino_py_examples:/home/albert/udem2_ws/install/actions_py:/home/albert/udem2_ws/install/lifecycle_py:/home/albert/udem2_ws/install/executors_py:/home/albert/udem2_ws/install/components_py:/home/albert/udem_ws/install/turtlesim_catcher:/home/albert/udem_ws/install/my_py_pkg:/home/albert/udem_ws/install/lifecycle_py:/home/albert/bcdc_ws/install/agbot_teleop:/home/albert/bcdc_ws/install/agbot_py:/home/albert/arduinobot_ws/install/arduinobot_py_examples:/opt/ros/humble /home/albert/.local/bin/cmake /home/albert/umov_ws/src/arduinobot_controller -DCMAKE_INSTALL_PREFIX=/home/albert/umov_ws/install/arduinobot_controller
[12.859s] DEBUG:colcon.colcon_core.event_handler.log_command:Invoking command in '/home/albert/umov_ws/build/arduinobot_controller': CMAKE_PREFIX_PATH=${CMAKE_PREFIX_PATH}:/home/albert/ws_moveit2/install/moveit_configs_utils:/home/albert/ws_moveit2/install/launch_param_builder:/home/albert/umov_ws/install/arduino_py_examples:/home/albert/udem2_ws/install/actions_py:/home/albert/udem2_ws/install/lifecycle_py:/home/albert/udem2_ws/install/executors_py:/home/albert/udem2_ws/install/components_py:/home/albert/udem_ws/install/turtlesim_catcher:/home/albert/udem_ws/install/my_py_pkg:/home/albert/udem_ws/install/lifecycle_py:/home/albert/bcdc_ws/install/agbot_teleop:/home/albert/bcdc_ws/install/agbot_py:/home/albert/arduinobot_ws/install/arduinobot_py_examples:/opt/ros/humble /home/albert/.local/bin/cmake --build /home/albert/umov_ws/build/arduinobot_controller -- -j8 -l8
[17.380s] DEBUG:colcon.colcon_core.event_handler.log_command:Invoked command in '/home/albert/umov_ws/build/arduinobot_msgs' returned '0': CMAKE_PREFIX_PATH=${CMAKE_PREFIX_PATH}:/home/albert/ws_moveit2/install/moveit_configs_utils:/home/albert/ws_moveit2/install/launch_param_builder:/home/albert/umov_ws/install/arduino_py_examples:/home/albert/udem2_ws/install/actions_py:/home/albert/udem2_ws/install/lifecycle_py:/home/albert/udem2_ws/install/executors_py:/home/albert/udem2_ws/install/components_py:/home/albert/udem_ws/install/turtlesim_catcher:/home/albert/udem_ws/install/my_py_pkg:/home/albert/udem_ws/install/lifecycle_py:/home/albert/bcdc_ws/install/agbot_teleop:/home/albert/bcdc_ws/install/agbot_py:/home/albert/arduinobot_ws/install/arduinobot_py_examples:/opt/ros/humble /home/albert/.local/bin/cmake /home/albert/umov_ws/src/arduinobot_msgs -DCMAKE_INSTALL_PREFIX=/home/albert/umov_ws/install/arduinobot_msgs
[17.381s] DEBUG:colcon.colcon_core.event_handler.log_command:Invoking command in '/home/albert/umov_ws/build/arduinobot_msgs': CMAKE_PREFIX_PATH=${CMAKE_PREFIX_PATH}:/home/albert/ws_moveit2/install/moveit_configs_utils:/home/albert/ws_moveit2/install/launch_param_builder:/home/albert/umov_ws/install/arduino_py_examples:/home/albert/udem2_ws/install/actions_py:/home/albert/udem2_ws/install/lifecycle_py:/home/albert/udem2_ws/install/executors_py:/home/albert/udem2_ws/install/components_py:/home/albert/udem_ws/install/turtlesim_catcher:/home/albert/udem_ws/install/my_py_pkg:/home/albert/udem_ws/install/lifecycle_py:/home/albert/bcdc_ws/install/agbot_teleop:/home/albert/bcdc_ws/install/agbot_py:/home/albert/arduinobot_ws/install/arduinobot_py_examples:/opt/ros/humble /home/albert/.local/bin/cmake --build /home/albert/umov_ws/build/arduinobot_msgs -- -j8 -l8
[24.299s] DEBUG:colcon.colcon_core.event_handler.log_command:Invoked command in '/home/albert/umov_ws/build/arduinobot_controller' returned '0': CMAKE_PREFIX_PATH=${CMAKE_PREFIX_PATH}:/home/albert/ws_moveit2/install/moveit_configs_utils:/home/albert/ws_moveit2/install/launch_param_builder:/home/albert/umov_ws/install/arduino_py_examples:/home/albert/udem2_ws/install/actions_py:/home/albert/udem2_ws/install/lifecycle_py:/home/albert/udem2_ws/install/executors_py:/home/albert/udem2_ws/install/components_py:/home/albert/udem_ws/install/turtlesim_catcher:/home/albert/udem_ws/install/my_py_pkg:/home/albert/udem_ws/install/lifecycle_py:/home/albert/bcdc_ws/install/agbot_teleop:/home/albert/bcdc_ws/install/agbot_py:/home/albert/arduinobot_ws/install/arduinobot_py_examples:/opt/ros/humble /home/albert/.local/bin/cmake --build /home/albert/umov_ws/build/arduinobot_controller -- -j8 -l8
[24.300s] DEBUG:colcon.colcon_core.event_handler.log_command:Invoking command in '/home/albert/umov_ws/build/arduinobot_controller': CMAKE_PREFIX_PATH=${CMAKE_PREFIX_PATH}:/home/albert/ws_moveit2/install/moveit_configs_utils:/home/albert/ws_moveit2/install/launch_param_builder:/home/albert/umov_ws/install/arduino_py_examples:/home/albert/udem2_ws/install/actions_py:/home/albert/udem2_ws/install/lifecycle_py:/home/albert/udem2_ws/install/executors_py:/home/albert/udem2_ws/install/components_py:/home/albert/udem_ws/install/turtlesim_catcher:/home/albert/udem_ws/install/my_py_pkg:/home/albert/udem_ws/install/lifecycle_py:/home/albert/bcdc_ws/install/agbot_teleop:/home/albert/bcdc_ws/install/agbot_py:/home/albert/arduinobot_ws/install/arduinobot_py_examples:/opt/ros/humble /home/albert/.local/bin/cmake --install /home/albert/umov_ws/build/arduinobot_controller
[24.326s] Level 1:colcon.colcon_core.environment:create_environment_scripts_only(arduinobot_controller)
[24.327s] Level 1:colcon.colcon_core.environment:checking '/home/albert/umov_ws/install/arduinobot_controller' for CMake module files
[24.328s] Level 1:colcon.colcon_core.environment:checking '/home/albert/umov_ws/install/arduinobot_controller' for CMake config files
[24.329s] Level 1:colcon.colcon_core.shell:create_environment_hook('arduinobot_controller', 'cmake_prefix_path')
[24.329s] INFO:colcon.colcon_core.shell:Creating environment hook '/home/albert/umov_ws/install/arduinobot_controller/share/arduinobot_controller/hook/cmake_prefix_path.ps1'
[24.330s] DEBUG:colcon.colcon_core.event_handler.log_command:Invoked command in '/home/albert/umov_ws/build/arduinobot_controller' returned '0': CMAKE_PREFIX_PATH=${CMAKE_PREFIX_PATH}:/home/albert/ws_moveit2/install/moveit_configs_utils:/home/albert/ws_moveit2/install/launch_param_builder:/home/albert/umov_ws/install/arduino_py_examples:/home/albert/udem2_ws/install/actions_py:/home/albert/udem2_ws/install/lifecycle_py:/home/albert/udem2_ws/install/executors_py:/home/albert/udem2_ws/install/components_py:/home/albert/udem_ws/install/turtlesim_catcher:/home/albert/udem_ws/install/my_py_pkg:/home/albert/udem_ws/install/lifecycle_py:/home/albert/bcdc_ws/install/agbot_teleop:/home/albert/bcdc_ws/install/agbot_py:/home/albert/arduinobot_ws/install/arduinobot_py_examples:/opt/ros/humble /home/albert/.local/bin/cmake --install /home/albert/umov_ws/build/arduinobot_controller
[24.331s] INFO:colcon.colcon_core.shell:Creating environment descriptor '/home/albert/umov_ws/install/arduinobot_controller/share/arduinobot_controller/hook/cmake_prefix_path.dsv'
[24.332s] INFO:colcon.colcon_core.shell:Creating environment hook '/home/albert/umov_ws/install/arduinobot_controller/share/arduinobot_controller/hook/cmake_prefix_path.sh'
[24.333s] Level 1:colcon.colcon_core.environment:checking '/home/albert/umov_ws/install/arduinobot_controller/lib'
[24.333s] Level 1:colcon.colcon_core.shell:create_environment_hook('arduinobot_controller', 'ld_library_path_lib')
[24.334s] INFO:colcon.colcon_core.shell:Creating environment hook '/home/albert/umov_ws/install/arduinobot_controller/share/arduinobot_controller/hook/ld_library_path_lib.ps1'
[24.335s] INFO:colcon.colcon_core.shell:Creating environment descriptor '/home/albert/umov_ws/install/arduinobot_controller/share/arduinobot_controller/hook/ld_library_path_lib.dsv'
[24.336s] INFO:colcon.colcon_core.shell:Creating environment hook '/home/albert/umov_ws/install/arduinobot_controller/share/arduinobot_controller/hook/ld_library_path_lib.sh'
[24.336s] Level 1:colcon.colcon_core.environment:checking '/home/albert/umov_ws/install/arduinobot_controller/bin'
[24.337s] Level 1:colcon.colcon_core.environment:checking '/home/albert/umov_ws/install/arduinobot_controller/lib/pkgconfig/arduinobot_controller.pc'
[24.338s] Level 1:colcon.colcon_core.environment:checking '/home/albert/umov_ws/install/arduinobot_controller/lib/python3.10/site-packages'
[24.338s] Level 1:colcon.colcon_core.environment:checking '/home/albert/umov_ws/install/arduinobot_controller/bin'
[24.339s] INFO:colcon.colcon_core.shell:Creating package script '/home/albert/umov_ws/install/arduinobot_controller/share/arduinobot_controller/package.ps1'
[24.340s] INFO:colcon.colcon_core.shell:Creating package descriptor '/home/albert/umov_ws/install/arduinobot_controller/share/arduinobot_controller/package.dsv'
[24.341s] INFO:colcon.colcon_core.shell:Creating package script '/home/albert/umov_ws/install/arduinobot_controller/share/arduinobot_controller/package.sh'
[24.342s] INFO:colcon.colcon_core.shell:Creating package script '/home/albert/umov_ws/install/arduinobot_controller/share/arduinobot_controller/package.bash'
[24.343s] INFO:colcon.colcon_core.shell:Creating package script '/home/albert/umov_ws/install/arduinobot_controller/share/arduinobot_controller/package.zsh'
[24.344s] Level 1:colcon.colcon_core.environment:create_file_with_runtime_dependencies(/home/albert/umov_ws/install/arduinobot_controller/share/colcon-core/packages/arduinobot_controller)
[24.345s] Level 1:colcon.colcon_core.environment:create_environment_scripts_only(arduinobot_controller)
[24.346s] Level 1:colcon.colcon_core.environment:checking '/home/albert/umov_ws/install/arduinobot_controller' for CMake module files
[24.347s] Level 1:colcon.colcon_core.environment:checking '/home/albert/umov_ws/install/arduinobot_controller' for CMake config files
[24.348s] Level 1:colcon.colcon_core.shell:create_environment_hook('arduinobot_controller', 'cmake_prefix_path')
[24.349s] INFO:colcon.colcon_core.shell:Creating environment hook '/home/albert/umov_ws/install/arduinobot_controller/share/arduinobot_controller/hook/cmake_prefix_path.ps1'
[24.350s] INFO:colcon.colcon_core.shell:Creating environment descriptor '/home/albert/umov_ws/install/arduinobot_controller/share/arduinobot_controller/hook/cmake_prefix_path.dsv'
[24.351s] INFO:colcon.colcon_core.shell:Creating environment hook '/home/albert/umov_ws/install/arduinobot_controller/share/arduinobot_controller/hook/cmake_prefix_path.sh'
[24.352s] Level 1:colcon.colcon_core.environment:checking '/home/albert/umov_ws/install/arduinobot_controller/lib'
[24.352s] Level 1:colcon.colcon_core.shell:create_environment_hook('arduinobot_controller', 'ld_library_path_lib')
[24.353s] INFO:colcon.colcon_core.shell:Creating environment hook '/home/albert/umov_ws/install/arduinobot_controller/share/arduinobot_controller/hook/ld_library_path_lib.ps1'
[24.354s] INFO:colcon.colcon_core.shell:Creating environment descriptor '/home/albert/umov_ws/install/arduinobot_controller/share/arduinobot_controller/hook/ld_library_path_lib.dsv'
[24.354s] INFO:colcon.colcon_core.shell:Creating environment hook '/home/albert/umov_ws/install/arduinobot_controller/share/arduinobot_controller/hook/ld_library_path_lib.sh'
[24.355s] Level 1:colcon.colcon_core.environment:checking '/home/albert/umov_ws/install/arduinobot_controller/bin'
[24.355s] Level 1:colcon.colcon_core.environment:checking '/home/albert/umov_ws/install/arduinobot_controller/lib/pkgconfig/arduinobot_controller.pc'
[24.356s] Level 1:colcon.colcon_core.environment:checking '/home/albert/umov_ws/install/arduinobot_controller/lib/python3.10/site-packages'
[24.356s] Level 1:colcon.colcon_core.environment:checking '/home/albert/umov_ws/install/arduinobot_controller/bin'
[24.357s] INFO:colcon.colcon_core.shell:Creating package script '/home/albert/umov_ws/install/arduinobot_controller/share/arduinobot_controller/package.ps1'
[24.359s] INFO:colcon.colcon_core.shell:Creating package descriptor '/home/albert/umov_ws/install/arduinobot_controller/share/arduinobot_controller/package.dsv'
[24.360s] INFO:colcon.colcon_core.shell:Creating package script '/home/albert/umov_ws/install/arduinobot_controller/share/arduinobot_controller/package.sh'
[24.361s] INFO:colcon.colcon_core.shell:Creating package script '/home/albert/umov_ws/install/arduinobot_controller/share/arduinobot_controller/package.bash'
[24.362s] INFO:colcon.colcon_core.shell:Creating package script '/home/albert/umov_ws/install/arduinobot_controller/share/arduinobot_controller/package.zsh'
[24.365s] Level 1:colcon.colcon_core.environment:create_file_with_runtime_dependencies(/home/albert/umov_ws/install/arduinobot_controller/share/colcon-core/packages/arduinobot_controller)
[53.588s] DEBUG:colcon.colcon_core.event_handler.log_command:Invoked command in '/home/albert/umov_ws/build/arduinobot_firmware' returned '0': CMAKE_PREFIX_PATH=${CMAKE_PREFIX_PATH}:/home/albert/ws_moveit2/install/moveit_configs_utils:/home/albert/ws_moveit2/install/launch_param_builder:/home/albert/umov_ws/install/arduino_py_examples:/home/albert/udem2_ws/install/actions_py:/home/albert/udem2_ws/install/lifecycle_py:/home/albert/udem2_ws/install/executors_py:/home/albert/udem2_ws/install/components_py:/home/albert/udem_ws/install/turtlesim_catcher:/home/albert/udem_ws/install/my_py_pkg:/home/albert/udem_ws/install/lifecycle_py:/home/albert/bcdc_ws/install/agbot_teleop:/home/albert/bcdc_ws/install/agbot_py:/home/albert/arduinobot_ws/install/arduinobot_py_examples:/opt/ros/humble /home/albert/.local/bin/cmake --build /home/albert/umov_ws/build/arduinobot_firmware -- -j8 -l8
[53.596s] DEBUG:colcon.colcon_core.event_handler.log_command:Invoking command in '/home/albert/umov_ws/build/arduinobot_firmware': CMAKE_PREFIX_PATH=${CMAKE_PREFIX_PATH}:/home/albert/ws_moveit2/install/moveit_configs_utils:/home/albert/ws_moveit2/install/launch_param_builder:/home/albert/umov_ws/install/arduino_py_examples:/home/albert/udem2_ws/install/actions_py:/home/albert/udem2_ws/install/lifecycle_py:/home/albert/udem2_ws/install/executors_py:/home/albert/udem2_ws/install/components_py:/home/albert/udem_ws/install/turtlesim_catcher:/home/albert/udem_ws/install/my_py_pkg:/home/albert/udem_ws/install/lifecycle_py:/home/albert/bcdc_ws/install/agbot_teleop:/home/albert/bcdc_ws/install/agbot_py:/home/albert/arduinobot_ws/install/arduinobot_py_examples:/opt/ros/humble /home/albert/.local/bin/cmake --install /home/albert/umov_ws/build/arduinobot_firmware
[53.779s] Level 1:colcon.colcon_core.environment:create_environment_scripts_only(arduinobot_firmware)
[53.780s] Level 1:colcon.colcon_core.environment:checking '/home/albert/umov_ws/install/arduinobot_firmware' for CMake module files
[53.782s] DEBUG:colcon.colcon_core.event_handler.log_command:Invoked command in '/home/albert/umov_ws/build/arduinobot_firmware' returned '0': CMAKE_PREFIX_PATH=${CMAKE_PREFIX_PATH}:/home/albert/ws_moveit2/install/moveit_configs_utils:/home/albert/ws_moveit2/install/launch_param_builder:/home/albert/umov_ws/install/arduino_py_examples:/home/albert/udem2_ws/install/actions_py:/home/albert/udem2_ws/install/lifecycle_py:/home/albert/udem2_ws/install/executors_py:/home/albert/udem2_ws/install/components_py:/home/albert/udem_ws/install/turtlesim_catcher:/home/albert/udem_ws/install/my_py_pkg:/home/albert/udem_ws/install/lifecycle_py:/home/albert/bcdc_ws/install/agbot_teleop:/home/albert/bcdc_ws/install/agbot_py:/home/albert/arduinobot_ws/install/arduinobot_py_examples:/opt/ros/humble /home/albert/.local/bin/cmake --install /home/albert/umov_ws/build/arduinobot_firmware
[53.783s] Level 1:colcon.colcon_core.environment:checking '/home/albert/umov_ws/install/arduinobot_firmware' for CMake config files
[53.784s] Level 1:colcon.colcon_core.shell:create_environment_hook('arduinobot_firmware', 'cmake_prefix_path')
[53.784s] INFO:colcon.colcon_core.shell:Creating environment hook '/home/albert/umov_ws/install/arduinobot_firmware/share/arduinobot_firmware/hook/cmake_prefix_path.ps1'
[53.785s] INFO:colcon.colcon_core.shell:Creating environment descriptor '/home/albert/umov_ws/install/arduinobot_firmware/share/arduinobot_firmware/hook/cmake_prefix_path.dsv'
[53.786s] INFO:colcon.colcon_core.shell:Creating environment hook '/home/albert/umov_ws/install/arduinobot_firmware/share/arduinobot_firmware/hook/cmake_prefix_path.sh'
[53.788s] Level 1:colcon.colcon_core.environment:checking '/home/albert/umov_ws/install/arduinobot_firmware/lib'
[53.788s] Level 1:colcon.colcon_core.environment:checking '/home/albert/umov_ws/install/arduinobot_firmware/bin'
[53.788s] Level 1:colcon.colcon_core.environment:checking '/home/albert/umov_ws/install/arduinobot_firmware/lib/pkgconfig/arduinobot_firmware.pc'
[53.788s] Level 1:colcon.colcon_core.environment:checking '/home/albert/umov_ws/install/arduinobot_firmware/lib/python3.10/site-packages'
[53.789s] Level 1:colcon.colcon_core.environment:checking '/home/albert/umov_ws/install/arduinobot_firmware/bin'
[53.790s] INFO:colcon.colcon_core.shell:Creating package script '/home/albert/umov_ws/install/arduinobot_firmware/share/arduinobot_firmware/package.ps1'
[53.791s] INFO:colcon.colcon_core.shell:Creating package descriptor '/home/albert/umov_ws/install/arduinobot_firmware/share/arduinobot_firmware/package.dsv'
[53.792s] INFO:colcon.colcon_core.shell:Creating package script '/home/albert/umov_ws/install/arduinobot_firmware/share/arduinobot_firmware/package.sh'
[53.793s] INFO:colcon.colcon_core.shell:Creating package script '/home/albert/umov_ws/install/arduinobot_firmware/share/arduinobot_firmware/package.bash'
[53.794s] INFO:colcon.colcon_core.shell:Creating package script '/home/albert/umov_ws/install/arduinobot_firmware/share/arduinobot_firmware/package.zsh'
[53.795s] Level 1:colcon.colcon_core.environment:create_file_with_runtime_dependencies(/home/albert/umov_ws/install/arduinobot_firmware/share/colcon-core/packages/arduinobot_firmware)
[53.796s] Level 1:colcon.colcon_core.environment:create_environment_scripts_only(arduinobot_firmware)
[53.797s] Level 1:colcon.colcon_core.environment:checking '/home/albert/umov_ws/install/arduinobot_firmware' for CMake module files
[53.798s] Level 1:colcon.colcon_core.environment:checking '/home/albert/umov_ws/install/arduinobot_firmware' for CMake config files
[53.799s] Level 1:colcon.colcon_core.shell:create_environment_hook('arduinobot_firmware', 'cmake_prefix_path')
[53.799s] INFO:colcon.colcon_core.shell:Creating environment hook '/home/albert/umov_ws/install/arduinobot_firmware/share/arduinobot_firmware/hook/cmake_prefix_path.ps1'
[53.800s] INFO:colcon.colcon_core.shell:Creating environment descriptor '/home/albert/umov_ws/install/arduinobot_firmware/share/arduinobot_firmware/hook/cmake_prefix_path.dsv'
[53.801s] INFO:colcon.colcon_core.shell:Creating environment hook '/home/albert/umov_ws/install/arduinobot_firmware/share/arduinobot_firmware/hook/cmake_prefix_path.sh'
[53.803s] Level 1:colcon.colcon_core.environment:checking '/home/albert/umov_ws/install/arduinobot_firmware/lib'
[53.803s] Level 1:colcon.colcon_core.environment:checking '/home/albert/umov_ws/install/arduinobot_firmware/bin'
[53.803s] Level 1:colcon.colcon_core.environment:checking '/home/albert/umov_ws/install/arduinobot_firmware/lib/pkgconfig/arduinobot_firmware.pc'
[53.804s] Level 1:colcon.colcon_core.environment:checking '/home/albert/umov_ws/install/arduinobot_firmware/lib/python3.10/site-packages'
[53.804s] Level 1:colcon.colcon_core.environment:checking '/home/albert/umov_ws/install/arduinobot_firmware/bin'
[53.808s] INFO:colcon.colcon_core.shell:Creating package script '/home/albert/umov_ws/install/arduinobot_firmware/share/arduinobot_firmware/package.ps1'
[53.812s] INFO:colcon.colcon_core.shell:Creating package descriptor '/home/albert/umov_ws/install/arduinobot_firmware/share/arduinobot_firmware/package.dsv'
[53.815s] INFO:colcon.colcon_core.shell:Creating package script '/home/albert/umov_ws/install/arduinobot_firmware/share/arduinobot_firmware/package.sh'
[53.819s] INFO:colcon.colcon_core.shell:Creating package script '/home/albert/umov_ws/install/arduinobot_firmware/share/arduinobot_firmware/package.bash'
[53.821s] INFO:colcon.colcon_core.shell:Creating package script '/home/albert/umov_ws/install/arduinobot_firmware/share/arduinobot_firmware/package.zsh'
[53.823s] Level 1:colcon.colcon_core.environment:create_file_with_runtime_dependencies(/home/albert/umov_ws/install/arduinobot_firmware/share/colcon-core/packages/arduinobot_firmware)
[77.692s] DEBUG:colcon.colcon_core.event_handler.log_command:Invoked command in '/home/albert/umov_ws/build/arduinobot_msgs' returned '0': CMAKE_PREFIX_PATH=${CMAKE_PREFIX_PATH}:/home/albert/ws_moveit2/install/moveit_configs_utils:/home/albert/ws_moveit2/install/launch_param_builder:/home/albert/umov_ws/install/arduino_py_examples:/home/albert/udem2_ws/install/actions_py:/home/albert/udem2_ws/install/lifecycle_py:/home/albert/udem2_ws/install/executors_py:/home/albert/udem2_ws/install/components_py:/home/albert/udem_ws/install/turtlesim_catcher:/home/albert/udem_ws/install/my_py_pkg:/home/albert/udem_ws/install/lifecycle_py:/home/albert/bcdc_ws/install/agbot_teleop:/home/albert/bcdc_ws/install/agbot_py:/home/albert/arduinobot_ws/install/arduinobot_py_examples:/opt/ros/humble /home/albert/.local/bin/cmake --build /home/albert/umov_ws/build/arduinobot_msgs -- -j8 -l8
[77.693s] DEBUG:colcon.colcon_core.event_handler.log_command:Invoking command in '/home/albert/umov_ws/build/arduinobot_msgs': CMAKE_PREFIX_PATH=${CMAKE_PREFIX_PATH}:/home/albert/ws_moveit2/install/moveit_configs_utils:/home/albert/ws_moveit2/install/launch_param_builder:/home/albert/umov_ws/install/arduino_py_examples:/home/albert/udem2_ws/install/actions_py:/home/albert/udem2_ws/install/lifecycle_py:/home/albert/udem2_ws/install/executors_py:/home/albert/udem2_ws/install/components_py:/home/albert/udem_ws/install/turtlesim_catcher:/home/albert/udem_ws/install/my_py_pkg:/home/albert/udem_ws/install/lifecycle_py:/home/albert/bcdc_ws/install/agbot_teleop:/home/albert/bcdc_ws/install/agbot_py:/home/albert/arduinobot_ws/install/arduinobot_py_examples:/opt/ros/humble /home/albert/.local/bin/cmake --install /home/albert/umov_ws/build/arduinobot_msgs
[77.903s] Level 1:colcon.colcon_core.environment:create_environment_scripts_only(arduinobot_msgs)
[77.904s] Level 1:colcon.colcon_core.environment:checking '/home/albert/umov_ws/install/arduinobot_msgs' for CMake module files
[77.906s] DEBUG:colcon.colcon_core.event_handler.log_command:Invoked command in '/home/albert/umov_ws/build/arduinobot_msgs' returned '0': CMAKE_PREFIX_PATH=${CMAKE_PREFIX_PATH}:/home/albert/ws_moveit2/install/moveit_configs_utils:/home/albert/ws_moveit2/install/launch_param_builder:/home/albert/umov_ws/install/arduino_py_examples:/home/albert/udem2_ws/install/actions_py:/home/albert/udem2_ws/install/lifecycle_py:/home/albert/udem2_ws/install/executors_py:/home/albert/udem2_ws/install/components_py:/home/albert/udem_ws/install/turtlesim_catcher:/home/albert/udem_ws/install/my_py_pkg:/home/albert/udem_ws/install/lifecycle_py:/home/albert/bcdc_ws/install/agbot_teleop:/home/albert/bcdc_ws/install/agbot_py:/home/albert/arduinobot_ws/install/arduinobot_py_examples:/opt/ros/humble /home/albert/.local/bin/cmake --install /home/albert/umov_ws/build/arduinobot_msgs
[77.907s] Level 1:colcon.colcon_core.environment:checking '/home/albert/umov_ws/install/arduinobot_msgs' for CMake config files
[77.909s] Level 1:colcon.colcon_core.shell:create_environment_hook('arduinobot_msgs', 'cmake_prefix_path')
[77.910s] INFO:colcon.colcon_core.shell:Creating environment hook '/home/albert/umov_ws/install/arduinobot_msgs/share/arduinobot_msgs/hook/cmake_prefix_path.ps1'
[77.911s] INFO:colcon.colcon_core.shell:Creating environment descriptor '/home/albert/umov_ws/install/arduinobot_msgs/share/arduinobot_msgs/hook/cmake_prefix_path.dsv'
[77.912s] INFO:colcon.colcon_core.shell:Creating environment hook '/home/albert/umov_ws/install/arduinobot_msgs/share/arduinobot_msgs/hook/cmake_prefix_path.sh'
[77.913s] Level 1:colcon.colcon_core.environment:checking '/home/albert/umov_ws/install/arduinobot_msgs/lib'
[77.913s] Level 1:colcon.colcon_core.shell:create_environment_hook('arduinobot_msgs', 'ld_library_path_lib')
[77.914s] INFO:colcon.colcon_core.shell:Creating environment hook '/home/albert/umov_ws/install/arduinobot_msgs/share/arduinobot_msgs/hook/ld_library_path_lib.ps1'
[77.915s] INFO:colcon.colcon_core.shell:Creating environment descriptor '/home/albert/umov_ws/install/arduinobot_msgs/share/arduinobot_msgs/hook/ld_library_path_lib.dsv'
[77.916s] INFO:colcon.colcon_core.shell:Creating environment hook '/home/albert/umov_ws/install/arduinobot_msgs/share/arduinobot_msgs/hook/ld_library_path_lib.sh'
[77.917s] Level 1:colcon.colcon_core.environment:checking '/home/albert/umov_ws/install/arduinobot_msgs/bin'
[77.917s] Level 1:colcon.colcon_core.environment:checking '/home/albert/umov_ws/install/arduinobot_msgs/lib/pkgconfig/arduinobot_msgs.pc'
[77.917s] Level 1:colcon.colcon_core.environment:checking '/home/albert/umov_ws/install/arduinobot_msgs/lib/python3.10/site-packages'
[77.918s] Level 1:colcon.colcon_core.environment:checking '/home/albert/umov_ws/install/arduinobot_msgs/bin'
[77.919s] INFO:colcon.colcon_core.shell:Creating package script '/home/albert/umov_ws/install/arduinobot_msgs/share/arduinobot_msgs/package.ps1'
[77.920s] INFO:colcon.colcon_core.shell:Creating package descriptor '/home/albert/umov_ws/install/arduinobot_msgs/share/arduinobot_msgs/package.dsv'
[77.921s] INFO:colcon.colcon_core.shell:Creating package script '/home/albert/umov_ws/install/arduinobot_msgs/share/arduinobot_msgs/package.sh'
[77.923s] INFO:colcon.colcon_core.shell:Creating package script '/home/albert/umov_ws/install/arduinobot_msgs/share/arduinobot_msgs/package.bash'
[77.924s] INFO:colcon.colcon_core.shell:Creating package script '/home/albert/umov_ws/install/arduinobot_msgs/share/arduinobot_msgs/package.zsh'
[77.924s] Level 1:colcon.colcon_core.environment:create_file_with_runtime_dependencies(/home/albert/umov_ws/install/arduinobot_msgs/share/colcon-core/packages/arduinobot_msgs)
[77.926s] Level 1:colcon.colcon_core.environment:create_environment_scripts_only(arduinobot_msgs)
[77.927s] Level 1:colcon.colcon_core.environment:checking '/home/albert/umov_ws/install/arduinobot_msgs' for CMake module files
[77.928s] Level 1:colcon.colcon_core.environment:checking '/home/albert/umov_ws/install/arduinobot_msgs' for CMake config files
[77.930s] Level 1:colcon.colcon_core.shell:create_environment_hook('arduinobot_msgs', 'cmake_prefix_path')
[77.931s] INFO:colcon.colcon_core.shell:Creating environment hook '/home/albert/umov_ws/install/arduinobot_msgs/share/arduinobot_msgs/hook/cmake_prefix_path.ps1'
[77.932s] INFO:colcon.colcon_core.shell:Creating environment descriptor '/home/albert/umov_ws/install/arduinobot_msgs/share/arduinobot_msgs/hook/cmake_prefix_path.dsv'
[77.933s] INFO:colcon.colcon_core.shell:Creating environment hook '/home/albert/umov_ws/install/arduinobot_msgs/share/arduinobot_msgs/hook/cmake_prefix_path.sh'
[77.934s] Level 1:colcon.colcon_core.environment:checking '/home/albert/umov_ws/install/arduinobot_msgs/lib'
[77.934s] Level 1:colcon.colcon_core.shell:create_environment_hook('arduinobot_msgs', 'ld_library_path_lib')
[77.935s] INFO:colcon.colcon_core.shell:Creating environment hook '/home/albert/umov_ws/install/arduinobot_msgs/share/arduinobot_msgs/hook/ld_library_path_lib.ps1'
[77.936s] INFO:colcon.colcon_core.shell:Creating environment descriptor '/home/albert/umov_ws/install/arduinobot_msgs/share/arduinobot_msgs/hook/ld_library_path_lib.dsv'
[77.937s] INFO:colcon.colcon_core.shell:Creating environment hook '/home/albert/umov_ws/install/arduinobot_msgs/share/arduinobot_msgs/hook/ld_library_path_lib.sh'
[77.938s] Level 1:colcon.colcon_core.environment:checking '/home/albert/umov_ws/install/arduinobot_msgs/bin'
[77.938s] Level 1:colcon.colcon_core.environment:checking '/home/albert/umov_ws/install/arduinobot_msgs/lib/pkgconfig/arduinobot_msgs.pc'
[77.938s] Level 1:colcon.colcon_core.environment:checking '/home/albert/umov_ws/install/arduinobot_msgs/lib/python3.10/site-packages'
[77.939s] Level 1:colcon.colcon_core.environment:checking '/home/albert/umov_ws/install/arduinobot_msgs/bin'
[77.940s] INFO:colcon.colcon_core.shell:Creating package script '/home/albert/umov_ws/install/arduinobot_msgs/share/arduinobot_msgs/package.ps1'
[77.941s] INFO:colcon.colcon_core.shell:Creating package descriptor '/home/albert/umov_ws/install/arduinobot_msgs/share/arduinobot_msgs/package.dsv'
[77.943s] INFO:colcon.colcon_core.shell:Creating package script '/home/albert/umov_ws/install/arduinobot_msgs/share/arduinobot_msgs/package.sh'
[77.944s] INFO:colcon.colcon_core.shell:Creating package script '/home/albert/umov_ws/install/arduinobot_msgs/share/arduinobot_msgs/package.bash'
[77.945s] INFO:colcon.colcon_core.shell:Creating package script '/home/albert/umov_ws/install/arduinobot_msgs/share/arduinobot_msgs/package.zsh'
[77.946s] Level 1:colcon.colcon_core.environment:create_file_with_runtime_dependencies(/home/albert/umov_ws/install/arduinobot_msgs/share/colcon-core/packages/arduinobot_msgs)
[77.947s] INFO:colcon.colcon_ros.task.ament_cmake.build:Building ROS package in '/home/albert/umov_ws/src/arduino_cpp_examples' with build type 'ament_cmake'
[77.947s] INFO:colcon.colcon_cmake.task.cmake.build:Building CMake package in '/home/albert/umov_ws/src/arduino_cpp_examples'
[77.948s] INFO:colcon.colcon_core.shell:Skip shell extension 'powershell' for command environment: Not usable outside of PowerShell
[77.948s] DEBUG:colcon.colcon_core.shell:Skip shell extension 'dsv' for command environment
[77.990s] INFO:colcon.colcon_ros.task.ament_python.build:Building ROS package in '/home/albert/umov_ws/src/arduino_py_examples' with build type 'ament_python'
[77.991s] Level 1:colcon.colcon_core.shell:create_environment_hook('arduino_py_examples', 'ament_prefix_path')
[77.992s] INFO:colcon.colcon_core.shell:Creating environment hook '/home/albert/umov_ws/install/arduino_py_examples/share/arduino_py_examples/hook/ament_prefix_path.ps1'
[77.993s] INFO:colcon.colcon_core.shell:Creating environment descriptor '/home/albert/umov_ws/install/arduino_py_examples/share/arduino_py_examples/hook/ament_prefix_path.dsv'
[77.995s] INFO:colcon.colcon_core.shell:Creating environment hook '/home/albert/umov_ws/install/arduino_py_examples/share/arduino_py_examples/hook/ament_prefix_path.sh'
[77.997s] INFO:colcon.colcon_core.shell:Skip shell extension 'powershell' for command environment: Not usable outside of PowerShell
[77.997s] DEBUG:colcon.colcon_core.shell:Skip shell extension 'dsv' for command environment
[78.040s] INFO:colcon.colcon_ros.task.ament_cmake.build:Building ROS package in '/home/albert/umov_ws/src/arduinobot_remote' with build type 'ament_cmake'
[78.040s] INFO:colcon.colcon_cmake.task.cmake.build:Building CMake package in '/home/albert/umov_ws/src/arduinobot_remote'
[78.041s] INFO:colcon.colcon_core.shell:Skip shell extension 'powershell' for command environment: Not usable outside of PowerShell
[78.041s] DEBUG:colcon.colcon_core.shell:Skip shell extension 'dsv' for command environment
[78.087s] INFO:colcon.colcon_ros.task.ament_cmake.build:Building ROS package in '/home/albert/umov_ws/src/arduinobot_utils' with build type 'ament_cmake'
[78.088s] INFO:colcon.colcon_cmake.task.cmake.build:Building CMake package in '/home/albert/umov_ws/src/arduinobot_utils'
[78.089s] INFO:colcon.colcon_core.shell:Skip shell extension 'powershell' for command environment: Not usable outside of PowerShell
[78.089s] DEBUG:colcon.colcon_core.shell:Skip shell extension 'dsv' for command environment
[78.144s] DEBUG:colcon.colcon_core.event_handler.log_command:Invoking command in '/home/albert/umov_ws/build/arduino_cpp_examples': CMAKE_PREFIX_PATH=/home/albert/umov_ws/install/arduinobot_msgs:/home/albert/ag_arm_ws/install/arm_setup_moveit:/home/albert/ag_arm_ws/install/arm_moveit:/home/albert/ag_arm_ws/install/arm_description:/home/albert/ag_arm_ws/install/arm_cpp:/home/albert/ag_arm_ws/install/arm_controller:/home/albert/ws_moveit2/install/pilz_industrial_motion_planner_testutils:/home/albert/ws_moveit2/install/moveit_runtime:/home/albert/ws_moveit2/install/moveit2_tutorials:/home/albert/ws_moveit2/install/moveit:/home/albert/ws_moveit2/install/moveit_planners:/home/albert/ws_moveit2/install/pilz_industrial_motion_planner:/home/albert/ws_moveit2/install/moveit_visual_tools:/home/albert/ws_moveit2/install/moveit_task_constructor_visualization:/home/albert/ws_moveit2/install/moveit_task_constructor_demo:/home/albert/ws_moveit2/install/moveit_task_constructor_capabilities:/home/albert/ws_moveit2/install/moveit_task_constructor_core:/home/albert/ws_moveit2/install/moveit_ros_control_interface:/home/albert/ws_moveit2/install/moveit_plugins:/home/albert/ws_moveit2/install/moveit_simple_controller_manager:/home/albert/ws_moveit2/install/moveit_setup_assistant:/home/albert/ws_moveit2/install/moveit_setup_srdf_plugins:/home/albert/ws_moveit2/install/moveit_setup_core_plugins:/home/albert/ws_moveit2/install/moveit_setup_controllers:/home/albert/ws_moveit2/install/moveit_setup_app_plugins:/home/albert/ws_moveit2/install/moveit_setup_framework:/home/albert/ws_moveit2/install/moveit_servo:/home/albert/ws_moveit2/install/moveit_ros:/home/albert/ws_moveit2/install/moveit_ros_visualization:/home/albert/ws_moveit2/install/moveit_hybrid_planning:/home/albert/ws_moveit2/install/moveit_ros_planning_interface:/home/albert/ws_moveit2/install/moveit_ros_benchmarks:/home/albert/ws_moveit2/install/moveit_ros_warehouse:/home/albert/ws_moveit2/install/moveit_ros_robot_interaction:/home/albert/ws_moveit2/install/moveit_ros_perception:/home/albert/ws_moveit2/install/moveit_resources_prbt_pg70_support:/home/albert/ws_moveit2/install/moveit_resources_prbt_moveit_config:/home/albert/ws_moveit2/install/moveit_ros_move_group:/home/albert/ws_moveit2/install/moveit_planners_ompl:/home/albert/ws_moveit2/install/moveit_ros_planning:/home/albert/ws_moveit2/install/moveit_ros_occupancy_map_monitor:/home/albert/ws_moveit2/install/moveit_resources_prbt_ikfast_manipulator_plugin:/home/albert/ws_moveit2/install/moveit_planners_chomp:/home/albert/ws_moveit2/install/moveit_kinematics:/home/albert/ws_moveit2/install/moveit_chomp_optimizer_adapter:/home/albert/ws_moveit2/install/chomp_motion_planner:/home/albert/ws_moveit2/install/moveit_core:/home/albert/ws_moveit2/install/srdfdom:/home/albert/ws_moveit2/install/rviz_marker_tools:/home/albert/ws_moveit2/install/rosparam_shortcuts:/home/albert/ws_moveit2/install/moveit_task_constructor_msgs:/home/albert/ws_moveit2/install/moveit_resources_prbt_support:/home/albert/ws_moveit2/install/moveit_resources:/home/albert/ws_moveit2/install/moveit_resources_pr2_description:/home/albert/ws_moveit2/install/moveit_resources_panda_moveit_config:/home/albert/ws_moveit2/install/moveit_resources_panda_description:/home/albert/ws_moveit2/install/moveit_resources_fanuc_moveit_config:/home/albert/ws_moveit2/install/moveit_resources_fanuc_description:/home/albert/ws_moveit2/install/moveit_common:/home/albert/umov_ws/install/description:/home/albert/umov_ws/install/arduinobot_utils:/home/albert/umov_ws/install/arduinobot_remote:/home/albert/umov_ws/install/arduino_cpp_examples:/home/albert/umov_ws/install/arduinobot_moveit:/home/albert/umov_ws/install/arduinobot_firmware:/home/albert/umov_ws/install/arduinobot_controller:/home/albert/umov_ws/install/arduinobot_bringup:/home/albert/unav_ws/install/turtlebot3_fake_node:/home/albert/unav_ws/install/robot_bringup:/home/albert/unav_ws/install/nav2_robot_description:/home/albert/udem2_ws/install/robot_bringup:/home/albert/udem2_ws/install/my_robot_bringup:/home/albert/udem2_ws/install/lifecycle_cpp:/home/albert/udem2_ws/install/final_project_cpp:/home/albert/udem2_ws/install/actions_cpp:/home/albert/udem2_ws/install/robot_interfaces:/home/albert/udem2_ws/install/executors_cpp:/home/albert/udem2_ws/install/components_cpp:/home/albert/udem_ws/install/my_robot_bringup:/home/albert/udem_ws/install/my_cpp_pkg:/home/albert/udem_ws/install/my_robot_interfaces:/home/albert/udem_ws/install/my_robot_description:/home/albert/udem_ws/install/lifecycle_cpp:/home/albert/bcdc_ws/install/aggiebot_cpp:/home/albert/bcdc_ws/install/aggiebot_msgs:/home/albert/bcdc_ws/install/aggiebot_description:/home/albert/bcdc_ws/install/aggiebot_controller:/home/albert/bcdc_ws/install/aggiebot_bringup:/home/albert/bcdc_ws/install/aggiebot_arm_moveit:/home/albert/bcdc_ws/install/aggiebot_arm_description:/home/albert/bcdc_ws/install/aggiebot_arm_controller:/home/albert/bcdc_ws/install/agbot_setup_moveit:/home/albert/bcdc_ws/install/agbot_cpp:/home/albert/bcdc_ws/install/agbot_msgs:/home/albert/bcdc_ws/install/agbot_moveit:/home/albert/bcdc_ws/install/agbot_description:/home/albert/bcdc_ws/install/agbot_controller:/home/albert/bcdc_ws/install/agbot_bringup:/home/albert/bcdc_ws/install/agbot_arm_controller:/home/albert/arduinobot_ws/install/arduinobot_utils:/home/albert/arduinobot_ws/install/arduinobot_remote:/home/albert/arduinobot_ws/install/arduinobot_cpp_examples:/home/albert/arduinobot_ws/install/arduinobot_msgs:/home/albert/arduinobot_ws/install/arduinobot_moveit_setup:/home/albert/arduinobot_ws/install/arduinobot_moveit:/home/albert/arduinobot_ws/install/arduinobot_description:/home/albert/arduinobot_ws/install/arduinobot_controller:/home/albert/rad_ws/install/agbot_full_nav2:/home/albert/rad_ws/install/agbot_full_msgs:/home/albert/rad_ws/install/agbot_full_moveit_setup:/home/albert/rad_ws/install/agbot_full_moveit:/home/albert/rad_ws/install/agbot_full_description:/home/albert/rad_ws/install/agbot_full_cpp:/home/albert/rad_ws/install/agbot_full_controller:/home/albert/rad_ws/install/agbot_full_cartogropher:/home/albert/dev_ws/install/my_bot:/home/albert/ag_car_ws/install/car_nav2:/home/albert/ag_car_ws/install/car_description:/home/albert/ag_car_ws/install/car_controller:/home/albert/ag_car_ws/install/car_cartographer:/home/albert/ws_moveit2/install/moveit_configs_utils:/home/albert/ws_moveit2/install/launch_param_builder:/home/albert/umov_ws/install/arduino_py_examples:/home/albert/udem2_ws/install/actions_py:/home/albert/udem2_ws/install/lifecycle_py:/home/albert/udem2_ws/install/executors_py:/home/albert/udem2_ws/install/components_py:/home/albert/udem_ws/install/turtlesim_catcher:/home/albert/udem_ws/install/my_py_pkg:/home/albert/udem_ws/install/lifecycle_py:/home/albert/bcdc_ws/install/agbot_teleop:/home/albert/bcdc_ws/install/agbot_py:/home/albert/arduinobot_ws/install/arduinobot_py_examples:/opt/ros/humble LD_LIBRARY_PATH=/home/albert/umov_ws/install/arduinobot_msgs/lib:/home/albert/ws_moveit2/install/pilz_industrial_motion_planner_testutils/lib:/home/albert/ws_moveit2/install/pilz_industrial_motion_planner/lib:/home/albert/ws_moveit2/install/moveit_visual_tools/lib:/home/albert/ws_moveit2/install/moveit_task_constructor_visualization/lib:/home/albert/ws_moveit2/install/moveit_task_constructor_demo/lib:/home/albert/ws_moveit2/install/moveit_task_constructor_capabilities/lib:/home/albert/ws_moveit2/install/moveit_task_constructor_core/lib:/home/albert/ws_moveit2/install/moveit_ros_control_interface/lib:/home/albert/ws_moveit2/install/moveit_simple_controller_manager/lib:/home/albert/ws_moveit2/install/moveit_setup_assistant/lib:/home/albert/ws_moveit2/install/moveit_setup_srdf_plugins/lib:/home/albert/ws_moveit2/install/moveit_setup_core_plugins/lib:/home/albert/ws_moveit2/install/moveit_setup_controllers/lib:/home/albert/ws_moveit2/install/moveit_setup_app_plugins/lib:/home/albert/ws_moveit2/install/moveit_setup_framework/lib:/home/albert/ws_moveit2/install/moveit_servo/lib:/home/albert/ws_moveit2/install/moveit_ros_visualization/lib:/home/albert/ws_moveit2/install/moveit_hybrid_planning/lib:/home/albert/ws_moveit2/install/moveit_ros_planning_interface/lib:/home/albert/ws_moveit2/install/moveit_ros_benchmarks/lib:/home/albert/ws_moveit2/install/moveit_ros_warehouse/lib:/home/albert/ws_moveit2/install/moveit_ros_robot_interaction/lib:/home/albert/ws_moveit2/install/moveit_ros_perception/lib:/home/albert/ws_moveit2/install/moveit_ros_move_group/lib:/home/albert/ws_moveit2/install/moveit_planners_ompl/lib:/home/albert/ws_moveit2/install/moveit_ros_planning/lib:/home/albert/ws_moveit2/install/moveit_ros_occupancy_map_monitor/lib:/home/albert/ws_moveit2/install/moveit_resources_prbt_ikfast_manipulator_plugin/lib:/home/albert/ws_moveit2/install/moveit_planners_chomp/lib:/home/albert/ws_moveit2/install/moveit_kinematics/lib:/home/albert/ws_moveit2/install/moveit_chomp_optimizer_adapter/lib:/home/albert/ws_moveit2/install/chomp_motion_planner/lib:/home/albert/ws_moveit2/install/moveit_core/lib:/home/albert/ws_moveit2/install/srdfdom/lib:/home/albert/ws_moveit2/install/rviz_marker_tools/lib:/home/albert/ws_moveit2/install/rosparam_shortcuts/lib:/home/albert/ws_moveit2/install/moveit_task_constructor_msgs/lib:/home/albert/umov_ws/install/arduinobot_remote/lib:/home/albert/umov_ws/install/arduino_cpp_examples/lib:/home/albert/umov_ws/install/arduinobot_controller/lib:/home/albert/udem2_ws/install/final_project_cpp/lib:/home/albert/udem2_ws/install/robot_interfaces/lib:/home/albert/udem2_ws/install/components_cpp/lib:/home/albert/udem_ws/install/my_robot_interfaces/lib:/home/albert/bcdc_ws/install/aggiebot_msgs/lib:/home/albert/bcdc_ws/install/agbot_msgs/lib:/home/albert/arduinobot_ws/install/arduinobot_remote/lib:/home/albert/arduinobot_ws/install/arduinobot_cpp_examples/lib:/home/albert/arduinobot_ws/install/arduinobot_msgs/lib:/usr/lib/x86_64-linux-gnu/gazebo-11/plugins:/opt/ros/humble/opt/rviz_ogre_vendor/lib:/opt/ros/humble/lib/x86_64-linux-gnu:/opt/ros/humble/lib:/usr/share/gazebo/../../lib/x86_64-linux-gnu/gazebo-11/plugins /home/albert/.local/bin/cmake /home/albert/umov_ws/src/arduino_cpp_examples -DCMAKE_INSTALL_PREFIX=/home/albert/umov_ws/install/arduino_cpp_examples
[79.170s] INFO:colcon.colcon_core.task.python.build:Building Python package in '/home/albert/umov_ws/src/arduino_py_examples'
[79.170s] INFO:colcon.colcon_core.shell:Skip shell extension 'powershell' for command environment: Not usable outside of PowerShell
[79.170s] DEBUG:colcon.colcon_core.shell:Skip shell extension 'dsv' for command environment
[79.236s] DEBUG:colcon.colcon_core.event_handler.log_command:Invoking command in '/home/albert/umov_ws/build/arduinobot_remote': CMAKE_PREFIX_PATH=/home/albert/umov_ws/install/arduinobot_msgs:/home/albert/ag_arm_ws/install/arm_setup_moveit:/home/albert/ag_arm_ws/install/arm_moveit:/home/albert/ag_arm_ws/install/arm_description:/home/albert/ag_arm_ws/install/arm_cpp:/home/albert/ag_arm_ws/install/arm_controller:/home/albert/ws_moveit2/install/pilz_industrial_motion_planner_testutils:/home/albert/ws_moveit2/install/moveit_runtime:/home/albert/ws_moveit2/install/moveit2_tutorials:/home/albert/ws_moveit2/install/moveit:/home/albert/ws_moveit2/install/moveit_planners:/home/albert/ws_moveit2/install/pilz_industrial_motion_planner:/home/albert/ws_moveit2/install/moveit_visual_tools:/home/albert/ws_moveit2/install/moveit_task_constructor_visualization:/home/albert/ws_moveit2/install/moveit_task_constructor_demo:/home/albert/ws_moveit2/install/moveit_task_constructor_capabilities:/home/albert/ws_moveit2/install/moveit_task_constructor_core:/home/albert/ws_moveit2/install/moveit_ros_control_interface:/home/albert/ws_moveit2/install/moveit_plugins:/home/albert/ws_moveit2/install/moveit_simple_controller_manager:/home/albert/ws_moveit2/install/moveit_setup_assistant:/home/albert/ws_moveit2/install/moveit_setup_srdf_plugins:/home/albert/ws_moveit2/install/moveit_setup_core_plugins:/home/albert/ws_moveit2/install/moveit_setup_controllers:/home/albert/ws_moveit2/install/moveit_setup_app_plugins:/home/albert/ws_moveit2/install/moveit_setup_framework:/home/albert/ws_moveit2/install/moveit_servo:/home/albert/ws_moveit2/install/moveit_ros:/home/albert/ws_moveit2/install/moveit_ros_visualization:/home/albert/ws_moveit2/install/moveit_hybrid_planning:/home/albert/ws_moveit2/install/moveit_ros_planning_interface:/home/albert/ws_moveit2/install/moveit_ros_benchmarks:/home/albert/ws_moveit2/install/moveit_ros_warehouse:/home/albert/ws_moveit2/install/moveit_ros_robot_interaction:/home/albert/ws_moveit2/install/moveit_ros_perception:/home/albert/ws_moveit2/install/moveit_resources_prbt_pg70_support:/home/albert/ws_moveit2/install/moveit_resources_prbt_moveit_config:/home/albert/ws_moveit2/install/moveit_ros_move_group:/home/albert/ws_moveit2/install/moveit_planners_ompl:/home/albert/ws_moveit2/install/moveit_ros_planning:/home/albert/ws_moveit2/install/moveit_ros_occupancy_map_monitor:/home/albert/ws_moveit2/install/moveit_resources_prbt_ikfast_manipulator_plugin:/home/albert/ws_moveit2/install/moveit_planners_chomp:/home/albert/ws_moveit2/install/moveit_kinematics:/home/albert/ws_moveit2/install/moveit_chomp_optimizer_adapter:/home/albert/ws_moveit2/install/chomp_motion_planner:/home/albert/ws_moveit2/install/moveit_core:/home/albert/ws_moveit2/install/srdfdom:/home/albert/ws_moveit2/install/rviz_marker_tools:/home/albert/ws_moveit2/install/rosparam_shortcuts:/home/albert/ws_moveit2/install/moveit_task_constructor_msgs:/home/albert/ws_moveit2/install/moveit_resources_prbt_support:/home/albert/ws_moveit2/install/moveit_resources:/home/albert/ws_moveit2/install/moveit_resources_pr2_description:/home/albert/ws_moveit2/install/moveit_resources_panda_moveit_config:/home/albert/ws_moveit2/install/moveit_resources_panda_description:/home/albert/ws_moveit2/install/moveit_resources_fanuc_moveit_config:/home/albert/ws_moveit2/install/moveit_resources_fanuc_description:/home/albert/ws_moveit2/install/moveit_common:/home/albert/umov_ws/install/description:/home/albert/umov_ws/install/arduinobot_utils:/home/albert/umov_ws/install/arduinobot_remote:/home/albert/umov_ws/install/arduino_cpp_examples:/home/albert/umov_ws/install/arduinobot_moveit:/home/albert/umov_ws/install/arduinobot_firmware:/home/albert/umov_ws/install/arduinobot_controller:/home/albert/umov_ws/install/arduinobot_bringup:/home/albert/unav_ws/install/turtlebot3_fake_node:/home/albert/unav_ws/install/robot_bringup:/home/albert/unav_ws/install/nav2_robot_description:/home/albert/udem2_ws/install/robot_bringup:/home/albert/udem2_ws/install/my_robot_bringup:/home/albert/udem2_ws/install/lifecycle_cpp:/home/albert/udem2_ws/install/final_project_cpp:/home/albert/udem2_ws/install/actions_cpp:/home/albert/udem2_ws/install/robot_interfaces:/home/albert/udem2_ws/install/executors_cpp:/home/albert/udem2_ws/install/components_cpp:/home/albert/udem_ws/install/my_robot_bringup:/home/albert/udem_ws/install/my_cpp_pkg:/home/albert/udem_ws/install/my_robot_interfaces:/home/albert/udem_ws/install/my_robot_description:/home/albert/udem_ws/install/lifecycle_cpp:/home/albert/bcdc_ws/install/aggiebot_cpp:/home/albert/bcdc_ws/install/aggiebot_msgs:/home/albert/bcdc_ws/install/aggiebot_description:/home/albert/bcdc_ws/install/aggiebot_controller:/home/albert/bcdc_ws/install/aggiebot_bringup:/home/albert/bcdc_ws/install/aggiebot_arm_moveit:/home/albert/bcdc_ws/install/aggiebot_arm_description:/home/albert/bcdc_ws/install/aggiebot_arm_controller:/home/albert/bcdc_ws/install/agbot_setup_moveit:/home/albert/bcdc_ws/install/agbot_cpp:/home/albert/bcdc_ws/install/agbot_msgs:/home/albert/bcdc_ws/install/agbot_moveit:/home/albert/bcdc_ws/install/agbot_description:/home/albert/bcdc_ws/install/agbot_controller:/home/albert/bcdc_ws/install/agbot_bringup:/home/albert/bcdc_ws/install/agbot_arm_controller:/home/albert/arduinobot_ws/install/arduinobot_utils:/home/albert/arduinobot_ws/install/arduinobot_remote:/home/albert/arduinobot_ws/install/arduinobot_cpp_examples:/home/albert/arduinobot_ws/install/arduinobot_msgs:/home/albert/arduinobot_ws/install/arduinobot_moveit_setup:/home/albert/arduinobot_ws/install/arduinobot_moveit:/home/albert/arduinobot_ws/install/arduinobot_description:/home/albert/arduinobot_ws/install/arduinobot_controller:/home/albert/rad_ws/install/agbot_full_nav2:/home/albert/rad_ws/install/agbot_full_msgs:/home/albert/rad_ws/install/agbot_full_moveit_setup:/home/albert/rad_ws/install/agbot_full_moveit:/home/albert/rad_ws/install/agbot_full_description:/home/albert/rad_ws/install/agbot_full_cpp:/home/albert/rad_ws/install/agbot_full_controller:/home/albert/rad_ws/install/agbot_full_cartogropher:/home/albert/dev_ws/install/my_bot:/home/albert/ag_car_ws/install/car_nav2:/home/albert/ag_car_ws/install/car_description:/home/albert/ag_car_ws/install/car_controller:/home/albert/ag_car_ws/install/car_cartographer:/home/albert/ws_moveit2/install/moveit_configs_utils:/home/albert/ws_moveit2/install/launch_param_builder:/home/albert/umov_ws/install/arduino_py_examples:/home/albert/udem2_ws/install/actions_py:/home/albert/udem2_ws/install/lifecycle_py:/home/albert/udem2_ws/install/executors_py:/home/albert/udem2_ws/install/components_py:/home/albert/udem_ws/install/turtlesim_catcher:/home/albert/udem_ws/install/my_py_pkg:/home/albert/udem_ws/install/lifecycle_py:/home/albert/bcdc_ws/install/agbot_teleop:/home/albert/bcdc_ws/install/agbot_py:/home/albert/arduinobot_ws/install/arduinobot_py_examples:/opt/ros/humble LD_LIBRARY_PATH=/home/albert/umov_ws/install/arduinobot_msgs/lib:/home/albert/ws_moveit2/install/pilz_industrial_motion_planner_testutils/lib:/home/albert/ws_moveit2/install/pilz_industrial_motion_planner/lib:/home/albert/ws_moveit2/install/moveit_visual_tools/lib:/home/albert/ws_moveit2/install/moveit_task_constructor_visualization/lib:/home/albert/ws_moveit2/install/moveit_task_constructor_demo/lib:/home/albert/ws_moveit2/install/moveit_task_constructor_capabilities/lib:/home/albert/ws_moveit2/install/moveit_task_constructor_core/lib:/home/albert/ws_moveit2/install/moveit_ros_control_interface/lib:/home/albert/ws_moveit2/install/moveit_simple_controller_manager/lib:/home/albert/ws_moveit2/install/moveit_setup_assistant/lib:/home/albert/ws_moveit2/install/moveit_setup_srdf_plugins/lib:/home/albert/ws_moveit2/install/moveit_setup_core_plugins/lib:/home/albert/ws_moveit2/install/moveit_setup_controllers/lib:/home/albert/ws_moveit2/install/moveit_setup_app_plugins/lib:/home/albert/ws_moveit2/install/moveit_setup_framework/lib:/home/albert/ws_moveit2/install/moveit_servo/lib:/home/albert/ws_moveit2/install/moveit_ros_visualization/lib:/home/albert/ws_moveit2/install/moveit_hybrid_planning/lib:/home/albert/ws_moveit2/install/moveit_ros_planning_interface/lib:/home/albert/ws_moveit2/install/moveit_ros_benchmarks/lib:/home/albert/ws_moveit2/install/moveit_ros_warehouse/lib:/home/albert/ws_moveit2/install/moveit_ros_robot_interaction/lib:/home/albert/ws_moveit2/install/moveit_ros_perception/lib:/home/albert/ws_moveit2/install/moveit_ros_move_group/lib:/home/albert/ws_moveit2/install/moveit_planners_ompl/lib:/home/albert/ws_moveit2/install/moveit_ros_planning/lib:/home/albert/ws_moveit2/install/moveit_ros_occupancy_map_monitor/lib:/home/albert/ws_moveit2/install/moveit_resources_prbt_ikfast_manipulator_plugin/lib:/home/albert/ws_moveit2/install/moveit_planners_chomp/lib:/home/albert/ws_moveit2/install/moveit_kinematics/lib:/home/albert/ws_moveit2/install/moveit_chomp_optimizer_adapter/lib:/home/albert/ws_moveit2/install/chomp_motion_planner/lib:/home/albert/ws_moveit2/install/moveit_core/lib:/home/albert/ws_moveit2/install/srdfdom/lib:/home/albert/ws_moveit2/install/rviz_marker_tools/lib:/home/albert/ws_moveit2/install/rosparam_shortcuts/lib:/home/albert/ws_moveit2/install/moveit_task_constructor_msgs/lib:/home/albert/umov_ws/install/arduinobot_remote/lib:/home/albert/umov_ws/install/arduino_cpp_examples/lib:/home/albert/umov_ws/install/arduinobot_controller/lib:/home/albert/udem2_ws/install/final_project_cpp/lib:/home/albert/udem2_ws/install/robot_interfaces/lib:/home/albert/udem2_ws/install/components_cpp/lib:/home/albert/udem_ws/install/my_robot_interfaces/lib:/home/albert/bcdc_ws/install/aggiebot_msgs/lib:/home/albert/bcdc_ws/install/agbot_msgs/lib:/home/albert/arduinobot_ws/install/arduinobot_remote/lib:/home/albert/arduinobot_ws/install/arduinobot_cpp_examples/lib:/home/albert/arduinobot_ws/install/arduinobot_msgs/lib:/usr/lib/x86_64-linux-gnu/gazebo-11/plugins:/opt/ros/humble/opt/rviz_ogre_vendor/lib:/opt/ros/humble/lib/x86_64-linux-gnu:/opt/ros/humble/lib:/usr/share/gazebo/../../lib/x86_64-linux-gnu/gazebo-11/plugins /home/albert/.local/bin/cmake /home/albert/umov_ws/src/arduinobot_remote -DCMAKE_INSTALL_PREFIX=/home/albert/umov_ws/install/arduinobot_remote
[79.267s] DEBUG:colcon.colcon_core.event_handler.log_command:Invoking command in '/home/albert/umov_ws/build/arduinobot_utils': CMAKE_PREFIX_PATH=/home/albert/umov_ws/install/arduinobot_msgs:/home/albert/ag_arm_ws/install/arm_setup_moveit:/home/albert/ag_arm_ws/install/arm_moveit:/home/albert/ag_arm_ws/install/arm_description:/home/albert/ag_arm_ws/install/arm_cpp:/home/albert/ag_arm_ws/install/arm_controller:/home/albert/ws_moveit2/install/pilz_industrial_motion_planner_testutils:/home/albert/ws_moveit2/install/moveit_runtime:/home/albert/ws_moveit2/install/moveit2_tutorials:/home/albert/ws_moveit2/install/moveit:/home/albert/ws_moveit2/install/moveit_planners:/home/albert/ws_moveit2/install/pilz_industrial_motion_planner:/home/albert/ws_moveit2/install/moveit_visual_tools:/home/albert/ws_moveit2/install/moveit_task_constructor_visualization:/home/albert/ws_moveit2/install/moveit_task_constructor_demo:/home/albert/ws_moveit2/install/moveit_task_constructor_capabilities:/home/albert/ws_moveit2/install/moveit_task_constructor_core:/home/albert/ws_moveit2/install/moveit_ros_control_interface:/home/albert/ws_moveit2/install/moveit_plugins:/home/albert/ws_moveit2/install/moveit_simple_controller_manager:/home/albert/ws_moveit2/install/moveit_setup_assistant:/home/albert/ws_moveit2/install/moveit_setup_srdf_plugins:/home/albert/ws_moveit2/install/moveit_setup_core_plugins:/home/albert/ws_moveit2/install/moveit_setup_controllers:/home/albert/ws_moveit2/install/moveit_setup_app_plugins:/home/albert/ws_moveit2/install/moveit_setup_framework:/home/albert/ws_moveit2/install/moveit_servo:/home/albert/ws_moveit2/install/moveit_ros:/home/albert/ws_moveit2/install/moveit_ros_visualization:/home/albert/ws_moveit2/install/moveit_hybrid_planning:/home/albert/ws_moveit2/install/moveit_ros_planning_interface:/home/albert/ws_moveit2/install/moveit_ros_benchmarks:/home/albert/ws_moveit2/install/moveit_ros_warehouse:/home/albert/ws_moveit2/install/moveit_ros_robot_interaction:/home/albert/ws_moveit2/install/moveit_ros_perception:/home/albert/ws_moveit2/install/moveit_resources_prbt_pg70_support:/home/albert/ws_moveit2/install/moveit_resources_prbt_moveit_config:/home/albert/ws_moveit2/install/moveit_ros_move_group:/home/albert/ws_moveit2/install/moveit_planners_ompl:/home/albert/ws_moveit2/install/moveit_ros_planning:/home/albert/ws_moveit2/install/moveit_ros_occupancy_map_monitor:/home/albert/ws_moveit2/install/moveit_resources_prbt_ikfast_manipulator_plugin:/home/albert/ws_moveit2/install/moveit_planners_chomp:/home/albert/ws_moveit2/install/moveit_kinematics:/home/albert/ws_moveit2/install/moveit_chomp_optimizer_adapter:/home/albert/ws_moveit2/install/chomp_motion_planner:/home/albert/ws_moveit2/install/moveit_core:/home/albert/ws_moveit2/install/srdfdom:/home/albert/ws_moveit2/install/rviz_marker_tools:/home/albert/ws_moveit2/install/rosparam_shortcuts:/home/albert/ws_moveit2/install/moveit_task_constructor_msgs:/home/albert/ws_moveit2/install/moveit_resources_prbt_support:/home/albert/ws_moveit2/install/moveit_resources:/home/albert/ws_moveit2/install/moveit_resources_pr2_description:/home/albert/ws_moveit2/install/moveit_resources_panda_moveit_config:/home/albert/ws_moveit2/install/moveit_resources_panda_description:/home/albert/ws_moveit2/install/moveit_resources_fanuc_moveit_config:/home/albert/ws_moveit2/install/moveit_resources_fanuc_description:/home/albert/ws_moveit2/install/moveit_common:/home/albert/umov_ws/install/description:/home/albert/umov_ws/install/arduinobot_utils:/home/albert/umov_ws/install/arduinobot_remote:/home/albert/umov_ws/install/arduino_cpp_examples:/home/albert/umov_ws/install/arduinobot_moveit:/home/albert/umov_ws/install/arduinobot_firmware:/home/albert/umov_ws/install/arduinobot_controller:/home/albert/umov_ws/install/arduinobot_bringup:/home/albert/unav_ws/install/turtlebot3_fake_node:/home/albert/unav_ws/install/robot_bringup:/home/albert/unav_ws/install/nav2_robot_description:/home/albert/udem2_ws/install/robot_bringup:/home/albert/udem2_ws/install/my_robot_bringup:/home/albert/udem2_ws/install/lifecycle_cpp:/home/albert/udem2_ws/install/final_project_cpp:/home/albert/udem2_ws/install/actions_cpp:/home/albert/udem2_ws/install/robot_interfaces:/home/albert/udem2_ws/install/executors_cpp:/home/albert/udem2_ws/install/components_cpp:/home/albert/udem_ws/install/my_robot_bringup:/home/albert/udem_ws/install/my_cpp_pkg:/home/albert/udem_ws/install/my_robot_interfaces:/home/albert/udem_ws/install/my_robot_description:/home/albert/udem_ws/install/lifecycle_cpp:/home/albert/bcdc_ws/install/aggiebot_cpp:/home/albert/bcdc_ws/install/aggiebot_msgs:/home/albert/bcdc_ws/install/aggiebot_description:/home/albert/bcdc_ws/install/aggiebot_controller:/home/albert/bcdc_ws/install/aggiebot_bringup:/home/albert/bcdc_ws/install/aggiebot_arm_moveit:/home/albert/bcdc_ws/install/aggiebot_arm_description:/home/albert/bcdc_ws/install/aggiebot_arm_controller:/home/albert/bcdc_ws/install/agbot_setup_moveit:/home/albert/bcdc_ws/install/agbot_cpp:/home/albert/bcdc_ws/install/agbot_msgs:/home/albert/bcdc_ws/install/agbot_moveit:/home/albert/bcdc_ws/install/agbot_description:/home/albert/bcdc_ws/install/agbot_controller:/home/albert/bcdc_ws/install/agbot_bringup:/home/albert/bcdc_ws/install/agbot_arm_controller:/home/albert/arduinobot_ws/install/arduinobot_utils:/home/albert/arduinobot_ws/install/arduinobot_remote:/home/albert/arduinobot_ws/install/arduinobot_cpp_examples:/home/albert/arduinobot_ws/install/arduinobot_msgs:/home/albert/arduinobot_ws/install/arduinobot_moveit_setup:/home/albert/arduinobot_ws/install/arduinobot_moveit:/home/albert/arduinobot_ws/install/arduinobot_description:/home/albert/arduinobot_ws/install/arduinobot_controller:/home/albert/rad_ws/install/agbot_full_nav2:/home/albert/rad_ws/install/agbot_full_msgs:/home/albert/rad_ws/install/agbot_full_moveit_setup:/home/albert/rad_ws/install/agbot_full_moveit:/home/albert/rad_ws/install/agbot_full_description:/home/albert/rad_ws/install/agbot_full_cpp:/home/albert/rad_ws/install/agbot_full_controller:/home/albert/rad_ws/install/agbot_full_cartogropher:/home/albert/dev_ws/install/my_bot:/home/albert/ag_car_ws/install/car_nav2:/home/albert/ag_car_ws/install/car_description:/home/albert/ag_car_ws/install/car_controller:/home/albert/ag_car_ws/install/car_cartographer:/home/albert/ws_moveit2/install/moveit_configs_utils:/home/albert/ws_moveit2/install/launch_param_builder:/home/albert/umov_ws/install/arduino_py_examples:/home/albert/udem2_ws/install/actions_py:/home/albert/udem2_ws/install/lifecycle_py:/home/albert/udem2_ws/install/executors_py:/home/albert/udem2_ws/install/components_py:/home/albert/udem_ws/install/turtlesim_catcher:/home/albert/udem_ws/install/my_py_pkg:/home/albert/udem_ws/install/lifecycle_py:/home/albert/bcdc_ws/install/agbot_teleop:/home/albert/bcdc_ws/install/agbot_py:/home/albert/arduinobot_ws/install/arduinobot_py_examples:/opt/ros/humble LD_LIBRARY_PATH=/home/albert/umov_ws/install/arduinobot_msgs/lib:/home/albert/ws_moveit2/install/pilz_industrial_motion_planner_testutils/lib:/home/albert/ws_moveit2/install/pilz_industrial_motion_planner/lib:/home/albert/ws_moveit2/install/moveit_visual_tools/lib:/home/albert/ws_moveit2/install/moveit_task_constructor_visualization/lib:/home/albert/ws_moveit2/install/moveit_task_constructor_demo/lib:/home/albert/ws_moveit2/install/moveit_task_constructor_capabilities/lib:/home/albert/ws_moveit2/install/moveit_task_constructor_core/lib:/home/albert/ws_moveit2/install/moveit_ros_control_interface/lib:/home/albert/ws_moveit2/install/moveit_simple_controller_manager/lib:/home/albert/ws_moveit2/install/moveit_setup_assistant/lib:/home/albert/ws_moveit2/install/moveit_setup_srdf_plugins/lib:/home/albert/ws_moveit2/install/moveit_setup_core_plugins/lib:/home/albert/ws_moveit2/install/moveit_setup_controllers/lib:/home/albert/ws_moveit2/install/moveit_setup_app_plugins/lib:/home/albert/ws_moveit2/install/moveit_setup_framework/lib:/home/albert/ws_moveit2/install/moveit_servo/lib:/home/albert/ws_moveit2/install/moveit_ros_visualization/lib:/home/albert/ws_moveit2/install/moveit_hybrid_planning/lib:/home/albert/ws_moveit2/install/moveit_ros_planning_interface/lib:/home/albert/ws_moveit2/install/moveit_ros_benchmarks/lib:/home/albert/ws_moveit2/install/moveit_ros_warehouse/lib:/home/albert/ws_moveit2/install/moveit_ros_robot_interaction/lib:/home/albert/ws_moveit2/install/moveit_ros_perception/lib:/home/albert/ws_moveit2/install/moveit_ros_move_group/lib:/home/albert/ws_moveit2/install/moveit_planners_ompl/lib:/home/albert/ws_moveit2/install/moveit_ros_planning/lib:/home/albert/ws_moveit2/install/moveit_ros_occupancy_map_monitor/lib:/home/albert/ws_moveit2/install/moveit_resources_prbt_ikfast_manipulator_plugin/lib:/home/albert/ws_moveit2/install/moveit_planners_chomp/lib:/home/albert/ws_moveit2/install/moveit_kinematics/lib:/home/albert/ws_moveit2/install/moveit_chomp_optimizer_adapter/lib:/home/albert/ws_moveit2/install/chomp_motion_planner/lib:/home/albert/ws_moveit2/install/moveit_core/lib:/home/albert/ws_moveit2/install/srdfdom/lib:/home/albert/ws_moveit2/install/rviz_marker_tools/lib:/home/albert/ws_moveit2/install/rosparam_shortcuts/lib:/home/albert/ws_moveit2/install/moveit_task_constructor_msgs/lib:/home/albert/umov_ws/install/arduinobot_remote/lib:/home/albert/umov_ws/install/arduino_cpp_examples/lib:/home/albert/umov_ws/install/arduinobot_controller/lib:/home/albert/udem2_ws/install/final_project_cpp/lib:/home/albert/udem2_ws/install/robot_interfaces/lib:/home/albert/udem2_ws/install/components_cpp/lib:/home/albert/udem_ws/install/my_robot_interfaces/lib:/home/albert/bcdc_ws/install/aggiebot_msgs/lib:/home/albert/bcdc_ws/install/agbot_msgs/lib:/home/albert/arduinobot_ws/install/arduinobot_remote/lib:/home/albert/arduinobot_ws/install/arduinobot_cpp_examples/lib:/home/albert/arduinobot_ws/install/arduinobot_msgs/lib:/usr/lib/x86_64-linux-gnu/gazebo-11/plugins:/opt/ros/humble/opt/rviz_ogre_vendor/lib:/opt/ros/humble/lib/x86_64-linux-gnu:/opt/ros/humble/lib:/usr/share/gazebo/../../lib/x86_64-linux-gnu/gazebo-11/plugins /home/albert/.local/bin/cmake /home/albert/umov_ws/src/arduinobot_utils -DCMAKE_INSTALL_PREFIX=/home/albert/umov_ws/install/arduinobot_utils
[80.891s] DEBUG:colcon.colcon_core.event_handler.log_command:Invoking command in '/home/albert/umov_ws/src/arduino_py_examples': CMAKE_PREFIX_PATH=/home/albert/umov_ws/install/arduinobot_msgs:/home/albert/ag_arm_ws/install/arm_setup_moveit:/home/albert/ag_arm_ws/install/arm_moveit:/home/albert/ag_arm_ws/install/arm_description:/home/albert/ag_arm_ws/install/arm_cpp:/home/albert/ag_arm_ws/install/arm_controller:/home/albert/ws_moveit2/install/pilz_industrial_motion_planner_testutils:/home/albert/ws_moveit2/install/moveit_runtime:/home/albert/ws_moveit2/install/moveit2_tutorials:/home/albert/ws_moveit2/install/moveit:/home/albert/ws_moveit2/install/moveit_planners:/home/albert/ws_moveit2/install/pilz_industrial_motion_planner:/home/albert/ws_moveit2/install/moveit_visual_tools:/home/albert/ws_moveit2/install/moveit_task_constructor_visualization:/home/albert/ws_moveit2/install/moveit_task_constructor_demo:/home/albert/ws_moveit2/install/moveit_task_constructor_capabilities:/home/albert/ws_moveit2/install/moveit_task_constructor_core:/home/albert/ws_moveit2/install/moveit_ros_control_interface:/home/albert/ws_moveit2/install/moveit_plugins:/home/albert/ws_moveit2/install/moveit_simple_controller_manager:/home/albert/ws_moveit2/install/moveit_setup_assistant:/home/albert/ws_moveit2/install/moveit_setup_srdf_plugins:/home/albert/ws_moveit2/install/moveit_setup_core_plugins:/home/albert/ws_moveit2/install/moveit_setup_controllers:/home/albert/ws_moveit2/install/moveit_setup_app_plugins:/home/albert/ws_moveit2/install/moveit_setup_framework:/home/albert/ws_moveit2/install/moveit_servo:/home/albert/ws_moveit2/install/moveit_ros:/home/albert/ws_moveit2/install/moveit_ros_visualization:/home/albert/ws_moveit2/install/moveit_hybrid_planning:/home/albert/ws_moveit2/install/moveit_ros_planning_interface:/home/albert/ws_moveit2/install/moveit_ros_benchmarks:/home/albert/ws_moveit2/install/moveit_ros_warehouse:/home/albert/ws_moveit2/install/moveit_ros_robot_interaction:/home/albert/ws_moveit2/install/moveit_ros_perception:/home/albert/ws_moveit2/install/moveit_resources_prbt_pg70_support:/home/albert/ws_moveit2/install/moveit_resources_prbt_moveit_config:/home/albert/ws_moveit2/install/moveit_ros_move_group:/home/albert/ws_moveit2/install/moveit_planners_ompl:/home/albert/ws_moveit2/install/moveit_ros_planning:/home/albert/ws_moveit2/install/moveit_ros_occupancy_map_monitor:/home/albert/ws_moveit2/install/moveit_resources_prbt_ikfast_manipulator_plugin:/home/albert/ws_moveit2/install/moveit_planners_chomp:/home/albert/ws_moveit2/install/moveit_kinematics:/home/albert/ws_moveit2/install/moveit_chomp_optimizer_adapter:/home/albert/ws_moveit2/install/chomp_motion_planner:/home/albert/ws_moveit2/install/moveit_core:/home/albert/ws_moveit2/install/srdfdom:/home/albert/ws_moveit2/install/rviz_marker_tools:/home/albert/ws_moveit2/install/rosparam_shortcuts:/home/albert/ws_moveit2/install/moveit_task_constructor_msgs:/home/albert/ws_moveit2/install/moveit_resources_prbt_support:/home/albert/ws_moveit2/install/moveit_resources:/home/albert/ws_moveit2/install/moveit_resources_pr2_description:/home/albert/ws_moveit2/install/moveit_resources_panda_moveit_config:/home/albert/ws_moveit2/install/moveit_resources_panda_description:/home/albert/ws_moveit2/install/moveit_resources_fanuc_moveit_config:/home/albert/ws_moveit2/install/moveit_resources_fanuc_description:/home/albert/ws_moveit2/install/moveit_common:/home/albert/umov_ws/install/description:/home/albert/umov_ws/install/arduinobot_utils:/home/albert/umov_ws/install/arduinobot_remote:/home/albert/umov_ws/install/arduino_cpp_examples:/home/albert/umov_ws/install/arduinobot_moveit:/home/albert/umov_ws/install/arduinobot_firmware:/home/albert/umov_ws/install/arduinobot_controller:/home/albert/umov_ws/install/arduinobot_bringup:/home/albert/unav_ws/install/turtlebot3_fake_node:/home/albert/unav_ws/install/robot_bringup:/home/albert/unav_ws/install/nav2_robot_description:/home/albert/udem2_ws/install/robot_bringup:/home/albert/udem2_ws/install/my_robot_bringup:/home/albert/udem2_ws/install/lifecycle_cpp:/home/albert/udem2_ws/install/final_project_cpp:/home/albert/udem2_ws/install/actions_cpp:/home/albert/udem2_ws/install/robot_interfaces:/home/albert/udem2_ws/install/executors_cpp:/home/albert/udem2_ws/install/components_cpp:/home/albert/udem_ws/install/my_robot_bringup:/home/albert/udem_ws/install/my_cpp_pkg:/home/albert/udem_ws/install/my_robot_interfaces:/home/albert/udem_ws/install/my_robot_description:/home/albert/udem_ws/install/lifecycle_cpp:/home/albert/bcdc_ws/install/aggiebot_cpp:/home/albert/bcdc_ws/install/aggiebot_msgs:/home/albert/bcdc_ws/install/aggiebot_description:/home/albert/bcdc_ws/install/aggiebot_controller:/home/albert/bcdc_ws/install/aggiebot_bringup:/home/albert/bcdc_ws/install/aggiebot_arm_moveit:/home/albert/bcdc_ws/install/aggiebot_arm_description:/home/albert/bcdc_ws/install/aggiebot_arm_controller:/home/albert/bcdc_ws/install/agbot_setup_moveit:/home/albert/bcdc_ws/install/agbot_cpp:/home/albert/bcdc_ws/install/agbot_msgs:/home/albert/bcdc_ws/install/agbot_moveit:/home/albert/bcdc_ws/install/agbot_description:/home/albert/bcdc_ws/install/agbot_controller:/home/albert/bcdc_ws/install/agbot_bringup:/home/albert/bcdc_ws/install/agbot_arm_controller:/home/albert/arduinobot_ws/install/arduinobot_utils:/home/albert/arduinobot_ws/install/arduinobot_remote:/home/albert/arduinobot_ws/install/arduinobot_cpp_examples:/home/albert/arduinobot_ws/install/arduinobot_msgs:/home/albert/arduinobot_ws/install/arduinobot_moveit_setup:/home/albert/arduinobot_ws/install/arduinobot_moveit:/home/albert/arduinobot_ws/install/arduinobot_description:/home/albert/arduinobot_ws/install/arduinobot_controller:/home/albert/rad_ws/install/agbot_full_nav2:/home/albert/rad_ws/install/agbot_full_msgs:/home/albert/rad_ws/install/agbot_full_moveit_setup:/home/albert/rad_ws/install/agbot_full_moveit:/home/albert/rad_ws/install/agbot_full_description:/home/albert/rad_ws/install/agbot_full_cpp:/home/albert/rad_ws/install/agbot_full_controller:/home/albert/rad_ws/install/agbot_full_cartogropher:/home/albert/dev_ws/install/my_bot:/home/albert/ag_car_ws/install/car_nav2:/home/albert/ag_car_ws/install/car_description:/home/albert/ag_car_ws/install/car_controller:/home/albert/ag_car_ws/install/car_cartographer LD_LIBRARY_PATH=/home/albert/umov_ws/install/arduinobot_msgs/lib:/home/albert/ws_moveit2/install/pilz_industrial_motion_planner_testutils/lib:/home/albert/ws_moveit2/install/pilz_industrial_motion_planner/lib:/home/albert/ws_moveit2/install/moveit_visual_tools/lib:/home/albert/ws_moveit2/install/moveit_task_constructor_visualization/lib:/home/albert/ws_moveit2/install/moveit_task_constructor_demo/lib:/home/albert/ws_moveit2/install/moveit_task_constructor_capabilities/lib:/home/albert/ws_moveit2/install/moveit_task_constructor_core/lib:/home/albert/ws_moveit2/install/moveit_ros_control_interface/lib:/home/albert/ws_moveit2/install/moveit_simple_controller_manager/lib:/home/albert/ws_moveit2/install/moveit_setup_assistant/lib:/home/albert/ws_moveit2/install/moveit_setup_srdf_plugins/lib:/home/albert/ws_moveit2/install/moveit_setup_core_plugins/lib:/home/albert/ws_moveit2/install/moveit_setup_controllers/lib:/home/albert/ws_moveit2/install/moveit_setup_app_plugins/lib:/home/albert/ws_moveit2/install/moveit_setup_framework/lib:/home/albert/ws_moveit2/install/moveit_servo/lib:/home/albert/ws_moveit2/install/moveit_ros_visualization/lib:/home/albert/ws_moveit2/install/moveit_hybrid_planning/lib:/home/albert/ws_moveit2/install/moveit_ros_planning_interface/lib:/home/albert/ws_moveit2/install/moveit_ros_benchmarks/lib:/home/albert/ws_moveit2/install/moveit_ros_warehouse/lib:/home/albert/ws_moveit2/install/moveit_ros_robot_interaction/lib:/home/albert/ws_moveit2/install/moveit_ros_perception/lib:/home/albert/ws_moveit2/install/moveit_ros_move_group/lib:/home/albert/ws_moveit2/install/moveit_planners_ompl/lib:/home/albert/ws_moveit2/install/moveit_ros_planning/lib:/home/albert/ws_moveit2/install/moveit_ros_occupancy_map_monitor/lib:/home/albert/ws_moveit2/install/moveit_resources_prbt_ikfast_manipulator_plugin/lib:/home/albert/ws_moveit2/install/moveit_planners_chomp/lib:/home/albert/ws_moveit2/install/moveit_kinematics/lib:/home/albert/ws_moveit2/install/moveit_chomp_optimizer_adapter/lib:/home/albert/ws_moveit2/install/chomp_motion_planner/lib:/home/albert/ws_moveit2/install/moveit_core/lib:/home/albert/ws_moveit2/install/srdfdom/lib:/home/albert/ws_moveit2/install/rviz_marker_tools/lib:/home/albert/ws_moveit2/install/rosparam_shortcuts/lib:/home/albert/ws_moveit2/install/moveit_task_constructor_msgs/lib:/home/albert/umov_ws/install/arduinobot_remote/lib:/home/albert/umov_ws/install/arduino_cpp_examples/lib:/home/albert/umov_ws/install/arduinobot_controller/lib:/home/albert/udem2_ws/install/final_project_cpp/lib:/home/albert/udem2_ws/install/robot_interfaces/lib:/home/albert/udem2_ws/install/components_cpp/lib:/home/albert/udem_ws/install/my_robot_interfaces/lib:/home/albert/bcdc_ws/install/aggiebot_msgs/lib:/home/albert/bcdc_ws/install/agbot_msgs/lib:/home/albert/arduinobot_ws/install/arduinobot_remote/lib:/home/albert/arduinobot_ws/install/arduinobot_cpp_examples/lib:/home/albert/arduinobot_ws/install/arduinobot_msgs/lib:/usr/lib/x86_64-linux-gnu/gazebo-11/plugins:/opt/ros/humble/opt/rviz_ogre_vendor/lib:/opt/ros/humble/lib/x86_64-linux-gnu:/opt/ros/humble/lib:/usr/share/gazebo/../../lib/x86_64-linux-gnu/gazebo-11/plugins PYTHONPATH=/home/albert/umov_ws/build/arduino_py_examples/prefix_override:/usr/lib/python3/dist-packages/colcon_core/task/python/colcon_distutils_commands:/home/albert/umov_ws/install/arduino_py_examples/lib/python3.10/site-packages:${PYTHONPATH} /usr/bin/python3 -W ignore:setup.py install is deprecated -W ignore:easy_install command is deprecated setup.py egg_info --egg-base ../../build/arduino_py_examples build --build-base /home/albert/umov_ws/build/arduino_py_examples/build install --record /home/albert/umov_ws/build/arduino_py_examples/install.log --single-version-externally-managed install_data
[82.420s] Level 1:colcon.colcon_core.environment:checking '/home/albert/umov_ws/install/arduino_py_examples' for CMake module files
[82.421s] Level 1:colcon.colcon_core.environment:checking '/home/albert/umov_ws/install/arduino_py_examples' for CMake config files
[82.423s] DEBUG:colcon.colcon_core.event_handler.log_command:Invoked command in '/home/albert/umov_ws/src/arduino_py_examples' returned '0': CMAKE_PREFIX_PATH=/home/albert/umov_ws/install/arduinobot_msgs:/home/albert/ag_arm_ws/install/arm_setup_moveit:/home/albert/ag_arm_ws/install/arm_moveit:/home/albert/ag_arm_ws/install/arm_description:/home/albert/ag_arm_ws/install/arm_cpp:/home/albert/ag_arm_ws/install/arm_controller:/home/albert/ws_moveit2/install/pilz_industrial_motion_planner_testutils:/home/albert/ws_moveit2/install/moveit_runtime:/home/albert/ws_moveit2/install/moveit2_tutorials:/home/albert/ws_moveit2/install/moveit:/home/albert/ws_moveit2/install/moveit_planners:/home/albert/ws_moveit2/install/pilz_industrial_motion_planner:/home/albert/ws_moveit2/install/moveit_visual_tools:/home/albert/ws_moveit2/install/moveit_task_constructor_visualization:/home/albert/ws_moveit2/install/moveit_task_constructor_demo:/home/albert/ws_moveit2/install/moveit_task_constructor_capabilities:/home/albert/ws_moveit2/install/moveit_task_constructor_core:/home/albert/ws_moveit2/install/moveit_ros_control_interface:/home/albert/ws_moveit2/install/moveit_plugins:/home/albert/ws_moveit2/install/moveit_simple_controller_manager:/home/albert/ws_moveit2/install/moveit_setup_assistant:/home/albert/ws_moveit2/install/moveit_setup_srdf_plugins:/home/albert/ws_moveit2/install/moveit_setup_core_plugins:/home/albert/ws_moveit2/install/moveit_setup_controllers:/home/albert/ws_moveit2/install/moveit_setup_app_plugins:/home/albert/ws_moveit2/install/moveit_setup_framework:/home/albert/ws_moveit2/install/moveit_servo:/home/albert/ws_moveit2/install/moveit_ros:/home/albert/ws_moveit2/install/moveit_ros_visualization:/home/albert/ws_moveit2/install/moveit_hybrid_planning:/home/albert/ws_moveit2/install/moveit_ros_planning_interface:/home/albert/ws_moveit2/install/moveit_ros_benchmarks:/home/albert/ws_moveit2/install/moveit_ros_warehouse:/home/albert/ws_moveit2/install/moveit_ros_robot_interaction:/home/albert/ws_moveit2/install/moveit_ros_perception:/home/albert/ws_moveit2/install/moveit_resources_prbt_pg70_support:/home/albert/ws_moveit2/install/moveit_resources_prbt_moveit_config:/home/albert/ws_moveit2/install/moveit_ros_move_group:/home/albert/ws_moveit2/install/moveit_planners_ompl:/home/albert/ws_moveit2/install/moveit_ros_planning:/home/albert/ws_moveit2/install/moveit_ros_occupancy_map_monitor:/home/albert/ws_moveit2/install/moveit_resources_prbt_ikfast_manipulator_plugin:/home/albert/ws_moveit2/install/moveit_planners_chomp:/home/albert/ws_moveit2/install/moveit_kinematics:/home/albert/ws_moveit2/install/moveit_chomp_optimizer_adapter:/home/albert/ws_moveit2/install/chomp_motion_planner:/home/albert/ws_moveit2/install/moveit_core:/home/albert/ws_moveit2/install/srdfdom:/home/albert/ws_moveit2/install/rviz_marker_tools:/home/albert/ws_moveit2/install/rosparam_shortcuts:/home/albert/ws_moveit2/install/moveit_task_constructor_msgs:/home/albert/ws_moveit2/install/moveit_resources_prbt_support:/home/albert/ws_moveit2/install/moveit_resources:/home/albert/ws_moveit2/install/moveit_resources_pr2_description:/home/albert/ws_moveit2/install/moveit_resources_panda_moveit_config:/home/albert/ws_moveit2/install/moveit_resources_panda_description:/home/albert/ws_moveit2/install/moveit_resources_fanuc_moveit_config:/home/albert/ws_moveit2/install/moveit_resources_fanuc_description:/home/albert/ws_moveit2/install/moveit_common:/home/albert/umov_ws/install/description:/home/albert/umov_ws/install/arduinobot_utils:/home/albert/umov_ws/install/arduinobot_remote:/home/albert/umov_ws/install/arduino_cpp_examples:/home/albert/umov_ws/install/arduinobot_moveit:/home/albert/umov_ws/install/arduinobot_firmware:/home/albert/umov_ws/install/arduinobot_controller:/home/albert/umov_ws/install/arduinobot_bringup:/home/albert/unav_ws/install/turtlebot3_fake_node:/home/albert/unav_ws/install/robot_bringup:/home/albert/unav_ws/install/nav2_robot_description:/home/albert/udem2_ws/install/robot_bringup:/home/albert/udem2_ws/install/my_robot_bringup:/home/albert/udem2_ws/install/lifecycle_cpp:/home/albert/udem2_ws/install/final_project_cpp:/home/albert/udem2_ws/install/actions_cpp:/home/albert/udem2_ws/install/robot_interfaces:/home/albert/udem2_ws/install/executors_cpp:/home/albert/udem2_ws/install/components_cpp:/home/albert/udem_ws/install/my_robot_bringup:/home/albert/udem_ws/install/my_cpp_pkg:/home/albert/udem_ws/install/my_robot_interfaces:/home/albert/udem_ws/install/my_robot_description:/home/albert/udem_ws/install/lifecycle_cpp:/home/albert/bcdc_ws/install/aggiebot_cpp:/home/albert/bcdc_ws/install/aggiebot_msgs:/home/albert/bcdc_ws/install/aggiebot_description:/home/albert/bcdc_ws/install/aggiebot_controller:/home/albert/bcdc_ws/install/aggiebot_bringup:/home/albert/bcdc_ws/install/aggiebot_arm_moveit:/home/albert/bcdc_ws/install/aggiebot_arm_description:/home/albert/bcdc_ws/install/aggiebot_arm_controller:/home/albert/bcdc_ws/install/agbot_setup_moveit:/home/albert/bcdc_ws/install/agbot_cpp:/home/albert/bcdc_ws/install/agbot_msgs:/home/albert/bcdc_ws/install/agbot_moveit:/home/albert/bcdc_ws/install/agbot_description:/home/albert/bcdc_ws/install/agbot_controller:/home/albert/bcdc_ws/install/agbot_bringup:/home/albert/bcdc_ws/install/agbot_arm_controller:/home/albert/arduinobot_ws/install/arduinobot_utils:/home/albert/arduinobot_ws/install/arduinobot_remote:/home/albert/arduinobot_ws/install/arduinobot_cpp_examples:/home/albert/arduinobot_ws/install/arduinobot_msgs:/home/albert/arduinobot_ws/install/arduinobot_moveit_setup:/home/albert/arduinobot_ws/install/arduinobot_moveit:/home/albert/arduinobot_ws/install/arduinobot_description:/home/albert/arduinobot_ws/install/arduinobot_controller:/home/albert/rad_ws/install/agbot_full_nav2:/home/albert/rad_ws/install/agbot_full_msgs:/home/albert/rad_ws/install/agbot_full_moveit_setup:/home/albert/rad_ws/install/agbot_full_moveit:/home/albert/rad_ws/install/agbot_full_description:/home/albert/rad_ws/install/agbot_full_cpp:/home/albert/rad_ws/install/agbot_full_controller:/home/albert/rad_ws/install/agbot_full_cartogropher:/home/albert/dev_ws/install/my_bot:/home/albert/ag_car_ws/install/car_nav2:/home/albert/ag_car_ws/install/car_description:/home/albert/ag_car_ws/install/car_controller:/home/albert/ag_car_ws/install/car_cartographer LD_LIBRARY_PATH=/home/albert/umov_ws/install/arduinobot_msgs/lib:/home/albert/ws_moveit2/install/pilz_industrial_motion_planner_testutils/lib:/home/albert/ws_moveit2/install/pilz_industrial_motion_planner/lib:/home/albert/ws_moveit2/install/moveit_visual_tools/lib:/home/albert/ws_moveit2/install/moveit_task_constructor_visualization/lib:/home/albert/ws_moveit2/install/moveit_task_constructor_demo/lib:/home/albert/ws_moveit2/install/moveit_task_constructor_capabilities/lib:/home/albert/ws_moveit2/install/moveit_task_constructor_core/lib:/home/albert/ws_moveit2/install/moveit_ros_control_interface/lib:/home/albert/ws_moveit2/install/moveit_simple_controller_manager/lib:/home/albert/ws_moveit2/install/moveit_setup_assistant/lib:/home/albert/ws_moveit2/install/moveit_setup_srdf_plugins/lib:/home/albert/ws_moveit2/install/moveit_setup_core_plugins/lib:/home/albert/ws_moveit2/install/moveit_setup_controllers/lib:/home/albert/ws_moveit2/install/moveit_setup_app_plugins/lib:/home/albert/ws_moveit2/install/moveit_setup_framework/lib:/home/albert/ws_moveit2/install/moveit_servo/lib:/home/albert/ws_moveit2/install/moveit_ros_visualization/lib:/home/albert/ws_moveit2/install/moveit_hybrid_planning/lib:/home/albert/ws_moveit2/install/moveit_ros_planning_interface/lib:/home/albert/ws_moveit2/install/moveit_ros_benchmarks/lib:/home/albert/ws_moveit2/install/moveit_ros_warehouse/lib:/home/albert/ws_moveit2/install/moveit_ros_robot_interaction/lib:/home/albert/ws_moveit2/install/moveit_ros_perception/lib:/home/albert/ws_moveit2/install/moveit_ros_move_group/lib:/home/albert/ws_moveit2/install/moveit_planners_ompl/lib:/home/albert/ws_moveit2/install/moveit_ros_planning/lib:/home/albert/ws_moveit2/install/moveit_ros_occupancy_map_monitor/lib:/home/albert/ws_moveit2/install/moveit_resources_prbt_ikfast_manipulator_plugin/lib:/home/albert/ws_moveit2/install/moveit_planners_chomp/lib:/home/albert/ws_moveit2/install/moveit_kinematics/lib:/home/albert/ws_moveit2/install/moveit_chomp_optimizer_adapter/lib:/home/albert/ws_moveit2/install/chomp_motion_planner/lib:/home/albert/ws_moveit2/install/moveit_core/lib:/home/albert/ws_moveit2/install/srdfdom/lib:/home/albert/ws_moveit2/install/rviz_marker_tools/lib:/home/albert/ws_moveit2/install/rosparam_shortcuts/lib:/home/albert/ws_moveit2/install/moveit_task_constructor_msgs/lib:/home/albert/umov_ws/install/arduinobot_remote/lib:/home/albert/umov_ws/install/arduino_cpp_examples/lib:/home/albert/umov_ws/install/arduinobot_controller/lib:/home/albert/udem2_ws/install/final_project_cpp/lib:/home/albert/udem2_ws/install/robot_interfaces/lib:/home/albert/udem2_ws/install/components_cpp/lib:/home/albert/udem_ws/install/my_robot_interfaces/lib:/home/albert/bcdc_ws/install/aggiebot_msgs/lib:/home/albert/bcdc_ws/install/agbot_msgs/lib:/home/albert/arduinobot_ws/install/arduinobot_remote/lib:/home/albert/arduinobot_ws/install/arduinobot_cpp_examples/lib:/home/albert/arduinobot_ws/install/arduinobot_msgs/lib:/usr/lib/x86_64-linux-gnu/gazebo-11/plugins:/opt/ros/humble/opt/rviz_ogre_vendor/lib:/opt/ros/humble/lib/x86_64-linux-gnu:/opt/ros/humble/lib:/usr/share/gazebo/../../lib/x86_64-linux-gnu/gazebo-11/plugins PYTHONPATH=/home/albert/umov_ws/build/arduino_py_examples/prefix_override:/usr/lib/python3/dist-packages/colcon_core/task/python/colcon_distutils_commands:/home/albert/umov_ws/install/arduino_py_examples/lib/python3.10/site-packages:${PYTHONPATH} /usr/bin/python3 -W ignore:setup.py install is deprecated -W ignore:easy_install command is deprecated setup.py egg_info --egg-base ../../build/arduino_py_examples build --build-base /home/albert/umov_ws/build/arduino_py_examples/build install --record /home/albert/umov_ws/build/arduino_py_examples/install.log --single-version-externally-managed install_data
[82.424s] Level 1:colcon.colcon_core.environment:checking '/home/albert/umov_ws/install/arduino_py_examples/lib'
[82.424s] Level 1:colcon.colcon_core.environment:checking '/home/albert/umov_ws/install/arduino_py_examples/bin'
[82.424s] Level 1:colcon.colcon_core.environment:checking '/home/albert/umov_ws/install/arduino_py_examples/lib/pkgconfig/arduino_py_examples.pc'
[82.425s] Level 1:colcon.colcon_core.environment:checking '/home/albert/umov_ws/install/arduino_py_examples/lib/python3.10/site-packages'
[82.425s] Level 1:colcon.colcon_core.shell:create_environment_hook('arduino_py_examples', 'pythonpath')
[82.427s] INFO:colcon.colcon_core.shell:Creating environment hook '/home/albert/umov_ws/install/arduino_py_examples/share/arduino_py_examples/hook/pythonpath.ps1'
[82.428s] INFO:colcon.colcon_core.shell:Creating environment descriptor '/home/albert/umov_ws/install/arduino_py_examples/share/arduino_py_examples/hook/pythonpath.dsv'
[82.429s] INFO:colcon.colcon_core.shell:Creating environment hook '/home/albert/umov_ws/install/arduino_py_examples/share/arduino_py_examples/hook/pythonpath.sh'
[82.432s] Level 1:colcon.colcon_core.environment:checking '/home/albert/umov_ws/install/arduino_py_examples/bin'
[82.432s] Level 1:colcon.colcon_core.environment:create_environment_scripts_only(arduino_py_examples)
[82.433s] INFO:colcon.colcon_core.shell:Creating package script '/home/albert/umov_ws/install/arduino_py_examples/share/arduino_py_examples/package.ps1'
[82.435s] INFO:colcon.colcon_core.shell:Creating package descriptor '/home/albert/umov_ws/install/arduino_py_examples/share/arduino_py_examples/package.dsv'
[82.436s] INFO:colcon.colcon_core.shell:Creating package script '/home/albert/umov_ws/install/arduino_py_examples/share/arduino_py_examples/package.sh'
[82.437s] INFO:colcon.colcon_core.shell:Creating package script '/home/albert/umov_ws/install/arduino_py_examples/share/arduino_py_examples/package.bash'
[82.438s] INFO:colcon.colcon_core.shell:Creating package script '/home/albert/umov_ws/install/arduino_py_examples/share/arduino_py_examples/package.zsh'
[82.439s] Level 1:colcon.colcon_core.environment:create_file_with_runtime_dependencies(/home/albert/umov_ws/install/arduino_py_examples/share/colcon-core/packages/arduino_py_examples)
[87.096s] DEBUG:colcon.colcon_core.event_handler.log_command:Invoked command in '/home/albert/umov_ws/build/arduinobot_utils' returned '0': CMAKE_PREFIX_PATH=/home/albert/umov_ws/install/arduinobot_msgs:/home/albert/ag_arm_ws/install/arm_setup_moveit:/home/albert/ag_arm_ws/install/arm_moveit:/home/albert/ag_arm_ws/install/arm_description:/home/albert/ag_arm_ws/install/arm_cpp:/home/albert/ag_arm_ws/install/arm_controller:/home/albert/ws_moveit2/install/pilz_industrial_motion_planner_testutils:/home/albert/ws_moveit2/install/moveit_runtime:/home/albert/ws_moveit2/install/moveit2_tutorials:/home/albert/ws_moveit2/install/moveit:/home/albert/ws_moveit2/install/moveit_planners:/home/albert/ws_moveit2/install/pilz_industrial_motion_planner:/home/albert/ws_moveit2/install/moveit_visual_tools:/home/albert/ws_moveit2/install/moveit_task_constructor_visualization:/home/albert/ws_moveit2/install/moveit_task_constructor_demo:/home/albert/ws_moveit2/install/moveit_task_constructor_capabilities:/home/albert/ws_moveit2/install/moveit_task_constructor_core:/home/albert/ws_moveit2/install/moveit_ros_control_interface:/home/albert/ws_moveit2/install/moveit_plugins:/home/albert/ws_moveit2/install/moveit_simple_controller_manager:/home/albert/ws_moveit2/install/moveit_setup_assistant:/home/albert/ws_moveit2/install/moveit_setup_srdf_plugins:/home/albert/ws_moveit2/install/moveit_setup_core_plugins:/home/albert/ws_moveit2/install/moveit_setup_controllers:/home/albert/ws_moveit2/install/moveit_setup_app_plugins:/home/albert/ws_moveit2/install/moveit_setup_framework:/home/albert/ws_moveit2/install/moveit_servo:/home/albert/ws_moveit2/install/moveit_ros:/home/albert/ws_moveit2/install/moveit_ros_visualization:/home/albert/ws_moveit2/install/moveit_hybrid_planning:/home/albert/ws_moveit2/install/moveit_ros_planning_interface:/home/albert/ws_moveit2/install/moveit_ros_benchmarks:/home/albert/ws_moveit2/install/moveit_ros_warehouse:/home/albert/ws_moveit2/install/moveit_ros_robot_interaction:/home/albert/ws_moveit2/install/moveit_ros_perception:/home/albert/ws_moveit2/install/moveit_resources_prbt_pg70_support:/home/albert/ws_moveit2/install/moveit_resources_prbt_moveit_config:/home/albert/ws_moveit2/install/moveit_ros_move_group:/home/albert/ws_moveit2/install/moveit_planners_ompl:/home/albert/ws_moveit2/install/moveit_ros_planning:/home/albert/ws_moveit2/install/moveit_ros_occupancy_map_monitor:/home/albert/ws_moveit2/install/moveit_resources_prbt_ikfast_manipulator_plugin:/home/albert/ws_moveit2/install/moveit_planners_chomp:/home/albert/ws_moveit2/install/moveit_kinematics:/home/albert/ws_moveit2/install/moveit_chomp_optimizer_adapter:/home/albert/ws_moveit2/install/chomp_motion_planner:/home/albert/ws_moveit2/install/moveit_core:/home/albert/ws_moveit2/install/srdfdom:/home/albert/ws_moveit2/install/rviz_marker_tools:/home/albert/ws_moveit2/install/rosparam_shortcuts:/home/albert/ws_moveit2/install/moveit_task_constructor_msgs:/home/albert/ws_moveit2/install/moveit_resources_prbt_support:/home/albert/ws_moveit2/install/moveit_resources:/home/albert/ws_moveit2/install/moveit_resources_pr2_description:/home/albert/ws_moveit2/install/moveit_resources_panda_moveit_config:/home/albert/ws_moveit2/install/moveit_resources_panda_description:/home/albert/ws_moveit2/install/moveit_resources_fanuc_moveit_config:/home/albert/ws_moveit2/install/moveit_resources_fanuc_description:/home/albert/ws_moveit2/install/moveit_common:/home/albert/umov_ws/install/description:/home/albert/umov_ws/install/arduinobot_utils:/home/albert/umov_ws/install/arduinobot_remote:/home/albert/umov_ws/install/arduino_cpp_examples:/home/albert/umov_ws/install/arduinobot_moveit:/home/albert/umov_ws/install/arduinobot_firmware:/home/albert/umov_ws/install/arduinobot_controller:/home/albert/umov_ws/install/arduinobot_bringup:/home/albert/unav_ws/install/turtlebot3_fake_node:/home/albert/unav_ws/install/robot_bringup:/home/albert/unav_ws/install/nav2_robot_description:/home/albert/udem2_ws/install/robot_bringup:/home/albert/udem2_ws/install/my_robot_bringup:/home/albert/udem2_ws/install/lifecycle_cpp:/home/albert/udem2_ws/install/final_project_cpp:/home/albert/udem2_ws/install/actions_cpp:/home/albert/udem2_ws/install/robot_interfaces:/home/albert/udem2_ws/install/executors_cpp:/home/albert/udem2_ws/install/components_cpp:/home/albert/udem_ws/install/my_robot_bringup:/home/albert/udem_ws/install/my_cpp_pkg:/home/albert/udem_ws/install/my_robot_interfaces:/home/albert/udem_ws/install/my_robot_description:/home/albert/udem_ws/install/lifecycle_cpp:/home/albert/bcdc_ws/install/aggiebot_cpp:/home/albert/bcdc_ws/install/aggiebot_msgs:/home/albert/bcdc_ws/install/aggiebot_description:/home/albert/bcdc_ws/install/aggiebot_controller:/home/albert/bcdc_ws/install/aggiebot_bringup:/home/albert/bcdc_ws/install/aggiebot_arm_moveit:/home/albert/bcdc_ws/install/aggiebot_arm_description:/home/albert/bcdc_ws/install/aggiebot_arm_controller:/home/albert/bcdc_ws/install/agbot_setup_moveit:/home/albert/bcdc_ws/install/agbot_cpp:/home/albert/bcdc_ws/install/agbot_msgs:/home/albert/bcdc_ws/install/agbot_moveit:/home/albert/bcdc_ws/install/agbot_description:/home/albert/bcdc_ws/install/agbot_controller:/home/albert/bcdc_ws/install/agbot_bringup:/home/albert/bcdc_ws/install/agbot_arm_controller:/home/albert/arduinobot_ws/install/arduinobot_utils:/home/albert/arduinobot_ws/install/arduinobot_remote:/home/albert/arduinobot_ws/install/arduinobot_cpp_examples:/home/albert/arduinobot_ws/install/arduinobot_msgs:/home/albert/arduinobot_ws/install/arduinobot_moveit_setup:/home/albert/arduinobot_ws/install/arduinobot_moveit:/home/albert/arduinobot_ws/install/arduinobot_description:/home/albert/arduinobot_ws/install/arduinobot_controller:/home/albert/rad_ws/install/agbot_full_nav2:/home/albert/rad_ws/install/agbot_full_msgs:/home/albert/rad_ws/install/agbot_full_moveit_setup:/home/albert/rad_ws/install/agbot_full_moveit:/home/albert/rad_ws/install/agbot_full_description:/home/albert/rad_ws/install/agbot_full_cpp:/home/albert/rad_ws/install/agbot_full_controller:/home/albert/rad_ws/install/agbot_full_cartogropher:/home/albert/dev_ws/install/my_bot:/home/albert/ag_car_ws/install/car_nav2:/home/albert/ag_car_ws/install/car_description:/home/albert/ag_car_ws/install/car_controller:/home/albert/ag_car_ws/install/car_cartographer:/home/albert/ws_moveit2/install/moveit_configs_utils:/home/albert/ws_moveit2/install/launch_param_builder:/home/albert/umov_ws/install/arduino_py_examples:/home/albert/udem2_ws/install/actions_py:/home/albert/udem2_ws/install/lifecycle_py:/home/albert/udem2_ws/install/executors_py:/home/albert/udem2_ws/install/components_py:/home/albert/udem_ws/install/turtlesim_catcher:/home/albert/udem_ws/install/my_py_pkg:/home/albert/udem_ws/install/lifecycle_py:/home/albert/bcdc_ws/install/agbot_teleop:/home/albert/bcdc_ws/install/agbot_py:/home/albert/arduinobot_ws/install/arduinobot_py_examples:/opt/ros/humble LD_LIBRARY_PATH=/home/albert/umov_ws/install/arduinobot_msgs/lib:/home/albert/ws_moveit2/install/pilz_industrial_motion_planner_testutils/lib:/home/albert/ws_moveit2/install/pilz_industrial_motion_planner/lib:/home/albert/ws_moveit2/install/moveit_visual_tools/lib:/home/albert/ws_moveit2/install/moveit_task_constructor_visualization/lib:/home/albert/ws_moveit2/install/moveit_task_constructor_demo/lib:/home/albert/ws_moveit2/install/moveit_task_constructor_capabilities/lib:/home/albert/ws_moveit2/install/moveit_task_constructor_core/lib:/home/albert/ws_moveit2/install/moveit_ros_control_interface/lib:/home/albert/ws_moveit2/install/moveit_simple_controller_manager/lib:/home/albert/ws_moveit2/install/moveit_setup_assistant/lib:/home/albert/ws_moveit2/install/moveit_setup_srdf_plugins/lib:/home/albert/ws_moveit2/install/moveit_setup_core_plugins/lib:/home/albert/ws_moveit2/install/moveit_setup_controllers/lib:/home/albert/ws_moveit2/install/moveit_setup_app_plugins/lib:/home/albert/ws_moveit2/install/moveit_setup_framework/lib:/home/albert/ws_moveit2/install/moveit_servo/lib:/home/albert/ws_moveit2/install/moveit_ros_visualization/lib:/home/albert/ws_moveit2/install/moveit_hybrid_planning/lib:/home/albert/ws_moveit2/install/moveit_ros_planning_interface/lib:/home/albert/ws_moveit2/install/moveit_ros_benchmarks/lib:/home/albert/ws_moveit2/install/moveit_ros_warehouse/lib:/home/albert/ws_moveit2/install/moveit_ros_robot_interaction/lib:/home/albert/ws_moveit2/install/moveit_ros_perception/lib:/home/albert/ws_moveit2/install/moveit_ros_move_group/lib:/home/albert/ws_moveit2/install/moveit_planners_ompl/lib:/home/albert/ws_moveit2/install/moveit_ros_planning/lib:/home/albert/ws_moveit2/install/moveit_ros_occupancy_map_monitor/lib:/home/albert/ws_moveit2/install/moveit_resources_prbt_ikfast_manipulator_plugin/lib:/home/albert/ws_moveit2/install/moveit_planners_chomp/lib:/home/albert/ws_moveit2/install/moveit_kinematics/lib:/home/albert/ws_moveit2/install/moveit_chomp_optimizer_adapter/lib:/home/albert/ws_moveit2/install/chomp_motion_planner/lib:/home/albert/ws_moveit2/install/moveit_core/lib:/home/albert/ws_moveit2/install/srdfdom/lib:/home/albert/ws_moveit2/install/rviz_marker_tools/lib:/home/albert/ws_moveit2/install/rosparam_shortcuts/lib:/home/albert/ws_moveit2/install/moveit_task_constructor_msgs/lib:/home/albert/umov_ws/install/arduinobot_remote/lib:/home/albert/umov_ws/install/arduino_cpp_examples/lib:/home/albert/umov_ws/install/arduinobot_controller/lib:/home/albert/udem2_ws/install/final_project_cpp/lib:/home/albert/udem2_ws/install/robot_interfaces/lib:/home/albert/udem2_ws/install/components_cpp/lib:/home/albert/udem_ws/install/my_robot_interfaces/lib:/home/albert/bcdc_ws/install/aggiebot_msgs/lib:/home/albert/bcdc_ws/install/agbot_msgs/lib:/home/albert/arduinobot_ws/install/arduinobot_remote/lib:/home/albert/arduinobot_ws/install/arduinobot_cpp_examples/lib:/home/albert/arduinobot_ws/install/arduinobot_msgs/lib:/usr/lib/x86_64-linux-gnu/gazebo-11/plugins:/opt/ros/humble/opt/rviz_ogre_vendor/lib:/opt/ros/humble/lib/x86_64-linux-gnu:/opt/ros/humble/lib:/usr/share/gazebo/../../lib/x86_64-linux-gnu/gazebo-11/plugins /home/albert/.local/bin/cmake /home/albert/umov_ws/src/arduinobot_utils -DCMAKE_INSTALL_PREFIX=/home/albert/umov_ws/install/arduinobot_utils
[87.103s] DEBUG:colcon.colcon_core.event_handler.log_command:Invoking command in '/home/albert/umov_ws/build/arduinobot_utils': CMAKE_PREFIX_PATH=/home/albert/umov_ws/install/arduinobot_msgs:/home/albert/ag_arm_ws/install/arm_setup_moveit:/home/albert/ag_arm_ws/install/arm_moveit:/home/albert/ag_arm_ws/install/arm_description:/home/albert/ag_arm_ws/install/arm_cpp:/home/albert/ag_arm_ws/install/arm_controller:/home/albert/ws_moveit2/install/pilz_industrial_motion_planner_testutils:/home/albert/ws_moveit2/install/moveit_runtime:/home/albert/ws_moveit2/install/moveit2_tutorials:/home/albert/ws_moveit2/install/moveit:/home/albert/ws_moveit2/install/moveit_planners:/home/albert/ws_moveit2/install/pilz_industrial_motion_planner:/home/albert/ws_moveit2/install/moveit_visual_tools:/home/albert/ws_moveit2/install/moveit_task_constructor_visualization:/home/albert/ws_moveit2/install/moveit_task_constructor_demo:/home/albert/ws_moveit2/install/moveit_task_constructor_capabilities:/home/albert/ws_moveit2/install/moveit_task_constructor_core:/home/albert/ws_moveit2/install/moveit_ros_control_interface:/home/albert/ws_moveit2/install/moveit_plugins:/home/albert/ws_moveit2/install/moveit_simple_controller_manager:/home/albert/ws_moveit2/install/moveit_setup_assistant:/home/albert/ws_moveit2/install/moveit_setup_srdf_plugins:/home/albert/ws_moveit2/install/moveit_setup_core_plugins:/home/albert/ws_moveit2/install/moveit_setup_controllers:/home/albert/ws_moveit2/install/moveit_setup_app_plugins:/home/albert/ws_moveit2/install/moveit_setup_framework:/home/albert/ws_moveit2/install/moveit_servo:/home/albert/ws_moveit2/install/moveit_ros:/home/albert/ws_moveit2/install/moveit_ros_visualization:/home/albert/ws_moveit2/install/moveit_hybrid_planning:/home/albert/ws_moveit2/install/moveit_ros_planning_interface:/home/albert/ws_moveit2/install/moveit_ros_benchmarks:/home/albert/ws_moveit2/install/moveit_ros_warehouse:/home/albert/ws_moveit2/install/moveit_ros_robot_interaction:/home/albert/ws_moveit2/install/moveit_ros_perception:/home/albert/ws_moveit2/install/moveit_resources_prbt_pg70_support:/home/albert/ws_moveit2/install/moveit_resources_prbt_moveit_config:/home/albert/ws_moveit2/install/moveit_ros_move_group:/home/albert/ws_moveit2/install/moveit_planners_ompl:/home/albert/ws_moveit2/install/moveit_ros_planning:/home/albert/ws_moveit2/install/moveit_ros_occupancy_map_monitor:/home/albert/ws_moveit2/install/moveit_resources_prbt_ikfast_manipulator_plugin:/home/albert/ws_moveit2/install/moveit_planners_chomp:/home/albert/ws_moveit2/install/moveit_kinematics:/home/albert/ws_moveit2/install/moveit_chomp_optimizer_adapter:/home/albert/ws_moveit2/install/chomp_motion_planner:/home/albert/ws_moveit2/install/moveit_core:/home/albert/ws_moveit2/install/srdfdom:/home/albert/ws_moveit2/install/rviz_marker_tools:/home/albert/ws_moveit2/install/rosparam_shortcuts:/home/albert/ws_moveit2/install/moveit_task_constructor_msgs:/home/albert/ws_moveit2/install/moveit_resources_prbt_support:/home/albert/ws_moveit2/install/moveit_resources:/home/albert/ws_moveit2/install/moveit_resources_pr2_description:/home/albert/ws_moveit2/install/moveit_resources_panda_moveit_config:/home/albert/ws_moveit2/install/moveit_resources_panda_description:/home/albert/ws_moveit2/install/moveit_resources_fanuc_moveit_config:/home/albert/ws_moveit2/install/moveit_resources_fanuc_description:/home/albert/ws_moveit2/install/moveit_common:/home/albert/umov_ws/install/description:/home/albert/umov_ws/install/arduinobot_utils:/home/albert/umov_ws/install/arduinobot_remote:/home/albert/umov_ws/install/arduino_cpp_examples:/home/albert/umov_ws/install/arduinobot_moveit:/home/albert/umov_ws/install/arduinobot_firmware:/home/albert/umov_ws/install/arduinobot_controller:/home/albert/umov_ws/install/arduinobot_bringup:/home/albert/unav_ws/install/turtlebot3_fake_node:/home/albert/unav_ws/install/robot_bringup:/home/albert/unav_ws/install/nav2_robot_description:/home/albert/udem2_ws/install/robot_bringup:/home/albert/udem2_ws/install/my_robot_bringup:/home/albert/udem2_ws/install/lifecycle_cpp:/home/albert/udem2_ws/install/final_project_cpp:/home/albert/udem2_ws/install/actions_cpp:/home/albert/udem2_ws/install/robot_interfaces:/home/albert/udem2_ws/install/executors_cpp:/home/albert/udem2_ws/install/components_cpp:/home/albert/udem_ws/install/my_robot_bringup:/home/albert/udem_ws/install/my_cpp_pkg:/home/albert/udem_ws/install/my_robot_interfaces:/home/albert/udem_ws/install/my_robot_description:/home/albert/udem_ws/install/lifecycle_cpp:/home/albert/bcdc_ws/install/aggiebot_cpp:/home/albert/bcdc_ws/install/aggiebot_msgs:/home/albert/bcdc_ws/install/aggiebot_description:/home/albert/bcdc_ws/install/aggiebot_controller:/home/albert/bcdc_ws/install/aggiebot_bringup:/home/albert/bcdc_ws/install/aggiebot_arm_moveit:/home/albert/bcdc_ws/install/aggiebot_arm_description:/home/albert/bcdc_ws/install/aggiebot_arm_controller:/home/albert/bcdc_ws/install/agbot_setup_moveit:/home/albert/bcdc_ws/install/agbot_cpp:/home/albert/bcdc_ws/install/agbot_msgs:/home/albert/bcdc_ws/install/agbot_moveit:/home/albert/bcdc_ws/install/agbot_description:/home/albert/bcdc_ws/install/agbot_controller:/home/albert/bcdc_ws/install/agbot_bringup:/home/albert/bcdc_ws/install/agbot_arm_controller:/home/albert/arduinobot_ws/install/arduinobot_utils:/home/albert/arduinobot_ws/install/arduinobot_remote:/home/albert/arduinobot_ws/install/arduinobot_cpp_examples:/home/albert/arduinobot_ws/install/arduinobot_msgs:/home/albert/arduinobot_ws/install/arduinobot_moveit_setup:/home/albert/arduinobot_ws/install/arduinobot_moveit:/home/albert/arduinobot_ws/install/arduinobot_description:/home/albert/arduinobot_ws/install/arduinobot_controller:/home/albert/rad_ws/install/agbot_full_nav2:/home/albert/rad_ws/install/agbot_full_msgs:/home/albert/rad_ws/install/agbot_full_moveit_setup:/home/albert/rad_ws/install/agbot_full_moveit:/home/albert/rad_ws/install/agbot_full_description:/home/albert/rad_ws/install/agbot_full_cpp:/home/albert/rad_ws/install/agbot_full_controller:/home/albert/rad_ws/install/agbot_full_cartogropher:/home/albert/dev_ws/install/my_bot:/home/albert/ag_car_ws/install/car_nav2:/home/albert/ag_car_ws/install/car_description:/home/albert/ag_car_ws/install/car_controller:/home/albert/ag_car_ws/install/car_cartographer:/home/albert/ws_moveit2/install/moveit_configs_utils:/home/albert/ws_moveit2/install/launch_param_builder:/home/albert/umov_ws/install/arduino_py_examples:/home/albert/udem2_ws/install/actions_py:/home/albert/udem2_ws/install/lifecycle_py:/home/albert/udem2_ws/install/executors_py:/home/albert/udem2_ws/install/components_py:/home/albert/udem_ws/install/turtlesim_catcher:/home/albert/udem_ws/install/my_py_pkg:/home/albert/udem_ws/install/lifecycle_py:/home/albert/bcdc_ws/install/agbot_teleop:/home/albert/bcdc_ws/install/agbot_py:/home/albert/arduinobot_ws/install/arduinobot_py_examples:/opt/ros/humble LD_LIBRARY_PATH=/home/albert/umov_ws/install/arduinobot_msgs/lib:/home/albert/ws_moveit2/install/pilz_industrial_motion_planner_testutils/lib:/home/albert/ws_moveit2/install/pilz_industrial_motion_planner/lib:/home/albert/ws_moveit2/install/moveit_visual_tools/lib:/home/albert/ws_moveit2/install/moveit_task_constructor_visualization/lib:/home/albert/ws_moveit2/install/moveit_task_constructor_demo/lib:/home/albert/ws_moveit2/install/moveit_task_constructor_capabilities/lib:/home/albert/ws_moveit2/install/moveit_task_constructor_core/lib:/home/albert/ws_moveit2/install/moveit_ros_control_interface/lib:/home/albert/ws_moveit2/install/moveit_simple_controller_manager/lib:/home/albert/ws_moveit2/install/moveit_setup_assistant/lib:/home/albert/ws_moveit2/install/moveit_setup_srdf_plugins/lib:/home/albert/ws_moveit2/install/moveit_setup_core_plugins/lib:/home/albert/ws_moveit2/install/moveit_setup_controllers/lib:/home/albert/ws_moveit2/install/moveit_setup_app_plugins/lib:/home/albert/ws_moveit2/install/moveit_setup_framework/lib:/home/albert/ws_moveit2/install/moveit_servo/lib:/home/albert/ws_moveit2/install/moveit_ros_visualization/lib:/home/albert/ws_moveit2/install/moveit_hybrid_planning/lib:/home/albert/ws_moveit2/install/moveit_ros_planning_interface/lib:/home/albert/ws_moveit2/install/moveit_ros_benchmarks/lib:/home/albert/ws_moveit2/install/moveit_ros_warehouse/lib:/home/albert/ws_moveit2/install/moveit_ros_robot_interaction/lib:/home/albert/ws_moveit2/install/moveit_ros_perception/lib:/home/albert/ws_moveit2/install/moveit_ros_move_group/lib:/home/albert/ws_moveit2/install/moveit_planners_ompl/lib:/home/albert/ws_moveit2/install/moveit_ros_planning/lib:/home/albert/ws_moveit2/install/moveit_ros_occupancy_map_monitor/lib:/home/albert/ws_moveit2/install/moveit_resources_prbt_ikfast_manipulator_plugin/lib:/home/albert/ws_moveit2/install/moveit_planners_chomp/lib:/home/albert/ws_moveit2/install/moveit_kinematics/lib:/home/albert/ws_moveit2/install/moveit_chomp_optimizer_adapter/lib:/home/albert/ws_moveit2/install/chomp_motion_planner/lib:/home/albert/ws_moveit2/install/moveit_core/lib:/home/albert/ws_moveit2/install/srdfdom/lib:/home/albert/ws_moveit2/install/rviz_marker_tools/lib:/home/albert/ws_moveit2/install/rosparam_shortcuts/lib:/home/albert/ws_moveit2/install/moveit_task_constructor_msgs/lib:/home/albert/umov_ws/install/arduinobot_remote/lib:/home/albert/umov_ws/install/arduino_cpp_examples/lib:/home/albert/umov_ws/install/arduinobot_controller/lib:/home/albert/udem2_ws/install/final_project_cpp/lib:/home/albert/udem2_ws/install/robot_interfaces/lib:/home/albert/udem2_ws/install/components_cpp/lib:/home/albert/udem_ws/install/my_robot_interfaces/lib:/home/albert/bcdc_ws/install/aggiebot_msgs/lib:/home/albert/bcdc_ws/install/agbot_msgs/lib:/home/albert/arduinobot_ws/install/arduinobot_remote/lib:/home/albert/arduinobot_ws/install/arduinobot_cpp_examples/lib:/home/albert/arduinobot_ws/install/arduinobot_msgs/lib:/usr/lib/x86_64-linux-gnu/gazebo-11/plugins:/opt/ros/humble/opt/rviz_ogre_vendor/lib:/opt/ros/humble/lib/x86_64-linux-gnu:/opt/ros/humble/lib:/usr/share/gazebo/../../lib/x86_64-linux-gnu/gazebo-11/plugins /home/albert/.local/bin/cmake --build /home/albert/umov_ws/build/arduinobot_utils -- -j8 -l8
[92.490s] DEBUG:colcon.colcon_core.event_handler.log_command:Invoked command in '/home/albert/umov_ws/build/arduino_cpp_examples' returned '0': CMAKE_PREFIX_PATH=/home/albert/umov_ws/install/arduinobot_msgs:/home/albert/ag_arm_ws/install/arm_setup_moveit:/home/albert/ag_arm_ws/install/arm_moveit:/home/albert/ag_arm_ws/install/arm_description:/home/albert/ag_arm_ws/install/arm_cpp:/home/albert/ag_arm_ws/install/arm_controller:/home/albert/ws_moveit2/install/pilz_industrial_motion_planner_testutils:/home/albert/ws_moveit2/install/moveit_runtime:/home/albert/ws_moveit2/install/moveit2_tutorials:/home/albert/ws_moveit2/install/moveit:/home/albert/ws_moveit2/install/moveit_planners:/home/albert/ws_moveit2/install/pilz_industrial_motion_planner:/home/albert/ws_moveit2/install/moveit_visual_tools:/home/albert/ws_moveit2/install/moveit_task_constructor_visualization:/home/albert/ws_moveit2/install/moveit_task_constructor_demo:/home/albert/ws_moveit2/install/moveit_task_constructor_capabilities:/home/albert/ws_moveit2/install/moveit_task_constructor_core:/home/albert/ws_moveit2/install/moveit_ros_control_interface:/home/albert/ws_moveit2/install/moveit_plugins:/home/albert/ws_moveit2/install/moveit_simple_controller_manager:/home/albert/ws_moveit2/install/moveit_setup_assistant:/home/albert/ws_moveit2/install/moveit_setup_srdf_plugins:/home/albert/ws_moveit2/install/moveit_setup_core_plugins:/home/albert/ws_moveit2/install/moveit_setup_controllers:/home/albert/ws_moveit2/install/moveit_setup_app_plugins:/home/albert/ws_moveit2/install/moveit_setup_framework:/home/albert/ws_moveit2/install/moveit_servo:/home/albert/ws_moveit2/install/moveit_ros:/home/albert/ws_moveit2/install/moveit_ros_visualization:/home/albert/ws_moveit2/install/moveit_hybrid_planning:/home/albert/ws_moveit2/install/moveit_ros_planning_interface:/home/albert/ws_moveit2/install/moveit_ros_benchmarks:/home/albert/ws_moveit2/install/moveit_ros_warehouse:/home/albert/ws_moveit2/install/moveit_ros_robot_interaction:/home/albert/ws_moveit2/install/moveit_ros_perception:/home/albert/ws_moveit2/install/moveit_resources_prbt_pg70_support:/home/albert/ws_moveit2/install/moveit_resources_prbt_moveit_config:/home/albert/ws_moveit2/install/moveit_ros_move_group:/home/albert/ws_moveit2/install/moveit_planners_ompl:/home/albert/ws_moveit2/install/moveit_ros_planning:/home/albert/ws_moveit2/install/moveit_ros_occupancy_map_monitor:/home/albert/ws_moveit2/install/moveit_resources_prbt_ikfast_manipulator_plugin:/home/albert/ws_moveit2/install/moveit_planners_chomp:/home/albert/ws_moveit2/install/moveit_kinematics:/home/albert/ws_moveit2/install/moveit_chomp_optimizer_adapter:/home/albert/ws_moveit2/install/chomp_motion_planner:/home/albert/ws_moveit2/install/moveit_core:/home/albert/ws_moveit2/install/srdfdom:/home/albert/ws_moveit2/install/rviz_marker_tools:/home/albert/ws_moveit2/install/rosparam_shortcuts:/home/albert/ws_moveit2/install/moveit_task_constructor_msgs:/home/albert/ws_moveit2/install/moveit_resources_prbt_support:/home/albert/ws_moveit2/install/moveit_resources:/home/albert/ws_moveit2/install/moveit_resources_pr2_description:/home/albert/ws_moveit2/install/moveit_resources_panda_moveit_config:/home/albert/ws_moveit2/install/moveit_resources_panda_description:/home/albert/ws_moveit2/install/moveit_resources_fanuc_moveit_config:/home/albert/ws_moveit2/install/moveit_resources_fanuc_description:/home/albert/ws_moveit2/install/moveit_common:/home/albert/umov_ws/install/description:/home/albert/umov_ws/install/arduinobot_utils:/home/albert/umov_ws/install/arduinobot_remote:/home/albert/umov_ws/install/arduino_cpp_examples:/home/albert/umov_ws/install/arduinobot_moveit:/home/albert/umov_ws/install/arduinobot_firmware:/home/albert/umov_ws/install/arduinobot_controller:/home/albert/umov_ws/install/arduinobot_bringup:/home/albert/unav_ws/install/turtlebot3_fake_node:/home/albert/unav_ws/install/robot_bringup:/home/albert/unav_ws/install/nav2_robot_description:/home/albert/udem2_ws/install/robot_bringup:/home/albert/udem2_ws/install/my_robot_bringup:/home/albert/udem2_ws/install/lifecycle_cpp:/home/albert/udem2_ws/install/final_project_cpp:/home/albert/udem2_ws/install/actions_cpp:/home/albert/udem2_ws/install/robot_interfaces:/home/albert/udem2_ws/install/executors_cpp:/home/albert/udem2_ws/install/components_cpp:/home/albert/udem_ws/install/my_robot_bringup:/home/albert/udem_ws/install/my_cpp_pkg:/home/albert/udem_ws/install/my_robot_interfaces:/home/albert/udem_ws/install/my_robot_description:/home/albert/udem_ws/install/lifecycle_cpp:/home/albert/bcdc_ws/install/aggiebot_cpp:/home/albert/bcdc_ws/install/aggiebot_msgs:/home/albert/bcdc_ws/install/aggiebot_description:/home/albert/bcdc_ws/install/aggiebot_controller:/home/albert/bcdc_ws/install/aggiebot_bringup:/home/albert/bcdc_ws/install/aggiebot_arm_moveit:/home/albert/bcdc_ws/install/aggiebot_arm_description:/home/albert/bcdc_ws/install/aggiebot_arm_controller:/home/albert/bcdc_ws/install/agbot_setup_moveit:/home/albert/bcdc_ws/install/agbot_cpp:/home/albert/bcdc_ws/install/agbot_msgs:/home/albert/bcdc_ws/install/agbot_moveit:/home/albert/bcdc_ws/install/agbot_description:/home/albert/bcdc_ws/install/agbot_controller:/home/albert/bcdc_ws/install/agbot_bringup:/home/albert/bcdc_ws/install/agbot_arm_controller:/home/albert/arduinobot_ws/install/arduinobot_utils:/home/albert/arduinobot_ws/install/arduinobot_remote:/home/albert/arduinobot_ws/install/arduinobot_cpp_examples:/home/albert/arduinobot_ws/install/arduinobot_msgs:/home/albert/arduinobot_ws/install/arduinobot_moveit_setup:/home/albert/arduinobot_ws/install/arduinobot_moveit:/home/albert/arduinobot_ws/install/arduinobot_description:/home/albert/arduinobot_ws/install/arduinobot_controller:/home/albert/rad_ws/install/agbot_full_nav2:/home/albert/rad_ws/install/agbot_full_msgs:/home/albert/rad_ws/install/agbot_full_moveit_setup:/home/albert/rad_ws/install/agbot_full_moveit:/home/albert/rad_ws/install/agbot_full_description:/home/albert/rad_ws/install/agbot_full_cpp:/home/albert/rad_ws/install/agbot_full_controller:/home/albert/rad_ws/install/agbot_full_cartogropher:/home/albert/dev_ws/install/my_bot:/home/albert/ag_car_ws/install/car_nav2:/home/albert/ag_car_ws/install/car_description:/home/albert/ag_car_ws/install/car_controller:/home/albert/ag_car_ws/install/car_cartographer:/home/albert/ws_moveit2/install/moveit_configs_utils:/home/albert/ws_moveit2/install/launch_param_builder:/home/albert/umov_ws/install/arduino_py_examples:/home/albert/udem2_ws/install/actions_py:/home/albert/udem2_ws/install/lifecycle_py:/home/albert/udem2_ws/install/executors_py:/home/albert/udem2_ws/install/components_py:/home/albert/udem_ws/install/turtlesim_catcher:/home/albert/udem_ws/install/my_py_pkg:/home/albert/udem_ws/install/lifecycle_py:/home/albert/bcdc_ws/install/agbot_teleop:/home/albert/bcdc_ws/install/agbot_py:/home/albert/arduinobot_ws/install/arduinobot_py_examples:/opt/ros/humble LD_LIBRARY_PATH=/home/albert/umov_ws/install/arduinobot_msgs/lib:/home/albert/ws_moveit2/install/pilz_industrial_motion_planner_testutils/lib:/home/albert/ws_moveit2/install/pilz_industrial_motion_planner/lib:/home/albert/ws_moveit2/install/moveit_visual_tools/lib:/home/albert/ws_moveit2/install/moveit_task_constructor_visualization/lib:/home/albert/ws_moveit2/install/moveit_task_constructor_demo/lib:/home/albert/ws_moveit2/install/moveit_task_constructor_capabilities/lib:/home/albert/ws_moveit2/install/moveit_task_constructor_core/lib:/home/albert/ws_moveit2/install/moveit_ros_control_interface/lib:/home/albert/ws_moveit2/install/moveit_simple_controller_manager/lib:/home/albert/ws_moveit2/install/moveit_setup_assistant/lib:/home/albert/ws_moveit2/install/moveit_setup_srdf_plugins/lib:/home/albert/ws_moveit2/install/moveit_setup_core_plugins/lib:/home/albert/ws_moveit2/install/moveit_setup_controllers/lib:/home/albert/ws_moveit2/install/moveit_setup_app_plugins/lib:/home/albert/ws_moveit2/install/moveit_setup_framework/lib:/home/albert/ws_moveit2/install/moveit_servo/lib:/home/albert/ws_moveit2/install/moveit_ros_visualization/lib:/home/albert/ws_moveit2/install/moveit_hybrid_planning/lib:/home/albert/ws_moveit2/install/moveit_ros_planning_interface/lib:/home/albert/ws_moveit2/install/moveit_ros_benchmarks/lib:/home/albert/ws_moveit2/install/moveit_ros_warehouse/lib:/home/albert/ws_moveit2/install/moveit_ros_robot_interaction/lib:/home/albert/ws_moveit2/install/moveit_ros_perception/lib:/home/albert/ws_moveit2/install/moveit_ros_move_group/lib:/home/albert/ws_moveit2/install/moveit_planners_ompl/lib:/home/albert/ws_moveit2/install/moveit_ros_planning/lib:/home/albert/ws_moveit2/install/moveit_ros_occupancy_map_monitor/lib:/home/albert/ws_moveit2/install/moveit_resources_prbt_ikfast_manipulator_plugin/lib:/home/albert/ws_moveit2/install/moveit_planners_chomp/lib:/home/albert/ws_moveit2/install/moveit_kinematics/lib:/home/albert/ws_moveit2/install/moveit_chomp_optimizer_adapter/lib:/home/albert/ws_moveit2/install/chomp_motion_planner/lib:/home/albert/ws_moveit2/install/moveit_core/lib:/home/albert/ws_moveit2/install/srdfdom/lib:/home/albert/ws_moveit2/install/rviz_marker_tools/lib:/home/albert/ws_moveit2/install/rosparam_shortcuts/lib:/home/albert/ws_moveit2/install/moveit_task_constructor_msgs/lib:/home/albert/umov_ws/install/arduinobot_remote/lib:/home/albert/umov_ws/install/arduino_cpp_examples/lib:/home/albert/umov_ws/install/arduinobot_controller/lib:/home/albert/udem2_ws/install/final_project_cpp/lib:/home/albert/udem2_ws/install/robot_interfaces/lib:/home/albert/udem2_ws/install/components_cpp/lib:/home/albert/udem_ws/install/my_robot_interfaces/lib:/home/albert/bcdc_ws/install/aggiebot_msgs/lib:/home/albert/bcdc_ws/install/agbot_msgs/lib:/home/albert/arduinobot_ws/install/arduinobot_remote/lib:/home/albert/arduinobot_ws/install/arduinobot_cpp_examples/lib:/home/albert/arduinobot_ws/install/arduinobot_msgs/lib:/usr/lib/x86_64-linux-gnu/gazebo-11/plugins:/opt/ros/humble/opt/rviz_ogre_vendor/lib:/opt/ros/humble/lib/x86_64-linux-gnu:/opt/ros/humble/lib:/usr/share/gazebo/../../lib/x86_64-linux-gnu/gazebo-11/plugins /home/albert/.local/bin/cmake /home/albert/umov_ws/src/arduino_cpp_examples -DCMAKE_INSTALL_PREFIX=/home/albert/umov_ws/install/arduino_cpp_examples
[92.507s] DEBUG:colcon.colcon_core.event_handler.log_command:Invoking command in '/home/albert/umov_ws/build/arduino_cpp_examples': CMAKE_PREFIX_PATH=/home/albert/umov_ws/install/arduinobot_msgs:/home/albert/ag_arm_ws/install/arm_setup_moveit:/home/albert/ag_arm_ws/install/arm_moveit:/home/albert/ag_arm_ws/install/arm_description:/home/albert/ag_arm_ws/install/arm_cpp:/home/albert/ag_arm_ws/install/arm_controller:/home/albert/ws_moveit2/install/pilz_industrial_motion_planner_testutils:/home/albert/ws_moveit2/install/moveit_runtime:/home/albert/ws_moveit2/install/moveit2_tutorials:/home/albert/ws_moveit2/install/moveit:/home/albert/ws_moveit2/install/moveit_planners:/home/albert/ws_moveit2/install/pilz_industrial_motion_planner:/home/albert/ws_moveit2/install/moveit_visual_tools:/home/albert/ws_moveit2/install/moveit_task_constructor_visualization:/home/albert/ws_moveit2/install/moveit_task_constructor_demo:/home/albert/ws_moveit2/install/moveit_task_constructor_capabilities:/home/albert/ws_moveit2/install/moveit_task_constructor_core:/home/albert/ws_moveit2/install/moveit_ros_control_interface:/home/albert/ws_moveit2/install/moveit_plugins:/home/albert/ws_moveit2/install/moveit_simple_controller_manager:/home/albert/ws_moveit2/install/moveit_setup_assistant:/home/albert/ws_moveit2/install/moveit_setup_srdf_plugins:/home/albert/ws_moveit2/install/moveit_setup_core_plugins:/home/albert/ws_moveit2/install/moveit_setup_controllers:/home/albert/ws_moveit2/install/moveit_setup_app_plugins:/home/albert/ws_moveit2/install/moveit_setup_framework:/home/albert/ws_moveit2/install/moveit_servo:/home/albert/ws_moveit2/install/moveit_ros:/home/albert/ws_moveit2/install/moveit_ros_visualization:/home/albert/ws_moveit2/install/moveit_hybrid_planning:/home/albert/ws_moveit2/install/moveit_ros_planning_interface:/home/albert/ws_moveit2/install/moveit_ros_benchmarks:/home/albert/ws_moveit2/install/moveit_ros_warehouse:/home/albert/ws_moveit2/install/moveit_ros_robot_interaction:/home/albert/ws_moveit2/install/moveit_ros_perception:/home/albert/ws_moveit2/install/moveit_resources_prbt_pg70_support:/home/albert/ws_moveit2/install/moveit_resources_prbt_moveit_config:/home/albert/ws_moveit2/install/moveit_ros_move_group:/home/albert/ws_moveit2/install/moveit_planners_ompl:/home/albert/ws_moveit2/install/moveit_ros_planning:/home/albert/ws_moveit2/install/moveit_ros_occupancy_map_monitor:/home/albert/ws_moveit2/install/moveit_resources_prbt_ikfast_manipulator_plugin:/home/albert/ws_moveit2/install/moveit_planners_chomp:/home/albert/ws_moveit2/install/moveit_kinematics:/home/albert/ws_moveit2/install/moveit_chomp_optimizer_adapter:/home/albert/ws_moveit2/install/chomp_motion_planner:/home/albert/ws_moveit2/install/moveit_core:/home/albert/ws_moveit2/install/srdfdom:/home/albert/ws_moveit2/install/rviz_marker_tools:/home/albert/ws_moveit2/install/rosparam_shortcuts:/home/albert/ws_moveit2/install/moveit_task_constructor_msgs:/home/albert/ws_moveit2/install/moveit_resources_prbt_support:/home/albert/ws_moveit2/install/moveit_resources:/home/albert/ws_moveit2/install/moveit_resources_pr2_description:/home/albert/ws_moveit2/install/moveit_resources_panda_moveit_config:/home/albert/ws_moveit2/install/moveit_resources_panda_description:/home/albert/ws_moveit2/install/moveit_resources_fanuc_moveit_config:/home/albert/ws_moveit2/install/moveit_resources_fanuc_description:/home/albert/ws_moveit2/install/moveit_common:/home/albert/umov_ws/install/description:/home/albert/umov_ws/install/arduinobot_utils:/home/albert/umov_ws/install/arduinobot_remote:/home/albert/umov_ws/install/arduino_cpp_examples:/home/albert/umov_ws/install/arduinobot_moveit:/home/albert/umov_ws/install/arduinobot_firmware:/home/albert/umov_ws/install/arduinobot_controller:/home/albert/umov_ws/install/arduinobot_bringup:/home/albert/unav_ws/install/turtlebot3_fake_node:/home/albert/unav_ws/install/robot_bringup:/home/albert/unav_ws/install/nav2_robot_description:/home/albert/udem2_ws/install/robot_bringup:/home/albert/udem2_ws/install/my_robot_bringup:/home/albert/udem2_ws/install/lifecycle_cpp:/home/albert/udem2_ws/install/final_project_cpp:/home/albert/udem2_ws/install/actions_cpp:/home/albert/udem2_ws/install/robot_interfaces:/home/albert/udem2_ws/install/executors_cpp:/home/albert/udem2_ws/install/components_cpp:/home/albert/udem_ws/install/my_robot_bringup:/home/albert/udem_ws/install/my_cpp_pkg:/home/albert/udem_ws/install/my_robot_interfaces:/home/albert/udem_ws/install/my_robot_description:/home/albert/udem_ws/install/lifecycle_cpp:/home/albert/bcdc_ws/install/aggiebot_cpp:/home/albert/bcdc_ws/install/aggiebot_msgs:/home/albert/bcdc_ws/install/aggiebot_description:/home/albert/bcdc_ws/install/aggiebot_controller:/home/albert/bcdc_ws/install/aggiebot_bringup:/home/albert/bcdc_ws/install/aggiebot_arm_moveit:/home/albert/bcdc_ws/install/aggiebot_arm_description:/home/albert/bcdc_ws/install/aggiebot_arm_controller:/home/albert/bcdc_ws/install/agbot_setup_moveit:/home/albert/bcdc_ws/install/agbot_cpp:/home/albert/bcdc_ws/install/agbot_msgs:/home/albert/bcdc_ws/install/agbot_moveit:/home/albert/bcdc_ws/install/agbot_description:/home/albert/bcdc_ws/install/agbot_controller:/home/albert/bcdc_ws/install/agbot_bringup:/home/albert/bcdc_ws/install/agbot_arm_controller:/home/albert/arduinobot_ws/install/arduinobot_utils:/home/albert/arduinobot_ws/install/arduinobot_remote:/home/albert/arduinobot_ws/install/arduinobot_cpp_examples:/home/albert/arduinobot_ws/install/arduinobot_msgs:/home/albert/arduinobot_ws/install/arduinobot_moveit_setup:/home/albert/arduinobot_ws/install/arduinobot_moveit:/home/albert/arduinobot_ws/install/arduinobot_description:/home/albert/arduinobot_ws/install/arduinobot_controller:/home/albert/rad_ws/install/agbot_full_nav2:/home/albert/rad_ws/install/agbot_full_msgs:/home/albert/rad_ws/install/agbot_full_moveit_setup:/home/albert/rad_ws/install/agbot_full_moveit:/home/albert/rad_ws/install/agbot_full_description:/home/albert/rad_ws/install/agbot_full_cpp:/home/albert/rad_ws/install/agbot_full_controller:/home/albert/rad_ws/install/agbot_full_cartogropher:/home/albert/dev_ws/install/my_bot:/home/albert/ag_car_ws/install/car_nav2:/home/albert/ag_car_ws/install/car_description:/home/albert/ag_car_ws/install/car_controller:/home/albert/ag_car_ws/install/car_cartographer:/home/albert/ws_moveit2/install/moveit_configs_utils:/home/albert/ws_moveit2/install/launch_param_builder:/home/albert/umov_ws/install/arduino_py_examples:/home/albert/udem2_ws/install/actions_py:/home/albert/udem2_ws/install/lifecycle_py:/home/albert/udem2_ws/install/executors_py:/home/albert/udem2_ws/install/components_py:/home/albert/udem_ws/install/turtlesim_catcher:/home/albert/udem_ws/install/my_py_pkg:/home/albert/udem_ws/install/lifecycle_py:/home/albert/bcdc_ws/install/agbot_teleop:/home/albert/bcdc_ws/install/agbot_py:/home/albert/arduinobot_ws/install/arduinobot_py_examples:/opt/ros/humble LD_LIBRARY_PATH=/home/albert/umov_ws/install/arduinobot_msgs/lib:/home/albert/ws_moveit2/install/pilz_industrial_motion_planner_testutils/lib:/home/albert/ws_moveit2/install/pilz_industrial_motion_planner/lib:/home/albert/ws_moveit2/install/moveit_visual_tools/lib:/home/albert/ws_moveit2/install/moveit_task_constructor_visualization/lib:/home/albert/ws_moveit2/install/moveit_task_constructor_demo/lib:/home/albert/ws_moveit2/install/moveit_task_constructor_capabilities/lib:/home/albert/ws_moveit2/install/moveit_task_constructor_core/lib:/home/albert/ws_moveit2/install/moveit_ros_control_interface/lib:/home/albert/ws_moveit2/install/moveit_simple_controller_manager/lib:/home/albert/ws_moveit2/install/moveit_setup_assistant/lib:/home/albert/ws_moveit2/install/moveit_setup_srdf_plugins/lib:/home/albert/ws_moveit2/install/moveit_setup_core_plugins/lib:/home/albert/ws_moveit2/install/moveit_setup_controllers/lib:/home/albert/ws_moveit2/install/moveit_setup_app_plugins/lib:/home/albert/ws_moveit2/install/moveit_setup_framework/lib:/home/albert/ws_moveit2/install/moveit_servo/lib:/home/albert/ws_moveit2/install/moveit_ros_visualization/lib:/home/albert/ws_moveit2/install/moveit_hybrid_planning/lib:/home/albert/ws_moveit2/install/moveit_ros_planning_interface/lib:/home/albert/ws_moveit2/install/moveit_ros_benchmarks/lib:/home/albert/ws_moveit2/install/moveit_ros_warehouse/lib:/home/albert/ws_moveit2/install/moveit_ros_robot_interaction/lib:/home/albert/ws_moveit2/install/moveit_ros_perception/lib:/home/albert/ws_moveit2/install/moveit_ros_move_group/lib:/home/albert/ws_moveit2/install/moveit_planners_ompl/lib:/home/albert/ws_moveit2/install/moveit_ros_planning/lib:/home/albert/ws_moveit2/install/moveit_ros_occupancy_map_monitor/lib:/home/albert/ws_moveit2/install/moveit_resources_prbt_ikfast_manipulator_plugin/lib:/home/albert/ws_moveit2/install/moveit_planners_chomp/lib:/home/albert/ws_moveit2/install/moveit_kinematics/lib:/home/albert/ws_moveit2/install/moveit_chomp_optimizer_adapter/lib:/home/albert/ws_moveit2/install/chomp_motion_planner/lib:/home/albert/ws_moveit2/install/moveit_core/lib:/home/albert/ws_moveit2/install/srdfdom/lib:/home/albert/ws_moveit2/install/rviz_marker_tools/lib:/home/albert/ws_moveit2/install/rosparam_shortcuts/lib:/home/albert/ws_moveit2/install/moveit_task_constructor_msgs/lib:/home/albert/umov_ws/install/arduinobot_remote/lib:/home/albert/umov_ws/install/arduino_cpp_examples/lib:/home/albert/umov_ws/install/arduinobot_controller/lib:/home/albert/udem2_ws/install/final_project_cpp/lib:/home/albert/udem2_ws/install/robot_interfaces/lib:/home/albert/udem2_ws/install/components_cpp/lib:/home/albert/udem_ws/install/my_robot_interfaces/lib:/home/albert/bcdc_ws/install/aggiebot_msgs/lib:/home/albert/bcdc_ws/install/agbot_msgs/lib:/home/albert/arduinobot_ws/install/arduinobot_remote/lib:/home/albert/arduinobot_ws/install/arduinobot_cpp_examples/lib:/home/albert/arduinobot_ws/install/arduinobot_msgs/lib:/usr/lib/x86_64-linux-gnu/gazebo-11/plugins:/opt/ros/humble/opt/rviz_ogre_vendor/lib:/opt/ros/humble/lib/x86_64-linux-gnu:/opt/ros/humble/lib:/usr/share/gazebo/../../lib/x86_64-linux-gnu/gazebo-11/plugins /home/albert/.local/bin/cmake --build /home/albert/umov_ws/build/arduino_cpp_examples -- -j8 -l8
[94.026s] DEBUG:colcon.colcon_core.event_handler.log_command:Invoked command in '/home/albert/umov_ws/build/arduinobot_remote' returned '0': CMAKE_PREFIX_PATH=/home/albert/umov_ws/install/arduinobot_msgs:/home/albert/ag_arm_ws/install/arm_setup_moveit:/home/albert/ag_arm_ws/install/arm_moveit:/home/albert/ag_arm_ws/install/arm_description:/home/albert/ag_arm_ws/install/arm_cpp:/home/albert/ag_arm_ws/install/arm_controller:/home/albert/ws_moveit2/install/pilz_industrial_motion_planner_testutils:/home/albert/ws_moveit2/install/moveit_runtime:/home/albert/ws_moveit2/install/moveit2_tutorials:/home/albert/ws_moveit2/install/moveit:/home/albert/ws_moveit2/install/moveit_planners:/home/albert/ws_moveit2/install/pilz_industrial_motion_planner:/home/albert/ws_moveit2/install/moveit_visual_tools:/home/albert/ws_moveit2/install/moveit_task_constructor_visualization:/home/albert/ws_moveit2/install/moveit_task_constructor_demo:/home/albert/ws_moveit2/install/moveit_task_constructor_capabilities:/home/albert/ws_moveit2/install/moveit_task_constructor_core:/home/albert/ws_moveit2/install/moveit_ros_control_interface:/home/albert/ws_moveit2/install/moveit_plugins:/home/albert/ws_moveit2/install/moveit_simple_controller_manager:/home/albert/ws_moveit2/install/moveit_setup_assistant:/home/albert/ws_moveit2/install/moveit_setup_srdf_plugins:/home/albert/ws_moveit2/install/moveit_setup_core_plugins:/home/albert/ws_moveit2/install/moveit_setup_controllers:/home/albert/ws_moveit2/install/moveit_setup_app_plugins:/home/albert/ws_moveit2/install/moveit_setup_framework:/home/albert/ws_moveit2/install/moveit_servo:/home/albert/ws_moveit2/install/moveit_ros:/home/albert/ws_moveit2/install/moveit_ros_visualization:/home/albert/ws_moveit2/install/moveit_hybrid_planning:/home/albert/ws_moveit2/install/moveit_ros_planning_interface:/home/albert/ws_moveit2/install/moveit_ros_benchmarks:/home/albert/ws_moveit2/install/moveit_ros_warehouse:/home/albert/ws_moveit2/install/moveit_ros_robot_interaction:/home/albert/ws_moveit2/install/moveit_ros_perception:/home/albert/ws_moveit2/install/moveit_resources_prbt_pg70_support:/home/albert/ws_moveit2/install/moveit_resources_prbt_moveit_config:/home/albert/ws_moveit2/install/moveit_ros_move_group:/home/albert/ws_moveit2/install/moveit_planners_ompl:/home/albert/ws_moveit2/install/moveit_ros_planning:/home/albert/ws_moveit2/install/moveit_ros_occupancy_map_monitor:/home/albert/ws_moveit2/install/moveit_resources_prbt_ikfast_manipulator_plugin:/home/albert/ws_moveit2/install/moveit_planners_chomp:/home/albert/ws_moveit2/install/moveit_kinematics:/home/albert/ws_moveit2/install/moveit_chomp_optimizer_adapter:/home/albert/ws_moveit2/install/chomp_motion_planner:/home/albert/ws_moveit2/install/moveit_core:/home/albert/ws_moveit2/install/srdfdom:/home/albert/ws_moveit2/install/rviz_marker_tools:/home/albert/ws_moveit2/install/rosparam_shortcuts:/home/albert/ws_moveit2/install/moveit_task_constructor_msgs:/home/albert/ws_moveit2/install/moveit_resources_prbt_support:/home/albert/ws_moveit2/install/moveit_resources:/home/albert/ws_moveit2/install/moveit_resources_pr2_description:/home/albert/ws_moveit2/install/moveit_resources_panda_moveit_config:/home/albert/ws_moveit2/install/moveit_resources_panda_description:/home/albert/ws_moveit2/install/moveit_resources_fanuc_moveit_config:/home/albert/ws_moveit2/install/moveit_resources_fanuc_description:/home/albert/ws_moveit2/install/moveit_common:/home/albert/umov_ws/install/description:/home/albert/umov_ws/install/arduinobot_utils:/home/albert/umov_ws/install/arduinobot_remote:/home/albert/umov_ws/install/arduino_cpp_examples:/home/albert/umov_ws/install/arduinobot_moveit:/home/albert/umov_ws/install/arduinobot_firmware:/home/albert/umov_ws/install/arduinobot_controller:/home/albert/umov_ws/install/arduinobot_bringup:/home/albert/unav_ws/install/turtlebot3_fake_node:/home/albert/unav_ws/install/robot_bringup:/home/albert/unav_ws/install/nav2_robot_description:/home/albert/udem2_ws/install/robot_bringup:/home/albert/udem2_ws/install/my_robot_bringup:/home/albert/udem2_ws/install/lifecycle_cpp:/home/albert/udem2_ws/install/final_project_cpp:/home/albert/udem2_ws/install/actions_cpp:/home/albert/udem2_ws/install/robot_interfaces:/home/albert/udem2_ws/install/executors_cpp:/home/albert/udem2_ws/install/components_cpp:/home/albert/udem_ws/install/my_robot_bringup:/home/albert/udem_ws/install/my_cpp_pkg:/home/albert/udem_ws/install/my_robot_interfaces:/home/albert/udem_ws/install/my_robot_description:/home/albert/udem_ws/install/lifecycle_cpp:/home/albert/bcdc_ws/install/aggiebot_cpp:/home/albert/bcdc_ws/install/aggiebot_msgs:/home/albert/bcdc_ws/install/aggiebot_description:/home/albert/bcdc_ws/install/aggiebot_controller:/home/albert/bcdc_ws/install/aggiebot_bringup:/home/albert/bcdc_ws/install/aggiebot_arm_moveit:/home/albert/bcdc_ws/install/aggiebot_arm_description:/home/albert/bcdc_ws/install/aggiebot_arm_controller:/home/albert/bcdc_ws/install/agbot_setup_moveit:/home/albert/bcdc_ws/install/agbot_cpp:/home/albert/bcdc_ws/install/agbot_msgs:/home/albert/bcdc_ws/install/agbot_moveit:/home/albert/bcdc_ws/install/agbot_description:/home/albert/bcdc_ws/install/agbot_controller:/home/albert/bcdc_ws/install/agbot_bringup:/home/albert/bcdc_ws/install/agbot_arm_controller:/home/albert/arduinobot_ws/install/arduinobot_utils:/home/albert/arduinobot_ws/install/arduinobot_remote:/home/albert/arduinobot_ws/install/arduinobot_cpp_examples:/home/albert/arduinobot_ws/install/arduinobot_msgs:/home/albert/arduinobot_ws/install/arduinobot_moveit_setup:/home/albert/arduinobot_ws/install/arduinobot_moveit:/home/albert/arduinobot_ws/install/arduinobot_description:/home/albert/arduinobot_ws/install/arduinobot_controller:/home/albert/rad_ws/install/agbot_full_nav2:/home/albert/rad_ws/install/agbot_full_msgs:/home/albert/rad_ws/install/agbot_full_moveit_setup:/home/albert/rad_ws/install/agbot_full_moveit:/home/albert/rad_ws/install/agbot_full_description:/home/albert/rad_ws/install/agbot_full_cpp:/home/albert/rad_ws/install/agbot_full_controller:/home/albert/rad_ws/install/agbot_full_cartogropher:/home/albert/dev_ws/install/my_bot:/home/albert/ag_car_ws/install/car_nav2:/home/albert/ag_car_ws/install/car_description:/home/albert/ag_car_ws/install/car_controller:/home/albert/ag_car_ws/install/car_cartographer:/home/albert/ws_moveit2/install/moveit_configs_utils:/home/albert/ws_moveit2/install/launch_param_builder:/home/albert/umov_ws/install/arduino_py_examples:/home/albert/udem2_ws/install/actions_py:/home/albert/udem2_ws/install/lifecycle_py:/home/albert/udem2_ws/install/executors_py:/home/albert/udem2_ws/install/components_py:/home/albert/udem_ws/install/turtlesim_catcher:/home/albert/udem_ws/install/my_py_pkg:/home/albert/udem_ws/install/lifecycle_py:/home/albert/bcdc_ws/install/agbot_teleop:/home/albert/bcdc_ws/install/agbot_py:/home/albert/arduinobot_ws/install/arduinobot_py_examples:/opt/ros/humble LD_LIBRARY_PATH=/home/albert/umov_ws/install/arduinobot_msgs/lib:/home/albert/ws_moveit2/install/pilz_industrial_motion_planner_testutils/lib:/home/albert/ws_moveit2/install/pilz_industrial_motion_planner/lib:/home/albert/ws_moveit2/install/moveit_visual_tools/lib:/home/albert/ws_moveit2/install/moveit_task_constructor_visualization/lib:/home/albert/ws_moveit2/install/moveit_task_constructor_demo/lib:/home/albert/ws_moveit2/install/moveit_task_constructor_capabilities/lib:/home/albert/ws_moveit2/install/moveit_task_constructor_core/lib:/home/albert/ws_moveit2/install/moveit_ros_control_interface/lib:/home/albert/ws_moveit2/install/moveit_simple_controller_manager/lib:/home/albert/ws_moveit2/install/moveit_setup_assistant/lib:/home/albert/ws_moveit2/install/moveit_setup_srdf_plugins/lib:/home/albert/ws_moveit2/install/moveit_setup_core_plugins/lib:/home/albert/ws_moveit2/install/moveit_setup_controllers/lib:/home/albert/ws_moveit2/install/moveit_setup_app_plugins/lib:/home/albert/ws_moveit2/install/moveit_setup_framework/lib:/home/albert/ws_moveit2/install/moveit_servo/lib:/home/albert/ws_moveit2/install/moveit_ros_visualization/lib:/home/albert/ws_moveit2/install/moveit_hybrid_planning/lib:/home/albert/ws_moveit2/install/moveit_ros_planning_interface/lib:/home/albert/ws_moveit2/install/moveit_ros_benchmarks/lib:/home/albert/ws_moveit2/install/moveit_ros_warehouse/lib:/home/albert/ws_moveit2/install/moveit_ros_robot_interaction/lib:/home/albert/ws_moveit2/install/moveit_ros_perception/lib:/home/albert/ws_moveit2/install/moveit_ros_move_group/lib:/home/albert/ws_moveit2/install/moveit_planners_ompl/lib:/home/albert/ws_moveit2/install/moveit_ros_planning/lib:/home/albert/ws_moveit2/install/moveit_ros_occupancy_map_monitor/lib:/home/albert/ws_moveit2/install/moveit_resources_prbt_ikfast_manipulator_plugin/lib:/home/albert/ws_moveit2/install/moveit_planners_chomp/lib:/home/albert/ws_moveit2/install/moveit_kinematics/lib:/home/albert/ws_moveit2/install/moveit_chomp_optimizer_adapter/lib:/home/albert/ws_moveit2/install/chomp_motion_planner/lib:/home/albert/ws_moveit2/install/moveit_core/lib:/home/albert/ws_moveit2/install/srdfdom/lib:/home/albert/ws_moveit2/install/rviz_marker_tools/lib:/home/albert/ws_moveit2/install/rosparam_shortcuts/lib:/home/albert/ws_moveit2/install/moveit_task_constructor_msgs/lib:/home/albert/umov_ws/install/arduinobot_remote/lib:/home/albert/umov_ws/install/arduino_cpp_examples/lib:/home/albert/umov_ws/install/arduinobot_controller/lib:/home/albert/udem2_ws/install/final_project_cpp/lib:/home/albert/udem2_ws/install/robot_interfaces/lib:/home/albert/udem2_ws/install/components_cpp/lib:/home/albert/udem_ws/install/my_robot_interfaces/lib:/home/albert/bcdc_ws/install/aggiebot_msgs/lib:/home/albert/bcdc_ws/install/agbot_msgs/lib:/home/albert/arduinobot_ws/install/arduinobot_remote/lib:/home/albert/arduinobot_ws/install/arduinobot_cpp_examples/lib:/home/albert/arduinobot_ws/install/arduinobot_msgs/lib:/usr/lib/x86_64-linux-gnu/gazebo-11/plugins:/opt/ros/humble/opt/rviz_ogre_vendor/lib:/opt/ros/humble/lib/x86_64-linux-gnu:/opt/ros/humble/lib:/usr/share/gazebo/../../lib/x86_64-linux-gnu/gazebo-11/plugins /home/albert/.local/bin/cmake /home/albert/umov_ws/src/arduinobot_remote -DCMAKE_INSTALL_PREFIX=/home/albert/umov_ws/install/arduinobot_remote
[94.037s] DEBUG:colcon.colcon_core.event_handler.log_command:Invoking command in '/home/albert/umov_ws/build/arduinobot_remote': CMAKE_PREFIX_PATH=/home/albert/umov_ws/install/arduinobot_msgs:/home/albert/ag_arm_ws/install/arm_setup_moveit:/home/albert/ag_arm_ws/install/arm_moveit:/home/albert/ag_arm_ws/install/arm_description:/home/albert/ag_arm_ws/install/arm_cpp:/home/albert/ag_arm_ws/install/arm_controller:/home/albert/ws_moveit2/install/pilz_industrial_motion_planner_testutils:/home/albert/ws_moveit2/install/moveit_runtime:/home/albert/ws_moveit2/install/moveit2_tutorials:/home/albert/ws_moveit2/install/moveit:/home/albert/ws_moveit2/install/moveit_planners:/home/albert/ws_moveit2/install/pilz_industrial_motion_planner:/home/albert/ws_moveit2/install/moveit_visual_tools:/home/albert/ws_moveit2/install/moveit_task_constructor_visualization:/home/albert/ws_moveit2/install/moveit_task_constructor_demo:/home/albert/ws_moveit2/install/moveit_task_constructor_capabilities:/home/albert/ws_moveit2/install/moveit_task_constructor_core:/home/albert/ws_moveit2/install/moveit_ros_control_interface:/home/albert/ws_moveit2/install/moveit_plugins:/home/albert/ws_moveit2/install/moveit_simple_controller_manager:/home/albert/ws_moveit2/install/moveit_setup_assistant:/home/albert/ws_moveit2/install/moveit_setup_srdf_plugins:/home/albert/ws_moveit2/install/moveit_setup_core_plugins:/home/albert/ws_moveit2/install/moveit_setup_controllers:/home/albert/ws_moveit2/install/moveit_setup_app_plugins:/home/albert/ws_moveit2/install/moveit_setup_framework:/home/albert/ws_moveit2/install/moveit_servo:/home/albert/ws_moveit2/install/moveit_ros:/home/albert/ws_moveit2/install/moveit_ros_visualization:/home/albert/ws_moveit2/install/moveit_hybrid_planning:/home/albert/ws_moveit2/install/moveit_ros_planning_interface:/home/albert/ws_moveit2/install/moveit_ros_benchmarks:/home/albert/ws_moveit2/install/moveit_ros_warehouse:/home/albert/ws_moveit2/install/moveit_ros_robot_interaction:/home/albert/ws_moveit2/install/moveit_ros_perception:/home/albert/ws_moveit2/install/moveit_resources_prbt_pg70_support:/home/albert/ws_moveit2/install/moveit_resources_prbt_moveit_config:/home/albert/ws_moveit2/install/moveit_ros_move_group:/home/albert/ws_moveit2/install/moveit_planners_ompl:/home/albert/ws_moveit2/install/moveit_ros_planning:/home/albert/ws_moveit2/install/moveit_ros_occupancy_map_monitor:/home/albert/ws_moveit2/install/moveit_resources_prbt_ikfast_manipulator_plugin:/home/albert/ws_moveit2/install/moveit_planners_chomp:/home/albert/ws_moveit2/install/moveit_kinematics:/home/albert/ws_moveit2/install/moveit_chomp_optimizer_adapter:/home/albert/ws_moveit2/install/chomp_motion_planner:/home/albert/ws_moveit2/install/moveit_core:/home/albert/ws_moveit2/install/srdfdom:/home/albert/ws_moveit2/install/rviz_marker_tools:/home/albert/ws_moveit2/install/rosparam_shortcuts:/home/albert/ws_moveit2/install/moveit_task_constructor_msgs:/home/albert/ws_moveit2/install/moveit_resources_prbt_support:/home/albert/ws_moveit2/install/moveit_resources:/home/albert/ws_moveit2/install/moveit_resources_pr2_description:/home/albert/ws_moveit2/install/moveit_resources_panda_moveit_config:/home/albert/ws_moveit2/install/moveit_resources_panda_description:/home/albert/ws_moveit2/install/moveit_resources_fanuc_moveit_config:/home/albert/ws_moveit2/install/moveit_resources_fanuc_description:/home/albert/ws_moveit2/install/moveit_common:/home/albert/umov_ws/install/description:/home/albert/umov_ws/install/arduinobot_utils:/home/albert/umov_ws/install/arduinobot_remote:/home/albert/umov_ws/install/arduino_cpp_examples:/home/albert/umov_ws/install/arduinobot_moveit:/home/albert/umov_ws/install/arduinobot_firmware:/home/albert/umov_ws/install/arduinobot_controller:/home/albert/umov_ws/install/arduinobot_bringup:/home/albert/unav_ws/install/turtlebot3_fake_node:/home/albert/unav_ws/install/robot_bringup:/home/albert/unav_ws/install/nav2_robot_description:/home/albert/udem2_ws/install/robot_bringup:/home/albert/udem2_ws/install/my_robot_bringup:/home/albert/udem2_ws/install/lifecycle_cpp:/home/albert/udem2_ws/install/final_project_cpp:/home/albert/udem2_ws/install/actions_cpp:/home/albert/udem2_ws/install/robot_interfaces:/home/albert/udem2_ws/install/executors_cpp:/home/albert/udem2_ws/install/components_cpp:/home/albert/udem_ws/install/my_robot_bringup:/home/albert/udem_ws/install/my_cpp_pkg:/home/albert/udem_ws/install/my_robot_interfaces:/home/albert/udem_ws/install/my_robot_description:/home/albert/udem_ws/install/lifecycle_cpp:/home/albert/bcdc_ws/install/aggiebot_cpp:/home/albert/bcdc_ws/install/aggiebot_msgs:/home/albert/bcdc_ws/install/aggiebot_description:/home/albert/bcdc_ws/install/aggiebot_controller:/home/albert/bcdc_ws/install/aggiebot_bringup:/home/albert/bcdc_ws/install/aggiebot_arm_moveit:/home/albert/bcdc_ws/install/aggiebot_arm_description:/home/albert/bcdc_ws/install/aggiebot_arm_controller:/home/albert/bcdc_ws/install/agbot_setup_moveit:/home/albert/bcdc_ws/install/agbot_cpp:/home/albert/bcdc_ws/install/agbot_msgs:/home/albert/bcdc_ws/install/agbot_moveit:/home/albert/bcdc_ws/install/agbot_description:/home/albert/bcdc_ws/install/agbot_controller:/home/albert/bcdc_ws/install/agbot_bringup:/home/albert/bcdc_ws/install/agbot_arm_controller:/home/albert/arduinobot_ws/install/arduinobot_utils:/home/albert/arduinobot_ws/install/arduinobot_remote:/home/albert/arduinobot_ws/install/arduinobot_cpp_examples:/home/albert/arduinobot_ws/install/arduinobot_msgs:/home/albert/arduinobot_ws/install/arduinobot_moveit_setup:/home/albert/arduinobot_ws/install/arduinobot_moveit:/home/albert/arduinobot_ws/install/arduinobot_description:/home/albert/arduinobot_ws/install/arduinobot_controller:/home/albert/rad_ws/install/agbot_full_nav2:/home/albert/rad_ws/install/agbot_full_msgs:/home/albert/rad_ws/install/agbot_full_moveit_setup:/home/albert/rad_ws/install/agbot_full_moveit:/home/albert/rad_ws/install/agbot_full_description:/home/albert/rad_ws/install/agbot_full_cpp:/home/albert/rad_ws/install/agbot_full_controller:/home/albert/rad_ws/install/agbot_full_cartogropher:/home/albert/dev_ws/install/my_bot:/home/albert/ag_car_ws/install/car_nav2:/home/albert/ag_car_ws/install/car_description:/home/albert/ag_car_ws/install/car_controller:/home/albert/ag_car_ws/install/car_cartographer:/home/albert/ws_moveit2/install/moveit_configs_utils:/home/albert/ws_moveit2/install/launch_param_builder:/home/albert/umov_ws/install/arduino_py_examples:/home/albert/udem2_ws/install/actions_py:/home/albert/udem2_ws/install/lifecycle_py:/home/albert/udem2_ws/install/executors_py:/home/albert/udem2_ws/install/components_py:/home/albert/udem_ws/install/turtlesim_catcher:/home/albert/udem_ws/install/my_py_pkg:/home/albert/udem_ws/install/lifecycle_py:/home/albert/bcdc_ws/install/agbot_teleop:/home/albert/bcdc_ws/install/agbot_py:/home/albert/arduinobot_ws/install/arduinobot_py_examples:/opt/ros/humble LD_LIBRARY_PATH=/home/albert/umov_ws/install/arduinobot_msgs/lib:/home/albert/ws_moveit2/install/pilz_industrial_motion_planner_testutils/lib:/home/albert/ws_moveit2/install/pilz_industrial_motion_planner/lib:/home/albert/ws_moveit2/install/moveit_visual_tools/lib:/home/albert/ws_moveit2/install/moveit_task_constructor_visualization/lib:/home/albert/ws_moveit2/install/moveit_task_constructor_demo/lib:/home/albert/ws_moveit2/install/moveit_task_constructor_capabilities/lib:/home/albert/ws_moveit2/install/moveit_task_constructor_core/lib:/home/albert/ws_moveit2/install/moveit_ros_control_interface/lib:/home/albert/ws_moveit2/install/moveit_simple_controller_manager/lib:/home/albert/ws_moveit2/install/moveit_setup_assistant/lib:/home/albert/ws_moveit2/install/moveit_setup_srdf_plugins/lib:/home/albert/ws_moveit2/install/moveit_setup_core_plugins/lib:/home/albert/ws_moveit2/install/moveit_setup_controllers/lib:/home/albert/ws_moveit2/install/moveit_setup_app_plugins/lib:/home/albert/ws_moveit2/install/moveit_setup_framework/lib:/home/albert/ws_moveit2/install/moveit_servo/lib:/home/albert/ws_moveit2/install/moveit_ros_visualization/lib:/home/albert/ws_moveit2/install/moveit_hybrid_planning/lib:/home/albert/ws_moveit2/install/moveit_ros_planning_interface/lib:/home/albert/ws_moveit2/install/moveit_ros_benchmarks/lib:/home/albert/ws_moveit2/install/moveit_ros_warehouse/lib:/home/albert/ws_moveit2/install/moveit_ros_robot_interaction/lib:/home/albert/ws_moveit2/install/moveit_ros_perception/lib:/home/albert/ws_moveit2/install/moveit_ros_move_group/lib:/home/albert/ws_moveit2/install/moveit_planners_ompl/lib:/home/albert/ws_moveit2/install/moveit_ros_planning/lib:/home/albert/ws_moveit2/install/moveit_ros_occupancy_map_monitor/lib:/home/albert/ws_moveit2/install/moveit_resources_prbt_ikfast_manipulator_plugin/lib:/home/albert/ws_moveit2/install/moveit_planners_chomp/lib:/home/albert/ws_moveit2/install/moveit_kinematics/lib:/home/albert/ws_moveit2/install/moveit_chomp_optimizer_adapter/lib:/home/albert/ws_moveit2/install/chomp_motion_planner/lib:/home/albert/ws_moveit2/install/moveit_core/lib:/home/albert/ws_moveit2/install/srdfdom/lib:/home/albert/ws_moveit2/install/rviz_marker_tools/lib:/home/albert/ws_moveit2/install/rosparam_shortcuts/lib:/home/albert/ws_moveit2/install/moveit_task_constructor_msgs/lib:/home/albert/umov_ws/install/arduinobot_remote/lib:/home/albert/umov_ws/install/arduino_cpp_examples/lib:/home/albert/umov_ws/install/arduinobot_controller/lib:/home/albert/udem2_ws/install/final_project_cpp/lib:/home/albert/udem2_ws/install/robot_interfaces/lib:/home/albert/udem2_ws/install/components_cpp/lib:/home/albert/udem_ws/install/my_robot_interfaces/lib:/home/albert/bcdc_ws/install/aggiebot_msgs/lib:/home/albert/bcdc_ws/install/agbot_msgs/lib:/home/albert/arduinobot_ws/install/arduinobot_remote/lib:/home/albert/arduinobot_ws/install/arduinobot_cpp_examples/lib:/home/albert/arduinobot_ws/install/arduinobot_msgs/lib:/usr/lib/x86_64-linux-gnu/gazebo-11/plugins:/opt/ros/humble/opt/rviz_ogre_vendor/lib:/opt/ros/humble/lib/x86_64-linux-gnu:/opt/ros/humble/lib:/usr/share/gazebo/../../lib/x86_64-linux-gnu/gazebo-11/plugins /home/albert/.local/bin/cmake --build /home/albert/umov_ws/build/arduinobot_remote -- -j8 -l8
[105.622s] DEBUG:colcon.colcon_core.event_handler.log_command:Invoked command in '/home/albert/umov_ws/build/arduinobot_utils' returned '0': CMAKE_PREFIX_PATH=/home/albert/umov_ws/install/arduinobot_msgs:/home/albert/ag_arm_ws/install/arm_setup_moveit:/home/albert/ag_arm_ws/install/arm_moveit:/home/albert/ag_arm_ws/install/arm_description:/home/albert/ag_arm_ws/install/arm_cpp:/home/albert/ag_arm_ws/install/arm_controller:/home/albert/ws_moveit2/install/pilz_industrial_motion_planner_testutils:/home/albert/ws_moveit2/install/moveit_runtime:/home/albert/ws_moveit2/install/moveit2_tutorials:/home/albert/ws_moveit2/install/moveit:/home/albert/ws_moveit2/install/moveit_planners:/home/albert/ws_moveit2/install/pilz_industrial_motion_planner:/home/albert/ws_moveit2/install/moveit_visual_tools:/home/albert/ws_moveit2/install/moveit_task_constructor_visualization:/home/albert/ws_moveit2/install/moveit_task_constructor_demo:/home/albert/ws_moveit2/install/moveit_task_constructor_capabilities:/home/albert/ws_moveit2/install/moveit_task_constructor_core:/home/albert/ws_moveit2/install/moveit_ros_control_interface:/home/albert/ws_moveit2/install/moveit_plugins:/home/albert/ws_moveit2/install/moveit_simple_controller_manager:/home/albert/ws_moveit2/install/moveit_setup_assistant:/home/albert/ws_moveit2/install/moveit_setup_srdf_plugins:/home/albert/ws_moveit2/install/moveit_setup_core_plugins:/home/albert/ws_moveit2/install/moveit_setup_controllers:/home/albert/ws_moveit2/install/moveit_setup_app_plugins:/home/albert/ws_moveit2/install/moveit_setup_framework:/home/albert/ws_moveit2/install/moveit_servo:/home/albert/ws_moveit2/install/moveit_ros:/home/albert/ws_moveit2/install/moveit_ros_visualization:/home/albert/ws_moveit2/install/moveit_hybrid_planning:/home/albert/ws_moveit2/install/moveit_ros_planning_interface:/home/albert/ws_moveit2/install/moveit_ros_benchmarks:/home/albert/ws_moveit2/install/moveit_ros_warehouse:/home/albert/ws_moveit2/install/moveit_ros_robot_interaction:/home/albert/ws_moveit2/install/moveit_ros_perception:/home/albert/ws_moveit2/install/moveit_resources_prbt_pg70_support:/home/albert/ws_moveit2/install/moveit_resources_prbt_moveit_config:/home/albert/ws_moveit2/install/moveit_ros_move_group:/home/albert/ws_moveit2/install/moveit_planners_ompl:/home/albert/ws_moveit2/install/moveit_ros_planning:/home/albert/ws_moveit2/install/moveit_ros_occupancy_map_monitor:/home/albert/ws_moveit2/install/moveit_resources_prbt_ikfast_manipulator_plugin:/home/albert/ws_moveit2/install/moveit_planners_chomp:/home/albert/ws_moveit2/install/moveit_kinematics:/home/albert/ws_moveit2/install/moveit_chomp_optimizer_adapter:/home/albert/ws_moveit2/install/chomp_motion_planner:/home/albert/ws_moveit2/install/moveit_core:/home/albert/ws_moveit2/install/srdfdom:/home/albert/ws_moveit2/install/rviz_marker_tools:/home/albert/ws_moveit2/install/rosparam_shortcuts:/home/albert/ws_moveit2/install/moveit_task_constructor_msgs:/home/albert/ws_moveit2/install/moveit_resources_prbt_support:/home/albert/ws_moveit2/install/moveit_resources:/home/albert/ws_moveit2/install/moveit_resources_pr2_description:/home/albert/ws_moveit2/install/moveit_resources_panda_moveit_config:/home/albert/ws_moveit2/install/moveit_resources_panda_description:/home/albert/ws_moveit2/install/moveit_resources_fanuc_moveit_config:/home/albert/ws_moveit2/install/moveit_resources_fanuc_description:/home/albert/ws_moveit2/install/moveit_common:/home/albert/umov_ws/install/description:/home/albert/umov_ws/install/arduinobot_utils:/home/albert/umov_ws/install/arduinobot_remote:/home/albert/umov_ws/install/arduino_cpp_examples:/home/albert/umov_ws/install/arduinobot_moveit:/home/albert/umov_ws/install/arduinobot_firmware:/home/albert/umov_ws/install/arduinobot_controller:/home/albert/umov_ws/install/arduinobot_bringup:/home/albert/unav_ws/install/turtlebot3_fake_node:/home/albert/unav_ws/install/robot_bringup:/home/albert/unav_ws/install/nav2_robot_description:/home/albert/udem2_ws/install/robot_bringup:/home/albert/udem2_ws/install/my_robot_bringup:/home/albert/udem2_ws/install/lifecycle_cpp:/home/albert/udem2_ws/install/final_project_cpp:/home/albert/udem2_ws/install/actions_cpp:/home/albert/udem2_ws/install/robot_interfaces:/home/albert/udem2_ws/install/executors_cpp:/home/albert/udem2_ws/install/components_cpp:/home/albert/udem_ws/install/my_robot_bringup:/home/albert/udem_ws/install/my_cpp_pkg:/home/albert/udem_ws/install/my_robot_interfaces:/home/albert/udem_ws/install/my_robot_description:/home/albert/udem_ws/install/lifecycle_cpp:/home/albert/bcdc_ws/install/aggiebot_cpp:/home/albert/bcdc_ws/install/aggiebot_msgs:/home/albert/bcdc_ws/install/aggiebot_description:/home/albert/bcdc_ws/install/aggiebot_controller:/home/albert/bcdc_ws/install/aggiebot_bringup:/home/albert/bcdc_ws/install/aggiebot_arm_moveit:/home/albert/bcdc_ws/install/aggiebot_arm_description:/home/albert/bcdc_ws/install/aggiebot_arm_controller:/home/albert/bcdc_ws/install/agbot_setup_moveit:/home/albert/bcdc_ws/install/agbot_cpp:/home/albert/bcdc_ws/install/agbot_msgs:/home/albert/bcdc_ws/install/agbot_moveit:/home/albert/bcdc_ws/install/agbot_description:/home/albert/bcdc_ws/install/agbot_controller:/home/albert/bcdc_ws/install/agbot_bringup:/home/albert/bcdc_ws/install/agbot_arm_controller:/home/albert/arduinobot_ws/install/arduinobot_utils:/home/albert/arduinobot_ws/install/arduinobot_remote:/home/albert/arduinobot_ws/install/arduinobot_cpp_examples:/home/albert/arduinobot_ws/install/arduinobot_msgs:/home/albert/arduinobot_ws/install/arduinobot_moveit_setup:/home/albert/arduinobot_ws/install/arduinobot_moveit:/home/albert/arduinobot_ws/install/arduinobot_description:/home/albert/arduinobot_ws/install/arduinobot_controller:/home/albert/rad_ws/install/agbot_full_nav2:/home/albert/rad_ws/install/agbot_full_msgs:/home/albert/rad_ws/install/agbot_full_moveit_setup:/home/albert/rad_ws/install/agbot_full_moveit:/home/albert/rad_ws/install/agbot_full_description:/home/albert/rad_ws/install/agbot_full_cpp:/home/albert/rad_ws/install/agbot_full_controller:/home/albert/rad_ws/install/agbot_full_cartogropher:/home/albert/dev_ws/install/my_bot:/home/albert/ag_car_ws/install/car_nav2:/home/albert/ag_car_ws/install/car_description:/home/albert/ag_car_ws/install/car_controller:/home/albert/ag_car_ws/install/car_cartographer:/home/albert/ws_moveit2/install/moveit_configs_utils:/home/albert/ws_moveit2/install/launch_param_builder:/home/albert/umov_ws/install/arduino_py_examples:/home/albert/udem2_ws/install/actions_py:/home/albert/udem2_ws/install/lifecycle_py:/home/albert/udem2_ws/install/executors_py:/home/albert/udem2_ws/install/components_py:/home/albert/udem_ws/install/turtlesim_catcher:/home/albert/udem_ws/install/my_py_pkg:/home/albert/udem_ws/install/lifecycle_py:/home/albert/bcdc_ws/install/agbot_teleop:/home/albert/bcdc_ws/install/agbot_py:/home/albert/arduinobot_ws/install/arduinobot_py_examples:/opt/ros/humble LD_LIBRARY_PATH=/home/albert/umov_ws/install/arduinobot_msgs/lib:/home/albert/ws_moveit2/install/pilz_industrial_motion_planner_testutils/lib:/home/albert/ws_moveit2/install/pilz_industrial_motion_planner/lib:/home/albert/ws_moveit2/install/moveit_visual_tools/lib:/home/albert/ws_moveit2/install/moveit_task_constructor_visualization/lib:/home/albert/ws_moveit2/install/moveit_task_constructor_demo/lib:/home/albert/ws_moveit2/install/moveit_task_constructor_capabilities/lib:/home/albert/ws_moveit2/install/moveit_task_constructor_core/lib:/home/albert/ws_moveit2/install/moveit_ros_control_interface/lib:/home/albert/ws_moveit2/install/moveit_simple_controller_manager/lib:/home/albert/ws_moveit2/install/moveit_setup_assistant/lib:/home/albert/ws_moveit2/install/moveit_setup_srdf_plugins/lib:/home/albert/ws_moveit2/install/moveit_setup_core_plugins/lib:/home/albert/ws_moveit2/install/moveit_setup_controllers/lib:/home/albert/ws_moveit2/install/moveit_setup_app_plugins/lib:/home/albert/ws_moveit2/install/moveit_setup_framework/lib:/home/albert/ws_moveit2/install/moveit_servo/lib:/home/albert/ws_moveit2/install/moveit_ros_visualization/lib:/home/albert/ws_moveit2/install/moveit_hybrid_planning/lib:/home/albert/ws_moveit2/install/moveit_ros_planning_interface/lib:/home/albert/ws_moveit2/install/moveit_ros_benchmarks/lib:/home/albert/ws_moveit2/install/moveit_ros_warehouse/lib:/home/albert/ws_moveit2/install/moveit_ros_robot_interaction/lib:/home/albert/ws_moveit2/install/moveit_ros_perception/lib:/home/albert/ws_moveit2/install/moveit_ros_move_group/lib:/home/albert/ws_moveit2/install/moveit_planners_ompl/lib:/home/albert/ws_moveit2/install/moveit_ros_planning/lib:/home/albert/ws_moveit2/install/moveit_ros_occupancy_map_monitor/lib:/home/albert/ws_moveit2/install/moveit_resources_prbt_ikfast_manipulator_plugin/lib:/home/albert/ws_moveit2/install/moveit_planners_chomp/lib:/home/albert/ws_moveit2/install/moveit_kinematics/lib:/home/albert/ws_moveit2/install/moveit_chomp_optimizer_adapter/lib:/home/albert/ws_moveit2/install/chomp_motion_planner/lib:/home/albert/ws_moveit2/install/moveit_core/lib:/home/albert/ws_moveit2/install/srdfdom/lib:/home/albert/ws_moveit2/install/rviz_marker_tools/lib:/home/albert/ws_moveit2/install/rosparam_shortcuts/lib:/home/albert/ws_moveit2/install/moveit_task_constructor_msgs/lib:/home/albert/umov_ws/install/arduinobot_remote/lib:/home/albert/umov_ws/install/arduino_cpp_examples/lib:/home/albert/umov_ws/install/arduinobot_controller/lib:/home/albert/udem2_ws/install/final_project_cpp/lib:/home/albert/udem2_ws/install/robot_interfaces/lib:/home/albert/udem2_ws/install/components_cpp/lib:/home/albert/udem_ws/install/my_robot_interfaces/lib:/home/albert/bcdc_ws/install/aggiebot_msgs/lib:/home/albert/bcdc_ws/install/agbot_msgs/lib:/home/albert/arduinobot_ws/install/arduinobot_remote/lib:/home/albert/arduinobot_ws/install/arduinobot_cpp_examples/lib:/home/albert/arduinobot_ws/install/arduinobot_msgs/lib:/usr/lib/x86_64-linux-gnu/gazebo-11/plugins:/opt/ros/humble/opt/rviz_ogre_vendor/lib:/opt/ros/humble/lib/x86_64-linux-gnu:/opt/ros/humble/lib:/usr/share/gazebo/../../lib/x86_64-linux-gnu/gazebo-11/plugins /home/albert/.local/bin/cmake --build /home/albert/umov_ws/build/arduinobot_utils -- -j8 -l8
[105.629s] DEBUG:colcon.colcon_core.event_handler.log_command:Invoking command in '/home/albert/umov_ws/build/arduinobot_utils': CMAKE_PREFIX_PATH=/home/albert/umov_ws/install/arduinobot_msgs:/home/albert/ag_arm_ws/install/arm_setup_moveit:/home/albert/ag_arm_ws/install/arm_moveit:/home/albert/ag_arm_ws/install/arm_description:/home/albert/ag_arm_ws/install/arm_cpp:/home/albert/ag_arm_ws/install/arm_controller:/home/albert/ws_moveit2/install/pilz_industrial_motion_planner_testutils:/home/albert/ws_moveit2/install/moveit_runtime:/home/albert/ws_moveit2/install/moveit2_tutorials:/home/albert/ws_moveit2/install/moveit:/home/albert/ws_moveit2/install/moveit_planners:/home/albert/ws_moveit2/install/pilz_industrial_motion_planner:/home/albert/ws_moveit2/install/moveit_visual_tools:/home/albert/ws_moveit2/install/moveit_task_constructor_visualization:/home/albert/ws_moveit2/install/moveit_task_constructor_demo:/home/albert/ws_moveit2/install/moveit_task_constructor_capabilities:/home/albert/ws_moveit2/install/moveit_task_constructor_core:/home/albert/ws_moveit2/install/moveit_ros_control_interface:/home/albert/ws_moveit2/install/moveit_plugins:/home/albert/ws_moveit2/install/moveit_simple_controller_manager:/home/albert/ws_moveit2/install/moveit_setup_assistant:/home/albert/ws_moveit2/install/moveit_setup_srdf_plugins:/home/albert/ws_moveit2/install/moveit_setup_core_plugins:/home/albert/ws_moveit2/install/moveit_setup_controllers:/home/albert/ws_moveit2/install/moveit_setup_app_plugins:/home/albert/ws_moveit2/install/moveit_setup_framework:/home/albert/ws_moveit2/install/moveit_servo:/home/albert/ws_moveit2/install/moveit_ros:/home/albert/ws_moveit2/install/moveit_ros_visualization:/home/albert/ws_moveit2/install/moveit_hybrid_planning:/home/albert/ws_moveit2/install/moveit_ros_planning_interface:/home/albert/ws_moveit2/install/moveit_ros_benchmarks:/home/albert/ws_moveit2/install/moveit_ros_warehouse:/home/albert/ws_moveit2/install/moveit_ros_robot_interaction:/home/albert/ws_moveit2/install/moveit_ros_perception:/home/albert/ws_moveit2/install/moveit_resources_prbt_pg70_support:/home/albert/ws_moveit2/install/moveit_resources_prbt_moveit_config:/home/albert/ws_moveit2/install/moveit_ros_move_group:/home/albert/ws_moveit2/install/moveit_planners_ompl:/home/albert/ws_moveit2/install/moveit_ros_planning:/home/albert/ws_moveit2/install/moveit_ros_occupancy_map_monitor:/home/albert/ws_moveit2/install/moveit_resources_prbt_ikfast_manipulator_plugin:/home/albert/ws_moveit2/install/moveit_planners_chomp:/home/albert/ws_moveit2/install/moveit_kinematics:/home/albert/ws_moveit2/install/moveit_chomp_optimizer_adapter:/home/albert/ws_moveit2/install/chomp_motion_planner:/home/albert/ws_moveit2/install/moveit_core:/home/albert/ws_moveit2/install/srdfdom:/home/albert/ws_moveit2/install/rviz_marker_tools:/home/albert/ws_moveit2/install/rosparam_shortcuts:/home/albert/ws_moveit2/install/moveit_task_constructor_msgs:/home/albert/ws_moveit2/install/moveit_resources_prbt_support:/home/albert/ws_moveit2/install/moveit_resources:/home/albert/ws_moveit2/install/moveit_resources_pr2_description:/home/albert/ws_moveit2/install/moveit_resources_panda_moveit_config:/home/albert/ws_moveit2/install/moveit_resources_panda_description:/home/albert/ws_moveit2/install/moveit_resources_fanuc_moveit_config:/home/albert/ws_moveit2/install/moveit_resources_fanuc_description:/home/albert/ws_moveit2/install/moveit_common:/home/albert/umov_ws/install/description:/home/albert/umov_ws/install/arduinobot_utils:/home/albert/umov_ws/install/arduinobot_remote:/home/albert/umov_ws/install/arduino_cpp_examples:/home/albert/umov_ws/install/arduinobot_moveit:/home/albert/umov_ws/install/arduinobot_firmware:/home/albert/umov_ws/install/arduinobot_controller:/home/albert/umov_ws/install/arduinobot_bringup:/home/albert/unav_ws/install/turtlebot3_fake_node:/home/albert/unav_ws/install/robot_bringup:/home/albert/unav_ws/install/nav2_robot_description:/home/albert/udem2_ws/install/robot_bringup:/home/albert/udem2_ws/install/my_robot_bringup:/home/albert/udem2_ws/install/lifecycle_cpp:/home/albert/udem2_ws/install/final_project_cpp:/home/albert/udem2_ws/install/actions_cpp:/home/albert/udem2_ws/install/robot_interfaces:/home/albert/udem2_ws/install/executors_cpp:/home/albert/udem2_ws/install/components_cpp:/home/albert/udem_ws/install/my_robot_bringup:/home/albert/udem_ws/install/my_cpp_pkg:/home/albert/udem_ws/install/my_robot_interfaces:/home/albert/udem_ws/install/my_robot_description:/home/albert/udem_ws/install/lifecycle_cpp:/home/albert/bcdc_ws/install/aggiebot_cpp:/home/albert/bcdc_ws/install/aggiebot_msgs:/home/albert/bcdc_ws/install/aggiebot_description:/home/albert/bcdc_ws/install/aggiebot_controller:/home/albert/bcdc_ws/install/aggiebot_bringup:/home/albert/bcdc_ws/install/aggiebot_arm_moveit:/home/albert/bcdc_ws/install/aggiebot_arm_description:/home/albert/bcdc_ws/install/aggiebot_arm_controller:/home/albert/bcdc_ws/install/agbot_setup_moveit:/home/albert/bcdc_ws/install/agbot_cpp:/home/albert/bcdc_ws/install/agbot_msgs:/home/albert/bcdc_ws/install/agbot_moveit:/home/albert/bcdc_ws/install/agbot_description:/home/albert/bcdc_ws/install/agbot_controller:/home/albert/bcdc_ws/install/agbot_bringup:/home/albert/bcdc_ws/install/agbot_arm_controller:/home/albert/arduinobot_ws/install/arduinobot_utils:/home/albert/arduinobot_ws/install/arduinobot_remote:/home/albert/arduinobot_ws/install/arduinobot_cpp_examples:/home/albert/arduinobot_ws/install/arduinobot_msgs:/home/albert/arduinobot_ws/install/arduinobot_moveit_setup:/home/albert/arduinobot_ws/install/arduinobot_moveit:/home/albert/arduinobot_ws/install/arduinobot_description:/home/albert/arduinobot_ws/install/arduinobot_controller:/home/albert/rad_ws/install/agbot_full_nav2:/home/albert/rad_ws/install/agbot_full_msgs:/home/albert/rad_ws/install/agbot_full_moveit_setup:/home/albert/rad_ws/install/agbot_full_moveit:/home/albert/rad_ws/install/agbot_full_description:/home/albert/rad_ws/install/agbot_full_cpp:/home/albert/rad_ws/install/agbot_full_controller:/home/albert/rad_ws/install/agbot_full_cartogropher:/home/albert/dev_ws/install/my_bot:/home/albert/ag_car_ws/install/car_nav2:/home/albert/ag_car_ws/install/car_description:/home/albert/ag_car_ws/install/car_controller:/home/albert/ag_car_ws/install/car_cartographer:/home/albert/ws_moveit2/install/moveit_configs_utils:/home/albert/ws_moveit2/install/launch_param_builder:/home/albert/umov_ws/install/arduino_py_examples:/home/albert/udem2_ws/install/actions_py:/home/albert/udem2_ws/install/lifecycle_py:/home/albert/udem2_ws/install/executors_py:/home/albert/udem2_ws/install/components_py:/home/albert/udem_ws/install/turtlesim_catcher:/home/albert/udem_ws/install/my_py_pkg:/home/albert/udem_ws/install/lifecycle_py:/home/albert/bcdc_ws/install/agbot_teleop:/home/albert/bcdc_ws/install/agbot_py:/home/albert/arduinobot_ws/install/arduinobot_py_examples:/opt/ros/humble LD_LIBRARY_PATH=/home/albert/umov_ws/install/arduinobot_msgs/lib:/home/albert/ws_moveit2/install/pilz_industrial_motion_planner_testutils/lib:/home/albert/ws_moveit2/install/pilz_industrial_motion_planner/lib:/home/albert/ws_moveit2/install/moveit_visual_tools/lib:/home/albert/ws_moveit2/install/moveit_task_constructor_visualization/lib:/home/albert/ws_moveit2/install/moveit_task_constructor_demo/lib:/home/albert/ws_moveit2/install/moveit_task_constructor_capabilities/lib:/home/albert/ws_moveit2/install/moveit_task_constructor_core/lib:/home/albert/ws_moveit2/install/moveit_ros_control_interface/lib:/home/albert/ws_moveit2/install/moveit_simple_controller_manager/lib:/home/albert/ws_moveit2/install/moveit_setup_assistant/lib:/home/albert/ws_moveit2/install/moveit_setup_srdf_plugins/lib:/home/albert/ws_moveit2/install/moveit_setup_core_plugins/lib:/home/albert/ws_moveit2/install/moveit_setup_controllers/lib:/home/albert/ws_moveit2/install/moveit_setup_app_plugins/lib:/home/albert/ws_moveit2/install/moveit_setup_framework/lib:/home/albert/ws_moveit2/install/moveit_servo/lib:/home/albert/ws_moveit2/install/moveit_ros_visualization/lib:/home/albert/ws_moveit2/install/moveit_hybrid_planning/lib:/home/albert/ws_moveit2/install/moveit_ros_planning_interface/lib:/home/albert/ws_moveit2/install/moveit_ros_benchmarks/lib:/home/albert/ws_moveit2/install/moveit_ros_warehouse/lib:/home/albert/ws_moveit2/install/moveit_ros_robot_interaction/lib:/home/albert/ws_moveit2/install/moveit_ros_perception/lib:/home/albert/ws_moveit2/install/moveit_ros_move_group/lib:/home/albert/ws_moveit2/install/moveit_planners_ompl/lib:/home/albert/ws_moveit2/install/moveit_ros_planning/lib:/home/albert/ws_moveit2/install/moveit_ros_occupancy_map_monitor/lib:/home/albert/ws_moveit2/install/moveit_resources_prbt_ikfast_manipulator_plugin/lib:/home/albert/ws_moveit2/install/moveit_planners_chomp/lib:/home/albert/ws_moveit2/install/moveit_kinematics/lib:/home/albert/ws_moveit2/install/moveit_chomp_optimizer_adapter/lib:/home/albert/ws_moveit2/install/chomp_motion_planner/lib:/home/albert/ws_moveit2/install/moveit_core/lib:/home/albert/ws_moveit2/install/srdfdom/lib:/home/albert/ws_moveit2/install/rviz_marker_tools/lib:/home/albert/ws_moveit2/install/rosparam_shortcuts/lib:/home/albert/ws_moveit2/install/moveit_task_constructor_msgs/lib:/home/albert/umov_ws/install/arduinobot_remote/lib:/home/albert/umov_ws/install/arduino_cpp_examples/lib:/home/albert/umov_ws/install/arduinobot_controller/lib:/home/albert/udem2_ws/install/final_project_cpp/lib:/home/albert/udem2_ws/install/robot_interfaces/lib:/home/albert/udem2_ws/install/components_cpp/lib:/home/albert/udem_ws/install/my_robot_interfaces/lib:/home/albert/bcdc_ws/install/aggiebot_msgs/lib:/home/albert/bcdc_ws/install/agbot_msgs/lib:/home/albert/arduinobot_ws/install/arduinobot_remote/lib:/home/albert/arduinobot_ws/install/arduinobot_cpp_examples/lib:/home/albert/arduinobot_ws/install/arduinobot_msgs/lib:/usr/lib/x86_64-linux-gnu/gazebo-11/plugins:/opt/ros/humble/opt/rviz_ogre_vendor/lib:/opt/ros/humble/lib/x86_64-linux-gnu:/opt/ros/humble/lib:/usr/share/gazebo/../../lib/x86_64-linux-gnu/gazebo-11/plugins /home/albert/.local/bin/cmake --install /home/albert/umov_ws/build/arduinobot_utils
[105.810s] Level 1:colcon.colcon_core.environment:create_environment_scripts_only(arduinobot_utils)
[105.811s] Level 1:colcon.colcon_core.environment:checking '/home/albert/umov_ws/install/arduinobot_utils' for CMake module files
[105.817s] DEBUG:colcon.colcon_core.event_handler.log_command:Invoked command in '/home/albert/umov_ws/build/arduinobot_utils' returned '0': CMAKE_PREFIX_PATH=/home/albert/umov_ws/install/arduinobot_msgs:/home/albert/ag_arm_ws/install/arm_setup_moveit:/home/albert/ag_arm_ws/install/arm_moveit:/home/albert/ag_arm_ws/install/arm_description:/home/albert/ag_arm_ws/install/arm_cpp:/home/albert/ag_arm_ws/install/arm_controller:/home/albert/ws_moveit2/install/pilz_industrial_motion_planner_testutils:/home/albert/ws_moveit2/install/moveit_runtime:/home/albert/ws_moveit2/install/moveit2_tutorials:/home/albert/ws_moveit2/install/moveit:/home/albert/ws_moveit2/install/moveit_planners:/home/albert/ws_moveit2/install/pilz_industrial_motion_planner:/home/albert/ws_moveit2/install/moveit_visual_tools:/home/albert/ws_moveit2/install/moveit_task_constructor_visualization:/home/albert/ws_moveit2/install/moveit_task_constructor_demo:/home/albert/ws_moveit2/install/moveit_task_constructor_capabilities:/home/albert/ws_moveit2/install/moveit_task_constructor_core:/home/albert/ws_moveit2/install/moveit_ros_control_interface:/home/albert/ws_moveit2/install/moveit_plugins:/home/albert/ws_moveit2/install/moveit_simple_controller_manager:/home/albert/ws_moveit2/install/moveit_setup_assistant:/home/albert/ws_moveit2/install/moveit_setup_srdf_plugins:/home/albert/ws_moveit2/install/moveit_setup_core_plugins:/home/albert/ws_moveit2/install/moveit_setup_controllers:/home/albert/ws_moveit2/install/moveit_setup_app_plugins:/home/albert/ws_moveit2/install/moveit_setup_framework:/home/albert/ws_moveit2/install/moveit_servo:/home/albert/ws_moveit2/install/moveit_ros:/home/albert/ws_moveit2/install/moveit_ros_visualization:/home/albert/ws_moveit2/install/moveit_hybrid_planning:/home/albert/ws_moveit2/install/moveit_ros_planning_interface:/home/albert/ws_moveit2/install/moveit_ros_benchmarks:/home/albert/ws_moveit2/install/moveit_ros_warehouse:/home/albert/ws_moveit2/install/moveit_ros_robot_interaction:/home/albert/ws_moveit2/install/moveit_ros_perception:/home/albert/ws_moveit2/install/moveit_resources_prbt_pg70_support:/home/albert/ws_moveit2/install/moveit_resources_prbt_moveit_config:/home/albert/ws_moveit2/install/moveit_ros_move_group:/home/albert/ws_moveit2/install/moveit_planners_ompl:/home/albert/ws_moveit2/install/moveit_ros_planning:/home/albert/ws_moveit2/install/moveit_ros_occupancy_map_monitor:/home/albert/ws_moveit2/install/moveit_resources_prbt_ikfast_manipulator_plugin:/home/albert/ws_moveit2/install/moveit_planners_chomp:/home/albert/ws_moveit2/install/moveit_kinematics:/home/albert/ws_moveit2/install/moveit_chomp_optimizer_adapter:/home/albert/ws_moveit2/install/chomp_motion_planner:/home/albert/ws_moveit2/install/moveit_core:/home/albert/ws_moveit2/install/srdfdom:/home/albert/ws_moveit2/install/rviz_marker_tools:/home/albert/ws_moveit2/install/rosparam_shortcuts:/home/albert/ws_moveit2/install/moveit_task_constructor_msgs:/home/albert/ws_moveit2/install/moveit_resources_prbt_support:/home/albert/ws_moveit2/install/moveit_resources:/home/albert/ws_moveit2/install/moveit_resources_pr2_description:/home/albert/ws_moveit2/install/moveit_resources_panda_moveit_config:/home/albert/ws_moveit2/install/moveit_resources_panda_description:/home/albert/ws_moveit2/install/moveit_resources_fanuc_moveit_config:/home/albert/ws_moveit2/install/moveit_resources_fanuc_description:/home/albert/ws_moveit2/install/moveit_common:/home/albert/umov_ws/install/description:/home/albert/umov_ws/install/arduinobot_utils:/home/albert/umov_ws/install/arduinobot_remote:/home/albert/umov_ws/install/arduino_cpp_examples:/home/albert/umov_ws/install/arduinobot_moveit:/home/albert/umov_ws/install/arduinobot_firmware:/home/albert/umov_ws/install/arduinobot_controller:/home/albert/umov_ws/install/arduinobot_bringup:/home/albert/unav_ws/install/turtlebot3_fake_node:/home/albert/unav_ws/install/robot_bringup:/home/albert/unav_ws/install/nav2_robot_description:/home/albert/udem2_ws/install/robot_bringup:/home/albert/udem2_ws/install/my_robot_bringup:/home/albert/udem2_ws/install/lifecycle_cpp:/home/albert/udem2_ws/install/final_project_cpp:/home/albert/udem2_ws/install/actions_cpp:/home/albert/udem2_ws/install/robot_interfaces:/home/albert/udem2_ws/install/executors_cpp:/home/albert/udem2_ws/install/components_cpp:/home/albert/udem_ws/install/my_robot_bringup:/home/albert/udem_ws/install/my_cpp_pkg:/home/albert/udem_ws/install/my_robot_interfaces:/home/albert/udem_ws/install/my_robot_description:/home/albert/udem_ws/install/lifecycle_cpp:/home/albert/bcdc_ws/install/aggiebot_cpp:/home/albert/bcdc_ws/install/aggiebot_msgs:/home/albert/bcdc_ws/install/aggiebot_description:/home/albert/bcdc_ws/install/aggiebot_controller:/home/albert/bcdc_ws/install/aggiebot_bringup:/home/albert/bcdc_ws/install/aggiebot_arm_moveit:/home/albert/bcdc_ws/install/aggiebot_arm_description:/home/albert/bcdc_ws/install/aggiebot_arm_controller:/home/albert/bcdc_ws/install/agbot_setup_moveit:/home/albert/bcdc_ws/install/agbot_cpp:/home/albert/bcdc_ws/install/agbot_msgs:/home/albert/bcdc_ws/install/agbot_moveit:/home/albert/bcdc_ws/install/agbot_description:/home/albert/bcdc_ws/install/agbot_controller:/home/albert/bcdc_ws/install/agbot_bringup:/home/albert/bcdc_ws/install/agbot_arm_controller:/home/albert/arduinobot_ws/install/arduinobot_utils:/home/albert/arduinobot_ws/install/arduinobot_remote:/home/albert/arduinobot_ws/install/arduinobot_cpp_examples:/home/albert/arduinobot_ws/install/arduinobot_msgs:/home/albert/arduinobot_ws/install/arduinobot_moveit_setup:/home/albert/arduinobot_ws/install/arduinobot_moveit:/home/albert/arduinobot_ws/install/arduinobot_description:/home/albert/arduinobot_ws/install/arduinobot_controller:/home/albert/rad_ws/install/agbot_full_nav2:/home/albert/rad_ws/install/agbot_full_msgs:/home/albert/rad_ws/install/agbot_full_moveit_setup:/home/albert/rad_ws/install/agbot_full_moveit:/home/albert/rad_ws/install/agbot_full_description:/home/albert/rad_ws/install/agbot_full_cpp:/home/albert/rad_ws/install/agbot_full_controller:/home/albert/rad_ws/install/agbot_full_cartogropher:/home/albert/dev_ws/install/my_bot:/home/albert/ag_car_ws/install/car_nav2:/home/albert/ag_car_ws/install/car_description:/home/albert/ag_car_ws/install/car_controller:/home/albert/ag_car_ws/install/car_cartographer:/home/albert/ws_moveit2/install/moveit_configs_utils:/home/albert/ws_moveit2/install/launch_param_builder:/home/albert/umov_ws/install/arduino_py_examples:/home/albert/udem2_ws/install/actions_py:/home/albert/udem2_ws/install/lifecycle_py:/home/albert/udem2_ws/install/executors_py:/home/albert/udem2_ws/install/components_py:/home/albert/udem_ws/install/turtlesim_catcher:/home/albert/udem_ws/install/my_py_pkg:/home/albert/udem_ws/install/lifecycle_py:/home/albert/bcdc_ws/install/agbot_teleop:/home/albert/bcdc_ws/install/agbot_py:/home/albert/arduinobot_ws/install/arduinobot_py_examples:/opt/ros/humble LD_LIBRARY_PATH=/home/albert/umov_ws/install/arduinobot_msgs/lib:/home/albert/ws_moveit2/install/pilz_industrial_motion_planner_testutils/lib:/home/albert/ws_moveit2/install/pilz_industrial_motion_planner/lib:/home/albert/ws_moveit2/install/moveit_visual_tools/lib:/home/albert/ws_moveit2/install/moveit_task_constructor_visualization/lib:/home/albert/ws_moveit2/install/moveit_task_constructor_demo/lib:/home/albert/ws_moveit2/install/moveit_task_constructor_capabilities/lib:/home/albert/ws_moveit2/install/moveit_task_constructor_core/lib:/home/albert/ws_moveit2/install/moveit_ros_control_interface/lib:/home/albert/ws_moveit2/install/moveit_simple_controller_manager/lib:/home/albert/ws_moveit2/install/moveit_setup_assistant/lib:/home/albert/ws_moveit2/install/moveit_setup_srdf_plugins/lib:/home/albert/ws_moveit2/install/moveit_setup_core_plugins/lib:/home/albert/ws_moveit2/install/moveit_setup_controllers/lib:/home/albert/ws_moveit2/install/moveit_setup_app_plugins/lib:/home/albert/ws_moveit2/install/moveit_setup_framework/lib:/home/albert/ws_moveit2/install/moveit_servo/lib:/home/albert/ws_moveit2/install/moveit_ros_visualization/lib:/home/albert/ws_moveit2/install/moveit_hybrid_planning/lib:/home/albert/ws_moveit2/install/moveit_ros_planning_interface/lib:/home/albert/ws_moveit2/install/moveit_ros_benchmarks/lib:/home/albert/ws_moveit2/install/moveit_ros_warehouse/lib:/home/albert/ws_moveit2/install/moveit_ros_robot_interaction/lib:/home/albert/ws_moveit2/install/moveit_ros_perception/lib:/home/albert/ws_moveit2/install/moveit_ros_move_group/lib:/home/albert/ws_moveit2/install/moveit_planners_ompl/lib:/home/albert/ws_moveit2/install/moveit_ros_planning/lib:/home/albert/ws_moveit2/install/moveit_ros_occupancy_map_monitor/lib:/home/albert/ws_moveit2/install/moveit_resources_prbt_ikfast_manipulator_plugin/lib:/home/albert/ws_moveit2/install/moveit_planners_chomp/lib:/home/albert/ws_moveit2/install/moveit_kinematics/lib:/home/albert/ws_moveit2/install/moveit_chomp_optimizer_adapter/lib:/home/albert/ws_moveit2/install/chomp_motion_planner/lib:/home/albert/ws_moveit2/install/moveit_core/lib:/home/albert/ws_moveit2/install/srdfdom/lib:/home/albert/ws_moveit2/install/rviz_marker_tools/lib:/home/albert/ws_moveit2/install/rosparam_shortcuts/lib:/home/albert/ws_moveit2/install/moveit_task_constructor_msgs/lib:/home/albert/umov_ws/install/arduinobot_remote/lib:/home/albert/umov_ws/install/arduino_cpp_examples/lib:/home/albert/umov_ws/install/arduinobot_controller/lib:/home/albert/udem2_ws/install/final_project_cpp/lib:/home/albert/udem2_ws/install/robot_interfaces/lib:/home/albert/udem2_ws/install/components_cpp/lib:/home/albert/udem_ws/install/my_robot_interfaces/lib:/home/albert/bcdc_ws/install/aggiebot_msgs/lib:/home/albert/bcdc_ws/install/agbot_msgs/lib:/home/albert/arduinobot_ws/install/arduinobot_remote/lib:/home/albert/arduinobot_ws/install/arduinobot_cpp_examples/lib:/home/albert/arduinobot_ws/install/arduinobot_msgs/lib:/usr/lib/x86_64-linux-gnu/gazebo-11/plugins:/opt/ros/humble/opt/rviz_ogre_vendor/lib:/opt/ros/humble/lib/x86_64-linux-gnu:/opt/ros/humble/lib:/usr/share/gazebo/../../lib/x86_64-linux-gnu/gazebo-11/plugins /home/albert/.local/bin/cmake --install /home/albert/umov_ws/build/arduinobot_utils
[105.818s] Level 1:colcon.colcon_core.environment:checking '/home/albert/umov_ws/install/arduinobot_utils' for CMake config files
[105.819s] Level 1:colcon.colcon_core.shell:create_environment_hook('arduinobot_utils', 'cmake_prefix_path')
[105.821s] INFO:colcon.colcon_core.shell:Creating environment hook '/home/albert/umov_ws/install/arduinobot_utils/share/arduinobot_utils/hook/cmake_prefix_path.ps1'
[105.823s] INFO:colcon.colcon_core.shell:Creating environment descriptor '/home/albert/umov_ws/install/arduinobot_utils/share/arduinobot_utils/hook/cmake_prefix_path.dsv'
[105.824s] INFO:colcon.colcon_core.shell:Creating environment hook '/home/albert/umov_ws/install/arduinobot_utils/share/arduinobot_utils/hook/cmake_prefix_path.sh'
[105.825s] Level 1:colcon.colcon_core.environment:checking '/home/albert/umov_ws/install/arduinobot_utils/lib'
[105.826s] Level 1:colcon.colcon_core.environment:checking '/home/albert/umov_ws/install/arduinobot_utils/bin'
[105.833s] Level 1:colcon.colcon_core.environment:checking '/home/albert/umov_ws/install/arduinobot_utils/lib/pkgconfig/arduinobot_utils.pc'
[105.834s] Level 1:colcon.colcon_core.environment:checking '/home/albert/umov_ws/install/arduinobot_utils/lib/python3.10/site-packages'
[105.838s] Level 1:colcon.colcon_core.environment:checking '/home/albert/umov_ws/install/arduinobot_utils/bin'
[105.839s] INFO:colcon.colcon_core.shell:Creating package script '/home/albert/umov_ws/install/arduinobot_utils/share/arduinobot_utils/package.ps1'
[105.839s] INFO:colcon.colcon_core.shell:Creating package descriptor '/home/albert/umov_ws/install/arduinobot_utils/share/arduinobot_utils/package.dsv'
[105.849s] INFO:colcon.colcon_core.shell:Creating package script '/home/albert/umov_ws/install/arduinobot_utils/share/arduinobot_utils/package.sh'
[105.850s] INFO:colcon.colcon_core.shell:Creating package script '/home/albert/umov_ws/install/arduinobot_utils/share/arduinobot_utils/package.bash'
[105.851s] INFO:colcon.colcon_core.shell:Creating package script '/home/albert/umov_ws/install/arduinobot_utils/share/arduinobot_utils/package.zsh'
[105.851s] Level 1:colcon.colcon_core.environment:create_file_with_runtime_dependencies(/home/albert/umov_ws/install/arduinobot_utils/share/colcon-core/packages/arduinobot_utils)
[105.856s] Level 1:colcon.colcon_core.environment:create_environment_scripts_only(arduinobot_utils)
[105.856s] Level 1:colcon.colcon_core.environment:checking '/home/albert/umov_ws/install/arduinobot_utils' for CMake module files
[105.858s] Level 1:colcon.colcon_core.environment:checking '/home/albert/umov_ws/install/arduinobot_utils' for CMake config files
[105.858s] Level 1:colcon.colcon_core.shell:create_environment_hook('arduinobot_utils', 'cmake_prefix_path')
[105.859s] INFO:colcon.colcon_core.shell:Creating environment hook '/home/albert/umov_ws/install/arduinobot_utils/share/arduinobot_utils/hook/cmake_prefix_path.ps1'
[105.864s] INFO:colcon.colcon_core.shell:Creating environment descriptor '/home/albert/umov_ws/install/arduinobot_utils/share/arduinobot_utils/hook/cmake_prefix_path.dsv'
[105.865s] INFO:colcon.colcon_core.shell:Creating environment hook '/home/albert/umov_ws/install/arduinobot_utils/share/arduinobot_utils/hook/cmake_prefix_path.sh'
[105.866s] Level 1:colcon.colcon_core.environment:checking '/home/albert/umov_ws/install/arduinobot_utils/lib'
[105.866s] Level 1:colcon.colcon_core.environment:checking '/home/albert/umov_ws/install/arduinobot_utils/bin'
[105.867s] Level 1:colcon.colcon_core.environment:checking '/home/albert/umov_ws/install/arduinobot_utils/lib/pkgconfig/arduinobot_utils.pc'
[105.867s] Level 1:colcon.colcon_core.environment:checking '/home/albert/umov_ws/install/arduinobot_utils/lib/python3.10/site-packages'
[105.872s] Level 1:colcon.colcon_core.environment:checking '/home/albert/umov_ws/install/arduinobot_utils/bin'
[105.873s] INFO:colcon.colcon_core.shell:Creating package script '/home/albert/umov_ws/install/arduinobot_utils/share/arduinobot_utils/package.ps1'
[105.874s] INFO:colcon.colcon_core.shell:Creating package descriptor '/home/albert/umov_ws/install/arduinobot_utils/share/arduinobot_utils/package.dsv'
[105.879s] INFO:colcon.colcon_core.shell:Creating package script '/home/albert/umov_ws/install/arduinobot_utils/share/arduinobot_utils/package.sh'
[105.880s] INFO:colcon.colcon_core.shell:Creating package script '/home/albert/umov_ws/install/arduinobot_utils/share/arduinobot_utils/package.bash'
[105.884s] INFO:colcon.colcon_core.shell:Creating package script '/home/albert/umov_ws/install/arduinobot_utils/share/arduinobot_utils/package.zsh'
[105.886s] Level 1:colcon.colcon_core.environment:create_file_with_runtime_dependencies(/home/albert/umov_ws/install/arduinobot_utils/share/colcon-core/packages/arduinobot_utils)
[133.846s] DEBUG:colcon.colcon_core.event_handler.log_command:Invoked command in '/home/albert/umov_ws/build/arduinobot_remote' returned '0': CMAKE_PREFIX_PATH=/home/albert/umov_ws/install/arduinobot_msgs:/home/albert/ag_arm_ws/install/arm_setup_moveit:/home/albert/ag_arm_ws/install/arm_moveit:/home/albert/ag_arm_ws/install/arm_description:/home/albert/ag_arm_ws/install/arm_cpp:/home/albert/ag_arm_ws/install/arm_controller:/home/albert/ws_moveit2/install/pilz_industrial_motion_planner_testutils:/home/albert/ws_moveit2/install/moveit_runtime:/home/albert/ws_moveit2/install/moveit2_tutorials:/home/albert/ws_moveit2/install/moveit:/home/albert/ws_moveit2/install/moveit_planners:/home/albert/ws_moveit2/install/pilz_industrial_motion_planner:/home/albert/ws_moveit2/install/moveit_visual_tools:/home/albert/ws_moveit2/install/moveit_task_constructor_visualization:/home/albert/ws_moveit2/install/moveit_task_constructor_demo:/home/albert/ws_moveit2/install/moveit_task_constructor_capabilities:/home/albert/ws_moveit2/install/moveit_task_constructor_core:/home/albert/ws_moveit2/install/moveit_ros_control_interface:/home/albert/ws_moveit2/install/moveit_plugins:/home/albert/ws_moveit2/install/moveit_simple_controller_manager:/home/albert/ws_moveit2/install/moveit_setup_assistant:/home/albert/ws_moveit2/install/moveit_setup_srdf_plugins:/home/albert/ws_moveit2/install/moveit_setup_core_plugins:/home/albert/ws_moveit2/install/moveit_setup_controllers:/home/albert/ws_moveit2/install/moveit_setup_app_plugins:/home/albert/ws_moveit2/install/moveit_setup_framework:/home/albert/ws_moveit2/install/moveit_servo:/home/albert/ws_moveit2/install/moveit_ros:/home/albert/ws_moveit2/install/moveit_ros_visualization:/home/albert/ws_moveit2/install/moveit_hybrid_planning:/home/albert/ws_moveit2/install/moveit_ros_planning_interface:/home/albert/ws_moveit2/install/moveit_ros_benchmarks:/home/albert/ws_moveit2/install/moveit_ros_warehouse:/home/albert/ws_moveit2/install/moveit_ros_robot_interaction:/home/albert/ws_moveit2/install/moveit_ros_perception:/home/albert/ws_moveit2/install/moveit_resources_prbt_pg70_support:/home/albert/ws_moveit2/install/moveit_resources_prbt_moveit_config:/home/albert/ws_moveit2/install/moveit_ros_move_group:/home/albert/ws_moveit2/install/moveit_planners_ompl:/home/albert/ws_moveit2/install/moveit_ros_planning:/home/albert/ws_moveit2/install/moveit_ros_occupancy_map_monitor:/home/albert/ws_moveit2/install/moveit_resources_prbt_ikfast_manipulator_plugin:/home/albert/ws_moveit2/install/moveit_planners_chomp:/home/albert/ws_moveit2/install/moveit_kinematics:/home/albert/ws_moveit2/install/moveit_chomp_optimizer_adapter:/home/albert/ws_moveit2/install/chomp_motion_planner:/home/albert/ws_moveit2/install/moveit_core:/home/albert/ws_moveit2/install/srdfdom:/home/albert/ws_moveit2/install/rviz_marker_tools:/home/albert/ws_moveit2/install/rosparam_shortcuts:/home/albert/ws_moveit2/install/moveit_task_constructor_msgs:/home/albert/ws_moveit2/install/moveit_resources_prbt_support:/home/albert/ws_moveit2/install/moveit_resources:/home/albert/ws_moveit2/install/moveit_resources_pr2_description:/home/albert/ws_moveit2/install/moveit_resources_panda_moveit_config:/home/albert/ws_moveit2/install/moveit_resources_panda_description:/home/albert/ws_moveit2/install/moveit_resources_fanuc_moveit_config:/home/albert/ws_moveit2/install/moveit_resources_fanuc_description:/home/albert/ws_moveit2/install/moveit_common:/home/albert/umov_ws/install/description:/home/albert/umov_ws/install/arduinobot_utils:/home/albert/umov_ws/install/arduinobot_remote:/home/albert/umov_ws/install/arduino_cpp_examples:/home/albert/umov_ws/install/arduinobot_moveit:/home/albert/umov_ws/install/arduinobot_firmware:/home/albert/umov_ws/install/arduinobot_controller:/home/albert/umov_ws/install/arduinobot_bringup:/home/albert/unav_ws/install/turtlebot3_fake_node:/home/albert/unav_ws/install/robot_bringup:/home/albert/unav_ws/install/nav2_robot_description:/home/albert/udem2_ws/install/robot_bringup:/home/albert/udem2_ws/install/my_robot_bringup:/home/albert/udem2_ws/install/lifecycle_cpp:/home/albert/udem2_ws/install/final_project_cpp:/home/albert/udem2_ws/install/actions_cpp:/home/albert/udem2_ws/install/robot_interfaces:/home/albert/udem2_ws/install/executors_cpp:/home/albert/udem2_ws/install/components_cpp:/home/albert/udem_ws/install/my_robot_bringup:/home/albert/udem_ws/install/my_cpp_pkg:/home/albert/udem_ws/install/my_robot_interfaces:/home/albert/udem_ws/install/my_robot_description:/home/albert/udem_ws/install/lifecycle_cpp:/home/albert/bcdc_ws/install/aggiebot_cpp:/home/albert/bcdc_ws/install/aggiebot_msgs:/home/albert/bcdc_ws/install/aggiebot_description:/home/albert/bcdc_ws/install/aggiebot_controller:/home/albert/bcdc_ws/install/aggiebot_bringup:/home/albert/bcdc_ws/install/aggiebot_arm_moveit:/home/albert/bcdc_ws/install/aggiebot_arm_description:/home/albert/bcdc_ws/install/aggiebot_arm_controller:/home/albert/bcdc_ws/install/agbot_setup_moveit:/home/albert/bcdc_ws/install/agbot_cpp:/home/albert/bcdc_ws/install/agbot_msgs:/home/albert/bcdc_ws/install/agbot_moveit:/home/albert/bcdc_ws/install/agbot_description:/home/albert/bcdc_ws/install/agbot_controller:/home/albert/bcdc_ws/install/agbot_bringup:/home/albert/bcdc_ws/install/agbot_arm_controller:/home/albert/arduinobot_ws/install/arduinobot_utils:/home/albert/arduinobot_ws/install/arduinobot_remote:/home/albert/arduinobot_ws/install/arduinobot_cpp_examples:/home/albert/arduinobot_ws/install/arduinobot_msgs:/home/albert/arduinobot_ws/install/arduinobot_moveit_setup:/home/albert/arduinobot_ws/install/arduinobot_moveit:/home/albert/arduinobot_ws/install/arduinobot_description:/home/albert/arduinobot_ws/install/arduinobot_controller:/home/albert/rad_ws/install/agbot_full_nav2:/home/albert/rad_ws/install/agbot_full_msgs:/home/albert/rad_ws/install/agbot_full_moveit_setup:/home/albert/rad_ws/install/agbot_full_moveit:/home/albert/rad_ws/install/agbot_full_description:/home/albert/rad_ws/install/agbot_full_cpp:/home/albert/rad_ws/install/agbot_full_controller:/home/albert/rad_ws/install/agbot_full_cartogropher:/home/albert/dev_ws/install/my_bot:/home/albert/ag_car_ws/install/car_nav2:/home/albert/ag_car_ws/install/car_description:/home/albert/ag_car_ws/install/car_controller:/home/albert/ag_car_ws/install/car_cartographer:/home/albert/ws_moveit2/install/moveit_configs_utils:/home/albert/ws_moveit2/install/launch_param_builder:/home/albert/umov_ws/install/arduino_py_examples:/home/albert/udem2_ws/install/actions_py:/home/albert/udem2_ws/install/lifecycle_py:/home/albert/udem2_ws/install/executors_py:/home/albert/udem2_ws/install/components_py:/home/albert/udem_ws/install/turtlesim_catcher:/home/albert/udem_ws/install/my_py_pkg:/home/albert/udem_ws/install/lifecycle_py:/home/albert/bcdc_ws/install/agbot_teleop:/home/albert/bcdc_ws/install/agbot_py:/home/albert/arduinobot_ws/install/arduinobot_py_examples:/opt/ros/humble LD_LIBRARY_PATH=/home/albert/umov_ws/install/arduinobot_msgs/lib:/home/albert/ws_moveit2/install/pilz_industrial_motion_planner_testutils/lib:/home/albert/ws_moveit2/install/pilz_industrial_motion_planner/lib:/home/albert/ws_moveit2/install/moveit_visual_tools/lib:/home/albert/ws_moveit2/install/moveit_task_constructor_visualization/lib:/home/albert/ws_moveit2/install/moveit_task_constructor_demo/lib:/home/albert/ws_moveit2/install/moveit_task_constructor_capabilities/lib:/home/albert/ws_moveit2/install/moveit_task_constructor_core/lib:/home/albert/ws_moveit2/install/moveit_ros_control_interface/lib:/home/albert/ws_moveit2/install/moveit_simple_controller_manager/lib:/home/albert/ws_moveit2/install/moveit_setup_assistant/lib:/home/albert/ws_moveit2/install/moveit_setup_srdf_plugins/lib:/home/albert/ws_moveit2/install/moveit_setup_core_plugins/lib:/home/albert/ws_moveit2/install/moveit_setup_controllers/lib:/home/albert/ws_moveit2/install/moveit_setup_app_plugins/lib:/home/albert/ws_moveit2/install/moveit_setup_framework/lib:/home/albert/ws_moveit2/install/moveit_servo/lib:/home/albert/ws_moveit2/install/moveit_ros_visualization/lib:/home/albert/ws_moveit2/install/moveit_hybrid_planning/lib:/home/albert/ws_moveit2/install/moveit_ros_planning_interface/lib:/home/albert/ws_moveit2/install/moveit_ros_benchmarks/lib:/home/albert/ws_moveit2/install/moveit_ros_warehouse/lib:/home/albert/ws_moveit2/install/moveit_ros_robot_interaction/lib:/home/albert/ws_moveit2/install/moveit_ros_perception/lib:/home/albert/ws_moveit2/install/moveit_ros_move_group/lib:/home/albert/ws_moveit2/install/moveit_planners_ompl/lib:/home/albert/ws_moveit2/install/moveit_ros_planning/lib:/home/albert/ws_moveit2/install/moveit_ros_occupancy_map_monitor/lib:/home/albert/ws_moveit2/install/moveit_resources_prbt_ikfast_manipulator_plugin/lib:/home/albert/ws_moveit2/install/moveit_planners_chomp/lib:/home/albert/ws_moveit2/install/moveit_kinematics/lib:/home/albert/ws_moveit2/install/moveit_chomp_optimizer_adapter/lib:/home/albert/ws_moveit2/install/chomp_motion_planner/lib:/home/albert/ws_moveit2/install/moveit_core/lib:/home/albert/ws_moveit2/install/srdfdom/lib:/home/albert/ws_moveit2/install/rviz_marker_tools/lib:/home/albert/ws_moveit2/install/rosparam_shortcuts/lib:/home/albert/ws_moveit2/install/moveit_task_constructor_msgs/lib:/home/albert/umov_ws/install/arduinobot_remote/lib:/home/albert/umov_ws/install/arduino_cpp_examples/lib:/home/albert/umov_ws/install/arduinobot_controller/lib:/home/albert/udem2_ws/install/final_project_cpp/lib:/home/albert/udem2_ws/install/robot_interfaces/lib:/home/albert/udem2_ws/install/components_cpp/lib:/home/albert/udem_ws/install/my_robot_interfaces/lib:/home/albert/bcdc_ws/install/aggiebot_msgs/lib:/home/albert/bcdc_ws/install/agbot_msgs/lib:/home/albert/arduinobot_ws/install/arduinobot_remote/lib:/home/albert/arduinobot_ws/install/arduinobot_cpp_examples/lib:/home/albert/arduinobot_ws/install/arduinobot_msgs/lib:/usr/lib/x86_64-linux-gnu/gazebo-11/plugins:/opt/ros/humble/opt/rviz_ogre_vendor/lib:/opt/ros/humble/lib/x86_64-linux-gnu:/opt/ros/humble/lib:/usr/share/gazebo/../../lib/x86_64-linux-gnu/gazebo-11/plugins /home/albert/.local/bin/cmake --build /home/albert/umov_ws/build/arduinobot_remote -- -j8 -l8
[133.853s] DEBUG:colcon.colcon_core.event_handler.log_command:Invoking command in '/home/albert/umov_ws/build/arduinobot_remote': CMAKE_PREFIX_PATH=/home/albert/umov_ws/install/arduinobot_msgs:/home/albert/ag_arm_ws/install/arm_setup_moveit:/home/albert/ag_arm_ws/install/arm_moveit:/home/albert/ag_arm_ws/install/arm_description:/home/albert/ag_arm_ws/install/arm_cpp:/home/albert/ag_arm_ws/install/arm_controller:/home/albert/ws_moveit2/install/pilz_industrial_motion_planner_testutils:/home/albert/ws_moveit2/install/moveit_runtime:/home/albert/ws_moveit2/install/moveit2_tutorials:/home/albert/ws_moveit2/install/moveit:/home/albert/ws_moveit2/install/moveit_planners:/home/albert/ws_moveit2/install/pilz_industrial_motion_planner:/home/albert/ws_moveit2/install/moveit_visual_tools:/home/albert/ws_moveit2/install/moveit_task_constructor_visualization:/home/albert/ws_moveit2/install/moveit_task_constructor_demo:/home/albert/ws_moveit2/install/moveit_task_constructor_capabilities:/home/albert/ws_moveit2/install/moveit_task_constructor_core:/home/albert/ws_moveit2/install/moveit_ros_control_interface:/home/albert/ws_moveit2/install/moveit_plugins:/home/albert/ws_moveit2/install/moveit_simple_controller_manager:/home/albert/ws_moveit2/install/moveit_setup_assistant:/home/albert/ws_moveit2/install/moveit_setup_srdf_plugins:/home/albert/ws_moveit2/install/moveit_setup_core_plugins:/home/albert/ws_moveit2/install/moveit_setup_controllers:/home/albert/ws_moveit2/install/moveit_setup_app_plugins:/home/albert/ws_moveit2/install/moveit_setup_framework:/home/albert/ws_moveit2/install/moveit_servo:/home/albert/ws_moveit2/install/moveit_ros:/home/albert/ws_moveit2/install/moveit_ros_visualization:/home/albert/ws_moveit2/install/moveit_hybrid_planning:/home/albert/ws_moveit2/install/moveit_ros_planning_interface:/home/albert/ws_moveit2/install/moveit_ros_benchmarks:/home/albert/ws_moveit2/install/moveit_ros_warehouse:/home/albert/ws_moveit2/install/moveit_ros_robot_interaction:/home/albert/ws_moveit2/install/moveit_ros_perception:/home/albert/ws_moveit2/install/moveit_resources_prbt_pg70_support:/home/albert/ws_moveit2/install/moveit_resources_prbt_moveit_config:/home/albert/ws_moveit2/install/moveit_ros_move_group:/home/albert/ws_moveit2/install/moveit_planners_ompl:/home/albert/ws_moveit2/install/moveit_ros_planning:/home/albert/ws_moveit2/install/moveit_ros_occupancy_map_monitor:/home/albert/ws_moveit2/install/moveit_resources_prbt_ikfast_manipulator_plugin:/home/albert/ws_moveit2/install/moveit_planners_chomp:/home/albert/ws_moveit2/install/moveit_kinematics:/home/albert/ws_moveit2/install/moveit_chomp_optimizer_adapter:/home/albert/ws_moveit2/install/chomp_motion_planner:/home/albert/ws_moveit2/install/moveit_core:/home/albert/ws_moveit2/install/srdfdom:/home/albert/ws_moveit2/install/rviz_marker_tools:/home/albert/ws_moveit2/install/rosparam_shortcuts:/home/albert/ws_moveit2/install/moveit_task_constructor_msgs:/home/albert/ws_moveit2/install/moveit_resources_prbt_support:/home/albert/ws_moveit2/install/moveit_resources:/home/albert/ws_moveit2/install/moveit_resources_pr2_description:/home/albert/ws_moveit2/install/moveit_resources_panda_moveit_config:/home/albert/ws_moveit2/install/moveit_resources_panda_description:/home/albert/ws_moveit2/install/moveit_resources_fanuc_moveit_config:/home/albert/ws_moveit2/install/moveit_resources_fanuc_description:/home/albert/ws_moveit2/install/moveit_common:/home/albert/umov_ws/install/description:/home/albert/umov_ws/install/arduinobot_utils:/home/albert/umov_ws/install/arduinobot_remote:/home/albert/umov_ws/install/arduino_cpp_examples:/home/albert/umov_ws/install/arduinobot_moveit:/home/albert/umov_ws/install/arduinobot_firmware:/home/albert/umov_ws/install/arduinobot_controller:/home/albert/umov_ws/install/arduinobot_bringup:/home/albert/unav_ws/install/turtlebot3_fake_node:/home/albert/unav_ws/install/robot_bringup:/home/albert/unav_ws/install/nav2_robot_description:/home/albert/udem2_ws/install/robot_bringup:/home/albert/udem2_ws/install/my_robot_bringup:/home/albert/udem2_ws/install/lifecycle_cpp:/home/albert/udem2_ws/install/final_project_cpp:/home/albert/udem2_ws/install/actions_cpp:/home/albert/udem2_ws/install/robot_interfaces:/home/albert/udem2_ws/install/executors_cpp:/home/albert/udem2_ws/install/components_cpp:/home/albert/udem_ws/install/my_robot_bringup:/home/albert/udem_ws/install/my_cpp_pkg:/home/albert/udem_ws/install/my_robot_interfaces:/home/albert/udem_ws/install/my_robot_description:/home/albert/udem_ws/install/lifecycle_cpp:/home/albert/bcdc_ws/install/aggiebot_cpp:/home/albert/bcdc_ws/install/aggiebot_msgs:/home/albert/bcdc_ws/install/aggiebot_description:/home/albert/bcdc_ws/install/aggiebot_controller:/home/albert/bcdc_ws/install/aggiebot_bringup:/home/albert/bcdc_ws/install/aggiebot_arm_moveit:/home/albert/bcdc_ws/install/aggiebot_arm_description:/home/albert/bcdc_ws/install/aggiebot_arm_controller:/home/albert/bcdc_ws/install/agbot_setup_moveit:/home/albert/bcdc_ws/install/agbot_cpp:/home/albert/bcdc_ws/install/agbot_msgs:/home/albert/bcdc_ws/install/agbot_moveit:/home/albert/bcdc_ws/install/agbot_description:/home/albert/bcdc_ws/install/agbot_controller:/home/albert/bcdc_ws/install/agbot_bringup:/home/albert/bcdc_ws/install/agbot_arm_controller:/home/albert/arduinobot_ws/install/arduinobot_utils:/home/albert/arduinobot_ws/install/arduinobot_remote:/home/albert/arduinobot_ws/install/arduinobot_cpp_examples:/home/albert/arduinobot_ws/install/arduinobot_msgs:/home/albert/arduinobot_ws/install/arduinobot_moveit_setup:/home/albert/arduinobot_ws/install/arduinobot_moveit:/home/albert/arduinobot_ws/install/arduinobot_description:/home/albert/arduinobot_ws/install/arduinobot_controller:/home/albert/rad_ws/install/agbot_full_nav2:/home/albert/rad_ws/install/agbot_full_msgs:/home/albert/rad_ws/install/agbot_full_moveit_setup:/home/albert/rad_ws/install/agbot_full_moveit:/home/albert/rad_ws/install/agbot_full_description:/home/albert/rad_ws/install/agbot_full_cpp:/home/albert/rad_ws/install/agbot_full_controller:/home/albert/rad_ws/install/agbot_full_cartogropher:/home/albert/dev_ws/install/my_bot:/home/albert/ag_car_ws/install/car_nav2:/home/albert/ag_car_ws/install/car_description:/home/albert/ag_car_ws/install/car_controller:/home/albert/ag_car_ws/install/car_cartographer:/home/albert/ws_moveit2/install/moveit_configs_utils:/home/albert/ws_moveit2/install/launch_param_builder:/home/albert/umov_ws/install/arduino_py_examples:/home/albert/udem2_ws/install/actions_py:/home/albert/udem2_ws/install/lifecycle_py:/home/albert/udem2_ws/install/executors_py:/home/albert/udem2_ws/install/components_py:/home/albert/udem_ws/install/turtlesim_catcher:/home/albert/udem_ws/install/my_py_pkg:/home/albert/udem_ws/install/lifecycle_py:/home/albert/bcdc_ws/install/agbot_teleop:/home/albert/bcdc_ws/install/agbot_py:/home/albert/arduinobot_ws/install/arduinobot_py_examples:/opt/ros/humble LD_LIBRARY_PATH=/home/albert/umov_ws/install/arduinobot_msgs/lib:/home/albert/ws_moveit2/install/pilz_industrial_motion_planner_testutils/lib:/home/albert/ws_moveit2/install/pilz_industrial_motion_planner/lib:/home/albert/ws_moveit2/install/moveit_visual_tools/lib:/home/albert/ws_moveit2/install/moveit_task_constructor_visualization/lib:/home/albert/ws_moveit2/install/moveit_task_constructor_demo/lib:/home/albert/ws_moveit2/install/moveit_task_constructor_capabilities/lib:/home/albert/ws_moveit2/install/moveit_task_constructor_core/lib:/home/albert/ws_moveit2/install/moveit_ros_control_interface/lib:/home/albert/ws_moveit2/install/moveit_simple_controller_manager/lib:/home/albert/ws_moveit2/install/moveit_setup_assistant/lib:/home/albert/ws_moveit2/install/moveit_setup_srdf_plugins/lib:/home/albert/ws_moveit2/install/moveit_setup_core_plugins/lib:/home/albert/ws_moveit2/install/moveit_setup_controllers/lib:/home/albert/ws_moveit2/install/moveit_setup_app_plugins/lib:/home/albert/ws_moveit2/install/moveit_setup_framework/lib:/home/albert/ws_moveit2/install/moveit_servo/lib:/home/albert/ws_moveit2/install/moveit_ros_visualization/lib:/home/albert/ws_moveit2/install/moveit_hybrid_planning/lib:/home/albert/ws_moveit2/install/moveit_ros_planning_interface/lib:/home/albert/ws_moveit2/install/moveit_ros_benchmarks/lib:/home/albert/ws_moveit2/install/moveit_ros_warehouse/lib:/home/albert/ws_moveit2/install/moveit_ros_robot_interaction/lib:/home/albert/ws_moveit2/install/moveit_ros_perception/lib:/home/albert/ws_moveit2/install/moveit_ros_move_group/lib:/home/albert/ws_moveit2/install/moveit_planners_ompl/lib:/home/albert/ws_moveit2/install/moveit_ros_planning/lib:/home/albert/ws_moveit2/install/moveit_ros_occupancy_map_monitor/lib:/home/albert/ws_moveit2/install/moveit_resources_prbt_ikfast_manipulator_plugin/lib:/home/albert/ws_moveit2/install/moveit_planners_chomp/lib:/home/albert/ws_moveit2/install/moveit_kinematics/lib:/home/albert/ws_moveit2/install/moveit_chomp_optimizer_adapter/lib:/home/albert/ws_moveit2/install/chomp_motion_planner/lib:/home/albert/ws_moveit2/install/moveit_core/lib:/home/albert/ws_moveit2/install/srdfdom/lib:/home/albert/ws_moveit2/install/rviz_marker_tools/lib:/home/albert/ws_moveit2/install/rosparam_shortcuts/lib:/home/albert/ws_moveit2/install/moveit_task_constructor_msgs/lib:/home/albert/umov_ws/install/arduinobot_remote/lib:/home/albert/umov_ws/install/arduino_cpp_examples/lib:/home/albert/umov_ws/install/arduinobot_controller/lib:/home/albert/udem2_ws/install/final_project_cpp/lib:/home/albert/udem2_ws/install/robot_interfaces/lib:/home/albert/udem2_ws/install/components_cpp/lib:/home/albert/udem_ws/install/my_robot_interfaces/lib:/home/albert/bcdc_ws/install/aggiebot_msgs/lib:/home/albert/bcdc_ws/install/agbot_msgs/lib:/home/albert/arduinobot_ws/install/arduinobot_remote/lib:/home/albert/arduinobot_ws/install/arduinobot_cpp_examples/lib:/home/albert/arduinobot_ws/install/arduinobot_msgs/lib:/usr/lib/x86_64-linux-gnu/gazebo-11/plugins:/opt/ros/humble/opt/rviz_ogre_vendor/lib:/opt/ros/humble/lib/x86_64-linux-gnu:/opt/ros/humble/lib:/usr/share/gazebo/../../lib/x86_64-linux-gnu/gazebo-11/plugins /home/albert/.local/bin/cmake --install /home/albert/umov_ws/build/arduinobot_remote
[134.174s] Level 1:colcon.colcon_core.environment:create_environment_scripts_only(arduinobot_remote)
[134.174s] Level 1:colcon.colcon_core.environment:checking '/home/albert/umov_ws/install/arduinobot_remote' for CMake module files
[134.176s] Level 1:colcon.colcon_core.environment:checking '/home/albert/umov_ws/install/arduinobot_remote' for CMake config files
[134.176s] Level 1:colcon.colcon_core.shell:create_environment_hook('arduinobot_remote', 'cmake_prefix_path')
[134.177s] INFO:colcon.colcon_core.shell:Creating environment hook '/home/albert/umov_ws/install/arduinobot_remote/share/arduinobot_remote/hook/cmake_prefix_path.ps1'
[134.182s] INFO:colcon.colcon_core.shell:Creating environment descriptor '/home/albert/umov_ws/install/arduinobot_remote/share/arduinobot_remote/hook/cmake_prefix_path.dsv'
[134.183s] INFO:colcon.colcon_core.shell:Creating environment hook '/home/albert/umov_ws/install/arduinobot_remote/share/arduinobot_remote/hook/cmake_prefix_path.sh'
[134.184s] Level 1:colcon.colcon_core.environment:checking '/home/albert/umov_ws/install/arduinobot_remote/lib'
[134.184s] Level 1:colcon.colcon_core.shell:create_environment_hook('arduinobot_remote', 'ld_library_path_lib')
[134.191s] DEBUG:colcon.colcon_core.event_handler.log_command:Invoked command in '/home/albert/umov_ws/build/arduinobot_remote' returned '0': CMAKE_PREFIX_PATH=/home/albert/umov_ws/install/arduinobot_msgs:/home/albert/ag_arm_ws/install/arm_setup_moveit:/home/albert/ag_arm_ws/install/arm_moveit:/home/albert/ag_arm_ws/install/arm_description:/home/albert/ag_arm_ws/install/arm_cpp:/home/albert/ag_arm_ws/install/arm_controller:/home/albert/ws_moveit2/install/pilz_industrial_motion_planner_testutils:/home/albert/ws_moveit2/install/moveit_runtime:/home/albert/ws_moveit2/install/moveit2_tutorials:/home/albert/ws_moveit2/install/moveit:/home/albert/ws_moveit2/install/moveit_planners:/home/albert/ws_moveit2/install/pilz_industrial_motion_planner:/home/albert/ws_moveit2/install/moveit_visual_tools:/home/albert/ws_moveit2/install/moveit_task_constructor_visualization:/home/albert/ws_moveit2/install/moveit_task_constructor_demo:/home/albert/ws_moveit2/install/moveit_task_constructor_capabilities:/home/albert/ws_moveit2/install/moveit_task_constructor_core:/home/albert/ws_moveit2/install/moveit_ros_control_interface:/home/albert/ws_moveit2/install/moveit_plugins:/home/albert/ws_moveit2/install/moveit_simple_controller_manager:/home/albert/ws_moveit2/install/moveit_setup_assistant:/home/albert/ws_moveit2/install/moveit_setup_srdf_plugins:/home/albert/ws_moveit2/install/moveit_setup_core_plugins:/home/albert/ws_moveit2/install/moveit_setup_controllers:/home/albert/ws_moveit2/install/moveit_setup_app_plugins:/home/albert/ws_moveit2/install/moveit_setup_framework:/home/albert/ws_moveit2/install/moveit_servo:/home/albert/ws_moveit2/install/moveit_ros:/home/albert/ws_moveit2/install/moveit_ros_visualization:/home/albert/ws_moveit2/install/moveit_hybrid_planning:/home/albert/ws_moveit2/install/moveit_ros_planning_interface:/home/albert/ws_moveit2/install/moveit_ros_benchmarks:/home/albert/ws_moveit2/install/moveit_ros_warehouse:/home/albert/ws_moveit2/install/moveit_ros_robot_interaction:/home/albert/ws_moveit2/install/moveit_ros_perception:/home/albert/ws_moveit2/install/moveit_resources_prbt_pg70_support:/home/albert/ws_moveit2/install/moveit_resources_prbt_moveit_config:/home/albert/ws_moveit2/install/moveit_ros_move_group:/home/albert/ws_moveit2/install/moveit_planners_ompl:/home/albert/ws_moveit2/install/moveit_ros_planning:/home/albert/ws_moveit2/install/moveit_ros_occupancy_map_monitor:/home/albert/ws_moveit2/install/moveit_resources_prbt_ikfast_manipulator_plugin:/home/albert/ws_moveit2/install/moveit_planners_chomp:/home/albert/ws_moveit2/install/moveit_kinematics:/home/albert/ws_moveit2/install/moveit_chomp_optimizer_adapter:/home/albert/ws_moveit2/install/chomp_motion_planner:/home/albert/ws_moveit2/install/moveit_core:/home/albert/ws_moveit2/install/srdfdom:/home/albert/ws_moveit2/install/rviz_marker_tools:/home/albert/ws_moveit2/install/rosparam_shortcuts:/home/albert/ws_moveit2/install/moveit_task_constructor_msgs:/home/albert/ws_moveit2/install/moveit_resources_prbt_support:/home/albert/ws_moveit2/install/moveit_resources:/home/albert/ws_moveit2/install/moveit_resources_pr2_description:/home/albert/ws_moveit2/install/moveit_resources_panda_moveit_config:/home/albert/ws_moveit2/install/moveit_resources_panda_description:/home/albert/ws_moveit2/install/moveit_resources_fanuc_moveit_config:/home/albert/ws_moveit2/install/moveit_resources_fanuc_description:/home/albert/ws_moveit2/install/moveit_common:/home/albert/umov_ws/install/description:/home/albert/umov_ws/install/arduinobot_utils:/home/albert/umov_ws/install/arduinobot_remote:/home/albert/umov_ws/install/arduino_cpp_examples:/home/albert/umov_ws/install/arduinobot_moveit:/home/albert/umov_ws/install/arduinobot_firmware:/home/albert/umov_ws/install/arduinobot_controller:/home/albert/umov_ws/install/arduinobot_bringup:/home/albert/unav_ws/install/turtlebot3_fake_node:/home/albert/unav_ws/install/robot_bringup:/home/albert/unav_ws/install/nav2_robot_description:/home/albert/udem2_ws/install/robot_bringup:/home/albert/udem2_ws/install/my_robot_bringup:/home/albert/udem2_ws/install/lifecycle_cpp:/home/albert/udem2_ws/install/final_project_cpp:/home/albert/udem2_ws/install/actions_cpp:/home/albert/udem2_ws/install/robot_interfaces:/home/albert/udem2_ws/install/executors_cpp:/home/albert/udem2_ws/install/components_cpp:/home/albert/udem_ws/install/my_robot_bringup:/home/albert/udem_ws/install/my_cpp_pkg:/home/albert/udem_ws/install/my_robot_interfaces:/home/albert/udem_ws/install/my_robot_description:/home/albert/udem_ws/install/lifecycle_cpp:/home/albert/bcdc_ws/install/aggiebot_cpp:/home/albert/bcdc_ws/install/aggiebot_msgs:/home/albert/bcdc_ws/install/aggiebot_description:/home/albert/bcdc_ws/install/aggiebot_controller:/home/albert/bcdc_ws/install/aggiebot_bringup:/home/albert/bcdc_ws/install/aggiebot_arm_moveit:/home/albert/bcdc_ws/install/aggiebot_arm_description:/home/albert/bcdc_ws/install/aggiebot_arm_controller:/home/albert/bcdc_ws/install/agbot_setup_moveit:/home/albert/bcdc_ws/install/agbot_cpp:/home/albert/bcdc_ws/install/agbot_msgs:/home/albert/bcdc_ws/install/agbot_moveit:/home/albert/bcdc_ws/install/agbot_description:/home/albert/bcdc_ws/install/agbot_controller:/home/albert/bcdc_ws/install/agbot_bringup:/home/albert/bcdc_ws/install/agbot_arm_controller:/home/albert/arduinobot_ws/install/arduinobot_utils:/home/albert/arduinobot_ws/install/arduinobot_remote:/home/albert/arduinobot_ws/install/arduinobot_cpp_examples:/home/albert/arduinobot_ws/install/arduinobot_msgs:/home/albert/arduinobot_ws/install/arduinobot_moveit_setup:/home/albert/arduinobot_ws/install/arduinobot_moveit:/home/albert/arduinobot_ws/install/arduinobot_description:/home/albert/arduinobot_ws/install/arduinobot_controller:/home/albert/rad_ws/install/agbot_full_nav2:/home/albert/rad_ws/install/agbot_full_msgs:/home/albert/rad_ws/install/agbot_full_moveit_setup:/home/albert/rad_ws/install/agbot_full_moveit:/home/albert/rad_ws/install/agbot_full_description:/home/albert/rad_ws/install/agbot_full_cpp:/home/albert/rad_ws/install/agbot_full_controller:/home/albert/rad_ws/install/agbot_full_cartogropher:/home/albert/dev_ws/install/my_bot:/home/albert/ag_car_ws/install/car_nav2:/home/albert/ag_car_ws/install/car_description:/home/albert/ag_car_ws/install/car_controller:/home/albert/ag_car_ws/install/car_cartographer:/home/albert/ws_moveit2/install/moveit_configs_utils:/home/albert/ws_moveit2/install/launch_param_builder:/home/albert/umov_ws/install/arduino_py_examples:/home/albert/udem2_ws/install/actions_py:/home/albert/udem2_ws/install/lifecycle_py:/home/albert/udem2_ws/install/executors_py:/home/albert/udem2_ws/install/components_py:/home/albert/udem_ws/install/turtlesim_catcher:/home/albert/udem_ws/install/my_py_pkg:/home/albert/udem_ws/install/lifecycle_py:/home/albert/bcdc_ws/install/agbot_teleop:/home/albert/bcdc_ws/install/agbot_py:/home/albert/arduinobot_ws/install/arduinobot_py_examples:/opt/ros/humble LD_LIBRARY_PATH=/home/albert/umov_ws/install/arduinobot_msgs/lib:/home/albert/ws_moveit2/install/pilz_industrial_motion_planner_testutils/lib:/home/albert/ws_moveit2/install/pilz_industrial_motion_planner/lib:/home/albert/ws_moveit2/install/moveit_visual_tools/lib:/home/albert/ws_moveit2/install/moveit_task_constructor_visualization/lib:/home/albert/ws_moveit2/install/moveit_task_constructor_demo/lib:/home/albert/ws_moveit2/install/moveit_task_constructor_capabilities/lib:/home/albert/ws_moveit2/install/moveit_task_constructor_core/lib:/home/albert/ws_moveit2/install/moveit_ros_control_interface/lib:/home/albert/ws_moveit2/install/moveit_simple_controller_manager/lib:/home/albert/ws_moveit2/install/moveit_setup_assistant/lib:/home/albert/ws_moveit2/install/moveit_setup_srdf_plugins/lib:/home/albert/ws_moveit2/install/moveit_setup_core_plugins/lib:/home/albert/ws_moveit2/install/moveit_setup_controllers/lib:/home/albert/ws_moveit2/install/moveit_setup_app_plugins/lib:/home/albert/ws_moveit2/install/moveit_setup_framework/lib:/home/albert/ws_moveit2/install/moveit_servo/lib:/home/albert/ws_moveit2/install/moveit_ros_visualization/lib:/home/albert/ws_moveit2/install/moveit_hybrid_planning/lib:/home/albert/ws_moveit2/install/moveit_ros_planning_interface/lib:/home/albert/ws_moveit2/install/moveit_ros_benchmarks/lib:/home/albert/ws_moveit2/install/moveit_ros_warehouse/lib:/home/albert/ws_moveit2/install/moveit_ros_robot_interaction/lib:/home/albert/ws_moveit2/install/moveit_ros_perception/lib:/home/albert/ws_moveit2/install/moveit_ros_move_group/lib:/home/albert/ws_moveit2/install/moveit_planners_ompl/lib:/home/albert/ws_moveit2/install/moveit_ros_planning/lib:/home/albert/ws_moveit2/install/moveit_ros_occupancy_map_monitor/lib:/home/albert/ws_moveit2/install/moveit_resources_prbt_ikfast_manipulator_plugin/lib:/home/albert/ws_moveit2/install/moveit_planners_chomp/lib:/home/albert/ws_moveit2/install/moveit_kinematics/lib:/home/albert/ws_moveit2/install/moveit_chomp_optimizer_adapter/lib:/home/albert/ws_moveit2/install/chomp_motion_planner/lib:/home/albert/ws_moveit2/install/moveit_core/lib:/home/albert/ws_moveit2/install/srdfdom/lib:/home/albert/ws_moveit2/install/rviz_marker_tools/lib:/home/albert/ws_moveit2/install/rosparam_shortcuts/lib:/home/albert/ws_moveit2/install/moveit_task_constructor_msgs/lib:/home/albert/umov_ws/install/arduinobot_remote/lib:/home/albert/umov_ws/install/arduino_cpp_examples/lib:/home/albert/umov_ws/install/arduinobot_controller/lib:/home/albert/udem2_ws/install/final_project_cpp/lib:/home/albert/udem2_ws/install/robot_interfaces/lib:/home/albert/udem2_ws/install/components_cpp/lib:/home/albert/udem_ws/install/my_robot_interfaces/lib:/home/albert/bcdc_ws/install/aggiebot_msgs/lib:/home/albert/bcdc_ws/install/agbot_msgs/lib:/home/albert/arduinobot_ws/install/arduinobot_remote/lib:/home/albert/arduinobot_ws/install/arduinobot_cpp_examples/lib:/home/albert/arduinobot_ws/install/arduinobot_msgs/lib:/usr/lib/x86_64-linux-gnu/gazebo-11/plugins:/opt/ros/humble/opt/rviz_ogre_vendor/lib:/opt/ros/humble/lib/x86_64-linux-gnu:/opt/ros/humble/lib:/usr/share/gazebo/../../lib/x86_64-linux-gnu/gazebo-11/plugins /home/albert/.local/bin/cmake --install /home/albert/umov_ws/build/arduinobot_remote
[134.192s] INFO:colcon.colcon_core.shell:Creating environment hook '/home/albert/umov_ws/install/arduinobot_remote/share/arduinobot_remote/hook/ld_library_path_lib.ps1'
[134.193s] INFO:colcon.colcon_core.shell:Creating environment descriptor '/home/albert/umov_ws/install/arduinobot_remote/share/arduinobot_remote/hook/ld_library_path_lib.dsv'
[134.194s] INFO:colcon.colcon_core.shell:Creating environment hook '/home/albert/umov_ws/install/arduinobot_remote/share/arduinobot_remote/hook/ld_library_path_lib.sh'
[134.195s] Level 1:colcon.colcon_core.environment:checking '/home/albert/umov_ws/install/arduinobot_remote/bin'
[134.195s] Level 1:colcon.colcon_core.environment:checking '/home/albert/umov_ws/install/arduinobot_remote/lib/pkgconfig/arduinobot_remote.pc'
[134.201s] Level 1:colcon.colcon_core.environment:checking '/home/albert/umov_ws/install/arduinobot_remote/lib/python3.10/site-packages'
[134.202s] Level 1:colcon.colcon_core.environment:checking '/home/albert/umov_ws/install/arduinobot_remote/bin'
[134.203s] INFO:colcon.colcon_core.shell:Creating package script '/home/albert/umov_ws/install/arduinobot_remote/share/arduinobot_remote/package.ps1'
[134.208s] INFO:colcon.colcon_core.shell:Creating package descriptor '/home/albert/umov_ws/install/arduinobot_remote/share/arduinobot_remote/package.dsv'
[134.212s] INFO:colcon.colcon_core.shell:Creating package script '/home/albert/umov_ws/install/arduinobot_remote/share/arduinobot_remote/package.sh'
[134.215s] INFO:colcon.colcon_core.shell:Creating package script '/home/albert/umov_ws/install/arduinobot_remote/share/arduinobot_remote/package.bash'
[134.216s] INFO:colcon.colcon_core.shell:Creating package script '/home/albert/umov_ws/install/arduinobot_remote/share/arduinobot_remote/package.zsh'
[134.217s] Level 1:colcon.colcon_core.environment:create_file_with_runtime_dependencies(/home/albert/umov_ws/install/arduinobot_remote/share/colcon-core/packages/arduinobot_remote)
[134.225s] Level 1:colcon.colcon_core.environment:create_environment_scripts_only(arduinobot_remote)
[134.226s] Level 1:colcon.colcon_core.environment:checking '/home/albert/umov_ws/install/arduinobot_remote' for CMake module files
[134.229s] Level 1:colcon.colcon_core.environment:checking '/home/albert/umov_ws/install/arduinobot_remote' for CMake config files
[134.232s] Level 1:colcon.colcon_core.shell:create_environment_hook('arduinobot_remote', 'cmake_prefix_path')
[134.233s] INFO:colcon.colcon_core.shell:Creating environment hook '/home/albert/umov_ws/install/arduinobot_remote/share/arduinobot_remote/hook/cmake_prefix_path.ps1'
[134.236s] INFO:colcon.colcon_core.shell:Creating environment descriptor '/home/albert/umov_ws/install/arduinobot_remote/share/arduinobot_remote/hook/cmake_prefix_path.dsv'
[134.241s] INFO:colcon.colcon_core.shell:Creating environment hook '/home/albert/umov_ws/install/arduinobot_remote/share/arduinobot_remote/hook/cmake_prefix_path.sh'
[134.243s] Level 1:colcon.colcon_core.environment:checking '/home/albert/umov_ws/install/arduinobot_remote/lib'
[134.243s] Level 1:colcon.colcon_core.shell:create_environment_hook('arduinobot_remote', 'ld_library_path_lib')
[134.244s] INFO:colcon.colcon_core.shell:Creating environment hook '/home/albert/umov_ws/install/arduinobot_remote/share/arduinobot_remote/hook/ld_library_path_lib.ps1'
[134.247s] INFO:colcon.colcon_core.shell:Creating environment descriptor '/home/albert/umov_ws/install/arduinobot_remote/share/arduinobot_remote/hook/ld_library_path_lib.dsv'
[134.248s] INFO:colcon.colcon_core.shell:Creating environment hook '/home/albert/umov_ws/install/arduinobot_remote/share/arduinobot_remote/hook/ld_library_path_lib.sh'
[134.249s] Level 1:colcon.colcon_core.environment:checking '/home/albert/umov_ws/install/arduinobot_remote/bin'
[134.249s] Level 1:colcon.colcon_core.environment:checking '/home/albert/umov_ws/install/arduinobot_remote/lib/pkgconfig/arduinobot_remote.pc'
[134.250s] Level 1:colcon.colcon_core.environment:checking '/home/albert/umov_ws/install/arduinobot_remote/lib/python3.10/site-packages'
[134.250s] Level 1:colcon.colcon_core.environment:checking '/home/albert/umov_ws/install/arduinobot_remote/bin'
[134.260s] INFO:colcon.colcon_core.shell:Creating package script '/home/albert/umov_ws/install/arduinobot_remote/share/arduinobot_remote/package.ps1'
[134.261s] INFO:colcon.colcon_core.shell:Creating package descriptor '/home/albert/umov_ws/install/arduinobot_remote/share/arduinobot_remote/package.dsv'
[134.266s] INFO:colcon.colcon_core.shell:Creating package script '/home/albert/umov_ws/install/arduinobot_remote/share/arduinobot_remote/package.sh'
[134.268s] INFO:colcon.colcon_core.shell:Creating package script '/home/albert/umov_ws/install/arduinobot_remote/share/arduinobot_remote/package.bash'
[134.269s] INFO:colcon.colcon_core.shell:Creating package script '/home/albert/umov_ws/install/arduinobot_remote/share/arduinobot_remote/package.zsh'
[134.274s] Level 1:colcon.colcon_core.environment:create_file_with_runtime_dependencies(/home/albert/umov_ws/install/arduinobot_remote/share/colcon-core/packages/arduinobot_remote)
[268.941s] DEBUG:colcon.colcon_core.event_handler.log_command:Invoked command in '/home/albert/umov_ws/build/arduino_cpp_examples' returned '0': CMAKE_PREFIX_PATH=/home/albert/umov_ws/install/arduinobot_msgs:/home/albert/ag_arm_ws/install/arm_setup_moveit:/home/albert/ag_arm_ws/install/arm_moveit:/home/albert/ag_arm_ws/install/arm_description:/home/albert/ag_arm_ws/install/arm_cpp:/home/albert/ag_arm_ws/install/arm_controller:/home/albert/ws_moveit2/install/pilz_industrial_motion_planner_testutils:/home/albert/ws_moveit2/install/moveit_runtime:/home/albert/ws_moveit2/install/moveit2_tutorials:/home/albert/ws_moveit2/install/moveit:/home/albert/ws_moveit2/install/moveit_planners:/home/albert/ws_moveit2/install/pilz_industrial_motion_planner:/home/albert/ws_moveit2/install/moveit_visual_tools:/home/albert/ws_moveit2/install/moveit_task_constructor_visualization:/home/albert/ws_moveit2/install/moveit_task_constructor_demo:/home/albert/ws_moveit2/install/moveit_task_constructor_capabilities:/home/albert/ws_moveit2/install/moveit_task_constructor_core:/home/albert/ws_moveit2/install/moveit_ros_control_interface:/home/albert/ws_moveit2/install/moveit_plugins:/home/albert/ws_moveit2/install/moveit_simple_controller_manager:/home/albert/ws_moveit2/install/moveit_setup_assistant:/home/albert/ws_moveit2/install/moveit_setup_srdf_plugins:/home/albert/ws_moveit2/install/moveit_setup_core_plugins:/home/albert/ws_moveit2/install/moveit_setup_controllers:/home/albert/ws_moveit2/install/moveit_setup_app_plugins:/home/albert/ws_moveit2/install/moveit_setup_framework:/home/albert/ws_moveit2/install/moveit_servo:/home/albert/ws_moveit2/install/moveit_ros:/home/albert/ws_moveit2/install/moveit_ros_visualization:/home/albert/ws_moveit2/install/moveit_hybrid_planning:/home/albert/ws_moveit2/install/moveit_ros_planning_interface:/home/albert/ws_moveit2/install/moveit_ros_benchmarks:/home/albert/ws_moveit2/install/moveit_ros_warehouse:/home/albert/ws_moveit2/install/moveit_ros_robot_interaction:/home/albert/ws_moveit2/install/moveit_ros_perception:/home/albert/ws_moveit2/install/moveit_resources_prbt_pg70_support:/home/albert/ws_moveit2/install/moveit_resources_prbt_moveit_config:/home/albert/ws_moveit2/install/moveit_ros_move_group:/home/albert/ws_moveit2/install/moveit_planners_ompl:/home/albert/ws_moveit2/install/moveit_ros_planning:/home/albert/ws_moveit2/install/moveit_ros_occupancy_map_monitor:/home/albert/ws_moveit2/install/moveit_resources_prbt_ikfast_manipulator_plugin:/home/albert/ws_moveit2/install/moveit_planners_chomp:/home/albert/ws_moveit2/install/moveit_kinematics:/home/albert/ws_moveit2/install/moveit_chomp_optimizer_adapter:/home/albert/ws_moveit2/install/chomp_motion_planner:/home/albert/ws_moveit2/install/moveit_core:/home/albert/ws_moveit2/install/srdfdom:/home/albert/ws_moveit2/install/rviz_marker_tools:/home/albert/ws_moveit2/install/rosparam_shortcuts:/home/albert/ws_moveit2/install/moveit_task_constructor_msgs:/home/albert/ws_moveit2/install/moveit_resources_prbt_support:/home/albert/ws_moveit2/install/moveit_resources:/home/albert/ws_moveit2/install/moveit_resources_pr2_description:/home/albert/ws_moveit2/install/moveit_resources_panda_moveit_config:/home/albert/ws_moveit2/install/moveit_resources_panda_description:/home/albert/ws_moveit2/install/moveit_resources_fanuc_moveit_config:/home/albert/ws_moveit2/install/moveit_resources_fanuc_description:/home/albert/ws_moveit2/install/moveit_common:/home/albert/umov_ws/install/description:/home/albert/umov_ws/install/arduinobot_utils:/home/albert/umov_ws/install/arduinobot_remote:/home/albert/umov_ws/install/arduino_cpp_examples:/home/albert/umov_ws/install/arduinobot_moveit:/home/albert/umov_ws/install/arduinobot_firmware:/home/albert/umov_ws/install/arduinobot_controller:/home/albert/umov_ws/install/arduinobot_bringup:/home/albert/unav_ws/install/turtlebot3_fake_node:/home/albert/unav_ws/install/robot_bringup:/home/albert/unav_ws/install/nav2_robot_description:/home/albert/udem2_ws/install/robot_bringup:/home/albert/udem2_ws/install/my_robot_bringup:/home/albert/udem2_ws/install/lifecycle_cpp:/home/albert/udem2_ws/install/final_project_cpp:/home/albert/udem2_ws/install/actions_cpp:/home/albert/udem2_ws/install/robot_interfaces:/home/albert/udem2_ws/install/executors_cpp:/home/albert/udem2_ws/install/components_cpp:/home/albert/udem_ws/install/my_robot_bringup:/home/albert/udem_ws/install/my_cpp_pkg:/home/albert/udem_ws/install/my_robot_interfaces:/home/albert/udem_ws/install/my_robot_description:/home/albert/udem_ws/install/lifecycle_cpp:/home/albert/bcdc_ws/install/aggiebot_cpp:/home/albert/bcdc_ws/install/aggiebot_msgs:/home/albert/bcdc_ws/install/aggiebot_description:/home/albert/bcdc_ws/install/aggiebot_controller:/home/albert/bcdc_ws/install/aggiebot_bringup:/home/albert/bcdc_ws/install/aggiebot_arm_moveit:/home/albert/bcdc_ws/install/aggiebot_arm_description:/home/albert/bcdc_ws/install/aggiebot_arm_controller:/home/albert/bcdc_ws/install/agbot_setup_moveit:/home/albert/bcdc_ws/install/agbot_cpp:/home/albert/bcdc_ws/install/agbot_msgs:/home/albert/bcdc_ws/install/agbot_moveit:/home/albert/bcdc_ws/install/agbot_description:/home/albert/bcdc_ws/install/agbot_controller:/home/albert/bcdc_ws/install/agbot_bringup:/home/albert/bcdc_ws/install/agbot_arm_controller:/home/albert/arduinobot_ws/install/arduinobot_utils:/home/albert/arduinobot_ws/install/arduinobot_remote:/home/albert/arduinobot_ws/install/arduinobot_cpp_examples:/home/albert/arduinobot_ws/install/arduinobot_msgs:/home/albert/arduinobot_ws/install/arduinobot_moveit_setup:/home/albert/arduinobot_ws/install/arduinobot_moveit:/home/albert/arduinobot_ws/install/arduinobot_description:/home/albert/arduinobot_ws/install/arduinobot_controller:/home/albert/rad_ws/install/agbot_full_nav2:/home/albert/rad_ws/install/agbot_full_msgs:/home/albert/rad_ws/install/agbot_full_moveit_setup:/home/albert/rad_ws/install/agbot_full_moveit:/home/albert/rad_ws/install/agbot_full_description:/home/albert/rad_ws/install/agbot_full_cpp:/home/albert/rad_ws/install/agbot_full_controller:/home/albert/rad_ws/install/agbot_full_cartogropher:/home/albert/dev_ws/install/my_bot:/home/albert/ag_car_ws/install/car_nav2:/home/albert/ag_car_ws/install/car_description:/home/albert/ag_car_ws/install/car_controller:/home/albert/ag_car_ws/install/car_cartographer:/home/albert/ws_moveit2/install/moveit_configs_utils:/home/albert/ws_moveit2/install/launch_param_builder:/home/albert/umov_ws/install/arduino_py_examples:/home/albert/udem2_ws/install/actions_py:/home/albert/udem2_ws/install/lifecycle_py:/home/albert/udem2_ws/install/executors_py:/home/albert/udem2_ws/install/components_py:/home/albert/udem_ws/install/turtlesim_catcher:/home/albert/udem_ws/install/my_py_pkg:/home/albert/udem_ws/install/lifecycle_py:/home/albert/bcdc_ws/install/agbot_teleop:/home/albert/bcdc_ws/install/agbot_py:/home/albert/arduinobot_ws/install/arduinobot_py_examples:/opt/ros/humble LD_LIBRARY_PATH=/home/albert/umov_ws/install/arduinobot_msgs/lib:/home/albert/ws_moveit2/install/pilz_industrial_motion_planner_testutils/lib:/home/albert/ws_moveit2/install/pilz_industrial_motion_planner/lib:/home/albert/ws_moveit2/install/moveit_visual_tools/lib:/home/albert/ws_moveit2/install/moveit_task_constructor_visualization/lib:/home/albert/ws_moveit2/install/moveit_task_constructor_demo/lib:/home/albert/ws_moveit2/install/moveit_task_constructor_capabilities/lib:/home/albert/ws_moveit2/install/moveit_task_constructor_core/lib:/home/albert/ws_moveit2/install/moveit_ros_control_interface/lib:/home/albert/ws_moveit2/install/moveit_simple_controller_manager/lib:/home/albert/ws_moveit2/install/moveit_setup_assistant/lib:/home/albert/ws_moveit2/install/moveit_setup_srdf_plugins/lib:/home/albert/ws_moveit2/install/moveit_setup_core_plugins/lib:/home/albert/ws_moveit2/install/moveit_setup_controllers/lib:/home/albert/ws_moveit2/install/moveit_setup_app_plugins/lib:/home/albert/ws_moveit2/install/moveit_setup_framework/lib:/home/albert/ws_moveit2/install/moveit_servo/lib:/home/albert/ws_moveit2/install/moveit_ros_visualization/lib:/home/albert/ws_moveit2/install/moveit_hybrid_planning/lib:/home/albert/ws_moveit2/install/moveit_ros_planning_interface/lib:/home/albert/ws_moveit2/install/moveit_ros_benchmarks/lib:/home/albert/ws_moveit2/install/moveit_ros_warehouse/lib:/home/albert/ws_moveit2/install/moveit_ros_robot_interaction/lib:/home/albert/ws_moveit2/install/moveit_ros_perception/lib:/home/albert/ws_moveit2/install/moveit_ros_move_group/lib:/home/albert/ws_moveit2/install/moveit_planners_ompl/lib:/home/albert/ws_moveit2/install/moveit_ros_planning/lib:/home/albert/ws_moveit2/install/moveit_ros_occupancy_map_monitor/lib:/home/albert/ws_moveit2/install/moveit_resources_prbt_ikfast_manipulator_plugin/lib:/home/albert/ws_moveit2/install/moveit_planners_chomp/lib:/home/albert/ws_moveit2/install/moveit_kinematics/lib:/home/albert/ws_moveit2/install/moveit_chomp_optimizer_adapter/lib:/home/albert/ws_moveit2/install/chomp_motion_planner/lib:/home/albert/ws_moveit2/install/moveit_core/lib:/home/albert/ws_moveit2/install/srdfdom/lib:/home/albert/ws_moveit2/install/rviz_marker_tools/lib:/home/albert/ws_moveit2/install/rosparam_shortcuts/lib:/home/albert/ws_moveit2/install/moveit_task_constructor_msgs/lib:/home/albert/umov_ws/install/arduinobot_remote/lib:/home/albert/umov_ws/install/arduino_cpp_examples/lib:/home/albert/umov_ws/install/arduinobot_controller/lib:/home/albert/udem2_ws/install/final_project_cpp/lib:/home/albert/udem2_ws/install/robot_interfaces/lib:/home/albert/udem2_ws/install/components_cpp/lib:/home/albert/udem_ws/install/my_robot_interfaces/lib:/home/albert/bcdc_ws/install/aggiebot_msgs/lib:/home/albert/bcdc_ws/install/agbot_msgs/lib:/home/albert/arduinobot_ws/install/arduinobot_remote/lib:/home/albert/arduinobot_ws/install/arduinobot_cpp_examples/lib:/home/albert/arduinobot_ws/install/arduinobot_msgs/lib:/usr/lib/x86_64-linux-gnu/gazebo-11/plugins:/opt/ros/humble/opt/rviz_ogre_vendor/lib:/opt/ros/humble/lib/x86_64-linux-gnu:/opt/ros/humble/lib:/usr/share/gazebo/../../lib/x86_64-linux-gnu/gazebo-11/plugins /home/albert/.local/bin/cmake --build /home/albert/umov_ws/build/arduino_cpp_examples -- -j8 -l8
[268.943s] DEBUG:colcon.colcon_core.event_handler.log_command:Invoking command in '/home/albert/umov_ws/build/arduino_cpp_examples': CMAKE_PREFIX_PATH=/home/albert/umov_ws/install/arduinobot_msgs:/home/albert/ag_arm_ws/install/arm_setup_moveit:/home/albert/ag_arm_ws/install/arm_moveit:/home/albert/ag_arm_ws/install/arm_description:/home/albert/ag_arm_ws/install/arm_cpp:/home/albert/ag_arm_ws/install/arm_controller:/home/albert/ws_moveit2/install/pilz_industrial_motion_planner_testutils:/home/albert/ws_moveit2/install/moveit_runtime:/home/albert/ws_moveit2/install/moveit2_tutorials:/home/albert/ws_moveit2/install/moveit:/home/albert/ws_moveit2/install/moveit_planners:/home/albert/ws_moveit2/install/pilz_industrial_motion_planner:/home/albert/ws_moveit2/install/moveit_visual_tools:/home/albert/ws_moveit2/install/moveit_task_constructor_visualization:/home/albert/ws_moveit2/install/moveit_task_constructor_demo:/home/albert/ws_moveit2/install/moveit_task_constructor_capabilities:/home/albert/ws_moveit2/install/moveit_task_constructor_core:/home/albert/ws_moveit2/install/moveit_ros_control_interface:/home/albert/ws_moveit2/install/moveit_plugins:/home/albert/ws_moveit2/install/moveit_simple_controller_manager:/home/albert/ws_moveit2/install/moveit_setup_assistant:/home/albert/ws_moveit2/install/moveit_setup_srdf_plugins:/home/albert/ws_moveit2/install/moveit_setup_core_plugins:/home/albert/ws_moveit2/install/moveit_setup_controllers:/home/albert/ws_moveit2/install/moveit_setup_app_plugins:/home/albert/ws_moveit2/install/moveit_setup_framework:/home/albert/ws_moveit2/install/moveit_servo:/home/albert/ws_moveit2/install/moveit_ros:/home/albert/ws_moveit2/install/moveit_ros_visualization:/home/albert/ws_moveit2/install/moveit_hybrid_planning:/home/albert/ws_moveit2/install/moveit_ros_planning_interface:/home/albert/ws_moveit2/install/moveit_ros_benchmarks:/home/albert/ws_moveit2/install/moveit_ros_warehouse:/home/albert/ws_moveit2/install/moveit_ros_robot_interaction:/home/albert/ws_moveit2/install/moveit_ros_perception:/home/albert/ws_moveit2/install/moveit_resources_prbt_pg70_support:/home/albert/ws_moveit2/install/moveit_resources_prbt_moveit_config:/home/albert/ws_moveit2/install/moveit_ros_move_group:/home/albert/ws_moveit2/install/moveit_planners_ompl:/home/albert/ws_moveit2/install/moveit_ros_planning:/home/albert/ws_moveit2/install/moveit_ros_occupancy_map_monitor:/home/albert/ws_moveit2/install/moveit_resources_prbt_ikfast_manipulator_plugin:/home/albert/ws_moveit2/install/moveit_planners_chomp:/home/albert/ws_moveit2/install/moveit_kinematics:/home/albert/ws_moveit2/install/moveit_chomp_optimizer_adapter:/home/albert/ws_moveit2/install/chomp_motion_planner:/home/albert/ws_moveit2/install/moveit_core:/home/albert/ws_moveit2/install/srdfdom:/home/albert/ws_moveit2/install/rviz_marker_tools:/home/albert/ws_moveit2/install/rosparam_shortcuts:/home/albert/ws_moveit2/install/moveit_task_constructor_msgs:/home/albert/ws_moveit2/install/moveit_resources_prbt_support:/home/albert/ws_moveit2/install/moveit_resources:/home/albert/ws_moveit2/install/moveit_resources_pr2_description:/home/albert/ws_moveit2/install/moveit_resources_panda_moveit_config:/home/albert/ws_moveit2/install/moveit_resources_panda_description:/home/albert/ws_moveit2/install/moveit_resources_fanuc_moveit_config:/home/albert/ws_moveit2/install/moveit_resources_fanuc_description:/home/albert/ws_moveit2/install/moveit_common:/home/albert/umov_ws/install/description:/home/albert/umov_ws/install/arduinobot_utils:/home/albert/umov_ws/install/arduinobot_remote:/home/albert/umov_ws/install/arduino_cpp_examples:/home/albert/umov_ws/install/arduinobot_moveit:/home/albert/umov_ws/install/arduinobot_firmware:/home/albert/umov_ws/install/arduinobot_controller:/home/albert/umov_ws/install/arduinobot_bringup:/home/albert/unav_ws/install/turtlebot3_fake_node:/home/albert/unav_ws/install/robot_bringup:/home/albert/unav_ws/install/nav2_robot_description:/home/albert/udem2_ws/install/robot_bringup:/home/albert/udem2_ws/install/my_robot_bringup:/home/albert/udem2_ws/install/lifecycle_cpp:/home/albert/udem2_ws/install/final_project_cpp:/home/albert/udem2_ws/install/actions_cpp:/home/albert/udem2_ws/install/robot_interfaces:/home/albert/udem2_ws/install/executors_cpp:/home/albert/udem2_ws/install/components_cpp:/home/albert/udem_ws/install/my_robot_bringup:/home/albert/udem_ws/install/my_cpp_pkg:/home/albert/udem_ws/install/my_robot_interfaces:/home/albert/udem_ws/install/my_robot_description:/home/albert/udem_ws/install/lifecycle_cpp:/home/albert/bcdc_ws/install/aggiebot_cpp:/home/albert/bcdc_ws/install/aggiebot_msgs:/home/albert/bcdc_ws/install/aggiebot_description:/home/albert/bcdc_ws/install/aggiebot_controller:/home/albert/bcdc_ws/install/aggiebot_bringup:/home/albert/bcdc_ws/install/aggiebot_arm_moveit:/home/albert/bcdc_ws/install/aggiebot_arm_description:/home/albert/bcdc_ws/install/aggiebot_arm_controller:/home/albert/bcdc_ws/install/agbot_setup_moveit:/home/albert/bcdc_ws/install/agbot_cpp:/home/albert/bcdc_ws/install/agbot_msgs:/home/albert/bcdc_ws/install/agbot_moveit:/home/albert/bcdc_ws/install/agbot_description:/home/albert/bcdc_ws/install/agbot_controller:/home/albert/bcdc_ws/install/agbot_bringup:/home/albert/bcdc_ws/install/agbot_arm_controller:/home/albert/arduinobot_ws/install/arduinobot_utils:/home/albert/arduinobot_ws/install/arduinobot_remote:/home/albert/arduinobot_ws/install/arduinobot_cpp_examples:/home/albert/arduinobot_ws/install/arduinobot_msgs:/home/albert/arduinobot_ws/install/arduinobot_moveit_setup:/home/albert/arduinobot_ws/install/arduinobot_moveit:/home/albert/arduinobot_ws/install/arduinobot_description:/home/albert/arduinobot_ws/install/arduinobot_controller:/home/albert/rad_ws/install/agbot_full_nav2:/home/albert/rad_ws/install/agbot_full_msgs:/home/albert/rad_ws/install/agbot_full_moveit_setup:/home/albert/rad_ws/install/agbot_full_moveit:/home/albert/rad_ws/install/agbot_full_description:/home/albert/rad_ws/install/agbot_full_cpp:/home/albert/rad_ws/install/agbot_full_controller:/home/albert/rad_ws/install/agbot_full_cartogropher:/home/albert/dev_ws/install/my_bot:/home/albert/ag_car_ws/install/car_nav2:/home/albert/ag_car_ws/install/car_description:/home/albert/ag_car_ws/install/car_controller:/home/albert/ag_car_ws/install/car_cartographer:/home/albert/ws_moveit2/install/moveit_configs_utils:/home/albert/ws_moveit2/install/launch_param_builder:/home/albert/umov_ws/install/arduino_py_examples:/home/albert/udem2_ws/install/actions_py:/home/albert/udem2_ws/install/lifecycle_py:/home/albert/udem2_ws/install/executors_py:/home/albert/udem2_ws/install/components_py:/home/albert/udem_ws/install/turtlesim_catcher:/home/albert/udem_ws/install/my_py_pkg:/home/albert/udem_ws/install/lifecycle_py:/home/albert/bcdc_ws/install/agbot_teleop:/home/albert/bcdc_ws/install/agbot_py:/home/albert/arduinobot_ws/install/arduinobot_py_examples:/opt/ros/humble LD_LIBRARY_PATH=/home/albert/umov_ws/install/arduinobot_msgs/lib:/home/albert/ws_moveit2/install/pilz_industrial_motion_planner_testutils/lib:/home/albert/ws_moveit2/install/pilz_industrial_motion_planner/lib:/home/albert/ws_moveit2/install/moveit_visual_tools/lib:/home/albert/ws_moveit2/install/moveit_task_constructor_visualization/lib:/home/albert/ws_moveit2/install/moveit_task_constructor_demo/lib:/home/albert/ws_moveit2/install/moveit_task_constructor_capabilities/lib:/home/albert/ws_moveit2/install/moveit_task_constructor_core/lib:/home/albert/ws_moveit2/install/moveit_ros_control_interface/lib:/home/albert/ws_moveit2/install/moveit_simple_controller_manager/lib:/home/albert/ws_moveit2/install/moveit_setup_assistant/lib:/home/albert/ws_moveit2/install/moveit_setup_srdf_plugins/lib:/home/albert/ws_moveit2/install/moveit_setup_core_plugins/lib:/home/albert/ws_moveit2/install/moveit_setup_controllers/lib:/home/albert/ws_moveit2/install/moveit_setup_app_plugins/lib:/home/albert/ws_moveit2/install/moveit_setup_framework/lib:/home/albert/ws_moveit2/install/moveit_servo/lib:/home/albert/ws_moveit2/install/moveit_ros_visualization/lib:/home/albert/ws_moveit2/install/moveit_hybrid_planning/lib:/home/albert/ws_moveit2/install/moveit_ros_planning_interface/lib:/home/albert/ws_moveit2/install/moveit_ros_benchmarks/lib:/home/albert/ws_moveit2/install/moveit_ros_warehouse/lib:/home/albert/ws_moveit2/install/moveit_ros_robot_interaction/lib:/home/albert/ws_moveit2/install/moveit_ros_perception/lib:/home/albert/ws_moveit2/install/moveit_ros_move_group/lib:/home/albert/ws_moveit2/install/moveit_planners_ompl/lib:/home/albert/ws_moveit2/install/moveit_ros_planning/lib:/home/albert/ws_moveit2/install/moveit_ros_occupancy_map_monitor/lib:/home/albert/ws_moveit2/install/moveit_resources_prbt_ikfast_manipulator_plugin/lib:/home/albert/ws_moveit2/install/moveit_planners_chomp/lib:/home/albert/ws_moveit2/install/moveit_kinematics/lib:/home/albert/ws_moveit2/install/moveit_chomp_optimizer_adapter/lib:/home/albert/ws_moveit2/install/chomp_motion_planner/lib:/home/albert/ws_moveit2/install/moveit_core/lib:/home/albert/ws_moveit2/install/srdfdom/lib:/home/albert/ws_moveit2/install/rviz_marker_tools/lib:/home/albert/ws_moveit2/install/rosparam_shortcuts/lib:/home/albert/ws_moveit2/install/moveit_task_constructor_msgs/lib:/home/albert/umov_ws/install/arduinobot_remote/lib:/home/albert/umov_ws/install/arduino_cpp_examples/lib:/home/albert/umov_ws/install/arduinobot_controller/lib:/home/albert/udem2_ws/install/final_project_cpp/lib:/home/albert/udem2_ws/install/robot_interfaces/lib:/home/albert/udem2_ws/install/components_cpp/lib:/home/albert/udem_ws/install/my_robot_interfaces/lib:/home/albert/bcdc_ws/install/aggiebot_msgs/lib:/home/albert/bcdc_ws/install/agbot_msgs/lib:/home/albert/arduinobot_ws/install/arduinobot_remote/lib:/home/albert/arduinobot_ws/install/arduinobot_cpp_examples/lib:/home/albert/arduinobot_ws/install/arduinobot_msgs/lib:/usr/lib/x86_64-linux-gnu/gazebo-11/plugins:/opt/ros/humble/opt/rviz_ogre_vendor/lib:/opt/ros/humble/lib/x86_64-linux-gnu:/opt/ros/humble/lib:/usr/share/gazebo/../../lib/x86_64-linux-gnu/gazebo-11/plugins /home/albert/.local/bin/cmake --install /home/albert/umov_ws/build/arduino_cpp_examples
[269.034s] Level 1:colcon.colcon_core.environment:create_environment_scripts_only(arduino_cpp_examples)
[269.035s] DEBUG:colcon.colcon_core.event_handler.log_command:Invoked command in '/home/albert/umov_ws/build/arduino_cpp_examples' returned '0': CMAKE_PREFIX_PATH=/home/albert/umov_ws/install/arduinobot_msgs:/home/albert/ag_arm_ws/install/arm_setup_moveit:/home/albert/ag_arm_ws/install/arm_moveit:/home/albert/ag_arm_ws/install/arm_description:/home/albert/ag_arm_ws/install/arm_cpp:/home/albert/ag_arm_ws/install/arm_controller:/home/albert/ws_moveit2/install/pilz_industrial_motion_planner_testutils:/home/albert/ws_moveit2/install/moveit_runtime:/home/albert/ws_moveit2/install/moveit2_tutorials:/home/albert/ws_moveit2/install/moveit:/home/albert/ws_moveit2/install/moveit_planners:/home/albert/ws_moveit2/install/pilz_industrial_motion_planner:/home/albert/ws_moveit2/install/moveit_visual_tools:/home/albert/ws_moveit2/install/moveit_task_constructor_visualization:/home/albert/ws_moveit2/install/moveit_task_constructor_demo:/home/albert/ws_moveit2/install/moveit_task_constructor_capabilities:/home/albert/ws_moveit2/install/moveit_task_constructor_core:/home/albert/ws_moveit2/install/moveit_ros_control_interface:/home/albert/ws_moveit2/install/moveit_plugins:/home/albert/ws_moveit2/install/moveit_simple_controller_manager:/home/albert/ws_moveit2/install/moveit_setup_assistant:/home/albert/ws_moveit2/install/moveit_setup_srdf_plugins:/home/albert/ws_moveit2/install/moveit_setup_core_plugins:/home/albert/ws_moveit2/install/moveit_setup_controllers:/home/albert/ws_moveit2/install/moveit_setup_app_plugins:/home/albert/ws_moveit2/install/moveit_setup_framework:/home/albert/ws_moveit2/install/moveit_servo:/home/albert/ws_moveit2/install/moveit_ros:/home/albert/ws_moveit2/install/moveit_ros_visualization:/home/albert/ws_moveit2/install/moveit_hybrid_planning:/home/albert/ws_moveit2/install/moveit_ros_planning_interface:/home/albert/ws_moveit2/install/moveit_ros_benchmarks:/home/albert/ws_moveit2/install/moveit_ros_warehouse:/home/albert/ws_moveit2/install/moveit_ros_robot_interaction:/home/albert/ws_moveit2/install/moveit_ros_perception:/home/albert/ws_moveit2/install/moveit_resources_prbt_pg70_support:/home/albert/ws_moveit2/install/moveit_resources_prbt_moveit_config:/home/albert/ws_moveit2/install/moveit_ros_move_group:/home/albert/ws_moveit2/install/moveit_planners_ompl:/home/albert/ws_moveit2/install/moveit_ros_planning:/home/albert/ws_moveit2/install/moveit_ros_occupancy_map_monitor:/home/albert/ws_moveit2/install/moveit_resources_prbt_ikfast_manipulator_plugin:/home/albert/ws_moveit2/install/moveit_planners_chomp:/home/albert/ws_moveit2/install/moveit_kinematics:/home/albert/ws_moveit2/install/moveit_chomp_optimizer_adapter:/home/albert/ws_moveit2/install/chomp_motion_planner:/home/albert/ws_moveit2/install/moveit_core:/home/albert/ws_moveit2/install/srdfdom:/home/albert/ws_moveit2/install/rviz_marker_tools:/home/albert/ws_moveit2/install/rosparam_shortcuts:/home/albert/ws_moveit2/install/moveit_task_constructor_msgs:/home/albert/ws_moveit2/install/moveit_resources_prbt_support:/home/albert/ws_moveit2/install/moveit_resources:/home/albert/ws_moveit2/install/moveit_resources_pr2_description:/home/albert/ws_moveit2/install/moveit_resources_panda_moveit_config:/home/albert/ws_moveit2/install/moveit_resources_panda_description:/home/albert/ws_moveit2/install/moveit_resources_fanuc_moveit_config:/home/albert/ws_moveit2/install/moveit_resources_fanuc_description:/home/albert/ws_moveit2/install/moveit_common:/home/albert/umov_ws/install/description:/home/albert/umov_ws/install/arduinobot_utils:/home/albert/umov_ws/install/arduinobot_remote:/home/albert/umov_ws/install/arduino_cpp_examples:/home/albert/umov_ws/install/arduinobot_moveit:/home/albert/umov_ws/install/arduinobot_firmware:/home/albert/umov_ws/install/arduinobot_controller:/home/albert/umov_ws/install/arduinobot_bringup:/home/albert/unav_ws/install/turtlebot3_fake_node:/home/albert/unav_ws/install/robot_bringup:/home/albert/unav_ws/install/nav2_robot_description:/home/albert/udem2_ws/install/robot_bringup:/home/albert/udem2_ws/install/my_robot_bringup:/home/albert/udem2_ws/install/lifecycle_cpp:/home/albert/udem2_ws/install/final_project_cpp:/home/albert/udem2_ws/install/actions_cpp:/home/albert/udem2_ws/install/robot_interfaces:/home/albert/udem2_ws/install/executors_cpp:/home/albert/udem2_ws/install/components_cpp:/home/albert/udem_ws/install/my_robot_bringup:/home/albert/udem_ws/install/my_cpp_pkg:/home/albert/udem_ws/install/my_robot_interfaces:/home/albert/udem_ws/install/my_robot_description:/home/albert/udem_ws/install/lifecycle_cpp:/home/albert/bcdc_ws/install/aggiebot_cpp:/home/albert/bcdc_ws/install/aggiebot_msgs:/home/albert/bcdc_ws/install/aggiebot_description:/home/albert/bcdc_ws/install/aggiebot_controller:/home/albert/bcdc_ws/install/aggiebot_bringup:/home/albert/bcdc_ws/install/aggiebot_arm_moveit:/home/albert/bcdc_ws/install/aggiebot_arm_description:/home/albert/bcdc_ws/install/aggiebot_arm_controller:/home/albert/bcdc_ws/install/agbot_setup_moveit:/home/albert/bcdc_ws/install/agbot_cpp:/home/albert/bcdc_ws/install/agbot_msgs:/home/albert/bcdc_ws/install/agbot_moveit:/home/albert/bcdc_ws/install/agbot_description:/home/albert/bcdc_ws/install/agbot_controller:/home/albert/bcdc_ws/install/agbot_bringup:/home/albert/bcdc_ws/install/agbot_arm_controller:/home/albert/arduinobot_ws/install/arduinobot_utils:/home/albert/arduinobot_ws/install/arduinobot_remote:/home/albert/arduinobot_ws/install/arduinobot_cpp_examples:/home/albert/arduinobot_ws/install/arduinobot_msgs:/home/albert/arduinobot_ws/install/arduinobot_moveit_setup:/home/albert/arduinobot_ws/install/arduinobot_moveit:/home/albert/arduinobot_ws/install/arduinobot_description:/home/albert/arduinobot_ws/install/arduinobot_controller:/home/albert/rad_ws/install/agbot_full_nav2:/home/albert/rad_ws/install/agbot_full_msgs:/home/albert/rad_ws/install/agbot_full_moveit_setup:/home/albert/rad_ws/install/agbot_full_moveit:/home/albert/rad_ws/install/agbot_full_description:/home/albert/rad_ws/install/agbot_full_cpp:/home/albert/rad_ws/install/agbot_full_controller:/home/albert/rad_ws/install/agbot_full_cartogropher:/home/albert/dev_ws/install/my_bot:/home/albert/ag_car_ws/install/car_nav2:/home/albert/ag_car_ws/install/car_description:/home/albert/ag_car_ws/install/car_controller:/home/albert/ag_car_ws/install/car_cartographer:/home/albert/ws_moveit2/install/moveit_configs_utils:/home/albert/ws_moveit2/install/launch_param_builder:/home/albert/umov_ws/install/arduino_py_examples:/home/albert/udem2_ws/install/actions_py:/home/albert/udem2_ws/install/lifecycle_py:/home/albert/udem2_ws/install/executors_py:/home/albert/udem2_ws/install/components_py:/home/albert/udem_ws/install/turtlesim_catcher:/home/albert/udem_ws/install/my_py_pkg:/home/albert/udem_ws/install/lifecycle_py:/home/albert/bcdc_ws/install/agbot_teleop:/home/albert/bcdc_ws/install/agbot_py:/home/albert/arduinobot_ws/install/arduinobot_py_examples:/opt/ros/humble LD_LIBRARY_PATH=/home/albert/umov_ws/install/arduinobot_msgs/lib:/home/albert/ws_moveit2/install/pilz_industrial_motion_planner_testutils/lib:/home/albert/ws_moveit2/install/pilz_industrial_motion_planner/lib:/home/albert/ws_moveit2/install/moveit_visual_tools/lib:/home/albert/ws_moveit2/install/moveit_task_constructor_visualization/lib:/home/albert/ws_moveit2/install/moveit_task_constructor_demo/lib:/home/albert/ws_moveit2/install/moveit_task_constructor_capabilities/lib:/home/albert/ws_moveit2/install/moveit_task_constructor_core/lib:/home/albert/ws_moveit2/install/moveit_ros_control_interface/lib:/home/albert/ws_moveit2/install/moveit_simple_controller_manager/lib:/home/albert/ws_moveit2/install/moveit_setup_assistant/lib:/home/albert/ws_moveit2/install/moveit_setup_srdf_plugins/lib:/home/albert/ws_moveit2/install/moveit_setup_core_plugins/lib:/home/albert/ws_moveit2/install/moveit_setup_controllers/lib:/home/albert/ws_moveit2/install/moveit_setup_app_plugins/lib:/home/albert/ws_moveit2/install/moveit_setup_framework/lib:/home/albert/ws_moveit2/install/moveit_servo/lib:/home/albert/ws_moveit2/install/moveit_ros_visualization/lib:/home/albert/ws_moveit2/install/moveit_hybrid_planning/lib:/home/albert/ws_moveit2/install/moveit_ros_planning_interface/lib:/home/albert/ws_moveit2/install/moveit_ros_benchmarks/lib:/home/albert/ws_moveit2/install/moveit_ros_warehouse/lib:/home/albert/ws_moveit2/install/moveit_ros_robot_interaction/lib:/home/albert/ws_moveit2/install/moveit_ros_perception/lib:/home/albert/ws_moveit2/install/moveit_ros_move_group/lib:/home/albert/ws_moveit2/install/moveit_planners_ompl/lib:/home/albert/ws_moveit2/install/moveit_ros_planning/lib:/home/albert/ws_moveit2/install/moveit_ros_occupancy_map_monitor/lib:/home/albert/ws_moveit2/install/moveit_resources_prbt_ikfast_manipulator_plugin/lib:/home/albert/ws_moveit2/install/moveit_planners_chomp/lib:/home/albert/ws_moveit2/install/moveit_kinematics/lib:/home/albert/ws_moveit2/install/moveit_chomp_optimizer_adapter/lib:/home/albert/ws_moveit2/install/chomp_motion_planner/lib:/home/albert/ws_moveit2/install/moveit_core/lib:/home/albert/ws_moveit2/install/srdfdom/lib:/home/albert/ws_moveit2/install/rviz_marker_tools/lib:/home/albert/ws_moveit2/install/rosparam_shortcuts/lib:/home/albert/ws_moveit2/install/moveit_task_constructor_msgs/lib:/home/albert/umov_ws/install/arduinobot_remote/lib:/home/albert/umov_ws/install/arduino_cpp_examples/lib:/home/albert/umov_ws/install/arduinobot_controller/lib:/home/albert/udem2_ws/install/final_project_cpp/lib:/home/albert/udem2_ws/install/robot_interfaces/lib:/home/albert/udem2_ws/install/components_cpp/lib:/home/albert/udem_ws/install/my_robot_interfaces/lib:/home/albert/bcdc_ws/install/aggiebot_msgs/lib:/home/albert/bcdc_ws/install/agbot_msgs/lib:/home/albert/arduinobot_ws/install/arduinobot_remote/lib:/home/albert/arduinobot_ws/install/arduinobot_cpp_examples/lib:/home/albert/arduinobot_ws/install/arduinobot_msgs/lib:/usr/lib/x86_64-linux-gnu/gazebo-11/plugins:/opt/ros/humble/opt/rviz_ogre_vendor/lib:/opt/ros/humble/lib/x86_64-linux-gnu:/opt/ros/humble/lib:/usr/share/gazebo/../../lib/x86_64-linux-gnu/gazebo-11/plugins /home/albert/.local/bin/cmake --install /home/albert/umov_ws/build/arduino_cpp_examples
[269.038s] Level 1:colcon.colcon_core.environment:checking '/home/albert/umov_ws/install/arduino_cpp_examples' for CMake module files
[269.043s] Level 1:colcon.colcon_core.environment:checking '/home/albert/umov_ws/install/arduino_cpp_examples' for CMake config files
[269.043s] Level 1:colcon.colcon_core.shell:create_environment_hook('arduino_cpp_examples', 'cmake_prefix_path')
[269.044s] INFO:colcon.colcon_core.shell:Creating environment hook '/home/albert/umov_ws/install/arduino_cpp_examples/share/arduino_cpp_examples/hook/cmake_prefix_path.ps1'
[269.046s] INFO:colcon.colcon_core.shell:Creating environment descriptor '/home/albert/umov_ws/install/arduino_cpp_examples/share/arduino_cpp_examples/hook/cmake_prefix_path.dsv'
[269.047s] INFO:colcon.colcon_core.shell:Creating environment hook '/home/albert/umov_ws/install/arduino_cpp_examples/share/arduino_cpp_examples/hook/cmake_prefix_path.sh'
[269.049s] Level 1:colcon.colcon_core.environment:checking '/home/albert/umov_ws/install/arduino_cpp_examples/lib'
[269.049s] Level 1:colcon.colcon_core.shell:create_environment_hook('arduino_cpp_examples', 'ld_library_path_lib')
[269.051s] INFO:colcon.colcon_core.shell:Creating environment hook '/home/albert/umov_ws/install/arduino_cpp_examples/share/arduino_cpp_examples/hook/ld_library_path_lib.ps1'
[269.052s] INFO:colcon.colcon_core.shell:Creating environment descriptor '/home/albert/umov_ws/install/arduino_cpp_examples/share/arduino_cpp_examples/hook/ld_library_path_lib.dsv'
[269.053s] INFO:colcon.colcon_core.shell:Creating environment hook '/home/albert/umov_ws/install/arduino_cpp_examples/share/arduino_cpp_examples/hook/ld_library_path_lib.sh'
[269.054s] Level 1:colcon.colcon_core.environment:checking '/home/albert/umov_ws/install/arduino_cpp_examples/bin'
[269.054s] Level 1:colcon.colcon_core.environment:checking '/home/albert/umov_ws/install/arduino_cpp_examples/lib/pkgconfig/arduino_cpp_examples.pc'
[269.055s] Level 1:colcon.colcon_core.environment:checking '/home/albert/umov_ws/install/arduino_cpp_examples/lib/python3.10/site-packages'
[269.055s] Level 1:colcon.colcon_core.environment:checking '/home/albert/umov_ws/install/arduino_cpp_examples/bin'
[269.057s] INFO:colcon.colcon_core.shell:Creating package script '/home/albert/umov_ws/install/arduino_cpp_examples/share/arduino_cpp_examples/package.ps1'
[269.059s] INFO:colcon.colcon_core.shell:Creating package descriptor '/home/albert/umov_ws/install/arduino_cpp_examples/share/arduino_cpp_examples/package.dsv'
[269.063s] INFO:colcon.colcon_core.shell:Creating package script '/home/albert/umov_ws/install/arduino_cpp_examples/share/arduino_cpp_examples/package.sh'
[269.067s] INFO:colcon.colcon_core.shell:Creating package script '/home/albert/umov_ws/install/arduino_cpp_examples/share/arduino_cpp_examples/package.bash'
[269.068s] INFO:colcon.colcon_core.shell:Creating package script '/home/albert/umov_ws/install/arduino_cpp_examples/share/arduino_cpp_examples/package.zsh'
[269.068s] Level 1:colcon.colcon_core.environment:create_file_with_runtime_dependencies(/home/albert/umov_ws/install/arduino_cpp_examples/share/colcon-core/packages/arduino_cpp_examples)
[269.070s] Level 1:colcon.colcon_core.environment:create_environment_scripts_only(arduino_cpp_examples)
[269.071s] Level 1:colcon.colcon_core.environment:checking '/home/albert/umov_ws/install/arduino_cpp_examples' for CMake module files
[269.076s] Level 1:colcon.colcon_core.environment:checking '/home/albert/umov_ws/install/arduino_cpp_examples' for CMake config files
[269.077s] Level 1:colcon.colcon_core.shell:create_environment_hook('arduino_cpp_examples', 'cmake_prefix_path')
[269.077s] INFO:colcon.colcon_core.shell:Creating environment hook '/home/albert/umov_ws/install/arduino_cpp_examples/share/arduino_cpp_examples/hook/cmake_prefix_path.ps1'
[269.079s] INFO:colcon.colcon_core.shell:Creating environment descriptor '/home/albert/umov_ws/install/arduino_cpp_examples/share/arduino_cpp_examples/hook/cmake_prefix_path.dsv'
[269.080s] INFO:colcon.colcon_core.shell:Creating environment hook '/home/albert/umov_ws/install/arduino_cpp_examples/share/arduino_cpp_examples/hook/cmake_prefix_path.sh'
[269.081s] Level 1:colcon.colcon_core.environment:checking '/home/albert/umov_ws/install/arduino_cpp_examples/lib'
[269.081s] Level 1:colcon.colcon_core.shell:create_environment_hook('arduino_cpp_examples', 'ld_library_path_lib')
[269.082s] INFO:colcon.colcon_core.shell:Creating environment hook '/home/albert/umov_ws/install/arduino_cpp_examples/share/arduino_cpp_examples/hook/ld_library_path_lib.ps1'
[269.083s] INFO:colcon.colcon_core.shell:Creating environment descriptor '/home/albert/umov_ws/install/arduino_cpp_examples/share/arduino_cpp_examples/hook/ld_library_path_lib.dsv'
[269.085s] INFO:colcon.colcon_core.shell:Creating environment hook '/home/albert/umov_ws/install/arduino_cpp_examples/share/arduino_cpp_examples/hook/ld_library_path_lib.sh'
[269.086s] Level 1:colcon.colcon_core.environment:checking '/home/albert/umov_ws/install/arduino_cpp_examples/bin'
[269.086s] Level 1:colcon.colcon_core.environment:checking '/home/albert/umov_ws/install/arduino_cpp_examples/lib/pkgconfig/arduino_cpp_examples.pc'
[269.088s] Level 1:colcon.colcon_core.environment:checking '/home/albert/umov_ws/install/arduino_cpp_examples/lib/python3.10/site-packages'
[269.088s] Level 1:colcon.colcon_core.environment:checking '/home/albert/umov_ws/install/arduino_cpp_examples/bin'
[269.089s] INFO:colcon.colcon_core.shell:Creating package script '/home/albert/umov_ws/install/arduino_cpp_examples/share/arduino_cpp_examples/package.ps1'
[269.092s] INFO:colcon.colcon_core.shell:Creating package descriptor '/home/albert/umov_ws/install/arduino_cpp_examples/share/arduino_cpp_examples/package.dsv'
[269.097s] INFO:colcon.colcon_core.shell:Creating package script '/home/albert/umov_ws/install/arduino_cpp_examples/share/arduino_cpp_examples/package.sh'
[269.098s] INFO:colcon.colcon_core.shell:Creating package script '/home/albert/umov_ws/install/arduino_cpp_examples/share/arduino_cpp_examples/package.bash'
[269.100s] INFO:colcon.colcon_core.shell:Creating package script '/home/albert/umov_ws/install/arduino_cpp_examples/share/arduino_cpp_examples/package.zsh'
[269.101s] Level 1:colcon.colcon_core.environment:create_file_with_runtime_dependencies(/home/albert/umov_ws/install/arduino_cpp_examples/share/colcon-core/packages/arduino_cpp_examples)
[269.108s] DEBUG:colcon.colcon_parallel_executor.executor.parallel:closing loop
[269.114s] DEBUG:colcon.colcon_parallel_executor.executor.parallel:loop closed
[269.115s] DEBUG:colcon.colcon_parallel_executor.executor.parallel:run_until_complete finished with '0'
[269.115s] DEBUG:colcon.colcon_core.event_reactor:joining thread
[269.154s] INFO:colcon.colcon_core.plugin_system:Skipping extension 'colcon_notification.desktop_notification.terminal_notifier': Not used on non-Darwin systems
[269.154s] INFO:colcon.colcon_core.plugin_system:Skipping extension 'colcon_notification.desktop_notification.win32': Not used on non-Windows systems
[269.155s] INFO:colcon.colcon_notification.desktop_notification:Sending desktop notification using 'notify2'
[269.213s] DEBUG:colcon.colcon_core.event_reactor:joined thread
[269.214s] INFO:colcon.colcon_core.shell:Creating prefix script '/home/albert/umov_ws/install/local_setup.ps1'
[269.216s] INFO:colcon.colcon_core.shell:Creating prefix util module '/home/albert/umov_ws/install/_local_setup_util_ps1.py'
[269.232s] INFO:colcon.colcon_core.shell:Creating prefix chain script '/home/albert/umov_ws/install/setup.ps1'
[269.276s] INFO:colcon.colcon_core.shell:Creating prefix script '/home/albert/umov_ws/install/local_setup.sh'
[269.281s] INFO:colcon.colcon_core.shell:Creating prefix util module '/home/albert/umov_ws/install/_local_setup_util_sh.py'
[269.283s] INFO:colcon.colcon_core.shell:Creating prefix chain script '/home/albert/umov_ws/install/setup.sh'
[269.319s] INFO:colcon.colcon_core.shell:Creating prefix script '/home/albert/umov_ws/install/local_setup.bash'
[269.322s] INFO:colcon.colcon_core.shell:Creating prefix chain script '/home/albert/umov_ws/install/setup.bash'
[269.356s] INFO:colcon.colcon_core.shell:Creating prefix script '/home/albert/umov_ws/install/local_setup.zsh'
[269.358s] INFO:colcon.colcon_core.shell:Creating prefix chain script '/home/albert/umov_ws/install/setup.zsh'
