[0.139s] DEBUG:colcon:Command line arguments: ['/usr/bin/colcon', 'build']
[0.139s] DEBUG:colcon:Parsed command line arguments: Namespace(log_base=None, log_level=None, verb_name='build', build_base='build', install_base='install', merge_install=False, symlink_install=False, test_result_base=None, continue_on_error=False, executor='parallel', parallel_workers=8, event_handlers=None, ignore_user_meta=False, metas=['./colcon.meta'], base_paths=['.'], packages_ignore=None, packages_ignore_regex=None, paths=None, packages_up_to=None, packages_up_to_regex=None, packages_above=None, packages_above_and_dependencies=None, packages_above_depth=None, packages_select_by_dep=None, packages_skip_by_dep=None, packages_skip_up_to=None, packages_select_build_failed=False, packages_skip_build_finished=False, packages_select_test_failures=False, packages_skip_test_passed=False, packages_select=None, packages_skip=None, packages_select_regex=None, packages_skip_regex=None, packages_start=None, packages_end=None, allow_overriding=[], cmake_args=None, cmake_target=None, cmake_target_skip_unavailable=False, cmake_clean_cache=False, cmake_clean_first=False, cmake_force_configure=False, ament_cmake_args=None, catkin_cmake_args=None, catkin_skip_building_tests=False, mixin_files=None, mixin=None, verb_parser=<colcon_mixin.mixin.mixin_argument.MixinArgumentDecorator object at 0x75016765bc40>, verb_extension=<colcon_core.verb.build.BuildVerb object at 0x75016779cb80>, main=<bound method BuildVerb.main of <colcon_core.verb.build.BuildVerb object at 0x75016779cb80>>, mixin_verb=('build',))
[0.411s] Level 1:colcon.colcon_core.package_discovery:discover_packages(colcon_meta) check parameters
[0.411s] Level 1:colcon.colcon_core.package_discovery:discover_packages(recursive) check parameters
[0.411s] Level 1:colcon.colcon_core.package_discovery:discover_packages(ignore) check parameters
[0.411s] Level 1:colcon.colcon_core.package_discovery:discover_packages(path) check parameters
[0.411s] Level 1:colcon.colcon_core.package_discovery:discover_packages(colcon_meta) discover
[0.411s] Level 1:colcon.colcon_core.package_discovery:discover_packages(recursive) discover
[0.411s] INFO:colcon.colcon_core.package_discovery:Crawling recursively for packages in '/home/albert/umov_ws'
[0.411s] Level 1:colcon.colcon_core.package_identification:_identify(.) by extensions ['ignore', 'ignore_ament_install']
[0.411s] Level 1:colcon.colcon_core.package_identification:_identify(.) by extension 'ignore'
[0.411s] Level 1:colcon.colcon_core.package_identification:_identify(.) by extension 'ignore_ament_install'
[0.411s] Level 1:colcon.colcon_core.package_identification:_identify(.) by extensions ['colcon_pkg']
[0.411s] Level 1:colcon.colcon_core.package_identification:_identify(.) by extension 'colcon_pkg'
[0.411s] Level 1:colcon.colcon_core.package_identification:_identify(.) by extensions ['colcon_meta']
[0.411s] Level 1:colcon.colcon_core.package_identification:_identify(.) by extension 'colcon_meta'
[0.412s] Level 1:colcon.colcon_core.package_identification:_identify(.) by extensions ['ros']
[0.412s] Level 1:colcon.colcon_core.package_identification:_identify(.) by extension 'ros'
[0.431s] Level 1:colcon.colcon_core.package_identification:_identify(.) by extensions ['cmake', 'python']
[0.431s] Level 1:colcon.colcon_core.package_identification:_identify(.) by extension 'cmake'
[0.432s] Level 1:colcon.colcon_core.package_identification:_identify(.) by extension 'python'
[0.432s] Level 1:colcon.colcon_core.package_identification:_identify(.) by extensions ['python_setup_py']
[0.432s] Level 1:colcon.colcon_core.package_identification:_identify(.) by extension 'python_setup_py'
[0.432s] Level 1:colcon.colcon_core.package_identification:_identify(CAD of Robot) by extensions ['ignore', 'ignore_ament_install']
[0.432s] Level 1:colcon.colcon_core.package_identification:_identify(CAD of Robot) by extension 'ignore'
[0.432s] Level 1:colcon.colcon_core.package_identification:_identify(CAD of Robot) by extension 'ignore_ament_install'
[0.432s] Level 1:colcon.colcon_core.package_identification:_identify(CAD of Robot) by extensions ['colcon_pkg']
[0.432s] Level 1:colcon.colcon_core.package_identification:_identify(CAD of Robot) by extension 'colcon_pkg'
[0.432s] Level 1:colcon.colcon_core.package_identification:_identify(CAD of Robot) by extensions ['colcon_meta']
[0.432s] Level 1:colcon.colcon_core.package_identification:_identify(CAD of Robot) by extension 'colcon_meta'
[0.432s] Level 1:colcon.colcon_core.package_identification:_identify(CAD of Robot) by extensions ['ros']
[0.432s] Level 1:colcon.colcon_core.package_identification:_identify(CAD of Robot) by extension 'ros'
[0.432s] Level 1:colcon.colcon_core.package_identification:_identify(CAD of Robot) by extensions ['cmake', 'python']
[0.432s] Level 1:colcon.colcon_core.package_identification:_identify(CAD of Robot) by extension 'cmake'
[0.432s] Level 1:colcon.colcon_core.package_identification:_identify(CAD of Robot) by extension 'python'
[0.432s] Level 1:colcon.colcon_core.package_identification:_identify(CAD of Robot) by extensions ['python_setup_py']
[0.432s] Level 1:colcon.colcon_core.package_identification:_identify(CAD of Robot) by extension 'python_setup_py'
[0.433s] Level 1:colcon.colcon_core.package_identification:_identify(STL 3D Print) by extensions ['ignore', 'ignore_ament_install']
[0.433s] Level 1:colcon.colcon_core.package_identification:_identify(STL 3D Print) by extension 'ignore'
[0.433s] Level 1:colcon.colcon_core.package_identification:_identify(STL 3D Print) by extension 'ignore_ament_install'
[0.433s] Level 1:colcon.colcon_core.package_identification:_identify(STL 3D Print) by extensions ['colcon_pkg']
[0.433s] Level 1:colcon.colcon_core.package_identification:_identify(STL 3D Print) by extension 'colcon_pkg'
[0.433s] Level 1:colcon.colcon_core.package_identification:_identify(STL 3D Print) by extensions ['colcon_meta']
[0.433s] Level 1:colcon.colcon_core.package_identification:_identify(STL 3D Print) by extension 'colcon_meta'
[0.433s] Level 1:colcon.colcon_core.package_identification:_identify(STL 3D Print) by extensions ['ros']
[0.433s] Level 1:colcon.colcon_core.package_identification:_identify(STL 3D Print) by extension 'ros'
[0.433s] Level 1:colcon.colcon_core.package_identification:_identify(STL 3D Print) by extensions ['cmake', 'python']
[0.433s] Level 1:colcon.colcon_core.package_identification:_identify(STL 3D Print) by extension 'cmake'
[0.433s] Level 1:colcon.colcon_core.package_identification:_identify(STL 3D Print) by extension 'python'
[0.433s] Level 1:colcon.colcon_core.package_identification:_identify(STL 3D Print) by extensions ['python_setup_py']
[0.433s] Level 1:colcon.colcon_core.package_identification:_identify(STL 3D Print) by extension 'python_setup_py'
[0.433s] Level 1:colcon.colcon_core.package_identification:_identify(STL Gazebo) by extensions ['ignore', 'ignore_ament_install']
[0.433s] Level 1:colcon.colcon_core.package_identification:_identify(STL Gazebo) by extension 'ignore'
[0.433s] Level 1:colcon.colcon_core.package_identification:_identify(STL Gazebo) by extension 'ignore_ament_install'
[0.433s] Level 1:colcon.colcon_core.package_identification:_identify(STL Gazebo) by extensions ['colcon_pkg']
[0.433s] Level 1:colcon.colcon_core.package_identification:_identify(STL Gazebo) by extension 'colcon_pkg'
[0.434s] Level 1:colcon.colcon_core.package_identification:_identify(STL Gazebo) by extensions ['colcon_meta']
[0.434s] Level 1:colcon.colcon_core.package_identification:_identify(STL Gazebo) by extension 'colcon_meta'
[0.434s] Level 1:colcon.colcon_core.package_identification:_identify(STL Gazebo) by extensions ['ros']
[0.434s] Level 1:colcon.colcon_core.package_identification:_identify(STL Gazebo) by extension 'ros'
[0.434s] Level 1:colcon.colcon_core.package_identification:_identify(STL Gazebo) by extensions ['cmake', 'python']
[0.434s] Level 1:colcon.colcon_core.package_identification:_identify(STL Gazebo) by extension 'cmake'
[0.434s] Level 1:colcon.colcon_core.package_identification:_identify(STL Gazebo) by extension 'python'
[0.434s] Level 1:colcon.colcon_core.package_identification:_identify(STL Gazebo) by extensions ['python_setup_py']
[0.434s] Level 1:colcon.colcon_core.package_identification:_identify(STL Gazebo) by extension 'python_setup_py'
[0.434s] Level 1:colcon.colcon_core.package_identification:_identify(build) by extensions ['ignore', 'ignore_ament_install']
[0.434s] Level 1:colcon.colcon_core.package_identification:_identify(build) by extension 'ignore'
[0.434s] Level 1:colcon.colcon_core.package_identification:_identify(build) ignored
[0.434s] Level 1:colcon.colcon_core.package_identification:_identify(install) by extensions ['ignore', 'ignore_ament_install']
[0.434s] Level 1:colcon.colcon_core.package_identification:_identify(install) by extension 'ignore'
[0.434s] Level 1:colcon.colcon_core.package_identification:_identify(install) ignored
[0.435s] Level 1:colcon.colcon_core.package_identification:_identify(log) by extensions ['ignore', 'ignore_ament_install']
[0.435s] Level 1:colcon.colcon_core.package_identification:_identify(log) by extension 'ignore'
[0.435s] Level 1:colcon.colcon_core.package_identification:_identify(log) ignored
[0.435s] Level 1:colcon.colcon_core.package_identification:_identify(src) by extensions ['ignore', 'ignore_ament_install']
[0.435s] Level 1:colcon.colcon_core.package_identification:_identify(src) by extension 'ignore'
[0.435s] Level 1:colcon.colcon_core.package_identification:_identify(src) by extension 'ignore_ament_install'
[0.435s] Level 1:colcon.colcon_core.package_identification:_identify(src) by extensions ['colcon_pkg']
[0.435s] Level 1:colcon.colcon_core.package_identification:_identify(src) by extension 'colcon_pkg'
[0.435s] Level 1:colcon.colcon_core.package_identification:_identify(src) by extensions ['colcon_meta']
[0.435s] Level 1:colcon.colcon_core.package_identification:_identify(src) by extension 'colcon_meta'
[0.435s] Level 1:colcon.colcon_core.package_identification:_identify(src) by extensions ['ros']
[0.435s] Level 1:colcon.colcon_core.package_identification:_identify(src) by extension 'ros'
[0.435s] Level 1:colcon.colcon_core.package_identification:_identify(src) by extensions ['cmake', 'python']
[0.435s] Level 1:colcon.colcon_core.package_identification:_identify(src) by extension 'cmake'
[0.436s] Level 1:colcon.colcon_core.package_identification:_identify(src) by extension 'python'
[0.436s] Level 1:colcon.colcon_core.package_identification:_identify(src) by extensions ['python_setup_py']
[0.436s] Level 1:colcon.colcon_core.package_identification:_identify(src) by extension 'python_setup_py'
[0.436s] Level 1:colcon.colcon_core.package_identification:_identify(src/arduino_bringup) by extensions ['ignore', 'ignore_ament_install']
[0.436s] Level 1:colcon.colcon_core.package_identification:_identify(src/arduino_bringup) by extension 'ignore'
[0.436s] Level 1:colcon.colcon_core.package_identification:_identify(src/arduino_bringup) by extension 'ignore_ament_install'
[0.436s] Level 1:colcon.colcon_core.package_identification:_identify(src/arduino_bringup) by extensions ['colcon_pkg']
[0.436s] Level 1:colcon.colcon_core.package_identification:_identify(src/arduino_bringup) by extension 'colcon_pkg'
[0.436s] Level 1:colcon.colcon_core.package_identification:_identify(src/arduino_bringup) by extensions ['colcon_meta']
[0.436s] Level 1:colcon.colcon_core.package_identification:_identify(src/arduino_bringup) by extension 'colcon_meta'
[0.436s] Level 1:colcon.colcon_core.package_identification:_identify(src/arduino_bringup) by extensions ['ros']
[0.436s] Level 1:colcon.colcon_core.package_identification:_identify(src/arduino_bringup) by extension 'ros'
[0.439s] DEBUG:colcon.colcon_core.package_identification:Package 'src/arduino_bringup' with type 'ros.ament_cmake' and name 'arduino_bringup'
[0.439s] Level 1:colcon.colcon_core.package_identification:_identify(src/arduino_controller) by extensions ['ignore', 'ignore_ament_install']
[0.439s] Level 1:colcon.colcon_core.package_identification:_identify(src/arduino_controller) by extension 'ignore'
[0.439s] Level 1:colcon.colcon_core.package_identification:_identify(src/arduino_controller) by extension 'ignore_ament_install'
[0.439s] Level 1:colcon.colcon_core.package_identification:_identify(src/arduino_controller) by extensions ['colcon_pkg']
[0.439s] Level 1:colcon.colcon_core.package_identification:_identify(src/arduino_controller) by extension 'colcon_pkg'
[0.439s] Level 1:colcon.colcon_core.package_identification:_identify(src/arduino_controller) by extensions ['colcon_meta']
[0.439s] Level 1:colcon.colcon_core.package_identification:_identify(src/arduino_controller) by extension 'colcon_meta'
[0.439s] Level 1:colcon.colcon_core.package_identification:_identify(src/arduino_controller) by extensions ['ros']
[0.439s] Level 1:colcon.colcon_core.package_identification:_identify(src/arduino_controller) by extension 'ros'
[0.440s] DEBUG:colcon.colcon_core.package_identification:Package 'src/arduino_controller' with type 'ros.ament_cmake' and name 'arduino_controller'
[0.441s] Level 1:colcon.colcon_core.package_identification:_identify(src/arduino_cpp_examples) by extensions ['ignore', 'ignore_ament_install']
[0.441s] Level 1:colcon.colcon_core.package_identification:_identify(src/arduino_cpp_examples) by extension 'ignore'
[0.441s] Level 1:colcon.colcon_core.package_identification:_identify(src/arduino_cpp_examples) by extension 'ignore_ament_install'
[0.441s] Level 1:colcon.colcon_core.package_identification:_identify(src/arduino_cpp_examples) by extensions ['colcon_pkg']
[0.441s] Level 1:colcon.colcon_core.package_identification:_identify(src/arduino_cpp_examples) by extension 'colcon_pkg'
[0.441s] Level 1:colcon.colcon_core.package_identification:_identify(src/arduino_cpp_examples) by extensions ['colcon_meta']
[0.441s] Level 1:colcon.colcon_core.package_identification:_identify(src/arduino_cpp_examples) by extension 'colcon_meta'
[0.441s] Level 1:colcon.colcon_core.package_identification:_identify(src/arduino_cpp_examples) by extensions ['ros']
[0.441s] Level 1:colcon.colcon_core.package_identification:_identify(src/arduino_cpp_examples) by extension 'ros'
[0.442s] DEBUG:colcon.colcon_core.package_identification:Package 'src/arduino_cpp_examples' with type 'ros.ament_cmake' and name 'arduino_cpp_examples'
[0.442s] Level 1:colcon.colcon_core.package_identification:_identify(src/arduino_firmware) by extensions ['ignore', 'ignore_ament_install']
[0.442s] Level 1:colcon.colcon_core.package_identification:_identify(src/arduino_firmware) by extension 'ignore'
[0.442s] Level 1:colcon.colcon_core.package_identification:_identify(src/arduino_firmware) by extension 'ignore_ament_install'
[0.442s] Level 1:colcon.colcon_core.package_identification:_identify(src/arduino_firmware) by extensions ['colcon_pkg']
[0.442s] Level 1:colcon.colcon_core.package_identification:_identify(src/arduino_firmware) by extension 'colcon_pkg'
[0.442s] Level 1:colcon.colcon_core.package_identification:_identify(src/arduino_firmware) by extensions ['colcon_meta']
[0.442s] Level 1:colcon.colcon_core.package_identification:_identify(src/arduino_firmware) by extension 'colcon_meta'
[0.443s] Level 1:colcon.colcon_core.package_identification:_identify(src/arduino_firmware) by extensions ['ros']
[0.443s] Level 1:colcon.colcon_core.package_identification:_identify(src/arduino_firmware) by extension 'ros'
[0.443s] DEBUG:colcon.colcon_core.package_identification:Package 'src/arduino_firmware' with type 'ros.ament_cmake' and name 'arduino_firmware'
[0.444s] Level 1:colcon.colcon_core.package_identification:_identify(src/arduino_moveit) by extensions ['ignore', 'ignore_ament_install']
[0.444s] Level 1:colcon.colcon_core.package_identification:_identify(src/arduino_moveit) by extension 'ignore'
[0.444s] Level 1:colcon.colcon_core.package_identification:_identify(src/arduino_moveit) by extension 'ignore_ament_install'
[0.444s] Level 1:colcon.colcon_core.package_identification:_identify(src/arduino_moveit) by extensions ['colcon_pkg']
[0.444s] Level 1:colcon.colcon_core.package_identification:_identify(src/arduino_moveit) by extension 'colcon_pkg'
[0.444s] Level 1:colcon.colcon_core.package_identification:_identify(src/arduino_moveit) by extensions ['colcon_meta']
[0.444s] Level 1:colcon.colcon_core.package_identification:_identify(src/arduino_moveit) by extension 'colcon_meta'
[0.444s] Level 1:colcon.colcon_core.package_identification:_identify(src/arduino_moveit) by extensions ['ros']
[0.444s] Level 1:colcon.colcon_core.package_identification:_identify(src/arduino_moveit) by extension 'ros'
[0.444s] DEBUG:colcon.colcon_core.package_identification:Package 'src/arduino_moveit' with type 'ros.ament_cmake' and name 'arduino_moveit'
[0.445s] Level 1:colcon.colcon_core.package_identification:_identify(src/arduino_msgs) by extensions ['ignore', 'ignore_ament_install']
[0.445s] Level 1:colcon.colcon_core.package_identification:_identify(src/arduino_msgs) by extension 'ignore'
[0.445s] Level 1:colcon.colcon_core.package_identification:_identify(src/arduino_msgs) by extension 'ignore_ament_install'
[0.445s] Level 1:colcon.colcon_core.package_identification:_identify(src/arduino_msgs) by extensions ['colcon_pkg']
[0.445s] Level 1:colcon.colcon_core.package_identification:_identify(src/arduino_msgs) by extension 'colcon_pkg'
[0.445s] Level 1:colcon.colcon_core.package_identification:_identify(src/arduino_msgs) by extensions ['colcon_meta']
[0.445s] Level 1:colcon.colcon_core.package_identification:_identify(src/arduino_msgs) by extension 'colcon_meta'
[0.445s] Level 1:colcon.colcon_core.package_identification:_identify(src/arduino_msgs) by extensions ['ros']
[0.445s] Level 1:colcon.colcon_core.package_identification:_identify(src/arduino_msgs) by extension 'ros'
[0.446s] DEBUG:colcon.colcon_core.package_identification:Package 'src/arduino_msgs' with type 'ros.ament_cmake' and name 'arduino_msgs'
[0.446s] Level 1:colcon.colcon_core.package_identification:_identify(src/arduino_py_examples) by extensions ['ignore', 'ignore_ament_install']
[0.446s] Level 1:colcon.colcon_core.package_identification:_identify(src/arduino_py_examples) by extension 'ignore'
[0.446s] Level 1:colcon.colcon_core.package_identification:_identify(src/arduino_py_examples) by extension 'ignore_ament_install'
[0.446s] Level 1:colcon.colcon_core.package_identification:_identify(src/arduino_py_examples) by extensions ['colcon_pkg']
[0.446s] Level 1:colcon.colcon_core.package_identification:_identify(src/arduino_py_examples) by extension 'colcon_pkg'
[0.446s] Level 1:colcon.colcon_core.package_identification:_identify(src/arduino_py_examples) by extensions ['colcon_meta']
[0.446s] Level 1:colcon.colcon_core.package_identification:_identify(src/arduino_py_examples) by extension 'colcon_meta'
[0.446s] Level 1:colcon.colcon_core.package_identification:_identify(src/arduino_py_examples) by extensions ['ros']
[0.446s] Level 1:colcon.colcon_core.package_identification:_identify(src/arduino_py_examples) by extension 'ros'
[0.448s] DEBUG:colcon.colcon_core.package_identification:Package 'src/arduino_py_examples' with type 'ros.ament_python' and name 'arduino_py_examples'
[0.449s] Level 1:colcon.colcon_core.package_identification:_identify(src/arduino_remote) by extensions ['ignore', 'ignore_ament_install']
[0.449s] Level 1:colcon.colcon_core.package_identification:_identify(src/arduino_remote) by extension 'ignore'
[0.449s] Level 1:colcon.colcon_core.package_identification:_identify(src/arduino_remote) by extension 'ignore_ament_install'
[0.449s] Level 1:colcon.colcon_core.package_identification:_identify(src/arduino_remote) by extensions ['colcon_pkg']
[0.449s] Level 1:colcon.colcon_core.package_identification:_identify(src/arduino_remote) by extension 'colcon_pkg'
[0.449s] Level 1:colcon.colcon_core.package_identification:_identify(src/arduino_remote) by extensions ['colcon_meta']
[0.449s] Level 1:colcon.colcon_core.package_identification:_identify(src/arduino_remote) by extension 'colcon_meta'
[0.449s] Level 1:colcon.colcon_core.package_identification:_identify(src/arduino_remote) by extensions ['ros']
[0.449s] Level 1:colcon.colcon_core.package_identification:_identify(src/arduino_remote) by extension 'ros'
[0.451s] DEBUG:colcon.colcon_core.package_identification:Package 'src/arduino_remote' with type 'ros.ament_cmake' and name 'arduino_remote'
[0.451s] Level 1:colcon.colcon_core.package_identification:_identify(src/arduino_utils) by extensions ['ignore', 'ignore_ament_install']
[0.451s] Level 1:colcon.colcon_core.package_identification:_identify(src/arduino_utils) by extension 'ignore'
[0.451s] Level 1:colcon.colcon_core.package_identification:_identify(src/arduino_utils) by extension 'ignore_ament_install'
[0.451s] Level 1:colcon.colcon_core.package_identification:_identify(src/arduino_utils) by extensions ['colcon_pkg']
[0.451s] Level 1:colcon.colcon_core.package_identification:_identify(src/arduino_utils) by extension 'colcon_pkg'
[0.451s] Level 1:colcon.colcon_core.package_identification:_identify(src/arduino_utils) by extensions ['colcon_meta']
[0.451s] Level 1:colcon.colcon_core.package_identification:_identify(src/arduino_utils) by extension 'colcon_meta'
[0.451s] Level 1:colcon.colcon_core.package_identification:_identify(src/arduino_utils) by extensions ['ros']
[0.451s] Level 1:colcon.colcon_core.package_identification:_identify(src/arduino_utils) by extension 'ros'
[0.452s] DEBUG:colcon.colcon_core.package_identification:Package 'src/arduino_utils' with type 'ros.ament_cmake' and name 'arduino_utils'
[0.452s] Level 1:colcon.colcon_core.package_identification:_identify(src/description) by extensions ['ignore', 'ignore_ament_install']
[0.452s] Level 1:colcon.colcon_core.package_identification:_identify(src/description) by extension 'ignore'
[0.452s] Level 1:colcon.colcon_core.package_identification:_identify(src/description) by extension 'ignore_ament_install'
[0.452s] Level 1:colcon.colcon_core.package_identification:_identify(src/description) by extensions ['colcon_pkg']
[0.452s] Level 1:colcon.colcon_core.package_identification:_identify(src/description) by extension 'colcon_pkg'
[0.452s] Level 1:colcon.colcon_core.package_identification:_identify(src/description) by extensions ['colcon_meta']
[0.452s] Level 1:colcon.colcon_core.package_identification:_identify(src/description) by extension 'colcon_meta'
[0.452s] Level 1:colcon.colcon_core.package_identification:_identify(src/description) by extensions ['ros']
[0.452s] Level 1:colcon.colcon_core.package_identification:_identify(src/description) by extension 'ros'
[0.453s] DEBUG:colcon.colcon_core.package_identification:Package 'src/description' with type 'ros.ament_cmake' and name 'description'
[0.453s] Level 1:colcon.colcon_core.package_identification:_identify(src/moveitassistant) by extensions ['ignore', 'ignore_ament_install']
[0.453s] Level 1:colcon.colcon_core.package_identification:_identify(src/moveitassistant) by extension 'ignore'
[0.453s] Level 1:colcon.colcon_core.package_identification:_identify(src/moveitassistant) by extension 'ignore_ament_install'
[0.453s] Level 1:colcon.colcon_core.package_identification:_identify(src/moveitassistant) by extensions ['colcon_pkg']
[0.453s] Level 1:colcon.colcon_core.package_identification:_identify(src/moveitassistant) by extension 'colcon_pkg'
[0.453s] Level 1:colcon.colcon_core.package_identification:_identify(src/moveitassistant) by extensions ['colcon_meta']
[0.453s] Level 1:colcon.colcon_core.package_identification:_identify(src/moveitassistant) by extension 'colcon_meta'
[0.454s] Level 1:colcon.colcon_core.package_identification:_identify(src/moveitassistant) by extensions ['ros']
[0.454s] Level 1:colcon.colcon_core.package_identification:_identify(src/moveitassistant) by extension 'ros'
[0.454s] DEBUG:colcon.colcon_core.package_identification:Package 'src/moveitassistant' with type 'ros.ament_cmake' and name 'moveitassistant'
[0.454s] Level 1:colcon.colcon_core.package_discovery:discover_packages(recursive) using defaults
[0.455s] Level 1:colcon.colcon_core.package_discovery:discover_packages(ignore) discover
[0.455s] Level 1:colcon.colcon_core.package_discovery:discover_packages(ignore) using defaults
[0.455s] Level 1:colcon.colcon_core.package_discovery:discover_packages(path) discover
[0.455s] Level 1:colcon.colcon_core.package_discovery:discover_packages(path) using defaults
[0.481s] Level 1:colcon.colcon_core.package_discovery:discover_packages(prefix_path) check parameters
[0.481s] Level 1:colcon.colcon_core.package_discovery:discover_packages(prefix_path) discover
[0.484s] WARNING:colcon.colcon_ros.prefix_path.ament:The path '/home/albert/umov_ws/install/moveitassistant' in the environment variable AMENT_PREFIX_PATH doesn't exist
[0.484s] WARNING:colcon.colcon_ros.prefix_path.ament:The path '/home/albert/umov_ws/install/description' in the environment variable AMENT_PREFIX_PATH doesn't exist
[0.484s] WARNING:colcon.colcon_ros.prefix_path.ament:The path '/home/albert/umov_ws/install/arduinobot_bringup' in the environment variable AMENT_PREFIX_PATH doesn't exist
[0.484s] WARNING:colcon.colcon_ros.prefix_path.ament:The path '/home/albert/umov_ws/install/arduino_utils' in the environment variable AMENT_PREFIX_PATH doesn't exist
[0.485s] WARNING:colcon.colcon_ros.prefix_path.ament:The path '/home/albert/umov_ws/install/arduino_remote' in the environment variable AMENT_PREFIX_PATH doesn't exist
[0.485s] WARNING:colcon.colcon_ros.prefix_path.ament:The path '/home/albert/umov_ws/install/arduino_py_examples' in the environment variable AMENT_PREFIX_PATH doesn't exist
[0.485s] WARNING:colcon.colcon_ros.prefix_path.ament:The path '/home/albert/umov_ws/install/arduino_cpp_examples' in the environment variable AMENT_PREFIX_PATH doesn't exist
[0.485s] WARNING:colcon.colcon_ros.prefix_path.ament:The path '/home/albert/umov_ws/install/arduino_msgs' in the environment variable AMENT_PREFIX_PATH doesn't exist
[0.485s] WARNING:colcon.colcon_ros.prefix_path.ament:The path '/home/albert/umov_ws/install/arduino_moveit' in the environment variable AMENT_PREFIX_PATH doesn't exist
[0.485s] WARNING:colcon.colcon_ros.prefix_path.ament:The path '/home/albert/umov_ws/install/arduino_firmware' in the environment variable AMENT_PREFIX_PATH doesn't exist
[0.485s] WARNING:colcon.colcon_ros.prefix_path.ament:The path '/home/albert/umov_ws/install/arduino_controller' in the environment variable AMENT_PREFIX_PATH doesn't exist
[0.488s] WARNING:colcon.colcon_ros.prefix_path.catkin:The path '/home/albert/umov_ws/install/moveitassistant' in the environment variable CMAKE_PREFIX_PATH doesn't exist
[0.488s] WARNING:colcon.colcon_ros.prefix_path.catkin:The path '/home/albert/umov_ws/install/description' in the environment variable CMAKE_PREFIX_PATH doesn't exist
[0.488s] WARNING:colcon.colcon_ros.prefix_path.catkin:The path '/home/albert/umov_ws/install/arduinobot_bringup' in the environment variable CMAKE_PREFIX_PATH doesn't exist
[0.488s] WARNING:colcon.colcon_ros.prefix_path.catkin:The path '/home/albert/umov_ws/install/arduino_utils' in the environment variable CMAKE_PREFIX_PATH doesn't exist
[0.488s] WARNING:colcon.colcon_ros.prefix_path.catkin:The path '/home/albert/umov_ws/install/arduino_remote' in the environment variable CMAKE_PREFIX_PATH doesn't exist
[0.488s] WARNING:colcon.colcon_ros.prefix_path.catkin:The path '/home/albert/umov_ws/install/arduino_cpp_examples' in the environment variable CMAKE_PREFIX_PATH doesn't exist
[0.488s] WARNING:colcon.colcon_ros.prefix_path.catkin:The path '/home/albert/umov_ws/install/arduino_msgs' in the environment variable CMAKE_PREFIX_PATH doesn't exist
[0.488s] WARNING:colcon.colcon_ros.prefix_path.catkin:The path '/home/albert/umov_ws/install/arduino_moveit' in the environment variable CMAKE_PREFIX_PATH doesn't exist
[0.488s] WARNING:colcon.colcon_ros.prefix_path.catkin:The path '/home/albert/umov_ws/install/arduino_firmware' in the environment variable CMAKE_PREFIX_PATH doesn't exist
[0.488s] WARNING:colcon.colcon_ros.prefix_path.catkin:The path '/home/albert/umov_ws/install/arduino_controller' in the environment variable CMAKE_PREFIX_PATH doesn't exist
[0.489s] DEBUG:colcon.colcon_installed_package_information.package_discovery:Found 0 installed packages in /home/albert/umov_ws/install
[0.490s] DEBUG:colcon.colcon_installed_package_information.package_discovery:Found 5 installed packages in /home/albert/ag_arm_ws/install
[0.491s] DEBUG:colcon.colcon_installed_package_information.package_discovery:Found 55 installed packages in /home/albert/ws_moveit2/install
[0.492s] DEBUG:colcon.colcon_installed_package_information.package_discovery:Found 3 installed packages in /home/albert/unav_ws/install
[0.493s] DEBUG:colcon.colcon_installed_package_information.package_discovery:Found 12 installed packages in /home/albert/udem2_ws/install
[0.494s] DEBUG:colcon.colcon_installed_package_information.package_discovery:Found 8 installed packages in /home/albert/udem_ws/install
[0.495s] DEBUG:colcon.colcon_installed_package_information.package_discovery:Found 18 installed packages in /home/albert/bcdc_ws/install
[0.496s] DEBUG:colcon.colcon_installed_package_information.package_discovery:Found 9 installed packages in /home/albert/arduinobot_ws/install
[0.496s] DEBUG:colcon.colcon_installed_package_information.package_discovery:Found 8 installed packages in /home/albert/rad_ws/install
[0.497s] DEBUG:colcon.colcon_installed_package_information.package_discovery:Found 1 installed packages in /home/albert/dev_ws/install
[0.497s] DEBUG:colcon.colcon_installed_package_information.package_discovery:Found 4 installed packages in /home/albert/ag_car_ws/install
[0.499s] DEBUG:colcon.colcon_installed_package_information.package_discovery:Found 436 installed packages in /opt/ros/humble
[0.502s] Level 1:colcon.colcon_core.package_discovery:discover_packages(prefix_path) using defaults
[0.573s] Level 5:colcon.colcon_core.verb:set package 'arduino_bringup' build argument 'cmake_args' from command line to 'None'
[0.574s] Level 5:colcon.colcon_core.verb:set package 'arduino_bringup' build argument 'cmake_target' from command line to 'None'
[0.574s] Level 5:colcon.colcon_core.verb:set package 'arduino_bringup' build argument 'cmake_target_skip_unavailable' from command line to 'False'
[0.574s] Level 5:colcon.colcon_core.verb:set package 'arduino_bringup' build argument 'cmake_clean_cache' from command line to 'False'
[0.574s] Level 5:colcon.colcon_core.verb:set package 'arduino_bringup' build argument 'cmake_clean_first' from command line to 'False'
[0.574s] Level 5:colcon.colcon_core.verb:set package 'arduino_bringup' build argument 'cmake_force_configure' from command line to 'False'
[0.574s] Level 5:colcon.colcon_core.verb:set package 'arduino_bringup' build argument 'ament_cmake_args' from command line to 'None'
[0.574s] Level 5:colcon.colcon_core.verb:set package 'arduino_bringup' build argument 'catkin_cmake_args' from command line to 'None'
[0.574s] Level 5:colcon.colcon_core.verb:set package 'arduino_bringup' build argument 'catkin_skip_building_tests' from command line to 'False'
[0.574s] DEBUG:colcon.colcon_core.verb:Building package 'arduino_bringup' with the following arguments: {'ament_cmake_args': None, 'build_base': '/home/albert/umov_ws/build/arduino_bringup', 'catkin_cmake_args': None, 'catkin_skip_building_tests': False, 'cmake_args': None, 'cmake_clean_cache': False, 'cmake_clean_first': False, 'cmake_force_configure': False, 'cmake_target': None, 'cmake_target_skip_unavailable': False, 'install_base': '/home/albert/umov_ws/install/arduino_bringup', 'merge_install': False, 'path': '/home/albert/umov_ws/src/arduino_bringup', 'symlink_install': False, 'test_result_base': None}
[0.574s] Level 5:colcon.colcon_core.verb:set package 'arduino_controller' build argument 'cmake_args' from command line to 'None'
[0.574s] Level 5:colcon.colcon_core.verb:set package 'arduino_controller' build argument 'cmake_target' from command line to 'None'
[0.574s] Level 5:colcon.colcon_core.verb:set package 'arduino_controller' build argument 'cmake_target_skip_unavailable' from command line to 'False'
[0.574s] Level 5:colcon.colcon_core.verb:set package 'arduino_controller' build argument 'cmake_clean_cache' from command line to 'False'
[0.574s] Level 5:colcon.colcon_core.verb:set package 'arduino_controller' build argument 'cmake_clean_first' from command line to 'False'
[0.574s] Level 5:colcon.colcon_core.verb:set package 'arduino_controller' build argument 'cmake_force_configure' from command line to 'False'
[0.574s] Level 5:colcon.colcon_core.verb:set package 'arduino_controller' build argument 'ament_cmake_args' from command line to 'None'
[0.574s] Level 5:colcon.colcon_core.verb:set package 'arduino_controller' build argument 'catkin_cmake_args' from command line to 'None'
[0.574s] Level 5:colcon.colcon_core.verb:set package 'arduino_controller' build argument 'catkin_skip_building_tests' from command line to 'False'
[0.574s] DEBUG:colcon.colcon_core.verb:Building package 'arduino_controller' with the following arguments: {'ament_cmake_args': None, 'build_base': '/home/albert/umov_ws/build/arduino_controller', 'catkin_cmake_args': None, 'catkin_skip_building_tests': False, 'cmake_args': None, 'cmake_clean_cache': False, 'cmake_clean_first': False, 'cmake_force_configure': False, 'cmake_target': None, 'cmake_target_skip_unavailable': False, 'install_base': '/home/albert/umov_ws/install/arduino_controller', 'merge_install': False, 'path': '/home/albert/umov_ws/src/arduino_controller', 'symlink_install': False, 'test_result_base': None}
[0.575s] Level 5:colcon.colcon_core.verb:set package 'arduino_firmware' build argument 'cmake_args' from command line to 'None'
[0.575s] Level 5:colcon.colcon_core.verb:set package 'arduino_firmware' build argument 'cmake_target' from command line to 'None'
[0.575s] Level 5:colcon.colcon_core.verb:set package 'arduino_firmware' build argument 'cmake_target_skip_unavailable' from command line to 'False'
[0.575s] Level 5:colcon.colcon_core.verb:set package 'arduino_firmware' build argument 'cmake_clean_cache' from command line to 'False'
[0.575s] Level 5:colcon.colcon_core.verb:set package 'arduino_firmware' build argument 'cmake_clean_first' from command line to 'False'
[0.575s] Level 5:colcon.colcon_core.verb:set package 'arduino_firmware' build argument 'cmake_force_configure' from command line to 'False'
[0.575s] Level 5:colcon.colcon_core.verb:set package 'arduino_firmware' build argument 'ament_cmake_args' from command line to 'None'
[0.575s] Level 5:colcon.colcon_core.verb:set package 'arduino_firmware' build argument 'catkin_cmake_args' from command line to 'None'
[0.575s] Level 5:colcon.colcon_core.verb:set package 'arduino_firmware' build argument 'catkin_skip_building_tests' from command line to 'False'
[0.575s] DEBUG:colcon.colcon_core.verb:Building package 'arduino_firmware' with the following arguments: {'ament_cmake_args': None, 'build_base': '/home/albert/umov_ws/build/arduino_firmware', 'catkin_cmake_args': None, 'catkin_skip_building_tests': False, 'cmake_args': None, 'cmake_clean_cache': False, 'cmake_clean_first': False, 'cmake_force_configure': False, 'cmake_target': None, 'cmake_target_skip_unavailable': False, 'install_base': '/home/albert/umov_ws/install/arduino_firmware', 'merge_install': False, 'path': '/home/albert/umov_ws/src/arduino_firmware', 'symlink_install': False, 'test_result_base': None}
[0.575s] Level 5:colcon.colcon_core.verb:set package 'arduino_moveit' build argument 'cmake_args' from command line to 'None'
[0.575s] Level 5:colcon.colcon_core.verb:set package 'arduino_moveit' build argument 'cmake_target' from command line to 'None'
[0.575s] Level 5:colcon.colcon_core.verb:set package 'arduino_moveit' build argument 'cmake_target_skip_unavailable' from command line to 'False'
[0.575s] Level 5:colcon.colcon_core.verb:set package 'arduino_moveit' build argument 'cmake_clean_cache' from command line to 'False'
[0.576s] Level 5:colcon.colcon_core.verb:set package 'arduino_moveit' build argument 'cmake_clean_first' from command line to 'False'
[0.576s] Level 5:colcon.colcon_core.verb:set package 'arduino_moveit' build argument 'cmake_force_configure' from command line to 'False'
[0.576s] Level 5:colcon.colcon_core.verb:set package 'arduino_moveit' build argument 'ament_cmake_args' from command line to 'None'
[0.576s] Level 5:colcon.colcon_core.verb:set package 'arduino_moveit' build argument 'catkin_cmake_args' from command line to 'None'
[0.576s] Level 5:colcon.colcon_core.verb:set package 'arduino_moveit' build argument 'catkin_skip_building_tests' from command line to 'False'
[0.576s] DEBUG:colcon.colcon_core.verb:Building package 'arduino_moveit' with the following arguments: {'ament_cmake_args': None, 'build_base': '/home/albert/umov_ws/build/arduino_moveit', 'catkin_cmake_args': None, 'catkin_skip_building_tests': False, 'cmake_args': None, 'cmake_clean_cache': False, 'cmake_clean_first': False, 'cmake_force_configure': False, 'cmake_target': None, 'cmake_target_skip_unavailable': False, 'install_base': '/home/albert/umov_ws/install/arduino_moveit', 'merge_install': False, 'path': '/home/albert/umov_ws/src/arduino_moveit', 'symlink_install': False, 'test_result_base': None}
[0.576s] Level 5:colcon.colcon_core.verb:set package 'arduino_msgs' build argument 'cmake_args' from command line to 'None'
[0.576s] Level 5:colcon.colcon_core.verb:set package 'arduino_msgs' build argument 'cmake_target' from command line to 'None'
[0.576s] Level 5:colcon.colcon_core.verb:set package 'arduino_msgs' build argument 'cmake_target_skip_unavailable' from command line to 'False'
[0.576s] Level 5:colcon.colcon_core.verb:set package 'arduino_msgs' build argument 'cmake_clean_cache' from command line to 'False'
[0.576s] Level 5:colcon.colcon_core.verb:set package 'arduino_msgs' build argument 'cmake_clean_first' from command line to 'False'
[0.576s] Level 5:colcon.colcon_core.verb:set package 'arduino_msgs' build argument 'cmake_force_configure' from command line to 'False'
[0.576s] Level 5:colcon.colcon_core.verb:set package 'arduino_msgs' build argument 'ament_cmake_args' from command line to 'None'
[0.576s] Level 5:colcon.colcon_core.verb:set package 'arduino_msgs' build argument 'catkin_cmake_args' from command line to 'None'
[0.576s] Level 5:colcon.colcon_core.verb:set package 'arduino_msgs' build argument 'catkin_skip_building_tests' from command line to 'False'
[0.576s] DEBUG:colcon.colcon_core.verb:Building package 'arduino_msgs' with the following arguments: {'ament_cmake_args': None, 'build_base': '/home/albert/umov_ws/build/arduino_msgs', 'catkin_cmake_args': None, 'catkin_skip_building_tests': False, 'cmake_args': None, 'cmake_clean_cache': False, 'cmake_clean_first': False, 'cmake_force_configure': False, 'cmake_target': None, 'cmake_target_skip_unavailable': False, 'install_base': '/home/albert/umov_ws/install/arduino_msgs', 'merge_install': False, 'path': '/home/albert/umov_ws/src/arduino_msgs', 'symlink_install': False, 'test_result_base': None}
[0.577s] Level 5:colcon.colcon_core.verb:set package 'description' build argument 'cmake_args' from command line to 'None'
[0.577s] Level 5:colcon.colcon_core.verb:set package 'description' build argument 'cmake_target' from command line to 'None'
[0.577s] Level 5:colcon.colcon_core.verb:set package 'description' build argument 'cmake_target_skip_unavailable' from command line to 'False'
[0.577s] Level 5:colcon.colcon_core.verb:set package 'description' build argument 'cmake_clean_cache' from command line to 'False'
[0.577s] Level 5:colcon.colcon_core.verb:set package 'description' build argument 'cmake_clean_first' from command line to 'False'
[0.577s] Level 5:colcon.colcon_core.verb:set package 'description' build argument 'cmake_force_configure' from command line to 'False'
[0.577s] Level 5:colcon.colcon_core.verb:set package 'description' build argument 'ament_cmake_args' from command line to 'None'
[0.577s] Level 5:colcon.colcon_core.verb:set package 'description' build argument 'catkin_cmake_args' from command line to 'None'
[0.577s] Level 5:colcon.colcon_core.verb:set package 'description' build argument 'catkin_skip_building_tests' from command line to 'False'
[0.577s] DEBUG:colcon.colcon_core.verb:Building package 'description' with the following arguments: {'ament_cmake_args': None, 'build_base': '/home/albert/umov_ws/build/description', 'catkin_cmake_args': None, 'catkin_skip_building_tests': False, 'cmake_args': None, 'cmake_clean_cache': False, 'cmake_clean_first': False, 'cmake_force_configure': False, 'cmake_target': None, 'cmake_target_skip_unavailable': False, 'install_base': '/home/albert/umov_ws/install/description', 'merge_install': False, 'path': '/home/albert/umov_ws/src/description', 'symlink_install': False, 'test_result_base': None}
[0.577s] Level 5:colcon.colcon_core.verb:set package 'arduino_cpp_examples' build argument 'cmake_args' from command line to 'None'
[0.577s] Level 5:colcon.colcon_core.verb:set package 'arduino_cpp_examples' build argument 'cmake_target' from command line to 'None'
[0.577s] Level 5:colcon.colcon_core.verb:set package 'arduino_cpp_examples' build argument 'cmake_target_skip_unavailable' from command line to 'False'
[0.577s] Level 5:colcon.colcon_core.verb:set package 'arduino_cpp_examples' build argument 'cmake_clean_cache' from command line to 'False'
[0.577s] Level 5:colcon.colcon_core.verb:set package 'arduino_cpp_examples' build argument 'cmake_clean_first' from command line to 'False'
[0.577s] Level 5:colcon.colcon_core.verb:set package 'arduino_cpp_examples' build argument 'cmake_force_configure' from command line to 'False'
[0.577s] Level 5:colcon.colcon_core.verb:set package 'arduino_cpp_examples' build argument 'ament_cmake_args' from command line to 'None'
[0.577s] Level 5:colcon.colcon_core.verb:set package 'arduino_cpp_examples' build argument 'catkin_cmake_args' from command line to 'None'
[0.577s] Level 5:colcon.colcon_core.verb:set package 'arduino_cpp_examples' build argument 'catkin_skip_building_tests' from command line to 'False'
[0.578s] DEBUG:colcon.colcon_core.verb:Building package 'arduino_cpp_examples' with the following arguments: {'ament_cmake_args': None, 'build_base': '/home/albert/umov_ws/build/arduino_cpp_examples', 'catkin_cmake_args': None, 'catkin_skip_building_tests': False, 'cmake_args': None, 'cmake_clean_cache': False, 'cmake_clean_first': False, 'cmake_force_configure': False, 'cmake_target': None, 'cmake_target_skip_unavailable': False, 'install_base': '/home/albert/umov_ws/install/arduino_cpp_examples', 'merge_install': False, 'path': '/home/albert/umov_ws/src/arduino_cpp_examples', 'symlink_install': False, 'test_result_base': None}
[0.578s] Level 5:colcon.colcon_core.verb:set package 'arduino_py_examples' build argument 'cmake_args' from command line to 'None'
[0.578s] Level 5:colcon.colcon_core.verb:set package 'arduino_py_examples' build argument 'cmake_target' from command line to 'None'
[0.578s] Level 5:colcon.colcon_core.verb:set package 'arduino_py_examples' build argument 'cmake_target_skip_unavailable' from command line to 'False'
[0.578s] Level 5:colcon.colcon_core.verb:set package 'arduino_py_examples' build argument 'cmake_clean_cache' from command line to 'False'
[0.578s] Level 5:colcon.colcon_core.verb:set package 'arduino_py_examples' build argument 'cmake_clean_first' from command line to 'False'
[0.578s] Level 5:colcon.colcon_core.verb:set package 'arduino_py_examples' build argument 'cmake_force_configure' from command line to 'False'
[0.578s] Level 5:colcon.colcon_core.verb:set package 'arduino_py_examples' build argument 'ament_cmake_args' from command line to 'None'
[0.578s] Level 5:colcon.colcon_core.verb:set package 'arduino_py_examples' build argument 'catkin_cmake_args' from command line to 'None'
[0.578s] Level 5:colcon.colcon_core.verb:set package 'arduino_py_examples' build argument 'catkin_skip_building_tests' from command line to 'False'
[0.578s] DEBUG:colcon.colcon_core.verb:Building package 'arduino_py_examples' with the following arguments: {'ament_cmake_args': None, 'build_base': '/home/albert/umov_ws/build/arduino_py_examples', 'catkin_cmake_args': None, 'catkin_skip_building_tests': False, 'cmake_args': None, 'cmake_clean_cache': False, 'cmake_clean_first': False, 'cmake_force_configure': False, 'cmake_target': None, 'cmake_target_skip_unavailable': False, 'install_base': '/home/albert/umov_ws/install/arduino_py_examples', 'merge_install': False, 'path': '/home/albert/umov_ws/src/arduino_py_examples', 'symlink_install': False, 'test_result_base': None}
[0.579s] Level 5:colcon.colcon_core.verb:set package 'arduino_remote' build argument 'cmake_args' from command line to 'None'
[0.579s] Level 5:colcon.colcon_core.verb:set package 'arduino_remote' build argument 'cmake_target' from command line to 'None'
[0.579s] Level 5:colcon.colcon_core.verb:set package 'arduino_remote' build argument 'cmake_target_skip_unavailable' from command line to 'False'
[0.579s] Level 5:colcon.colcon_core.verb:set package 'arduino_remote' build argument 'cmake_clean_cache' from command line to 'False'
[0.579s] Level 5:colcon.colcon_core.verb:set package 'arduino_remote' build argument 'cmake_clean_first' from command line to 'False'
[0.579s] Level 5:colcon.colcon_core.verb:set package 'arduino_remote' build argument 'cmake_force_configure' from command line to 'False'
[0.579s] Level 5:colcon.colcon_core.verb:set package 'arduino_remote' build argument 'ament_cmake_args' from command line to 'None'
[0.579s] Level 5:colcon.colcon_core.verb:set package 'arduino_remote' build argument 'catkin_cmake_args' from command line to 'None'
[0.579s] Level 5:colcon.colcon_core.verb:set package 'arduino_remote' build argument 'catkin_skip_building_tests' from command line to 'False'
[0.579s] DEBUG:colcon.colcon_core.verb:Building package 'arduino_remote' with the following arguments: {'ament_cmake_args': None, 'build_base': '/home/albert/umov_ws/build/arduino_remote', 'catkin_cmake_args': None, 'catkin_skip_building_tests': False, 'cmake_args': None, 'cmake_clean_cache': False, 'cmake_clean_first': False, 'cmake_force_configure': False, 'cmake_target': None, 'cmake_target_skip_unavailable': False, 'install_base': '/home/albert/umov_ws/install/arduino_remote', 'merge_install': False, 'path': '/home/albert/umov_ws/src/arduino_remote', 'symlink_install': False, 'test_result_base': None}
[0.579s] Level 5:colcon.colcon_core.verb:set package 'arduino_utils' build argument 'cmake_args' from command line to 'None'
[0.579s] Level 5:colcon.colcon_core.verb:set package 'arduino_utils' build argument 'cmake_target' from command line to 'None'
[0.579s] Level 5:colcon.colcon_core.verb:set package 'arduino_utils' build argument 'cmake_target_skip_unavailable' from command line to 'False'
[0.579s] Level 5:colcon.colcon_core.verb:set package 'arduino_utils' build argument 'cmake_clean_cache' from command line to 'False'
[0.579s] Level 5:colcon.colcon_core.verb:set package 'arduino_utils' build argument 'cmake_clean_first' from command line to 'False'
[0.579s] Level 5:colcon.colcon_core.verb:set package 'arduino_utils' build argument 'cmake_force_configure' from command line to 'False'
[0.579s] Level 5:colcon.colcon_core.verb:set package 'arduino_utils' build argument 'ament_cmake_args' from command line to 'None'
[0.579s] Level 5:colcon.colcon_core.verb:set package 'arduino_utils' build argument 'catkin_cmake_args' from command line to 'None'
[0.579s] Level 5:colcon.colcon_core.verb:set package 'arduino_utils' build argument 'catkin_skip_building_tests' from command line to 'False'
[0.579s] DEBUG:colcon.colcon_core.verb:Building package 'arduino_utils' with the following arguments: {'ament_cmake_args': None, 'build_base': '/home/albert/umov_ws/build/arduino_utils', 'catkin_cmake_args': None, 'catkin_skip_building_tests': False, 'cmake_args': None, 'cmake_clean_cache': False, 'cmake_clean_first': False, 'cmake_force_configure': False, 'cmake_target': None, 'cmake_target_skip_unavailable': False, 'install_base': '/home/albert/umov_ws/install/arduino_utils', 'merge_install': False, 'path': '/home/albert/umov_ws/src/arduino_utils', 'symlink_install': False, 'test_result_base': None}
[0.580s] Level 5:colcon.colcon_core.verb:set package 'moveitassistant' build argument 'cmake_args' from command line to 'None'
[0.580s] Level 5:colcon.colcon_core.verb:set package 'moveitassistant' build argument 'cmake_target' from command line to 'None'
[0.580s] Level 5:colcon.colcon_core.verb:set package 'moveitassistant' build argument 'cmake_target_skip_unavailable' from command line to 'False'
[0.580s] Level 5:colcon.colcon_core.verb:set package 'moveitassistant' build argument 'cmake_clean_cache' from command line to 'False'
[0.580s] Level 5:colcon.colcon_core.verb:set package 'moveitassistant' build argument 'cmake_clean_first' from command line to 'False'
[0.580s] Level 5:colcon.colcon_core.verb:set package 'moveitassistant' build argument 'cmake_force_configure' from command line to 'False'
[0.580s] Level 5:colcon.colcon_core.verb:set package 'moveitassistant' build argument 'ament_cmake_args' from command line to 'None'
[0.580s] Level 5:colcon.colcon_core.verb:set package 'moveitassistant' build argument 'catkin_cmake_args' from command line to 'None'
[0.580s] Level 5:colcon.colcon_core.verb:set package 'moveitassistant' build argument 'catkin_skip_building_tests' from command line to 'False'
[0.580s] DEBUG:colcon.colcon_core.verb:Building package 'moveitassistant' with the following arguments: {'ament_cmake_args': None, 'build_base': '/home/albert/umov_ws/build/moveitassistant', 'catkin_cmake_args': None, 'catkin_skip_building_tests': False, 'cmake_args': None, 'cmake_clean_cache': False, 'cmake_clean_first': False, 'cmake_force_configure': False, 'cmake_target': None, 'cmake_target_skip_unavailable': False, 'install_base': '/home/albert/umov_ws/install/moveitassistant', 'merge_install': False, 'path': '/home/albert/umov_ws/src/moveitassistant', 'symlink_install': False, 'test_result_base': None}
[0.580s] INFO:colcon.colcon_core.executor:Executing jobs using 'parallel' executor
[0.581s] DEBUG:colcon.colcon_parallel_executor.executor.parallel:run_until_complete
[0.581s] INFO:colcon.colcon_ros.task.ament_cmake.build:Building ROS package in '/home/albert/umov_ws/src/arduino_msgs' with build type 'ament_cmake'
[0.582s] INFO:colcon.colcon_cmake.task.cmake.build:Building CMake package in '/home/albert/umov_ws/src/arduino_msgs'
[0.584s] INFO:colcon.colcon_core.plugin_system:Skipping extension 'colcon_core.shell.bat': Not used on non-Windows systems
[0.585s] INFO:colcon.colcon_core.shell:Skip shell extension 'powershell' for command environment: Not usable outside of PowerShell
[0.585s] DEBUG:colcon.colcon_core.shell:Skip shell extension 'dsv' for command environment
[0.601s] INFO:colcon.colcon_ros.task.ament_cmake.build:Building ROS package in '/home/albert/umov_ws/src/arduino_moveit' with build type 'ament_cmake'
[0.601s] INFO:colcon.colcon_cmake.task.cmake.build:Building CMake package in '/home/albert/umov_ws/src/arduino_moveit'
[0.601s] INFO:colcon.colcon_core.shell:Skip shell extension 'powershell' for command environment: Not usable outside of PowerShell
[0.601s] DEBUG:colcon.colcon_core.shell:Skip shell extension 'dsv' for command environment
[0.619s] INFO:colcon.colcon_ros.task.ament_cmake.build:Building ROS package in '/home/albert/umov_ws/src/description' with build type 'ament_cmake'
[0.619s] INFO:colcon.colcon_cmake.task.cmake.build:Building CMake package in '/home/albert/umov_ws/src/description'
[0.619s] INFO:colcon.colcon_core.shell:Skip shell extension 'powershell' for command environment: Not usable outside of PowerShell
[0.619s] DEBUG:colcon.colcon_core.shell:Skip shell extension 'dsv' for command environment
[0.636s] INFO:colcon.colcon_ros.task.ament_cmake.build:Building ROS package in '/home/albert/umov_ws/src/arduino_bringup' with build type 'ament_cmake'
[0.637s] INFO:colcon.colcon_cmake.task.cmake.build:Building CMake package in '/home/albert/umov_ws/src/arduino_bringup'
[0.637s] INFO:colcon.colcon_core.shell:Skip shell extension 'powershell' for command environment: Not usable outside of PowerShell
[0.637s] DEBUG:colcon.colcon_core.shell:Skip shell extension 'dsv' for command environment
[0.654s] INFO:colcon.colcon_ros.task.ament_cmake.build:Building ROS package in '/home/albert/umov_ws/src/arduino_controller' with build type 'ament_cmake'
[0.654s] INFO:colcon.colcon_cmake.task.cmake.build:Building CMake package in '/home/albert/umov_ws/src/arduino_controller'
[0.654s] INFO:colcon.colcon_core.shell:Skip shell extension 'powershell' for command environment: Not usable outside of PowerShell
[0.654s] DEBUG:colcon.colcon_core.shell:Skip shell extension 'dsv' for command environment
[0.671s] INFO:colcon.colcon_ros.task.ament_cmake.build:Building ROS package in '/home/albert/umov_ws/src/arduino_firmware' with build type 'ament_cmake'
[0.671s] INFO:colcon.colcon_cmake.task.cmake.build:Building CMake package in '/home/albert/umov_ws/src/arduino_firmware'
[0.671s] INFO:colcon.colcon_core.shell:Skip shell extension 'powershell' for command environment: Not usable outside of PowerShell
[0.671s] DEBUG:colcon.colcon_core.shell:Skip shell extension 'dsv' for command environment
[0.693s] DEBUG:colcon.colcon_core.event_handler.log_command:Invoking command in '/home/albert/umov_ws/build/arduino_msgs': CMAKE_PREFIX_PATH=${CMAKE_PREFIX_PATH}:/home/albert/ws_moveit2/install/moveit_configs_utils:/home/albert/ws_moveit2/install/launch_param_builder:/home/albert/umov_ws/install/arduino_py_examples:/home/albert/udem2_ws/install/actions_py:/home/albert/udem2_ws/install/lifecycle_py:/home/albert/udem2_ws/install/executors_py:/home/albert/udem2_ws/install/components_py:/home/albert/udem_ws/install/turtlesim_catcher:/home/albert/udem_ws/install/my_py_pkg:/home/albert/udem_ws/install/lifecycle_py:/home/albert/bcdc_ws/install/agbot_teleop:/home/albert/bcdc_ws/install/agbot_py:/home/albert/arduinobot_ws/install/arduinobot_py_examples:/opt/ros/humble /home/albert/.local/bin/cmake /home/albert/umov_ws/src/arduino_msgs -DCMAKE_INSTALL_PREFIX=/home/albert/umov_ws/install/arduino_msgs
[0.699s] DEBUG:colcon.colcon_core.event_handler.log_command:Invoking command in '/home/albert/umov_ws/build/arduino_moveit': CMAKE_PREFIX_PATH=${CMAKE_PREFIX_PATH}:/home/albert/ws_moveit2/install/moveit_configs_utils:/home/albert/ws_moveit2/install/launch_param_builder:/home/albert/umov_ws/install/arduino_py_examples:/home/albert/udem2_ws/install/actions_py:/home/albert/udem2_ws/install/lifecycle_py:/home/albert/udem2_ws/install/executors_py:/home/albert/udem2_ws/install/components_py:/home/albert/udem_ws/install/turtlesim_catcher:/home/albert/udem_ws/install/my_py_pkg:/home/albert/udem_ws/install/lifecycle_py:/home/albert/bcdc_ws/install/agbot_teleop:/home/albert/bcdc_ws/install/agbot_py:/home/albert/arduinobot_ws/install/arduinobot_py_examples:/opt/ros/humble /home/albert/.local/bin/cmake /home/albert/umov_ws/src/arduino_moveit -DCMAKE_INSTALL_PREFIX=/home/albert/umov_ws/install/arduino_moveit
[0.704s] DEBUG:colcon.colcon_core.event_handler.log_command:Invoking command in '/home/albert/umov_ws/build/description': CMAKE_PREFIX_PATH=${CMAKE_PREFIX_PATH}:/home/albert/ws_moveit2/install/moveit_configs_utils:/home/albert/ws_moveit2/install/launch_param_builder:/home/albert/umov_ws/install/arduino_py_examples:/home/albert/udem2_ws/install/actions_py:/home/albert/udem2_ws/install/lifecycle_py:/home/albert/udem2_ws/install/executors_py:/home/albert/udem2_ws/install/components_py:/home/albert/udem_ws/install/turtlesim_catcher:/home/albert/udem_ws/install/my_py_pkg:/home/albert/udem_ws/install/lifecycle_py:/home/albert/bcdc_ws/install/agbot_teleop:/home/albert/bcdc_ws/install/agbot_py:/home/albert/arduinobot_ws/install/arduinobot_py_examples:/opt/ros/humble /home/albert/.local/bin/cmake /home/albert/umov_ws/src/description -DCMAKE_INSTALL_PREFIX=/home/albert/umov_ws/install/description
[0.708s] DEBUG:colcon.colcon_core.event_handler.log_command:Invoking command in '/home/albert/umov_ws/build/arduino_bringup': CMAKE_PREFIX_PATH=${CMAKE_PREFIX_PATH}:/home/albert/ws_moveit2/install/moveit_configs_utils:/home/albert/ws_moveit2/install/launch_param_builder:/home/albert/umov_ws/install/arduino_py_examples:/home/albert/udem2_ws/install/actions_py:/home/albert/udem2_ws/install/lifecycle_py:/home/albert/udem2_ws/install/executors_py:/home/albert/udem2_ws/install/components_py:/home/albert/udem_ws/install/turtlesim_catcher:/home/albert/udem_ws/install/my_py_pkg:/home/albert/udem_ws/install/lifecycle_py:/home/albert/bcdc_ws/install/agbot_teleop:/home/albert/bcdc_ws/install/agbot_py:/home/albert/arduinobot_ws/install/arduinobot_py_examples:/opt/ros/humble /home/albert/.local/bin/cmake /home/albert/umov_ws/src/arduino_bringup -DCMAKE_INSTALL_PREFIX=/home/albert/umov_ws/install/arduino_bringup
[0.717s] DEBUG:colcon.colcon_core.event_handler.log_command:Invoking command in '/home/albert/umov_ws/build/arduino_controller': CMAKE_PREFIX_PATH=${CMAKE_PREFIX_PATH}:/home/albert/ws_moveit2/install/moveit_configs_utils:/home/albert/ws_moveit2/install/launch_param_builder:/home/albert/umov_ws/install/arduino_py_examples:/home/albert/udem2_ws/install/actions_py:/home/albert/udem2_ws/install/lifecycle_py:/home/albert/udem2_ws/install/executors_py:/home/albert/udem2_ws/install/components_py:/home/albert/udem_ws/install/turtlesim_catcher:/home/albert/udem_ws/install/my_py_pkg:/home/albert/udem_ws/install/lifecycle_py:/home/albert/bcdc_ws/install/agbot_teleop:/home/albert/bcdc_ws/install/agbot_py:/home/albert/arduinobot_ws/install/arduinobot_py_examples:/opt/ros/humble /home/albert/.local/bin/cmake /home/albert/umov_ws/src/arduino_controller -DCMAKE_INSTALL_PREFIX=/home/albert/umov_ws/install/arduino_controller
[0.724s] DEBUG:colcon.colcon_core.event_handler.log_command:Invoking command in '/home/albert/umov_ws/build/arduino_firmware': CMAKE_PREFIX_PATH=${CMAKE_PREFIX_PATH}:/home/albert/ws_moveit2/install/moveit_configs_utils:/home/albert/ws_moveit2/install/launch_param_builder:/home/albert/umov_ws/install/arduino_py_examples:/home/albert/udem2_ws/install/actions_py:/home/albert/udem2_ws/install/lifecycle_py:/home/albert/udem2_ws/install/executors_py:/home/albert/udem2_ws/install/components_py:/home/albert/udem_ws/install/turtlesim_catcher:/home/albert/udem_ws/install/my_py_pkg:/home/albert/udem_ws/install/lifecycle_py:/home/albert/bcdc_ws/install/agbot_teleop:/home/albert/bcdc_ws/install/agbot_py:/home/albert/arduinobot_ws/install/arduinobot_py_examples:/opt/ros/humble /home/albert/.local/bin/cmake /home/albert/umov_ws/src/arduino_firmware -DCMAKE_INSTALL_PREFIX=/home/albert/umov_ws/install/arduino_firmware
[3.123s] DEBUG:colcon.colcon_core.event_handler.log_command:Invoked command in '/home/albert/umov_ws/build/arduino_bringup' returned '0': CMAKE_PREFIX_PATH=${CMAKE_PREFIX_PATH}:/home/albert/ws_moveit2/install/moveit_configs_utils:/home/albert/ws_moveit2/install/launch_param_builder:/home/albert/umov_ws/install/arduino_py_examples:/home/albert/udem2_ws/install/actions_py:/home/albert/udem2_ws/install/lifecycle_py:/home/albert/udem2_ws/install/executors_py:/home/albert/udem2_ws/install/components_py:/home/albert/udem_ws/install/turtlesim_catcher:/home/albert/udem_ws/install/my_py_pkg:/home/albert/udem_ws/install/lifecycle_py:/home/albert/bcdc_ws/install/agbot_teleop:/home/albert/bcdc_ws/install/agbot_py:/home/albert/arduinobot_ws/install/arduinobot_py_examples:/opt/ros/humble /home/albert/.local/bin/cmake /home/albert/umov_ws/src/arduino_bringup -DCMAKE_INSTALL_PREFIX=/home/albert/umov_ws/install/arduino_bringup
[3.130s] DEBUG:colcon.colcon_core.event_handler.log_command:Invoking command in '/home/albert/umov_ws/build/arduino_bringup': CMAKE_PREFIX_PATH=${CMAKE_PREFIX_PATH}:/home/albert/ws_moveit2/install/moveit_configs_utils:/home/albert/ws_moveit2/install/launch_param_builder:/home/albert/umov_ws/install/arduino_py_examples:/home/albert/udem2_ws/install/actions_py:/home/albert/udem2_ws/install/lifecycle_py:/home/albert/udem2_ws/install/executors_py:/home/albert/udem2_ws/install/components_py:/home/albert/udem_ws/install/turtlesim_catcher:/home/albert/udem_ws/install/my_py_pkg:/home/albert/udem_ws/install/lifecycle_py:/home/albert/bcdc_ws/install/agbot_teleop:/home/albert/bcdc_ws/install/agbot_py:/home/albert/arduinobot_ws/install/arduinobot_py_examples:/opt/ros/humble /home/albert/.local/bin/cmake --build /home/albert/umov_ws/build/arduino_bringup -- -j8 -l8
[3.172s] DEBUG:colcon.colcon_core.event_handler.log_command:Invoked command in '/home/albert/umov_ws/build/arduino_moveit' returned '0': CMAKE_PREFIX_PATH=${CMAKE_PREFIX_PATH}:/home/albert/ws_moveit2/install/moveit_configs_utils:/home/albert/ws_moveit2/install/launch_param_builder:/home/albert/umov_ws/install/arduino_py_examples:/home/albert/udem2_ws/install/actions_py:/home/albert/udem2_ws/install/lifecycle_py:/home/albert/udem2_ws/install/executors_py:/home/albert/udem2_ws/install/components_py:/home/albert/udem_ws/install/turtlesim_catcher:/home/albert/udem_ws/install/my_py_pkg:/home/albert/udem_ws/install/lifecycle_py:/home/albert/bcdc_ws/install/agbot_teleop:/home/albert/bcdc_ws/install/agbot_py:/home/albert/arduinobot_ws/install/arduinobot_py_examples:/opt/ros/humble /home/albert/.local/bin/cmake /home/albert/umov_ws/src/arduino_moveit -DCMAKE_INSTALL_PREFIX=/home/albert/umov_ws/install/arduino_moveit
[3.174s] DEBUG:colcon.colcon_core.event_handler.log_command:Invoking command in '/home/albert/umov_ws/build/arduino_moveit': CMAKE_PREFIX_PATH=${CMAKE_PREFIX_PATH}:/home/albert/ws_moveit2/install/moveit_configs_utils:/home/albert/ws_moveit2/install/launch_param_builder:/home/albert/umov_ws/install/arduino_py_examples:/home/albert/udem2_ws/install/actions_py:/home/albert/udem2_ws/install/lifecycle_py:/home/albert/udem2_ws/install/executors_py:/home/albert/udem2_ws/install/components_py:/home/albert/udem_ws/install/turtlesim_catcher:/home/albert/udem_ws/install/my_py_pkg:/home/albert/udem_ws/install/lifecycle_py:/home/albert/bcdc_ws/install/agbot_teleop:/home/albert/bcdc_ws/install/agbot_py:/home/albert/arduinobot_ws/install/arduinobot_py_examples:/opt/ros/humble /home/albert/.local/bin/cmake --build /home/albert/umov_ws/build/arduino_moveit -- -j8 -l8
[3.186s] DEBUG:colcon.colcon_core.event_handler.log_command:Invoked command in '/home/albert/umov_ws/build/arduino_bringup' returned '0': CMAKE_PREFIX_PATH=${CMAKE_PREFIX_PATH}:/home/albert/ws_moveit2/install/moveit_configs_utils:/home/albert/ws_moveit2/install/launch_param_builder:/home/albert/umov_ws/install/arduino_py_examples:/home/albert/udem2_ws/install/actions_py:/home/albert/udem2_ws/install/lifecycle_py:/home/albert/udem2_ws/install/executors_py:/home/albert/udem2_ws/install/components_py:/home/albert/udem_ws/install/turtlesim_catcher:/home/albert/udem_ws/install/my_py_pkg:/home/albert/udem_ws/install/lifecycle_py:/home/albert/bcdc_ws/install/agbot_teleop:/home/albert/bcdc_ws/install/agbot_py:/home/albert/arduinobot_ws/install/arduinobot_py_examples:/opt/ros/humble /home/albert/.local/bin/cmake --build /home/albert/umov_ws/build/arduino_bringup -- -j8 -l8
[3.198s] DEBUG:colcon.colcon_core.event_handler.log_command:Invoking command in '/home/albert/umov_ws/build/arduino_bringup': CMAKE_PREFIX_PATH=${CMAKE_PREFIX_PATH}:/home/albert/ws_moveit2/install/moveit_configs_utils:/home/albert/ws_moveit2/install/launch_param_builder:/home/albert/umov_ws/install/arduino_py_examples:/home/albert/udem2_ws/install/actions_py:/home/albert/udem2_ws/install/lifecycle_py:/home/albert/udem2_ws/install/executors_py:/home/albert/udem2_ws/install/components_py:/home/albert/udem_ws/install/turtlesim_catcher:/home/albert/udem_ws/install/my_py_pkg:/home/albert/udem_ws/install/lifecycle_py:/home/albert/bcdc_ws/install/agbot_teleop:/home/albert/bcdc_ws/install/agbot_py:/home/albert/arduinobot_ws/install/arduinobot_py_examples:/opt/ros/humble /home/albert/.local/bin/cmake --install /home/albert/umov_ws/build/arduino_bringup
[3.214s] Level 1:colcon.colcon_core.environment:create_environment_scripts_only(arduino_bringup)
[3.218s] DEBUG:colcon.colcon_core.event_handler.log_command:Invoked command in '/home/albert/umov_ws/build/arduino_bringup' returned '0': CMAKE_PREFIX_PATH=${CMAKE_PREFIX_PATH}:/home/albert/ws_moveit2/install/moveit_configs_utils:/home/albert/ws_moveit2/install/launch_param_builder:/home/albert/umov_ws/install/arduino_py_examples:/home/albert/udem2_ws/install/actions_py:/home/albert/udem2_ws/install/lifecycle_py:/home/albert/udem2_ws/install/executors_py:/home/albert/udem2_ws/install/components_py:/home/albert/udem_ws/install/turtlesim_catcher:/home/albert/udem_ws/install/my_py_pkg:/home/albert/udem_ws/install/lifecycle_py:/home/albert/bcdc_ws/install/agbot_teleop:/home/albert/bcdc_ws/install/agbot_py:/home/albert/arduinobot_ws/install/arduinobot_py_examples:/opt/ros/humble /home/albert/.local/bin/cmake --install /home/albert/umov_ws/build/arduino_bringup
[3.221s] Level 1:colcon.colcon_core.environment:checking '/home/albert/umov_ws/install/arduino_bringup' for CMake module files
[3.221s] Level 1:colcon.colcon_core.environment:checking '/home/albert/umov_ws/install/arduino_bringup' for CMake config files
[3.222s] Level 1:colcon.colcon_core.shell:create_environment_hook('arduino_bringup', 'cmake_prefix_path')
[3.222s] INFO:colcon.colcon_core.shell:Creating environment hook '/home/albert/umov_ws/install/arduino_bringup/share/arduino_bringup/hook/cmake_prefix_path.ps1'
[3.224s] INFO:colcon.colcon_core.shell:Creating environment descriptor '/home/albert/umov_ws/install/arduino_bringup/share/arduino_bringup/hook/cmake_prefix_path.dsv'
[3.225s] INFO:colcon.colcon_core.shell:Creating environment hook '/home/albert/umov_ws/install/arduino_bringup/share/arduino_bringup/hook/cmake_prefix_path.sh'
[3.226s] Level 1:colcon.colcon_core.environment:checking '/home/albert/umov_ws/install/arduino_bringup/bin'
[3.227s] Level 1:colcon.colcon_core.environment:checking '/home/albert/umov_ws/install/arduino_bringup/lib/pkgconfig/arduino_bringup.pc'
[3.227s] Level 1:colcon.colcon_core.environment:checking '/home/albert/umov_ws/install/arduino_bringup/lib/python3.10/site-packages'
[3.228s] Level 1:colcon.colcon_core.environment:checking '/home/albert/umov_ws/install/arduino_bringup/bin'
[3.228s] INFO:colcon.colcon_core.shell:Creating package script '/home/albert/umov_ws/install/arduino_bringup/share/arduino_bringup/package.ps1'
[3.230s] INFO:colcon.colcon_core.shell:Creating package descriptor '/home/albert/umov_ws/install/arduino_bringup/share/arduino_bringup/package.dsv'
[3.231s] INFO:colcon.colcon_core.shell:Creating package script '/home/albert/umov_ws/install/arduino_bringup/share/arduino_bringup/package.sh'
[3.233s] INFO:colcon.colcon_core.shell:Creating package script '/home/albert/umov_ws/install/arduino_bringup/share/arduino_bringup/package.bash'
[3.236s] INFO:colcon.colcon_core.shell:Creating package script '/home/albert/umov_ws/install/arduino_bringup/share/arduino_bringup/package.zsh'
[3.237s] Level 1:colcon.colcon_core.environment:create_file_with_runtime_dependencies(/home/albert/umov_ws/install/arduino_bringup/share/colcon-core/packages/arduino_bringup)
[3.238s] Level 1:colcon.colcon_core.environment:create_environment_scripts_only(arduino_bringup)
[3.239s] Level 1:colcon.colcon_core.environment:checking '/home/albert/umov_ws/install/arduino_bringup' for CMake module files
[3.240s] Level 1:colcon.colcon_core.environment:checking '/home/albert/umov_ws/install/arduino_bringup' for CMake config files
[3.240s] Level 1:colcon.colcon_core.shell:create_environment_hook('arduino_bringup', 'cmake_prefix_path')
[3.241s] INFO:colcon.colcon_core.shell:Creating environment hook '/home/albert/umov_ws/install/arduino_bringup/share/arduino_bringup/hook/cmake_prefix_path.ps1'
[3.241s] INFO:colcon.colcon_core.shell:Creating environment descriptor '/home/albert/umov_ws/install/arduino_bringup/share/arduino_bringup/hook/cmake_prefix_path.dsv'
[3.242s] INFO:colcon.colcon_core.shell:Creating environment hook '/home/albert/umov_ws/install/arduino_bringup/share/arduino_bringup/hook/cmake_prefix_path.sh'
[3.243s] Level 1:colcon.colcon_core.environment:checking '/home/albert/umov_ws/install/arduino_bringup/bin'
[3.243s] Level 1:colcon.colcon_core.environment:checking '/home/albert/umov_ws/install/arduino_bringup/lib/pkgconfig/arduino_bringup.pc'
[3.244s] Level 1:colcon.colcon_core.environment:checking '/home/albert/umov_ws/install/arduino_bringup/lib/python3.10/site-packages'
[3.244s] Level 1:colcon.colcon_core.environment:checking '/home/albert/umov_ws/install/arduino_bringup/bin'
[3.245s] INFO:colcon.colcon_core.shell:Creating package script '/home/albert/umov_ws/install/arduino_bringup/share/arduino_bringup/package.ps1'
[3.246s] INFO:colcon.colcon_core.shell:Creating package descriptor '/home/albert/umov_ws/install/arduino_bringup/share/arduino_bringup/package.dsv'
[3.247s] INFO:colcon.colcon_core.shell:Creating package script '/home/albert/umov_ws/install/arduino_bringup/share/arduino_bringup/package.sh'
[3.248s] INFO:colcon.colcon_core.shell:Creating package script '/home/albert/umov_ws/install/arduino_bringup/share/arduino_bringup/package.bash'
[3.248s] INFO:colcon.colcon_core.shell:Creating package script '/home/albert/umov_ws/install/arduino_bringup/share/arduino_bringup/package.zsh'
[3.249s] Level 1:colcon.colcon_core.environment:create_file_with_runtime_dependencies(/home/albert/umov_ws/install/arduino_bringup/share/colcon-core/packages/arduino_bringup)
[3.252s] DEBUG:colcon.colcon_core.event_handler.log_command:Invoked command in '/home/albert/umov_ws/build/arduino_moveit' returned '0': CMAKE_PREFIX_PATH=${CMAKE_PREFIX_PATH}:/home/albert/ws_moveit2/install/moveit_configs_utils:/home/albert/ws_moveit2/install/launch_param_builder:/home/albert/umov_ws/install/arduino_py_examples:/home/albert/udem2_ws/install/actions_py:/home/albert/udem2_ws/install/lifecycle_py:/home/albert/udem2_ws/install/executors_py:/home/albert/udem2_ws/install/components_py:/home/albert/udem_ws/install/turtlesim_catcher:/home/albert/udem_ws/install/my_py_pkg:/home/albert/udem_ws/install/lifecycle_py:/home/albert/bcdc_ws/install/agbot_teleop:/home/albert/bcdc_ws/install/agbot_py:/home/albert/arduinobot_ws/install/arduinobot_py_examples:/opt/ros/humble /home/albert/.local/bin/cmake --build /home/albert/umov_ws/build/arduino_moveit -- -j8 -l8
[3.255s] DEBUG:colcon.colcon_core.event_handler.log_command:Invoking command in '/home/albert/umov_ws/build/arduino_moveit': CMAKE_PREFIX_PATH=${CMAKE_PREFIX_PATH}:/home/albert/ws_moveit2/install/moveit_configs_utils:/home/albert/ws_moveit2/install/launch_param_builder:/home/albert/umov_ws/install/arduino_py_examples:/home/albert/udem2_ws/install/actions_py:/home/albert/udem2_ws/install/lifecycle_py:/home/albert/udem2_ws/install/executors_py:/home/albert/udem2_ws/install/components_py:/home/albert/udem_ws/install/turtlesim_catcher:/home/albert/udem_ws/install/my_py_pkg:/home/albert/udem_ws/install/lifecycle_py:/home/albert/bcdc_ws/install/agbot_teleop:/home/albert/bcdc_ws/install/agbot_py:/home/albert/arduinobot_ws/install/arduinobot_py_examples:/opt/ros/humble /home/albert/.local/bin/cmake --install /home/albert/umov_ws/build/arduino_moveit
[3.275s] Level 1:colcon.colcon_core.environment:create_environment_scripts_only(arduino_moveit)
[3.275s] Level 1:colcon.colcon_core.environment:checking '/home/albert/umov_ws/install/arduino_moveit' for CMake module files
[3.277s] DEBUG:colcon.colcon_core.event_handler.log_command:Invoked command in '/home/albert/umov_ws/build/arduino_moveit' returned '0': CMAKE_PREFIX_PATH=${CMAKE_PREFIX_PATH}:/home/albert/ws_moveit2/install/moveit_configs_utils:/home/albert/ws_moveit2/install/launch_param_builder:/home/albert/umov_ws/install/arduino_py_examples:/home/albert/udem2_ws/install/actions_py:/home/albert/udem2_ws/install/lifecycle_py:/home/albert/udem2_ws/install/executors_py:/home/albert/udem2_ws/install/components_py:/home/albert/udem_ws/install/turtlesim_catcher:/home/albert/udem_ws/install/my_py_pkg:/home/albert/udem_ws/install/lifecycle_py:/home/albert/bcdc_ws/install/agbot_teleop:/home/albert/bcdc_ws/install/agbot_py:/home/albert/arduinobot_ws/install/arduinobot_py_examples:/opt/ros/humble /home/albert/.local/bin/cmake --install /home/albert/umov_ws/build/arduino_moveit
[3.277s] Level 1:colcon.colcon_core.environment:checking '/home/albert/umov_ws/install/arduino_moveit' for CMake config files
[3.278s] Level 1:colcon.colcon_core.shell:create_environment_hook('arduino_moveit', 'cmake_prefix_path')
[3.278s] INFO:colcon.colcon_core.shell:Creating environment hook '/home/albert/umov_ws/install/arduino_moveit/share/arduino_moveit/hook/cmake_prefix_path.ps1'
[3.279s] INFO:colcon.colcon_core.shell:Creating environment descriptor '/home/albert/umov_ws/install/arduino_moveit/share/arduino_moveit/hook/cmake_prefix_path.dsv'
[3.280s] INFO:colcon.colcon_core.shell:Creating environment hook '/home/albert/umov_ws/install/arduino_moveit/share/arduino_moveit/hook/cmake_prefix_path.sh'
[3.281s] Level 1:colcon.colcon_core.environment:checking '/home/albert/umov_ws/install/arduino_moveit/bin'
[3.281s] Level 1:colcon.colcon_core.environment:checking '/home/albert/umov_ws/install/arduino_moveit/lib/pkgconfig/arduino_moveit.pc'
[3.281s] Level 1:colcon.colcon_core.environment:checking '/home/albert/umov_ws/install/arduino_moveit/lib/python3.10/site-packages'
[3.282s] Level 1:colcon.colcon_core.environment:checking '/home/albert/umov_ws/install/arduino_moveit/bin'
[3.282s] INFO:colcon.colcon_core.shell:Creating package script '/home/albert/umov_ws/install/arduino_moveit/share/arduino_moveit/package.ps1'
[3.283s] INFO:colcon.colcon_core.shell:Creating package descriptor '/home/albert/umov_ws/install/arduino_moveit/share/arduino_moveit/package.dsv'
[3.284s] INFO:colcon.colcon_core.shell:Creating package script '/home/albert/umov_ws/install/arduino_moveit/share/arduino_moveit/package.sh'
[3.285s] INFO:colcon.colcon_core.shell:Creating package script '/home/albert/umov_ws/install/arduino_moveit/share/arduino_moveit/package.bash'
[3.286s] INFO:colcon.colcon_core.shell:Creating package script '/home/albert/umov_ws/install/arduino_moveit/share/arduino_moveit/package.zsh'
[3.286s] Level 1:colcon.colcon_core.environment:create_file_with_runtime_dependencies(/home/albert/umov_ws/install/arduino_moveit/share/colcon-core/packages/arduino_moveit)
[3.287s] Level 1:colcon.colcon_core.environment:create_environment_scripts_only(arduino_moveit)
[3.288s] Level 1:colcon.colcon_core.environment:checking '/home/albert/umov_ws/install/arduino_moveit' for CMake module files
[3.289s] Level 1:colcon.colcon_core.environment:checking '/home/albert/umov_ws/install/arduino_moveit' for CMake config files
[3.289s] Level 1:colcon.colcon_core.shell:create_environment_hook('arduino_moveit', 'cmake_prefix_path')
[3.290s] INFO:colcon.colcon_core.shell:Creating environment hook '/home/albert/umov_ws/install/arduino_moveit/share/arduino_moveit/hook/cmake_prefix_path.ps1'
[3.291s] INFO:colcon.colcon_core.shell:Creating environment descriptor '/home/albert/umov_ws/install/arduino_moveit/share/arduino_moveit/hook/cmake_prefix_path.dsv'
[3.292s] INFO:colcon.colcon_core.shell:Creating environment hook '/home/albert/umov_ws/install/arduino_moveit/share/arduino_moveit/hook/cmake_prefix_path.sh'
[3.293s] Level 1:colcon.colcon_core.environment:checking '/home/albert/umov_ws/install/arduino_moveit/bin'
[3.293s] Level 1:colcon.colcon_core.environment:checking '/home/albert/umov_ws/install/arduino_moveit/lib/pkgconfig/arduino_moveit.pc'
[3.294s] Level 1:colcon.colcon_core.environment:checking '/home/albert/umov_ws/install/arduino_moveit/lib/python3.10/site-packages'
[3.294s] Level 1:colcon.colcon_core.environment:checking '/home/albert/umov_ws/install/arduino_moveit/bin'
[3.295s] INFO:colcon.colcon_core.shell:Creating package script '/home/albert/umov_ws/install/arduino_moveit/share/arduino_moveit/package.ps1'
[3.296s] INFO:colcon.colcon_core.shell:Creating package descriptor '/home/albert/umov_ws/install/arduino_moveit/share/arduino_moveit/package.dsv'
[3.296s] INFO:colcon.colcon_core.shell:Creating package script '/home/albert/umov_ws/install/arduino_moveit/share/arduino_moveit/package.sh'
[3.298s] INFO:colcon.colcon_core.shell:Creating package script '/home/albert/umov_ws/install/arduino_moveit/share/arduino_moveit/package.bash'
[3.300s] INFO:colcon.colcon_core.shell:Creating package script '/home/albert/umov_ws/install/arduino_moveit/share/arduino_moveit/package.zsh'
[3.300s] Level 1:colcon.colcon_core.environment:create_file_with_runtime_dependencies(/home/albert/umov_ws/install/arduino_moveit/share/colcon-core/packages/arduino_moveit)
[3.506s] DEBUG:colcon.colcon_core.event_handler.log_command:Invoked command in '/home/albert/umov_ws/build/description' returned '0': CMAKE_PREFIX_PATH=${CMAKE_PREFIX_PATH}:/home/albert/ws_moveit2/install/moveit_configs_utils:/home/albert/ws_moveit2/install/launch_param_builder:/home/albert/umov_ws/install/arduino_py_examples:/home/albert/udem2_ws/install/actions_py:/home/albert/udem2_ws/install/lifecycle_py:/home/albert/udem2_ws/install/executors_py:/home/albert/udem2_ws/install/components_py:/home/albert/udem_ws/install/turtlesim_catcher:/home/albert/udem_ws/install/my_py_pkg:/home/albert/udem_ws/install/lifecycle_py:/home/albert/bcdc_ws/install/agbot_teleop:/home/albert/bcdc_ws/install/agbot_py:/home/albert/arduinobot_ws/install/arduinobot_py_examples:/opt/ros/humble /home/albert/.local/bin/cmake /home/albert/umov_ws/src/description -DCMAKE_INSTALL_PREFIX=/home/albert/umov_ws/install/description
[3.508s] DEBUG:colcon.colcon_core.event_handler.log_command:Invoking command in '/home/albert/umov_ws/build/description': CMAKE_PREFIX_PATH=${CMAKE_PREFIX_PATH}:/home/albert/ws_moveit2/install/moveit_configs_utils:/home/albert/ws_moveit2/install/launch_param_builder:/home/albert/umov_ws/install/arduino_py_examples:/home/albert/udem2_ws/install/actions_py:/home/albert/udem2_ws/install/lifecycle_py:/home/albert/udem2_ws/install/executors_py:/home/albert/udem2_ws/install/components_py:/home/albert/udem_ws/install/turtlesim_catcher:/home/albert/udem_ws/install/my_py_pkg:/home/albert/udem_ws/install/lifecycle_py:/home/albert/bcdc_ws/install/agbot_teleop:/home/albert/bcdc_ws/install/agbot_py:/home/albert/arduinobot_ws/install/arduinobot_py_examples:/opt/ros/humble /home/albert/.local/bin/cmake --build /home/albert/umov_ws/build/description -- -j8 -l8
[3.548s] DEBUG:colcon.colcon_core.event_handler.log_command:Invoked command in '/home/albert/umov_ws/build/description' returned '0': CMAKE_PREFIX_PATH=${CMAKE_PREFIX_PATH}:/home/albert/ws_moveit2/install/moveit_configs_utils:/home/albert/ws_moveit2/install/launch_param_builder:/home/albert/umov_ws/install/arduino_py_examples:/home/albert/udem2_ws/install/actions_py:/home/albert/udem2_ws/install/lifecycle_py:/home/albert/udem2_ws/install/executors_py:/home/albert/udem2_ws/install/components_py:/home/albert/udem_ws/install/turtlesim_catcher:/home/albert/udem_ws/install/my_py_pkg:/home/albert/udem_ws/install/lifecycle_py:/home/albert/bcdc_ws/install/agbot_teleop:/home/albert/bcdc_ws/install/agbot_py:/home/albert/arduinobot_ws/install/arduinobot_py_examples:/opt/ros/humble /home/albert/.local/bin/cmake --build /home/albert/umov_ws/build/description -- -j8 -l8
[3.551s] DEBUG:colcon.colcon_core.event_handler.log_command:Invoking command in '/home/albert/umov_ws/build/description': CMAKE_PREFIX_PATH=${CMAKE_PREFIX_PATH}:/home/albert/ws_moveit2/install/moveit_configs_utils:/home/albert/ws_moveit2/install/launch_param_builder:/home/albert/umov_ws/install/arduino_py_examples:/home/albert/udem2_ws/install/actions_py:/home/albert/udem2_ws/install/lifecycle_py:/home/albert/udem2_ws/install/executors_py:/home/albert/udem2_ws/install/components_py:/home/albert/udem_ws/install/turtlesim_catcher:/home/albert/udem_ws/install/my_py_pkg:/home/albert/udem_ws/install/lifecycle_py:/home/albert/bcdc_ws/install/agbot_teleop:/home/albert/bcdc_ws/install/agbot_py:/home/albert/arduinobot_ws/install/arduinobot_py_examples:/opt/ros/humble /home/albert/.local/bin/cmake --install /home/albert/umov_ws/build/description
[3.596s] Level 1:colcon.colcon_core.environment:create_environment_scripts_only(description)
[3.597s] Level 1:colcon.colcon_core.environment:checking '/home/albert/umov_ws/install/description' for CMake module files
[3.598s] DEBUG:colcon.colcon_core.event_handler.log_command:Invoked command in '/home/albert/umov_ws/build/description' returned '0': CMAKE_PREFIX_PATH=${CMAKE_PREFIX_PATH}:/home/albert/ws_moveit2/install/moveit_configs_utils:/home/albert/ws_moveit2/install/launch_param_builder:/home/albert/umov_ws/install/arduino_py_examples:/home/albert/udem2_ws/install/actions_py:/home/albert/udem2_ws/install/lifecycle_py:/home/albert/udem2_ws/install/executors_py:/home/albert/udem2_ws/install/components_py:/home/albert/udem_ws/install/turtlesim_catcher:/home/albert/udem_ws/install/my_py_pkg:/home/albert/udem_ws/install/lifecycle_py:/home/albert/bcdc_ws/install/agbot_teleop:/home/albert/bcdc_ws/install/agbot_py:/home/albert/arduinobot_ws/install/arduinobot_py_examples:/opt/ros/humble /home/albert/.local/bin/cmake --install /home/albert/umov_ws/build/description
[3.598s] Level 1:colcon.colcon_core.environment:checking '/home/albert/umov_ws/install/description' for CMake config files
[3.599s] Level 1:colcon.colcon_core.shell:create_environment_hook('description', 'cmake_prefix_path')
[3.599s] INFO:colcon.colcon_core.shell:Creating environment hook '/home/albert/umov_ws/install/description/share/description/hook/cmake_prefix_path.ps1'
[3.600s] INFO:colcon.colcon_core.shell:Creating environment descriptor '/home/albert/umov_ws/install/description/share/description/hook/cmake_prefix_path.dsv'
[3.601s] INFO:colcon.colcon_core.shell:Creating environment hook '/home/albert/umov_ws/install/description/share/description/hook/cmake_prefix_path.sh'
[3.602s] Level 1:colcon.colcon_core.environment:checking '/home/albert/umov_ws/install/description/bin'
[3.602s] Level 1:colcon.colcon_core.environment:checking '/home/albert/umov_ws/install/description/lib/pkgconfig/description.pc'
[3.603s] Level 1:colcon.colcon_core.environment:checking '/home/albert/umov_ws/install/description/lib/python3.10/site-packages'
[3.603s] Level 1:colcon.colcon_core.environment:checking '/home/albert/umov_ws/install/description/bin'
[3.604s] INFO:colcon.colcon_core.shell:Creating package script '/home/albert/umov_ws/install/description/share/description/package.ps1'
[3.604s] INFO:colcon.colcon_core.shell:Creating package descriptor '/home/albert/umov_ws/install/description/share/description/package.dsv'
[3.605s] INFO:colcon.colcon_core.shell:Creating package script '/home/albert/umov_ws/install/description/share/description/package.sh'
[3.606s] INFO:colcon.colcon_core.shell:Creating package script '/home/albert/umov_ws/install/description/share/description/package.bash'
[3.607s] INFO:colcon.colcon_core.shell:Creating package script '/home/albert/umov_ws/install/description/share/description/package.zsh'
[3.607s] Level 1:colcon.colcon_core.environment:create_file_with_runtime_dependencies(/home/albert/umov_ws/install/description/share/colcon-core/packages/description)
[3.608s] Level 1:colcon.colcon_core.environment:create_environment_scripts_only(description)
[3.609s] Level 1:colcon.colcon_core.environment:checking '/home/albert/umov_ws/install/description' for CMake module files
[3.610s] Level 1:colcon.colcon_core.environment:checking '/home/albert/umov_ws/install/description' for CMake config files
[3.610s] Level 1:colcon.colcon_core.shell:create_environment_hook('description', 'cmake_prefix_path')
[3.611s] INFO:colcon.colcon_core.shell:Creating environment hook '/home/albert/umov_ws/install/description/share/description/hook/cmake_prefix_path.ps1'
[3.611s] INFO:colcon.colcon_core.shell:Creating environment descriptor '/home/albert/umov_ws/install/description/share/description/hook/cmake_prefix_path.dsv'
[3.612s] INFO:colcon.colcon_core.shell:Creating environment hook '/home/albert/umov_ws/install/description/share/description/hook/cmake_prefix_path.sh'
[3.613s] Level 1:colcon.colcon_core.environment:checking '/home/albert/umov_ws/install/description/bin'
[3.613s] Level 1:colcon.colcon_core.environment:checking '/home/albert/umov_ws/install/description/lib/pkgconfig/description.pc'
[3.613s] Level 1:colcon.colcon_core.environment:checking '/home/albert/umov_ws/install/description/lib/python3.10/site-packages'
[3.614s] Level 1:colcon.colcon_core.environment:checking '/home/albert/umov_ws/install/description/bin'
[3.614s] INFO:colcon.colcon_core.shell:Creating package script '/home/albert/umov_ws/install/description/share/description/package.ps1'
[3.615s] INFO:colcon.colcon_core.shell:Creating package descriptor '/home/albert/umov_ws/install/description/share/description/package.dsv'
[3.616s] INFO:colcon.colcon_core.shell:Creating package script '/home/albert/umov_ws/install/description/share/description/package.sh'
[3.617s] INFO:colcon.colcon_core.shell:Creating package script '/home/albert/umov_ws/install/description/share/description/package.bash'
[3.618s] INFO:colcon.colcon_core.shell:Creating package script '/home/albert/umov_ws/install/description/share/description/package.zsh'
[3.619s] Level 1:colcon.colcon_core.environment:create_file_with_runtime_dependencies(/home/albert/umov_ws/install/description/share/colcon-core/packages/description)
[3.619s] INFO:colcon.colcon_ros.task.ament_cmake.build:Building ROS package in '/home/albert/umov_ws/src/moveitassistant' with build type 'ament_cmake'
[3.619s] INFO:colcon.colcon_cmake.task.cmake.build:Building CMake package in '/home/albert/umov_ws/src/moveitassistant'
[3.620s] INFO:colcon.colcon_core.shell:Skip shell extension 'powershell' for command environment: Not usable outside of PowerShell
[3.620s] DEBUG:colcon.colcon_core.shell:Skip shell extension 'dsv' for command environment
[3.673s] DEBUG:colcon.colcon_core.event_handler.log_command:Invoking command in '/home/albert/umov_ws/build/moveitassistant': CMAKE_PREFIX_PATH=/home/albert/umov_ws/install/description:/home/albert/ag_arm_ws/install/arm_setup_moveit:/home/albert/ag_arm_ws/install/arm_moveit:/home/albert/ag_arm_ws/install/arm_description:/home/albert/ag_arm_ws/install/arm_cpp:/home/albert/ag_arm_ws/install/arm_controller:/home/albert/ws_moveit2/install/pilz_industrial_motion_planner_testutils:/home/albert/ws_moveit2/install/moveit_runtime:/home/albert/ws_moveit2/install/moveit2_tutorials:/home/albert/ws_moveit2/install/moveit:/home/albert/ws_moveit2/install/moveit_planners:/home/albert/ws_moveit2/install/pilz_industrial_motion_planner:/home/albert/ws_moveit2/install/moveit_visual_tools:/home/albert/ws_moveit2/install/moveit_task_constructor_visualization:/home/albert/ws_moveit2/install/moveit_task_constructor_demo:/home/albert/ws_moveit2/install/moveit_task_constructor_capabilities:/home/albert/ws_moveit2/install/moveit_task_constructor_core:/home/albert/ws_moveit2/install/moveit_ros_control_interface:/home/albert/ws_moveit2/install/moveit_plugins:/home/albert/ws_moveit2/install/moveit_simple_controller_manager:/home/albert/ws_moveit2/install/moveit_setup_assistant:/home/albert/ws_moveit2/install/moveit_setup_srdf_plugins:/home/albert/ws_moveit2/install/moveit_setup_core_plugins:/home/albert/ws_moveit2/install/moveit_setup_controllers:/home/albert/ws_moveit2/install/moveit_setup_app_plugins:/home/albert/ws_moveit2/install/moveit_setup_framework:/home/albert/ws_moveit2/install/moveit_servo:/home/albert/ws_moveit2/install/moveit_ros:/home/albert/ws_moveit2/install/moveit_ros_visualization:/home/albert/ws_moveit2/install/moveit_hybrid_planning:/home/albert/ws_moveit2/install/moveit_ros_planning_interface:/home/albert/ws_moveit2/install/moveit_ros_benchmarks:/home/albert/ws_moveit2/install/moveit_ros_warehouse:/home/albert/ws_moveit2/install/moveit_ros_robot_interaction:/home/albert/ws_moveit2/install/moveit_ros_perception:/home/albert/ws_moveit2/install/moveit_resources_prbt_pg70_support:/home/albert/ws_moveit2/install/moveit_resources_prbt_moveit_config:/home/albert/ws_moveit2/install/moveit_ros_move_group:/home/albert/ws_moveit2/install/moveit_planners_ompl:/home/albert/ws_moveit2/install/moveit_ros_planning:/home/albert/ws_moveit2/install/moveit_ros_occupancy_map_monitor:/home/albert/ws_moveit2/install/moveit_resources_prbt_ikfast_manipulator_plugin:/home/albert/ws_moveit2/install/moveit_planners_chomp:/home/albert/ws_moveit2/install/moveit_kinematics:/home/albert/ws_moveit2/install/moveit_chomp_optimizer_adapter:/home/albert/ws_moveit2/install/chomp_motion_planner:/home/albert/ws_moveit2/install/moveit_core:/home/albert/ws_moveit2/install/srdfdom:/home/albert/ws_moveit2/install/rviz_marker_tools:/home/albert/ws_moveit2/install/rosparam_shortcuts:/home/albert/ws_moveit2/install/moveit_task_constructor_msgs:/home/albert/ws_moveit2/install/moveit_resources_prbt_support:/home/albert/ws_moveit2/install/moveit_resources:/home/albert/ws_moveit2/install/moveit_resources_pr2_description:/home/albert/ws_moveit2/install/moveit_resources_panda_moveit_config:/home/albert/ws_moveit2/install/moveit_resources_panda_description:/home/albert/ws_moveit2/install/moveit_resources_fanuc_moveit_config:/home/albert/ws_moveit2/install/moveit_resources_fanuc_description:/home/albert/ws_moveit2/install/moveit_common:/home/albert/umov_ws/install/moveitassistant:/home/albert/umov_ws/install/arduinobot_bringup:/home/albert/umov_ws/install/arduino_utils:/home/albert/umov_ws/install/arduino_remote:/home/albert/umov_ws/install/arduino_cpp_examples:/home/albert/umov_ws/install/arduino_msgs:/home/albert/umov_ws/install/arduino_moveit:/home/albert/umov_ws/install/arduino_firmware:/home/albert/umov_ws/install/arduino_controller:/home/albert/unav_ws/install/turtlebot3_fake_node:/home/albert/unav_ws/install/robot_bringup:/home/albert/unav_ws/install/nav2_robot_description:/home/albert/udem2_ws/install/robot_bringup:/home/albert/udem2_ws/install/my_robot_bringup:/home/albert/udem2_ws/install/lifecycle_cpp:/home/albert/udem2_ws/install/final_project_cpp:/home/albert/udem2_ws/install/actions_cpp:/home/albert/udem2_ws/install/robot_interfaces:/home/albert/udem2_ws/install/executors_cpp:/home/albert/udem2_ws/install/components_cpp:/home/albert/udem_ws/install/my_robot_bringup:/home/albert/udem_ws/install/my_cpp_pkg:/home/albert/udem_ws/install/my_robot_interfaces:/home/albert/udem_ws/install/my_robot_description:/home/albert/udem_ws/install/lifecycle_cpp:/home/albert/bcdc_ws/install/aggiebot_cpp:/home/albert/bcdc_ws/install/aggiebot_msgs:/home/albert/bcdc_ws/install/aggiebot_description:/home/albert/bcdc_ws/install/aggiebot_controller:/home/albert/bcdc_ws/install/aggiebot_bringup:/home/albert/bcdc_ws/install/aggiebot_arm_moveit:/home/albert/bcdc_ws/install/aggiebot_arm_description:/home/albert/bcdc_ws/install/aggiebot_arm_controller:/home/albert/bcdc_ws/install/agbot_setup_moveit:/home/albert/bcdc_ws/install/agbot_cpp:/home/albert/bcdc_ws/install/agbot_msgs:/home/albert/bcdc_ws/install/agbot_moveit:/home/albert/bcdc_ws/install/agbot_description:/home/albert/bcdc_ws/install/agbot_controller:/home/albert/bcdc_ws/install/agbot_bringup:/home/albert/bcdc_ws/install/agbot_arm_controller:/home/albert/arduinobot_ws/install/arduinobot_utils:/home/albert/arduinobot_ws/install/arduinobot_remote:/home/albert/arduinobot_ws/install/arduinobot_cpp_examples:/home/albert/arduinobot_ws/install/arduinobot_msgs:/home/albert/arduinobot_ws/install/arduinobot_moveit_setup:/home/albert/arduinobot_ws/install/arduinobot_moveit:/home/albert/arduinobot_ws/install/arduinobot_description:/home/albert/arduinobot_ws/install/arduinobot_controller:/home/albert/rad_ws/install/agbot_full_nav2:/home/albert/rad_ws/install/agbot_full_msgs:/home/albert/rad_ws/install/agbot_full_moveit_setup:/home/albert/rad_ws/install/agbot_full_moveit:/home/albert/rad_ws/install/agbot_full_description:/home/albert/rad_ws/install/agbot_full_cpp:/home/albert/rad_ws/install/agbot_full_controller:/home/albert/rad_ws/install/agbot_full_cartogropher:/home/albert/dev_ws/install/my_bot:/home/albert/ag_car_ws/install/car_nav2:/home/albert/ag_car_ws/install/car_description:/home/albert/ag_car_ws/install/car_controller:/home/albert/ag_car_ws/install/car_cartographer:/home/albert/ws_moveit2/install/moveit_configs_utils:/home/albert/ws_moveit2/install/launch_param_builder:/home/albert/umov_ws/install/arduino_py_examples:/home/albert/udem2_ws/install/actions_py:/home/albert/udem2_ws/install/lifecycle_py:/home/albert/udem2_ws/install/executors_py:/home/albert/udem2_ws/install/components_py:/home/albert/udem_ws/install/turtlesim_catcher:/home/albert/udem_ws/install/my_py_pkg:/home/albert/udem_ws/install/lifecycle_py:/home/albert/bcdc_ws/install/agbot_teleop:/home/albert/bcdc_ws/install/agbot_py:/home/albert/arduinobot_ws/install/arduinobot_py_examples:/opt/ros/humble /home/albert/.local/bin/cmake /home/albert/umov_ws/src/moveitassistant -DCMAKE_INSTALL_PREFIX=/home/albert/umov_ws/install/moveitassistant
[5.459s] DEBUG:colcon.colcon_core.event_handler.log_command:Invoked command in '/home/albert/umov_ws/build/moveitassistant' returned '0': CMAKE_PREFIX_PATH=/home/albert/umov_ws/install/description:/home/albert/ag_arm_ws/install/arm_setup_moveit:/home/albert/ag_arm_ws/install/arm_moveit:/home/albert/ag_arm_ws/install/arm_description:/home/albert/ag_arm_ws/install/arm_cpp:/home/albert/ag_arm_ws/install/arm_controller:/home/albert/ws_moveit2/install/pilz_industrial_motion_planner_testutils:/home/albert/ws_moveit2/install/moveit_runtime:/home/albert/ws_moveit2/install/moveit2_tutorials:/home/albert/ws_moveit2/install/moveit:/home/albert/ws_moveit2/install/moveit_planners:/home/albert/ws_moveit2/install/pilz_industrial_motion_planner:/home/albert/ws_moveit2/install/moveit_visual_tools:/home/albert/ws_moveit2/install/moveit_task_constructor_visualization:/home/albert/ws_moveit2/install/moveit_task_constructor_demo:/home/albert/ws_moveit2/install/moveit_task_constructor_capabilities:/home/albert/ws_moveit2/install/moveit_task_constructor_core:/home/albert/ws_moveit2/install/moveit_ros_control_interface:/home/albert/ws_moveit2/install/moveit_plugins:/home/albert/ws_moveit2/install/moveit_simple_controller_manager:/home/albert/ws_moveit2/install/moveit_setup_assistant:/home/albert/ws_moveit2/install/moveit_setup_srdf_plugins:/home/albert/ws_moveit2/install/moveit_setup_core_plugins:/home/albert/ws_moveit2/install/moveit_setup_controllers:/home/albert/ws_moveit2/install/moveit_setup_app_plugins:/home/albert/ws_moveit2/install/moveit_setup_framework:/home/albert/ws_moveit2/install/moveit_servo:/home/albert/ws_moveit2/install/moveit_ros:/home/albert/ws_moveit2/install/moveit_ros_visualization:/home/albert/ws_moveit2/install/moveit_hybrid_planning:/home/albert/ws_moveit2/install/moveit_ros_planning_interface:/home/albert/ws_moveit2/install/moveit_ros_benchmarks:/home/albert/ws_moveit2/install/moveit_ros_warehouse:/home/albert/ws_moveit2/install/moveit_ros_robot_interaction:/home/albert/ws_moveit2/install/moveit_ros_perception:/home/albert/ws_moveit2/install/moveit_resources_prbt_pg70_support:/home/albert/ws_moveit2/install/moveit_resources_prbt_moveit_config:/home/albert/ws_moveit2/install/moveit_ros_move_group:/home/albert/ws_moveit2/install/moveit_planners_ompl:/home/albert/ws_moveit2/install/moveit_ros_planning:/home/albert/ws_moveit2/install/moveit_ros_occupancy_map_monitor:/home/albert/ws_moveit2/install/moveit_resources_prbt_ikfast_manipulator_plugin:/home/albert/ws_moveit2/install/moveit_planners_chomp:/home/albert/ws_moveit2/install/moveit_kinematics:/home/albert/ws_moveit2/install/moveit_chomp_optimizer_adapter:/home/albert/ws_moveit2/install/chomp_motion_planner:/home/albert/ws_moveit2/install/moveit_core:/home/albert/ws_moveit2/install/srdfdom:/home/albert/ws_moveit2/install/rviz_marker_tools:/home/albert/ws_moveit2/install/rosparam_shortcuts:/home/albert/ws_moveit2/install/moveit_task_constructor_msgs:/home/albert/ws_moveit2/install/moveit_resources_prbt_support:/home/albert/ws_moveit2/install/moveit_resources:/home/albert/ws_moveit2/install/moveit_resources_pr2_description:/home/albert/ws_moveit2/install/moveit_resources_panda_moveit_config:/home/albert/ws_moveit2/install/moveit_resources_panda_description:/home/albert/ws_moveit2/install/moveit_resources_fanuc_moveit_config:/home/albert/ws_moveit2/install/moveit_resources_fanuc_description:/home/albert/ws_moveit2/install/moveit_common:/home/albert/umov_ws/install/moveitassistant:/home/albert/umov_ws/install/arduinobot_bringup:/home/albert/umov_ws/install/arduino_utils:/home/albert/umov_ws/install/arduino_remote:/home/albert/umov_ws/install/arduino_cpp_examples:/home/albert/umov_ws/install/arduino_msgs:/home/albert/umov_ws/install/arduino_moveit:/home/albert/umov_ws/install/arduino_firmware:/home/albert/umov_ws/install/arduino_controller:/home/albert/unav_ws/install/turtlebot3_fake_node:/home/albert/unav_ws/install/robot_bringup:/home/albert/unav_ws/install/nav2_robot_description:/home/albert/udem2_ws/install/robot_bringup:/home/albert/udem2_ws/install/my_robot_bringup:/home/albert/udem2_ws/install/lifecycle_cpp:/home/albert/udem2_ws/install/final_project_cpp:/home/albert/udem2_ws/install/actions_cpp:/home/albert/udem2_ws/install/robot_interfaces:/home/albert/udem2_ws/install/executors_cpp:/home/albert/udem2_ws/install/components_cpp:/home/albert/udem_ws/install/my_robot_bringup:/home/albert/udem_ws/install/my_cpp_pkg:/home/albert/udem_ws/install/my_robot_interfaces:/home/albert/udem_ws/install/my_robot_description:/home/albert/udem_ws/install/lifecycle_cpp:/home/albert/bcdc_ws/install/aggiebot_cpp:/home/albert/bcdc_ws/install/aggiebot_msgs:/home/albert/bcdc_ws/install/aggiebot_description:/home/albert/bcdc_ws/install/aggiebot_controller:/home/albert/bcdc_ws/install/aggiebot_bringup:/home/albert/bcdc_ws/install/aggiebot_arm_moveit:/home/albert/bcdc_ws/install/aggiebot_arm_description:/home/albert/bcdc_ws/install/aggiebot_arm_controller:/home/albert/bcdc_ws/install/agbot_setup_moveit:/home/albert/bcdc_ws/install/agbot_cpp:/home/albert/bcdc_ws/install/agbot_msgs:/home/albert/bcdc_ws/install/agbot_moveit:/home/albert/bcdc_ws/install/agbot_description:/home/albert/bcdc_ws/install/agbot_controller:/home/albert/bcdc_ws/install/agbot_bringup:/home/albert/bcdc_ws/install/agbot_arm_controller:/home/albert/arduinobot_ws/install/arduinobot_utils:/home/albert/arduinobot_ws/install/arduinobot_remote:/home/albert/arduinobot_ws/install/arduinobot_cpp_examples:/home/albert/arduinobot_ws/install/arduinobot_msgs:/home/albert/arduinobot_ws/install/arduinobot_moveit_setup:/home/albert/arduinobot_ws/install/arduinobot_moveit:/home/albert/arduinobot_ws/install/arduinobot_description:/home/albert/arduinobot_ws/install/arduinobot_controller:/home/albert/rad_ws/install/agbot_full_nav2:/home/albert/rad_ws/install/agbot_full_msgs:/home/albert/rad_ws/install/agbot_full_moveit_setup:/home/albert/rad_ws/install/agbot_full_moveit:/home/albert/rad_ws/install/agbot_full_description:/home/albert/rad_ws/install/agbot_full_cpp:/home/albert/rad_ws/install/agbot_full_controller:/home/albert/rad_ws/install/agbot_full_cartogropher:/home/albert/dev_ws/install/my_bot:/home/albert/ag_car_ws/install/car_nav2:/home/albert/ag_car_ws/install/car_description:/home/albert/ag_car_ws/install/car_controller:/home/albert/ag_car_ws/install/car_cartographer:/home/albert/ws_moveit2/install/moveit_configs_utils:/home/albert/ws_moveit2/install/launch_param_builder:/home/albert/umov_ws/install/arduino_py_examples:/home/albert/udem2_ws/install/actions_py:/home/albert/udem2_ws/install/lifecycle_py:/home/albert/udem2_ws/install/executors_py:/home/albert/udem2_ws/install/components_py:/home/albert/udem_ws/install/turtlesim_catcher:/home/albert/udem_ws/install/my_py_pkg:/home/albert/udem_ws/install/lifecycle_py:/home/albert/bcdc_ws/install/agbot_teleop:/home/albert/bcdc_ws/install/agbot_py:/home/albert/arduinobot_ws/install/arduinobot_py_examples:/opt/ros/humble /home/albert/.local/bin/cmake /home/albert/umov_ws/src/moveitassistant -DCMAKE_INSTALL_PREFIX=/home/albert/umov_ws/install/moveitassistant
[5.463s] DEBUG:colcon.colcon_core.event_handler.log_command:Invoking command in '/home/albert/umov_ws/build/moveitassistant': CMAKE_PREFIX_PATH=/home/albert/umov_ws/install/description:/home/albert/ag_arm_ws/install/arm_setup_moveit:/home/albert/ag_arm_ws/install/arm_moveit:/home/albert/ag_arm_ws/install/arm_description:/home/albert/ag_arm_ws/install/arm_cpp:/home/albert/ag_arm_ws/install/arm_controller:/home/albert/ws_moveit2/install/pilz_industrial_motion_planner_testutils:/home/albert/ws_moveit2/install/moveit_runtime:/home/albert/ws_moveit2/install/moveit2_tutorials:/home/albert/ws_moveit2/install/moveit:/home/albert/ws_moveit2/install/moveit_planners:/home/albert/ws_moveit2/install/pilz_industrial_motion_planner:/home/albert/ws_moveit2/install/moveit_visual_tools:/home/albert/ws_moveit2/install/moveit_task_constructor_visualization:/home/albert/ws_moveit2/install/moveit_task_constructor_demo:/home/albert/ws_moveit2/install/moveit_task_constructor_capabilities:/home/albert/ws_moveit2/install/moveit_task_constructor_core:/home/albert/ws_moveit2/install/moveit_ros_control_interface:/home/albert/ws_moveit2/install/moveit_plugins:/home/albert/ws_moveit2/install/moveit_simple_controller_manager:/home/albert/ws_moveit2/install/moveit_setup_assistant:/home/albert/ws_moveit2/install/moveit_setup_srdf_plugins:/home/albert/ws_moveit2/install/moveit_setup_core_plugins:/home/albert/ws_moveit2/install/moveit_setup_controllers:/home/albert/ws_moveit2/install/moveit_setup_app_plugins:/home/albert/ws_moveit2/install/moveit_setup_framework:/home/albert/ws_moveit2/install/moveit_servo:/home/albert/ws_moveit2/install/moveit_ros:/home/albert/ws_moveit2/install/moveit_ros_visualization:/home/albert/ws_moveit2/install/moveit_hybrid_planning:/home/albert/ws_moveit2/install/moveit_ros_planning_interface:/home/albert/ws_moveit2/install/moveit_ros_benchmarks:/home/albert/ws_moveit2/install/moveit_ros_warehouse:/home/albert/ws_moveit2/install/moveit_ros_robot_interaction:/home/albert/ws_moveit2/install/moveit_ros_perception:/home/albert/ws_moveit2/install/moveit_resources_prbt_pg70_support:/home/albert/ws_moveit2/install/moveit_resources_prbt_moveit_config:/home/albert/ws_moveit2/install/moveit_ros_move_group:/home/albert/ws_moveit2/install/moveit_planners_ompl:/home/albert/ws_moveit2/install/moveit_ros_planning:/home/albert/ws_moveit2/install/moveit_ros_occupancy_map_monitor:/home/albert/ws_moveit2/install/moveit_resources_prbt_ikfast_manipulator_plugin:/home/albert/ws_moveit2/install/moveit_planners_chomp:/home/albert/ws_moveit2/install/moveit_kinematics:/home/albert/ws_moveit2/install/moveit_chomp_optimizer_adapter:/home/albert/ws_moveit2/install/chomp_motion_planner:/home/albert/ws_moveit2/install/moveit_core:/home/albert/ws_moveit2/install/srdfdom:/home/albert/ws_moveit2/install/rviz_marker_tools:/home/albert/ws_moveit2/install/rosparam_shortcuts:/home/albert/ws_moveit2/install/moveit_task_constructor_msgs:/home/albert/ws_moveit2/install/moveit_resources_prbt_support:/home/albert/ws_moveit2/install/moveit_resources:/home/albert/ws_moveit2/install/moveit_resources_pr2_description:/home/albert/ws_moveit2/install/moveit_resources_panda_moveit_config:/home/albert/ws_moveit2/install/moveit_resources_panda_description:/home/albert/ws_moveit2/install/moveit_resources_fanuc_moveit_config:/home/albert/ws_moveit2/install/moveit_resources_fanuc_description:/home/albert/ws_moveit2/install/moveit_common:/home/albert/umov_ws/install/moveitassistant:/home/albert/umov_ws/install/arduinobot_bringup:/home/albert/umov_ws/install/arduino_utils:/home/albert/umov_ws/install/arduino_remote:/home/albert/umov_ws/install/arduino_cpp_examples:/home/albert/umov_ws/install/arduino_msgs:/home/albert/umov_ws/install/arduino_moveit:/home/albert/umov_ws/install/arduino_firmware:/home/albert/umov_ws/install/arduino_controller:/home/albert/unav_ws/install/turtlebot3_fake_node:/home/albert/unav_ws/install/robot_bringup:/home/albert/unav_ws/install/nav2_robot_description:/home/albert/udem2_ws/install/robot_bringup:/home/albert/udem2_ws/install/my_robot_bringup:/home/albert/udem2_ws/install/lifecycle_cpp:/home/albert/udem2_ws/install/final_project_cpp:/home/albert/udem2_ws/install/actions_cpp:/home/albert/udem2_ws/install/robot_interfaces:/home/albert/udem2_ws/install/executors_cpp:/home/albert/udem2_ws/install/components_cpp:/home/albert/udem_ws/install/my_robot_bringup:/home/albert/udem_ws/install/my_cpp_pkg:/home/albert/udem_ws/install/my_robot_interfaces:/home/albert/udem_ws/install/my_robot_description:/home/albert/udem_ws/install/lifecycle_cpp:/home/albert/bcdc_ws/install/aggiebot_cpp:/home/albert/bcdc_ws/install/aggiebot_msgs:/home/albert/bcdc_ws/install/aggiebot_description:/home/albert/bcdc_ws/install/aggiebot_controller:/home/albert/bcdc_ws/install/aggiebot_bringup:/home/albert/bcdc_ws/install/aggiebot_arm_moveit:/home/albert/bcdc_ws/install/aggiebot_arm_description:/home/albert/bcdc_ws/install/aggiebot_arm_controller:/home/albert/bcdc_ws/install/agbot_setup_moveit:/home/albert/bcdc_ws/install/agbot_cpp:/home/albert/bcdc_ws/install/agbot_msgs:/home/albert/bcdc_ws/install/agbot_moveit:/home/albert/bcdc_ws/install/agbot_description:/home/albert/bcdc_ws/install/agbot_controller:/home/albert/bcdc_ws/install/agbot_bringup:/home/albert/bcdc_ws/install/agbot_arm_controller:/home/albert/arduinobot_ws/install/arduinobot_utils:/home/albert/arduinobot_ws/install/arduinobot_remote:/home/albert/arduinobot_ws/install/arduinobot_cpp_examples:/home/albert/arduinobot_ws/install/arduinobot_msgs:/home/albert/arduinobot_ws/install/arduinobot_moveit_setup:/home/albert/arduinobot_ws/install/arduinobot_moveit:/home/albert/arduinobot_ws/install/arduinobot_description:/home/albert/arduinobot_ws/install/arduinobot_controller:/home/albert/rad_ws/install/agbot_full_nav2:/home/albert/rad_ws/install/agbot_full_msgs:/home/albert/rad_ws/install/agbot_full_moveit_setup:/home/albert/rad_ws/install/agbot_full_moveit:/home/albert/rad_ws/install/agbot_full_description:/home/albert/rad_ws/install/agbot_full_cpp:/home/albert/rad_ws/install/agbot_full_controller:/home/albert/rad_ws/install/agbot_full_cartogropher:/home/albert/dev_ws/install/my_bot:/home/albert/ag_car_ws/install/car_nav2:/home/albert/ag_car_ws/install/car_description:/home/albert/ag_car_ws/install/car_controller:/home/albert/ag_car_ws/install/car_cartographer:/home/albert/ws_moveit2/install/moveit_configs_utils:/home/albert/ws_moveit2/install/launch_param_builder:/home/albert/umov_ws/install/arduino_py_examples:/home/albert/udem2_ws/install/actions_py:/home/albert/udem2_ws/install/lifecycle_py:/home/albert/udem2_ws/install/executors_py:/home/albert/udem2_ws/install/components_py:/home/albert/udem_ws/install/turtlesim_catcher:/home/albert/udem_ws/install/my_py_pkg:/home/albert/udem_ws/install/lifecycle_py:/home/albert/bcdc_ws/install/agbot_teleop:/home/albert/bcdc_ws/install/agbot_py:/home/albert/arduinobot_ws/install/arduinobot_py_examples:/opt/ros/humble /home/albert/.local/bin/cmake --build /home/albert/umov_ws/build/moveitassistant -- -j8 -l8
[5.510s] DEBUG:colcon.colcon_core.event_handler.log_command:Invoked command in '/home/albert/umov_ws/build/moveitassistant' returned '0': CMAKE_PREFIX_PATH=/home/albert/umov_ws/install/description:/home/albert/ag_arm_ws/install/arm_setup_moveit:/home/albert/ag_arm_ws/install/arm_moveit:/home/albert/ag_arm_ws/install/arm_description:/home/albert/ag_arm_ws/install/arm_cpp:/home/albert/ag_arm_ws/install/arm_controller:/home/albert/ws_moveit2/install/pilz_industrial_motion_planner_testutils:/home/albert/ws_moveit2/install/moveit_runtime:/home/albert/ws_moveit2/install/moveit2_tutorials:/home/albert/ws_moveit2/install/moveit:/home/albert/ws_moveit2/install/moveit_planners:/home/albert/ws_moveit2/install/pilz_industrial_motion_planner:/home/albert/ws_moveit2/install/moveit_visual_tools:/home/albert/ws_moveit2/install/moveit_task_constructor_visualization:/home/albert/ws_moveit2/install/moveit_task_constructor_demo:/home/albert/ws_moveit2/install/moveit_task_constructor_capabilities:/home/albert/ws_moveit2/install/moveit_task_constructor_core:/home/albert/ws_moveit2/install/moveit_ros_control_interface:/home/albert/ws_moveit2/install/moveit_plugins:/home/albert/ws_moveit2/install/moveit_simple_controller_manager:/home/albert/ws_moveit2/install/moveit_setup_assistant:/home/albert/ws_moveit2/install/moveit_setup_srdf_plugins:/home/albert/ws_moveit2/install/moveit_setup_core_plugins:/home/albert/ws_moveit2/install/moveit_setup_controllers:/home/albert/ws_moveit2/install/moveit_setup_app_plugins:/home/albert/ws_moveit2/install/moveit_setup_framework:/home/albert/ws_moveit2/install/moveit_servo:/home/albert/ws_moveit2/install/moveit_ros:/home/albert/ws_moveit2/install/moveit_ros_visualization:/home/albert/ws_moveit2/install/moveit_hybrid_planning:/home/albert/ws_moveit2/install/moveit_ros_planning_interface:/home/albert/ws_moveit2/install/moveit_ros_benchmarks:/home/albert/ws_moveit2/install/moveit_ros_warehouse:/home/albert/ws_moveit2/install/moveit_ros_robot_interaction:/home/albert/ws_moveit2/install/moveit_ros_perception:/home/albert/ws_moveit2/install/moveit_resources_prbt_pg70_support:/home/albert/ws_moveit2/install/moveit_resources_prbt_moveit_config:/home/albert/ws_moveit2/install/moveit_ros_move_group:/home/albert/ws_moveit2/install/moveit_planners_ompl:/home/albert/ws_moveit2/install/moveit_ros_planning:/home/albert/ws_moveit2/install/moveit_ros_occupancy_map_monitor:/home/albert/ws_moveit2/install/moveit_resources_prbt_ikfast_manipulator_plugin:/home/albert/ws_moveit2/install/moveit_planners_chomp:/home/albert/ws_moveit2/install/moveit_kinematics:/home/albert/ws_moveit2/install/moveit_chomp_optimizer_adapter:/home/albert/ws_moveit2/install/chomp_motion_planner:/home/albert/ws_moveit2/install/moveit_core:/home/albert/ws_moveit2/install/srdfdom:/home/albert/ws_moveit2/install/rviz_marker_tools:/home/albert/ws_moveit2/install/rosparam_shortcuts:/home/albert/ws_moveit2/install/moveit_task_constructor_msgs:/home/albert/ws_moveit2/install/moveit_resources_prbt_support:/home/albert/ws_moveit2/install/moveit_resources:/home/albert/ws_moveit2/install/moveit_resources_pr2_description:/home/albert/ws_moveit2/install/moveit_resources_panda_moveit_config:/home/albert/ws_moveit2/install/moveit_resources_panda_description:/home/albert/ws_moveit2/install/moveit_resources_fanuc_moveit_config:/home/albert/ws_moveit2/install/moveit_resources_fanuc_description:/home/albert/ws_moveit2/install/moveit_common:/home/albert/umov_ws/install/moveitassistant:/home/albert/umov_ws/install/arduinobot_bringup:/home/albert/umov_ws/install/arduino_utils:/home/albert/umov_ws/install/arduino_remote:/home/albert/umov_ws/install/arduino_cpp_examples:/home/albert/umov_ws/install/arduino_msgs:/home/albert/umov_ws/install/arduino_moveit:/home/albert/umov_ws/install/arduino_firmware:/home/albert/umov_ws/install/arduino_controller:/home/albert/unav_ws/install/turtlebot3_fake_node:/home/albert/unav_ws/install/robot_bringup:/home/albert/unav_ws/install/nav2_robot_description:/home/albert/udem2_ws/install/robot_bringup:/home/albert/udem2_ws/install/my_robot_bringup:/home/albert/udem2_ws/install/lifecycle_cpp:/home/albert/udem2_ws/install/final_project_cpp:/home/albert/udem2_ws/install/actions_cpp:/home/albert/udem2_ws/install/robot_interfaces:/home/albert/udem2_ws/install/executors_cpp:/home/albert/udem2_ws/install/components_cpp:/home/albert/udem_ws/install/my_robot_bringup:/home/albert/udem_ws/install/my_cpp_pkg:/home/albert/udem_ws/install/my_robot_interfaces:/home/albert/udem_ws/install/my_robot_description:/home/albert/udem_ws/install/lifecycle_cpp:/home/albert/bcdc_ws/install/aggiebot_cpp:/home/albert/bcdc_ws/install/aggiebot_msgs:/home/albert/bcdc_ws/install/aggiebot_description:/home/albert/bcdc_ws/install/aggiebot_controller:/home/albert/bcdc_ws/install/aggiebot_bringup:/home/albert/bcdc_ws/install/aggiebot_arm_moveit:/home/albert/bcdc_ws/install/aggiebot_arm_description:/home/albert/bcdc_ws/install/aggiebot_arm_controller:/home/albert/bcdc_ws/install/agbot_setup_moveit:/home/albert/bcdc_ws/install/agbot_cpp:/home/albert/bcdc_ws/install/agbot_msgs:/home/albert/bcdc_ws/install/agbot_moveit:/home/albert/bcdc_ws/install/agbot_description:/home/albert/bcdc_ws/install/agbot_controller:/home/albert/bcdc_ws/install/agbot_bringup:/home/albert/bcdc_ws/install/agbot_arm_controller:/home/albert/arduinobot_ws/install/arduinobot_utils:/home/albert/arduinobot_ws/install/arduinobot_remote:/home/albert/arduinobot_ws/install/arduinobot_cpp_examples:/home/albert/arduinobot_ws/install/arduinobot_msgs:/home/albert/arduinobot_ws/install/arduinobot_moveit_setup:/home/albert/arduinobot_ws/install/arduinobot_moveit:/home/albert/arduinobot_ws/install/arduinobot_description:/home/albert/arduinobot_ws/install/arduinobot_controller:/home/albert/rad_ws/install/agbot_full_nav2:/home/albert/rad_ws/install/agbot_full_msgs:/home/albert/rad_ws/install/agbot_full_moveit_setup:/home/albert/rad_ws/install/agbot_full_moveit:/home/albert/rad_ws/install/agbot_full_description:/home/albert/rad_ws/install/agbot_full_cpp:/home/albert/rad_ws/install/agbot_full_controller:/home/albert/rad_ws/install/agbot_full_cartogropher:/home/albert/dev_ws/install/my_bot:/home/albert/ag_car_ws/install/car_nav2:/home/albert/ag_car_ws/install/car_description:/home/albert/ag_car_ws/install/car_controller:/home/albert/ag_car_ws/install/car_cartographer:/home/albert/ws_moveit2/install/moveit_configs_utils:/home/albert/ws_moveit2/install/launch_param_builder:/home/albert/umov_ws/install/arduino_py_examples:/home/albert/udem2_ws/install/actions_py:/home/albert/udem2_ws/install/lifecycle_py:/home/albert/udem2_ws/install/executors_py:/home/albert/udem2_ws/install/components_py:/home/albert/udem_ws/install/turtlesim_catcher:/home/albert/udem_ws/install/my_py_pkg:/home/albert/udem_ws/install/lifecycle_py:/home/albert/bcdc_ws/install/agbot_teleop:/home/albert/bcdc_ws/install/agbot_py:/home/albert/arduinobot_ws/install/arduinobot_py_examples:/opt/ros/humble /home/albert/.local/bin/cmake --build /home/albert/umov_ws/build/moveitassistant -- -j8 -l8
[5.513s] DEBUG:colcon.colcon_core.event_handler.log_command:Invoking command in '/home/albert/umov_ws/build/moveitassistant': CMAKE_PREFIX_PATH=/home/albert/umov_ws/install/description:/home/albert/ag_arm_ws/install/arm_setup_moveit:/home/albert/ag_arm_ws/install/arm_moveit:/home/albert/ag_arm_ws/install/arm_description:/home/albert/ag_arm_ws/install/arm_cpp:/home/albert/ag_arm_ws/install/arm_controller:/home/albert/ws_moveit2/install/pilz_industrial_motion_planner_testutils:/home/albert/ws_moveit2/install/moveit_runtime:/home/albert/ws_moveit2/install/moveit2_tutorials:/home/albert/ws_moveit2/install/moveit:/home/albert/ws_moveit2/install/moveit_planners:/home/albert/ws_moveit2/install/pilz_industrial_motion_planner:/home/albert/ws_moveit2/install/moveit_visual_tools:/home/albert/ws_moveit2/install/moveit_task_constructor_visualization:/home/albert/ws_moveit2/install/moveit_task_constructor_demo:/home/albert/ws_moveit2/install/moveit_task_constructor_capabilities:/home/albert/ws_moveit2/install/moveit_task_constructor_core:/home/albert/ws_moveit2/install/moveit_ros_control_interface:/home/albert/ws_moveit2/install/moveit_plugins:/home/albert/ws_moveit2/install/moveit_simple_controller_manager:/home/albert/ws_moveit2/install/moveit_setup_assistant:/home/albert/ws_moveit2/install/moveit_setup_srdf_plugins:/home/albert/ws_moveit2/install/moveit_setup_core_plugins:/home/albert/ws_moveit2/install/moveit_setup_controllers:/home/albert/ws_moveit2/install/moveit_setup_app_plugins:/home/albert/ws_moveit2/install/moveit_setup_framework:/home/albert/ws_moveit2/install/moveit_servo:/home/albert/ws_moveit2/install/moveit_ros:/home/albert/ws_moveit2/install/moveit_ros_visualization:/home/albert/ws_moveit2/install/moveit_hybrid_planning:/home/albert/ws_moveit2/install/moveit_ros_planning_interface:/home/albert/ws_moveit2/install/moveit_ros_benchmarks:/home/albert/ws_moveit2/install/moveit_ros_warehouse:/home/albert/ws_moveit2/install/moveit_ros_robot_interaction:/home/albert/ws_moveit2/install/moveit_ros_perception:/home/albert/ws_moveit2/install/moveit_resources_prbt_pg70_support:/home/albert/ws_moveit2/install/moveit_resources_prbt_moveit_config:/home/albert/ws_moveit2/install/moveit_ros_move_group:/home/albert/ws_moveit2/install/moveit_planners_ompl:/home/albert/ws_moveit2/install/moveit_ros_planning:/home/albert/ws_moveit2/install/moveit_ros_occupancy_map_monitor:/home/albert/ws_moveit2/install/moveit_resources_prbt_ikfast_manipulator_plugin:/home/albert/ws_moveit2/install/moveit_planners_chomp:/home/albert/ws_moveit2/install/moveit_kinematics:/home/albert/ws_moveit2/install/moveit_chomp_optimizer_adapter:/home/albert/ws_moveit2/install/chomp_motion_planner:/home/albert/ws_moveit2/install/moveit_core:/home/albert/ws_moveit2/install/srdfdom:/home/albert/ws_moveit2/install/rviz_marker_tools:/home/albert/ws_moveit2/install/rosparam_shortcuts:/home/albert/ws_moveit2/install/moveit_task_constructor_msgs:/home/albert/ws_moveit2/install/moveit_resources_prbt_support:/home/albert/ws_moveit2/install/moveit_resources:/home/albert/ws_moveit2/install/moveit_resources_pr2_description:/home/albert/ws_moveit2/install/moveit_resources_panda_moveit_config:/home/albert/ws_moveit2/install/moveit_resources_panda_description:/home/albert/ws_moveit2/install/moveit_resources_fanuc_moveit_config:/home/albert/ws_moveit2/install/moveit_resources_fanuc_description:/home/albert/ws_moveit2/install/moveit_common:/home/albert/umov_ws/install/moveitassistant:/home/albert/umov_ws/install/arduinobot_bringup:/home/albert/umov_ws/install/arduino_utils:/home/albert/umov_ws/install/arduino_remote:/home/albert/umov_ws/install/arduino_cpp_examples:/home/albert/umov_ws/install/arduino_msgs:/home/albert/umov_ws/install/arduino_moveit:/home/albert/umov_ws/install/arduino_firmware:/home/albert/umov_ws/install/arduino_controller:/home/albert/unav_ws/install/turtlebot3_fake_node:/home/albert/unav_ws/install/robot_bringup:/home/albert/unav_ws/install/nav2_robot_description:/home/albert/udem2_ws/install/robot_bringup:/home/albert/udem2_ws/install/my_robot_bringup:/home/albert/udem2_ws/install/lifecycle_cpp:/home/albert/udem2_ws/install/final_project_cpp:/home/albert/udem2_ws/install/actions_cpp:/home/albert/udem2_ws/install/robot_interfaces:/home/albert/udem2_ws/install/executors_cpp:/home/albert/udem2_ws/install/components_cpp:/home/albert/udem_ws/install/my_robot_bringup:/home/albert/udem_ws/install/my_cpp_pkg:/home/albert/udem_ws/install/my_robot_interfaces:/home/albert/udem_ws/install/my_robot_description:/home/albert/udem_ws/install/lifecycle_cpp:/home/albert/bcdc_ws/install/aggiebot_cpp:/home/albert/bcdc_ws/install/aggiebot_msgs:/home/albert/bcdc_ws/install/aggiebot_description:/home/albert/bcdc_ws/install/aggiebot_controller:/home/albert/bcdc_ws/install/aggiebot_bringup:/home/albert/bcdc_ws/install/aggiebot_arm_moveit:/home/albert/bcdc_ws/install/aggiebot_arm_description:/home/albert/bcdc_ws/install/aggiebot_arm_controller:/home/albert/bcdc_ws/install/agbot_setup_moveit:/home/albert/bcdc_ws/install/agbot_cpp:/home/albert/bcdc_ws/install/agbot_msgs:/home/albert/bcdc_ws/install/agbot_moveit:/home/albert/bcdc_ws/install/agbot_description:/home/albert/bcdc_ws/install/agbot_controller:/home/albert/bcdc_ws/install/agbot_bringup:/home/albert/bcdc_ws/install/agbot_arm_controller:/home/albert/arduinobot_ws/install/arduinobot_utils:/home/albert/arduinobot_ws/install/arduinobot_remote:/home/albert/arduinobot_ws/install/arduinobot_cpp_examples:/home/albert/arduinobot_ws/install/arduinobot_msgs:/home/albert/arduinobot_ws/install/arduinobot_moveit_setup:/home/albert/arduinobot_ws/install/arduinobot_moveit:/home/albert/arduinobot_ws/install/arduinobot_description:/home/albert/arduinobot_ws/install/arduinobot_controller:/home/albert/rad_ws/install/agbot_full_nav2:/home/albert/rad_ws/install/agbot_full_msgs:/home/albert/rad_ws/install/agbot_full_moveit_setup:/home/albert/rad_ws/install/agbot_full_moveit:/home/albert/rad_ws/install/agbot_full_description:/home/albert/rad_ws/install/agbot_full_cpp:/home/albert/rad_ws/install/agbot_full_controller:/home/albert/rad_ws/install/agbot_full_cartogropher:/home/albert/dev_ws/install/my_bot:/home/albert/ag_car_ws/install/car_nav2:/home/albert/ag_car_ws/install/car_description:/home/albert/ag_car_ws/install/car_controller:/home/albert/ag_car_ws/install/car_cartographer:/home/albert/ws_moveit2/install/moveit_configs_utils:/home/albert/ws_moveit2/install/launch_param_builder:/home/albert/umov_ws/install/arduino_py_examples:/home/albert/udem2_ws/install/actions_py:/home/albert/udem2_ws/install/lifecycle_py:/home/albert/udem2_ws/install/executors_py:/home/albert/udem2_ws/install/components_py:/home/albert/udem_ws/install/turtlesim_catcher:/home/albert/udem_ws/install/my_py_pkg:/home/albert/udem_ws/install/lifecycle_py:/home/albert/bcdc_ws/install/agbot_teleop:/home/albert/bcdc_ws/install/agbot_py:/home/albert/arduinobot_ws/install/arduinobot_py_examples:/opt/ros/humble /home/albert/.local/bin/cmake --install /home/albert/umov_ws/build/moveitassistant
[5.530s] Level 1:colcon.colcon_core.environment:create_environment_scripts_only(moveitassistant)
[5.531s] Level 1:colcon.colcon_core.environment:checking '/home/albert/umov_ws/install/moveitassistant' for CMake module files
[5.532s] DEBUG:colcon.colcon_core.event_handler.log_command:Invoked command in '/home/albert/umov_ws/build/moveitassistant' returned '0': CMAKE_PREFIX_PATH=/home/albert/umov_ws/install/description:/home/albert/ag_arm_ws/install/arm_setup_moveit:/home/albert/ag_arm_ws/install/arm_moveit:/home/albert/ag_arm_ws/install/arm_description:/home/albert/ag_arm_ws/install/arm_cpp:/home/albert/ag_arm_ws/install/arm_controller:/home/albert/ws_moveit2/install/pilz_industrial_motion_planner_testutils:/home/albert/ws_moveit2/install/moveit_runtime:/home/albert/ws_moveit2/install/moveit2_tutorials:/home/albert/ws_moveit2/install/moveit:/home/albert/ws_moveit2/install/moveit_planners:/home/albert/ws_moveit2/install/pilz_industrial_motion_planner:/home/albert/ws_moveit2/install/moveit_visual_tools:/home/albert/ws_moveit2/install/moveit_task_constructor_visualization:/home/albert/ws_moveit2/install/moveit_task_constructor_demo:/home/albert/ws_moveit2/install/moveit_task_constructor_capabilities:/home/albert/ws_moveit2/install/moveit_task_constructor_core:/home/albert/ws_moveit2/install/moveit_ros_control_interface:/home/albert/ws_moveit2/install/moveit_plugins:/home/albert/ws_moveit2/install/moveit_simple_controller_manager:/home/albert/ws_moveit2/install/moveit_setup_assistant:/home/albert/ws_moveit2/install/moveit_setup_srdf_plugins:/home/albert/ws_moveit2/install/moveit_setup_core_plugins:/home/albert/ws_moveit2/install/moveit_setup_controllers:/home/albert/ws_moveit2/install/moveit_setup_app_plugins:/home/albert/ws_moveit2/install/moveit_setup_framework:/home/albert/ws_moveit2/install/moveit_servo:/home/albert/ws_moveit2/install/moveit_ros:/home/albert/ws_moveit2/install/moveit_ros_visualization:/home/albert/ws_moveit2/install/moveit_hybrid_planning:/home/albert/ws_moveit2/install/moveit_ros_planning_interface:/home/albert/ws_moveit2/install/moveit_ros_benchmarks:/home/albert/ws_moveit2/install/moveit_ros_warehouse:/home/albert/ws_moveit2/install/moveit_ros_robot_interaction:/home/albert/ws_moveit2/install/moveit_ros_perception:/home/albert/ws_moveit2/install/moveit_resources_prbt_pg70_support:/home/albert/ws_moveit2/install/moveit_resources_prbt_moveit_config:/home/albert/ws_moveit2/install/moveit_ros_move_group:/home/albert/ws_moveit2/install/moveit_planners_ompl:/home/albert/ws_moveit2/install/moveit_ros_planning:/home/albert/ws_moveit2/install/moveit_ros_occupancy_map_monitor:/home/albert/ws_moveit2/install/moveit_resources_prbt_ikfast_manipulator_plugin:/home/albert/ws_moveit2/install/moveit_planners_chomp:/home/albert/ws_moveit2/install/moveit_kinematics:/home/albert/ws_moveit2/install/moveit_chomp_optimizer_adapter:/home/albert/ws_moveit2/install/chomp_motion_planner:/home/albert/ws_moveit2/install/moveit_core:/home/albert/ws_moveit2/install/srdfdom:/home/albert/ws_moveit2/install/rviz_marker_tools:/home/albert/ws_moveit2/install/rosparam_shortcuts:/home/albert/ws_moveit2/install/moveit_task_constructor_msgs:/home/albert/ws_moveit2/install/moveit_resources_prbt_support:/home/albert/ws_moveit2/install/moveit_resources:/home/albert/ws_moveit2/install/moveit_resources_pr2_description:/home/albert/ws_moveit2/install/moveit_resources_panda_moveit_config:/home/albert/ws_moveit2/install/moveit_resources_panda_description:/home/albert/ws_moveit2/install/moveit_resources_fanuc_moveit_config:/home/albert/ws_moveit2/install/moveit_resources_fanuc_description:/home/albert/ws_moveit2/install/moveit_common:/home/albert/umov_ws/install/moveitassistant:/home/albert/umov_ws/install/arduinobot_bringup:/home/albert/umov_ws/install/arduino_utils:/home/albert/umov_ws/install/arduino_remote:/home/albert/umov_ws/install/arduino_cpp_examples:/home/albert/umov_ws/install/arduino_msgs:/home/albert/umov_ws/install/arduino_moveit:/home/albert/umov_ws/install/arduino_firmware:/home/albert/umov_ws/install/arduino_controller:/home/albert/unav_ws/install/turtlebot3_fake_node:/home/albert/unav_ws/install/robot_bringup:/home/albert/unav_ws/install/nav2_robot_description:/home/albert/udem2_ws/install/robot_bringup:/home/albert/udem2_ws/install/my_robot_bringup:/home/albert/udem2_ws/install/lifecycle_cpp:/home/albert/udem2_ws/install/final_project_cpp:/home/albert/udem2_ws/install/actions_cpp:/home/albert/udem2_ws/install/robot_interfaces:/home/albert/udem2_ws/install/executors_cpp:/home/albert/udem2_ws/install/components_cpp:/home/albert/udem_ws/install/my_robot_bringup:/home/albert/udem_ws/install/my_cpp_pkg:/home/albert/udem_ws/install/my_robot_interfaces:/home/albert/udem_ws/install/my_robot_description:/home/albert/udem_ws/install/lifecycle_cpp:/home/albert/bcdc_ws/install/aggiebot_cpp:/home/albert/bcdc_ws/install/aggiebot_msgs:/home/albert/bcdc_ws/install/aggiebot_description:/home/albert/bcdc_ws/install/aggiebot_controller:/home/albert/bcdc_ws/install/aggiebot_bringup:/home/albert/bcdc_ws/install/aggiebot_arm_moveit:/home/albert/bcdc_ws/install/aggiebot_arm_description:/home/albert/bcdc_ws/install/aggiebot_arm_controller:/home/albert/bcdc_ws/install/agbot_setup_moveit:/home/albert/bcdc_ws/install/agbot_cpp:/home/albert/bcdc_ws/install/agbot_msgs:/home/albert/bcdc_ws/install/agbot_moveit:/home/albert/bcdc_ws/install/agbot_description:/home/albert/bcdc_ws/install/agbot_controller:/home/albert/bcdc_ws/install/agbot_bringup:/home/albert/bcdc_ws/install/agbot_arm_controller:/home/albert/arduinobot_ws/install/arduinobot_utils:/home/albert/arduinobot_ws/install/arduinobot_remote:/home/albert/arduinobot_ws/install/arduinobot_cpp_examples:/home/albert/arduinobot_ws/install/arduinobot_msgs:/home/albert/arduinobot_ws/install/arduinobot_moveit_setup:/home/albert/arduinobot_ws/install/arduinobot_moveit:/home/albert/arduinobot_ws/install/arduinobot_description:/home/albert/arduinobot_ws/install/arduinobot_controller:/home/albert/rad_ws/install/agbot_full_nav2:/home/albert/rad_ws/install/agbot_full_msgs:/home/albert/rad_ws/install/agbot_full_moveit_setup:/home/albert/rad_ws/install/agbot_full_moveit:/home/albert/rad_ws/install/agbot_full_description:/home/albert/rad_ws/install/agbot_full_cpp:/home/albert/rad_ws/install/agbot_full_controller:/home/albert/rad_ws/install/agbot_full_cartogropher:/home/albert/dev_ws/install/my_bot:/home/albert/ag_car_ws/install/car_nav2:/home/albert/ag_car_ws/install/car_description:/home/albert/ag_car_ws/install/car_controller:/home/albert/ag_car_ws/install/car_cartographer:/home/albert/ws_moveit2/install/moveit_configs_utils:/home/albert/ws_moveit2/install/launch_param_builder:/home/albert/umov_ws/install/arduino_py_examples:/home/albert/udem2_ws/install/actions_py:/home/albert/udem2_ws/install/lifecycle_py:/home/albert/udem2_ws/install/executors_py:/home/albert/udem2_ws/install/components_py:/home/albert/udem_ws/install/turtlesim_catcher:/home/albert/udem_ws/install/my_py_pkg:/home/albert/udem_ws/install/lifecycle_py:/home/albert/bcdc_ws/install/agbot_teleop:/home/albert/bcdc_ws/install/agbot_py:/home/albert/arduinobot_ws/install/arduinobot_py_examples:/opt/ros/humble /home/albert/.local/bin/cmake --install /home/albert/umov_ws/build/moveitassistant
[5.533s] Level 1:colcon.colcon_core.environment:checking '/home/albert/umov_ws/install/moveitassistant' for CMake config files
[5.534s] Level 1:colcon.colcon_core.shell:create_environment_hook('moveitassistant', 'cmake_prefix_path')
[5.534s] INFO:colcon.colcon_core.shell:Creating environment hook '/home/albert/umov_ws/install/moveitassistant/share/moveitassistant/hook/cmake_prefix_path.ps1'
[5.535s] INFO:colcon.colcon_core.shell:Creating environment descriptor '/home/albert/umov_ws/install/moveitassistant/share/moveitassistant/hook/cmake_prefix_path.dsv'
[5.536s] INFO:colcon.colcon_core.shell:Creating environment hook '/home/albert/umov_ws/install/moveitassistant/share/moveitassistant/hook/cmake_prefix_path.sh'
[5.537s] Level 1:colcon.colcon_core.environment:checking '/home/albert/umov_ws/install/moveitassistant/bin'
[5.537s] Level 1:colcon.colcon_core.environment:checking '/home/albert/umov_ws/install/moveitassistant/lib/pkgconfig/moveitassistant.pc'
[5.537s] Level 1:colcon.colcon_core.environment:checking '/home/albert/umov_ws/install/moveitassistant/lib/python3.10/site-packages'
[5.537s] Level 1:colcon.colcon_core.environment:checking '/home/albert/umov_ws/install/moveitassistant/bin'
[5.538s] INFO:colcon.colcon_core.shell:Creating package script '/home/albert/umov_ws/install/moveitassistant/share/moveitassistant/package.ps1'
[5.539s] INFO:colcon.colcon_core.shell:Creating package descriptor '/home/albert/umov_ws/install/moveitassistant/share/moveitassistant/package.dsv'
[5.539s] INFO:colcon.colcon_core.shell:Creating package script '/home/albert/umov_ws/install/moveitassistant/share/moveitassistant/package.sh'
[5.540s] INFO:colcon.colcon_core.shell:Creating package script '/home/albert/umov_ws/install/moveitassistant/share/moveitassistant/package.bash'
[5.540s] INFO:colcon.colcon_core.shell:Creating package script '/home/albert/umov_ws/install/moveitassistant/share/moveitassistant/package.zsh'
[5.541s] Level 1:colcon.colcon_core.environment:create_file_with_runtime_dependencies(/home/albert/umov_ws/install/moveitassistant/share/colcon-core/packages/moveitassistant)
[5.542s] Level 1:colcon.colcon_core.environment:create_environment_scripts_only(moveitassistant)
[5.543s] Level 1:colcon.colcon_core.environment:checking '/home/albert/umov_ws/install/moveitassistant' for CMake module files
[5.544s] Level 1:colcon.colcon_core.environment:checking '/home/albert/umov_ws/install/moveitassistant' for CMake config files
[5.545s] Level 1:colcon.colcon_core.shell:create_environment_hook('moveitassistant', 'cmake_prefix_path')
[5.546s] INFO:colcon.colcon_core.shell:Creating environment hook '/home/albert/umov_ws/install/moveitassistant/share/moveitassistant/hook/cmake_prefix_path.ps1'
[5.547s] INFO:colcon.colcon_core.shell:Creating environment descriptor '/home/albert/umov_ws/install/moveitassistant/share/moveitassistant/hook/cmake_prefix_path.dsv'
[5.548s] INFO:colcon.colcon_core.shell:Creating environment hook '/home/albert/umov_ws/install/moveitassistant/share/moveitassistant/hook/cmake_prefix_path.sh'
[5.549s] Level 1:colcon.colcon_core.environment:checking '/home/albert/umov_ws/install/moveitassistant/bin'
[5.549s] Level 1:colcon.colcon_core.environment:checking '/home/albert/umov_ws/install/moveitassistant/lib/pkgconfig/moveitassistant.pc'
[5.550s] Level 1:colcon.colcon_core.environment:checking '/home/albert/umov_ws/install/moveitassistant/lib/python3.10/site-packages'
[5.550s] Level 1:colcon.colcon_core.environment:checking '/home/albert/umov_ws/install/moveitassistant/bin'
[5.551s] INFO:colcon.colcon_core.shell:Creating package script '/home/albert/umov_ws/install/moveitassistant/share/moveitassistant/package.ps1'
[5.551s] INFO:colcon.colcon_core.shell:Creating package descriptor '/home/albert/umov_ws/install/moveitassistant/share/moveitassistant/package.dsv'
[5.552s] INFO:colcon.colcon_core.shell:Creating package script '/home/albert/umov_ws/install/moveitassistant/share/moveitassistant/package.sh'
[5.552s] INFO:colcon.colcon_core.shell:Creating package script '/home/albert/umov_ws/install/moveitassistant/share/moveitassistant/package.bash'
[5.553s] INFO:colcon.colcon_core.shell:Creating package script '/home/albert/umov_ws/install/moveitassistant/share/moveitassistant/package.zsh'
[5.554s] Level 1:colcon.colcon_core.environment:create_file_with_runtime_dependencies(/home/albert/umov_ws/install/moveitassistant/share/colcon-core/packages/moveitassistant)
[5.618s] DEBUG:colcon.colcon_core.event_handler.log_command:Invoked command in '/home/albert/umov_ws/build/arduino_firmware' returned '0': CMAKE_PREFIX_PATH=${CMAKE_PREFIX_PATH}:/home/albert/ws_moveit2/install/moveit_configs_utils:/home/albert/ws_moveit2/install/launch_param_builder:/home/albert/umov_ws/install/arduino_py_examples:/home/albert/udem2_ws/install/actions_py:/home/albert/udem2_ws/install/lifecycle_py:/home/albert/udem2_ws/install/executors_py:/home/albert/udem2_ws/install/components_py:/home/albert/udem_ws/install/turtlesim_catcher:/home/albert/udem_ws/install/my_py_pkg:/home/albert/udem_ws/install/lifecycle_py:/home/albert/bcdc_ws/install/agbot_teleop:/home/albert/bcdc_ws/install/agbot_py:/home/albert/arduinobot_ws/install/arduinobot_py_examples:/opt/ros/humble /home/albert/.local/bin/cmake /home/albert/umov_ws/src/arduino_firmware -DCMAKE_INSTALL_PREFIX=/home/albert/umov_ws/install/arduino_firmware
[5.622s] DEBUG:colcon.colcon_core.event_handler.log_command:Invoking command in '/home/albert/umov_ws/build/arduino_firmware': CMAKE_PREFIX_PATH=${CMAKE_PREFIX_PATH}:/home/albert/ws_moveit2/install/moveit_configs_utils:/home/albert/ws_moveit2/install/launch_param_builder:/home/albert/umov_ws/install/arduino_py_examples:/home/albert/udem2_ws/install/actions_py:/home/albert/udem2_ws/install/lifecycle_py:/home/albert/udem2_ws/install/executors_py:/home/albert/udem2_ws/install/components_py:/home/albert/udem_ws/install/turtlesim_catcher:/home/albert/udem_ws/install/my_py_pkg:/home/albert/udem_ws/install/lifecycle_py:/home/albert/bcdc_ws/install/agbot_teleop:/home/albert/bcdc_ws/install/agbot_py:/home/albert/arduinobot_ws/install/arduinobot_py_examples:/opt/ros/humble /home/albert/.local/bin/cmake --build /home/albert/umov_ws/build/arduino_firmware -- -j8 -l8
[6.411s] DEBUG:colcon.colcon_core.event_handler.log_command:Invoked command in '/home/albert/umov_ws/build/arduino_controller' returned '0': CMAKE_PREFIX_PATH=${CMAKE_PREFIX_PATH}:/home/albert/ws_moveit2/install/moveit_configs_utils:/home/albert/ws_moveit2/install/launch_param_builder:/home/albert/umov_ws/install/arduino_py_examples:/home/albert/udem2_ws/install/actions_py:/home/albert/udem2_ws/install/lifecycle_py:/home/albert/udem2_ws/install/executors_py:/home/albert/udem2_ws/install/components_py:/home/albert/udem_ws/install/turtlesim_catcher:/home/albert/udem_ws/install/my_py_pkg:/home/albert/udem_ws/install/lifecycle_py:/home/albert/bcdc_ws/install/agbot_teleop:/home/albert/bcdc_ws/install/agbot_py:/home/albert/arduinobot_ws/install/arduinobot_py_examples:/opt/ros/humble /home/albert/.local/bin/cmake /home/albert/umov_ws/src/arduino_controller -DCMAKE_INSTALL_PREFIX=/home/albert/umov_ws/install/arduino_controller
[6.414s] DEBUG:colcon.colcon_core.event_handler.log_command:Invoking command in '/home/albert/umov_ws/build/arduino_controller': CMAKE_PREFIX_PATH=${CMAKE_PREFIX_PATH}:/home/albert/ws_moveit2/install/moveit_configs_utils:/home/albert/ws_moveit2/install/launch_param_builder:/home/albert/umov_ws/install/arduino_py_examples:/home/albert/udem2_ws/install/actions_py:/home/albert/udem2_ws/install/lifecycle_py:/home/albert/udem2_ws/install/executors_py:/home/albert/udem2_ws/install/components_py:/home/albert/udem_ws/install/turtlesim_catcher:/home/albert/udem_ws/install/my_py_pkg:/home/albert/udem_ws/install/lifecycle_py:/home/albert/bcdc_ws/install/agbot_teleop:/home/albert/bcdc_ws/install/agbot_py:/home/albert/arduinobot_ws/install/arduinobot_py_examples:/opt/ros/humble /home/albert/.local/bin/cmake --build /home/albert/umov_ws/build/arduino_controller -- -j8 -l8
[8.701s] DEBUG:colcon.colcon_core.event_handler.log_command:Invoked command in '/home/albert/umov_ws/build/arduino_msgs' returned '0': CMAKE_PREFIX_PATH=${CMAKE_PREFIX_PATH}:/home/albert/ws_moveit2/install/moveit_configs_utils:/home/albert/ws_moveit2/install/launch_param_builder:/home/albert/umov_ws/install/arduino_py_examples:/home/albert/udem2_ws/install/actions_py:/home/albert/udem2_ws/install/lifecycle_py:/home/albert/udem2_ws/install/executors_py:/home/albert/udem2_ws/install/components_py:/home/albert/udem_ws/install/turtlesim_catcher:/home/albert/udem_ws/install/my_py_pkg:/home/albert/udem_ws/install/lifecycle_py:/home/albert/bcdc_ws/install/agbot_teleop:/home/albert/bcdc_ws/install/agbot_py:/home/albert/arduinobot_ws/install/arduinobot_py_examples:/opt/ros/humble /home/albert/.local/bin/cmake /home/albert/umov_ws/src/arduino_msgs -DCMAKE_INSTALL_PREFIX=/home/albert/umov_ws/install/arduino_msgs
[8.703s] DEBUG:colcon.colcon_core.event_handler.log_command:Invoking command in '/home/albert/umov_ws/build/arduino_msgs': CMAKE_PREFIX_PATH=${CMAKE_PREFIX_PATH}:/home/albert/ws_moveit2/install/moveit_configs_utils:/home/albert/ws_moveit2/install/launch_param_builder:/home/albert/umov_ws/install/arduino_py_examples:/home/albert/udem2_ws/install/actions_py:/home/albert/udem2_ws/install/lifecycle_py:/home/albert/udem2_ws/install/executors_py:/home/albert/udem2_ws/install/components_py:/home/albert/udem_ws/install/turtlesim_catcher:/home/albert/udem_ws/install/my_py_pkg:/home/albert/udem_ws/install/lifecycle_py:/home/albert/bcdc_ws/install/agbot_teleop:/home/albert/bcdc_ws/install/agbot_py:/home/albert/arduinobot_ws/install/arduinobot_py_examples:/opt/ros/humble /home/albert/.local/bin/cmake --build /home/albert/umov_ws/build/arduino_msgs -- -j8 -l8
[13.113s] DEBUG:colcon.colcon_core.event_handler.log_command:Invoked command in '/home/albert/umov_ws/build/arduino_controller' returned '0': CMAKE_PREFIX_PATH=${CMAKE_PREFIX_PATH}:/home/albert/ws_moveit2/install/moveit_configs_utils:/home/albert/ws_moveit2/install/launch_param_builder:/home/albert/umov_ws/install/arduino_py_examples:/home/albert/udem2_ws/install/actions_py:/home/albert/udem2_ws/install/lifecycle_py:/home/albert/udem2_ws/install/executors_py:/home/albert/udem2_ws/install/components_py:/home/albert/udem_ws/install/turtlesim_catcher:/home/albert/udem_ws/install/my_py_pkg:/home/albert/udem_ws/install/lifecycle_py:/home/albert/bcdc_ws/install/agbot_teleop:/home/albert/bcdc_ws/install/agbot_py:/home/albert/arduinobot_ws/install/arduinobot_py_examples:/opt/ros/humble /home/albert/.local/bin/cmake --build /home/albert/umov_ws/build/arduino_controller -- -j8 -l8
[13.117s] DEBUG:colcon.colcon_core.event_handler.log_command:Invoking command in '/home/albert/umov_ws/build/arduino_controller': CMAKE_PREFIX_PATH=${CMAKE_PREFIX_PATH}:/home/albert/ws_moveit2/install/moveit_configs_utils:/home/albert/ws_moveit2/install/launch_param_builder:/home/albert/umov_ws/install/arduino_py_examples:/home/albert/udem2_ws/install/actions_py:/home/albert/udem2_ws/install/lifecycle_py:/home/albert/udem2_ws/install/executors_py:/home/albert/udem2_ws/install/components_py:/home/albert/udem_ws/install/turtlesim_catcher:/home/albert/udem_ws/install/my_py_pkg:/home/albert/udem_ws/install/lifecycle_py:/home/albert/bcdc_ws/install/agbot_teleop:/home/albert/bcdc_ws/install/agbot_py:/home/albert/arduinobot_ws/install/arduinobot_py_examples:/opt/ros/humble /home/albert/.local/bin/cmake --install /home/albert/umov_ws/build/arduino_controller
[13.146s] Level 1:colcon.colcon_core.environment:create_environment_scripts_only(arduino_controller)
[13.146s] Level 1:colcon.colcon_core.environment:checking '/home/albert/umov_ws/install/arduino_controller' for CMake module files
[13.148s] DEBUG:colcon.colcon_core.event_handler.log_command:Invoked command in '/home/albert/umov_ws/build/arduino_controller' returned '0': CMAKE_PREFIX_PATH=${CMAKE_PREFIX_PATH}:/home/albert/ws_moveit2/install/moveit_configs_utils:/home/albert/ws_moveit2/install/launch_param_builder:/home/albert/umov_ws/install/arduino_py_examples:/home/albert/udem2_ws/install/actions_py:/home/albert/udem2_ws/install/lifecycle_py:/home/albert/udem2_ws/install/executors_py:/home/albert/udem2_ws/install/components_py:/home/albert/udem_ws/install/turtlesim_catcher:/home/albert/udem_ws/install/my_py_pkg:/home/albert/udem_ws/install/lifecycle_py:/home/albert/bcdc_ws/install/agbot_teleop:/home/albert/bcdc_ws/install/agbot_py:/home/albert/arduinobot_ws/install/arduinobot_py_examples:/opt/ros/humble /home/albert/.local/bin/cmake --install /home/albert/umov_ws/build/arduino_controller
[13.149s] Level 1:colcon.colcon_core.environment:checking '/home/albert/umov_ws/install/arduino_controller' for CMake config files
[13.149s] Level 1:colcon.colcon_core.shell:create_environment_hook('arduino_controller', 'cmake_prefix_path')
[13.150s] INFO:colcon.colcon_core.shell:Creating environment hook '/home/albert/umov_ws/install/arduino_controller/share/arduino_controller/hook/cmake_prefix_path.ps1'
[13.151s] INFO:colcon.colcon_core.shell:Creating environment descriptor '/home/albert/umov_ws/install/arduino_controller/share/arduino_controller/hook/cmake_prefix_path.dsv'
[13.152s] INFO:colcon.colcon_core.shell:Creating environment hook '/home/albert/umov_ws/install/arduino_controller/share/arduino_controller/hook/cmake_prefix_path.sh'
[13.153s] Level 1:colcon.colcon_core.environment:checking '/home/albert/umov_ws/install/arduino_controller/lib'
[13.154s] Level 1:colcon.colcon_core.shell:create_environment_hook('arduino_controller', 'ld_library_path_lib')
[13.154s] INFO:colcon.colcon_core.shell:Creating environment hook '/home/albert/umov_ws/install/arduino_controller/share/arduino_controller/hook/ld_library_path_lib.ps1'
[13.155s] INFO:colcon.colcon_core.shell:Creating environment descriptor '/home/albert/umov_ws/install/arduino_controller/share/arduino_controller/hook/ld_library_path_lib.dsv'
[13.157s] INFO:colcon.colcon_core.shell:Creating environment hook '/home/albert/umov_ws/install/arduino_controller/share/arduino_controller/hook/ld_library_path_lib.sh'
[13.158s] Level 1:colcon.colcon_core.environment:checking '/home/albert/umov_ws/install/arduino_controller/bin'
[13.158s] Level 1:colcon.colcon_core.environment:checking '/home/albert/umov_ws/install/arduino_controller/lib/pkgconfig/arduino_controller.pc'
[13.159s] Level 1:colcon.colcon_core.environment:checking '/home/albert/umov_ws/install/arduino_controller/lib/python3.10/site-packages'
[13.160s] Level 1:colcon.colcon_core.environment:checking '/home/albert/umov_ws/install/arduino_controller/bin'
[13.161s] INFO:colcon.colcon_core.shell:Creating package script '/home/albert/umov_ws/install/arduino_controller/share/arduino_controller/package.ps1'
[13.162s] INFO:colcon.colcon_core.shell:Creating package descriptor '/home/albert/umov_ws/install/arduino_controller/share/arduino_controller/package.dsv'
[13.164s] INFO:colcon.colcon_core.shell:Creating package script '/home/albert/umov_ws/install/arduino_controller/share/arduino_controller/package.sh'
[13.165s] INFO:colcon.colcon_core.shell:Creating package script '/home/albert/umov_ws/install/arduino_controller/share/arduino_controller/package.bash'
[13.166s] INFO:colcon.colcon_core.shell:Creating package script '/home/albert/umov_ws/install/arduino_controller/share/arduino_controller/package.zsh'
[13.167s] Level 1:colcon.colcon_core.environment:create_file_with_runtime_dependencies(/home/albert/umov_ws/install/arduino_controller/share/colcon-core/packages/arduino_controller)
[13.170s] Level 1:colcon.colcon_core.environment:create_environment_scripts_only(arduino_controller)
[13.171s] Level 1:colcon.colcon_core.environment:checking '/home/albert/umov_ws/install/arduino_controller' for CMake module files
[13.172s] Level 1:colcon.colcon_core.environment:checking '/home/albert/umov_ws/install/arduino_controller' for CMake config files
[13.173s] Level 1:colcon.colcon_core.shell:create_environment_hook('arduino_controller', 'cmake_prefix_path')
[13.174s] INFO:colcon.colcon_core.shell:Creating environment hook '/home/albert/umov_ws/install/arduino_controller/share/arduino_controller/hook/cmake_prefix_path.ps1'
[13.175s] INFO:colcon.colcon_core.shell:Creating environment descriptor '/home/albert/umov_ws/install/arduino_controller/share/arduino_controller/hook/cmake_prefix_path.dsv'
[13.176s] INFO:colcon.colcon_core.shell:Creating environment hook '/home/albert/umov_ws/install/arduino_controller/share/arduino_controller/hook/cmake_prefix_path.sh'
[13.178s] Level 1:colcon.colcon_core.environment:checking '/home/albert/umov_ws/install/arduino_controller/lib'
[13.178s] Level 1:colcon.colcon_core.shell:create_environment_hook('arduino_controller', 'ld_library_path_lib')
[13.179s] INFO:colcon.colcon_core.shell:Creating environment hook '/home/albert/umov_ws/install/arduino_controller/share/arduino_controller/hook/ld_library_path_lib.ps1'
[13.180s] INFO:colcon.colcon_core.shell:Creating environment descriptor '/home/albert/umov_ws/install/arduino_controller/share/arduino_controller/hook/ld_library_path_lib.dsv'
[13.181s] INFO:colcon.colcon_core.shell:Creating environment hook '/home/albert/umov_ws/install/arduino_controller/share/arduino_controller/hook/ld_library_path_lib.sh'
[13.183s] Level 1:colcon.colcon_core.environment:checking '/home/albert/umov_ws/install/arduino_controller/bin'
[13.183s] Level 1:colcon.colcon_core.environment:checking '/home/albert/umov_ws/install/arduino_controller/lib/pkgconfig/arduino_controller.pc'
[13.184s] Level 1:colcon.colcon_core.environment:checking '/home/albert/umov_ws/install/arduino_controller/lib/python3.10/site-packages'
[13.184s] Level 1:colcon.colcon_core.environment:checking '/home/albert/umov_ws/install/arduino_controller/bin'
[13.185s] INFO:colcon.colcon_core.shell:Creating package script '/home/albert/umov_ws/install/arduino_controller/share/arduino_controller/package.ps1'
[13.187s] INFO:colcon.colcon_core.shell:Creating package descriptor '/home/albert/umov_ws/install/arduino_controller/share/arduino_controller/package.dsv'
[13.189s] INFO:colcon.colcon_core.shell:Creating package script '/home/albert/umov_ws/install/arduino_controller/share/arduino_controller/package.sh'
[13.190s] INFO:colcon.colcon_core.shell:Creating package script '/home/albert/umov_ws/install/arduino_controller/share/arduino_controller/package.bash'
[13.192s] INFO:colcon.colcon_core.shell:Creating package script '/home/albert/umov_ws/install/arduino_controller/share/arduino_controller/package.zsh'
[13.193s] Level 1:colcon.colcon_core.environment:create_file_with_runtime_dependencies(/home/albert/umov_ws/install/arduino_controller/share/colcon-core/packages/arduino_controller)
[19.971s] DEBUG:colcon.colcon_core.event_handler.log_command:Invoked command in '/home/albert/umov_ws/build/arduino_firmware' returned '0': CMAKE_PREFIX_PATH=${CMAKE_PREFIX_PATH}:/home/albert/ws_moveit2/install/moveit_configs_utils:/home/albert/ws_moveit2/install/launch_param_builder:/home/albert/umov_ws/install/arduino_py_examples:/home/albert/udem2_ws/install/actions_py:/home/albert/udem2_ws/install/lifecycle_py:/home/albert/udem2_ws/install/executors_py:/home/albert/udem2_ws/install/components_py:/home/albert/udem_ws/install/turtlesim_catcher:/home/albert/udem_ws/install/my_py_pkg:/home/albert/udem_ws/install/lifecycle_py:/home/albert/bcdc_ws/install/agbot_teleop:/home/albert/bcdc_ws/install/agbot_py:/home/albert/arduinobot_ws/install/arduinobot_py_examples:/opt/ros/humble /home/albert/.local/bin/cmake --build /home/albert/umov_ws/build/arduino_firmware -- -j8 -l8
[19.974s] DEBUG:colcon.colcon_core.event_handler.log_command:Invoking command in '/home/albert/umov_ws/build/arduino_firmware': CMAKE_PREFIX_PATH=${CMAKE_PREFIX_PATH}:/home/albert/ws_moveit2/install/moveit_configs_utils:/home/albert/ws_moveit2/install/launch_param_builder:/home/albert/umov_ws/install/arduino_py_examples:/home/albert/udem2_ws/install/actions_py:/home/albert/udem2_ws/install/lifecycle_py:/home/albert/udem2_ws/install/executors_py:/home/albert/udem2_ws/install/components_py:/home/albert/udem_ws/install/turtlesim_catcher:/home/albert/udem_ws/install/my_py_pkg:/home/albert/udem_ws/install/lifecycle_py:/home/albert/bcdc_ws/install/agbot_teleop:/home/albert/bcdc_ws/install/agbot_py:/home/albert/arduinobot_ws/install/arduinobot_py_examples:/opt/ros/humble /home/albert/.local/bin/cmake --install /home/albert/umov_ws/build/arduino_firmware
[20.052s] Level 1:colcon.colcon_core.environment:create_environment_scripts_only(arduino_firmware)
[20.052s] Level 1:colcon.colcon_core.environment:checking '/home/albert/umov_ws/install/arduino_firmware' for CMake module files
[20.053s] DEBUG:colcon.colcon_core.event_handler.log_command:Invoked command in '/home/albert/umov_ws/build/arduino_firmware' returned '0': CMAKE_PREFIX_PATH=${CMAKE_PREFIX_PATH}:/home/albert/ws_moveit2/install/moveit_configs_utils:/home/albert/ws_moveit2/install/launch_param_builder:/home/albert/umov_ws/install/arduino_py_examples:/home/albert/udem2_ws/install/actions_py:/home/albert/udem2_ws/install/lifecycle_py:/home/albert/udem2_ws/install/executors_py:/home/albert/udem2_ws/install/components_py:/home/albert/udem_ws/install/turtlesim_catcher:/home/albert/udem_ws/install/my_py_pkg:/home/albert/udem_ws/install/lifecycle_py:/home/albert/bcdc_ws/install/agbot_teleop:/home/albert/bcdc_ws/install/agbot_py:/home/albert/arduinobot_ws/install/arduinobot_py_examples:/opt/ros/humble /home/albert/.local/bin/cmake --install /home/albert/umov_ws/build/arduino_firmware
[20.054s] Level 1:colcon.colcon_core.environment:checking '/home/albert/umov_ws/install/arduino_firmware' for CMake config files
[20.054s] Level 1:colcon.colcon_core.shell:create_environment_hook('arduino_firmware', 'cmake_prefix_path')
[20.054s] INFO:colcon.colcon_core.shell:Creating environment hook '/home/albert/umov_ws/install/arduino_firmware/share/arduino_firmware/hook/cmake_prefix_path.ps1'
[20.055s] INFO:colcon.colcon_core.shell:Creating environment descriptor '/home/albert/umov_ws/install/arduino_firmware/share/arduino_firmware/hook/cmake_prefix_path.dsv'
[20.055s] INFO:colcon.colcon_core.shell:Creating environment hook '/home/albert/umov_ws/install/arduino_firmware/share/arduino_firmware/hook/cmake_prefix_path.sh'
[20.056s] Level 1:colcon.colcon_core.environment:checking '/home/albert/umov_ws/install/arduino_firmware/lib'
[20.056s] Level 1:colcon.colcon_core.environment:checking '/home/albert/umov_ws/install/arduino_firmware/bin'
[20.056s] Level 1:colcon.colcon_core.environment:checking '/home/albert/umov_ws/install/arduino_firmware/lib/pkgconfig/arduino_firmware.pc'
[20.056s] Level 1:colcon.colcon_core.environment:checking '/home/albert/umov_ws/install/arduino_firmware/lib/python3.10/site-packages'
[20.057s] Level 1:colcon.colcon_core.environment:checking '/home/albert/umov_ws/install/arduino_firmware/bin'
[20.057s] INFO:colcon.colcon_core.shell:Creating package script '/home/albert/umov_ws/install/arduino_firmware/share/arduino_firmware/package.ps1'
[20.057s] INFO:colcon.colcon_core.shell:Creating package descriptor '/home/albert/umov_ws/install/arduino_firmware/share/arduino_firmware/package.dsv'
[20.058s] INFO:colcon.colcon_core.shell:Creating package script '/home/albert/umov_ws/install/arduino_firmware/share/arduino_firmware/package.sh'
[20.058s] INFO:colcon.colcon_core.shell:Creating package script '/home/albert/umov_ws/install/arduino_firmware/share/arduino_firmware/package.bash'
[20.059s] INFO:colcon.colcon_core.shell:Creating package script '/home/albert/umov_ws/install/arduino_firmware/share/arduino_firmware/package.zsh'
[20.059s] Level 1:colcon.colcon_core.environment:create_file_with_runtime_dependencies(/home/albert/umov_ws/install/arduino_firmware/share/colcon-core/packages/arduino_firmware)
[20.060s] Level 1:colcon.colcon_core.environment:create_environment_scripts_only(arduino_firmware)
[20.060s] Level 1:colcon.colcon_core.environment:checking '/home/albert/umov_ws/install/arduino_firmware' for CMake module files
[20.060s] Level 1:colcon.colcon_core.environment:checking '/home/albert/umov_ws/install/arduino_firmware' for CMake config files
[20.061s] Level 1:colcon.colcon_core.shell:create_environment_hook('arduino_firmware', 'cmake_prefix_path')
[20.061s] INFO:colcon.colcon_core.shell:Creating environment hook '/home/albert/umov_ws/install/arduino_firmware/share/arduino_firmware/hook/cmake_prefix_path.ps1'
[20.061s] INFO:colcon.colcon_core.shell:Creating environment descriptor '/home/albert/umov_ws/install/arduino_firmware/share/arduino_firmware/hook/cmake_prefix_path.dsv'
[20.062s] INFO:colcon.colcon_core.shell:Creating environment hook '/home/albert/umov_ws/install/arduino_firmware/share/arduino_firmware/hook/cmake_prefix_path.sh'
[20.062s] Level 1:colcon.colcon_core.environment:checking '/home/albert/umov_ws/install/arduino_firmware/lib'
[20.062s] Level 1:colcon.colcon_core.environment:checking '/home/albert/umov_ws/install/arduino_firmware/bin'
[20.063s] Level 1:colcon.colcon_core.environment:checking '/home/albert/umov_ws/install/arduino_firmware/lib/pkgconfig/arduino_firmware.pc'
[20.063s] Level 1:colcon.colcon_core.environment:checking '/home/albert/umov_ws/install/arduino_firmware/lib/python3.10/site-packages'
[20.063s] Level 1:colcon.colcon_core.environment:checking '/home/albert/umov_ws/install/arduino_firmware/bin'
[20.063s] INFO:colcon.colcon_core.shell:Creating package script '/home/albert/umov_ws/install/arduino_firmware/share/arduino_firmware/package.ps1'
[20.064s] INFO:colcon.colcon_core.shell:Creating package descriptor '/home/albert/umov_ws/install/arduino_firmware/share/arduino_firmware/package.dsv'
[20.065s] INFO:colcon.colcon_core.shell:Creating package script '/home/albert/umov_ws/install/arduino_firmware/share/arduino_firmware/package.sh'
[20.065s] INFO:colcon.colcon_core.shell:Creating package script '/home/albert/umov_ws/install/arduino_firmware/share/arduino_firmware/package.bash'
[20.066s] INFO:colcon.colcon_core.shell:Creating package script '/home/albert/umov_ws/install/arduino_firmware/share/arduino_firmware/package.zsh'
[20.066s] Level 1:colcon.colcon_core.environment:create_file_with_runtime_dependencies(/home/albert/umov_ws/install/arduino_firmware/share/colcon-core/packages/arduino_firmware)
[21.704s] DEBUG:colcon.colcon_core.event_handler.log_command:Invoked command in '/home/albert/umov_ws/build/arduino_msgs' returned '0': CMAKE_PREFIX_PATH=${CMAKE_PREFIX_PATH}:/home/albert/ws_moveit2/install/moveit_configs_utils:/home/albert/ws_moveit2/install/launch_param_builder:/home/albert/umov_ws/install/arduino_py_examples:/home/albert/udem2_ws/install/actions_py:/home/albert/udem2_ws/install/lifecycle_py:/home/albert/udem2_ws/install/executors_py:/home/albert/udem2_ws/install/components_py:/home/albert/udem_ws/install/turtlesim_catcher:/home/albert/udem_ws/install/my_py_pkg:/home/albert/udem_ws/install/lifecycle_py:/home/albert/bcdc_ws/install/agbot_teleop:/home/albert/bcdc_ws/install/agbot_py:/home/albert/arduinobot_ws/install/arduinobot_py_examples:/opt/ros/humble /home/albert/.local/bin/cmake --build /home/albert/umov_ws/build/arduino_msgs -- -j8 -l8
[21.705s] DEBUG:colcon.colcon_core.event_handler.log_command:Invoking command in '/home/albert/umov_ws/build/arduino_msgs': CMAKE_PREFIX_PATH=${CMAKE_PREFIX_PATH}:/home/albert/ws_moveit2/install/moveit_configs_utils:/home/albert/ws_moveit2/install/launch_param_builder:/home/albert/umov_ws/install/arduino_py_examples:/home/albert/udem2_ws/install/actions_py:/home/albert/udem2_ws/install/lifecycle_py:/home/albert/udem2_ws/install/executors_py:/home/albert/udem2_ws/install/components_py:/home/albert/udem_ws/install/turtlesim_catcher:/home/albert/udem_ws/install/my_py_pkg:/home/albert/udem_ws/install/lifecycle_py:/home/albert/bcdc_ws/install/agbot_teleop:/home/albert/bcdc_ws/install/agbot_py:/home/albert/arduinobot_ws/install/arduinobot_py_examples:/opt/ros/humble /home/albert/.local/bin/cmake --install /home/albert/umov_ws/build/arduino_msgs
[21.847s] Level 1:colcon.colcon_core.environment:create_environment_scripts_only(arduino_msgs)
[21.847s] Level 1:colcon.colcon_core.environment:checking '/home/albert/umov_ws/install/arduino_msgs' for CMake module files
[21.848s] DEBUG:colcon.colcon_core.event_handler.log_command:Invoked command in '/home/albert/umov_ws/build/arduino_msgs' returned '0': CMAKE_PREFIX_PATH=${CMAKE_PREFIX_PATH}:/home/albert/ws_moveit2/install/moveit_configs_utils:/home/albert/ws_moveit2/install/launch_param_builder:/home/albert/umov_ws/install/arduino_py_examples:/home/albert/udem2_ws/install/actions_py:/home/albert/udem2_ws/install/lifecycle_py:/home/albert/udem2_ws/install/executors_py:/home/albert/udem2_ws/install/components_py:/home/albert/udem_ws/install/turtlesim_catcher:/home/albert/udem_ws/install/my_py_pkg:/home/albert/udem_ws/install/lifecycle_py:/home/albert/bcdc_ws/install/agbot_teleop:/home/albert/bcdc_ws/install/agbot_py:/home/albert/arduinobot_ws/install/arduinobot_py_examples:/opt/ros/humble /home/albert/.local/bin/cmake --install /home/albert/umov_ws/build/arduino_msgs
[21.848s] Level 1:colcon.colcon_core.environment:checking '/home/albert/umov_ws/install/arduino_msgs' for CMake config files
[21.849s] Level 1:colcon.colcon_core.shell:create_environment_hook('arduino_msgs', 'cmake_prefix_path')
[21.850s] INFO:colcon.colcon_core.shell:Creating environment hook '/home/albert/umov_ws/install/arduino_msgs/share/arduino_msgs/hook/cmake_prefix_path.ps1'
[21.850s] INFO:colcon.colcon_core.shell:Creating environment descriptor '/home/albert/umov_ws/install/arduino_msgs/share/arduino_msgs/hook/cmake_prefix_path.dsv'
[21.851s] INFO:colcon.colcon_core.shell:Creating environment hook '/home/albert/umov_ws/install/arduino_msgs/share/arduino_msgs/hook/cmake_prefix_path.sh'
[21.851s] Level 1:colcon.colcon_core.environment:checking '/home/albert/umov_ws/install/arduino_msgs/lib'
[21.851s] Level 1:colcon.colcon_core.shell:create_environment_hook('arduino_msgs', 'ld_library_path_lib')
[21.852s] INFO:colcon.colcon_core.shell:Creating environment hook '/home/albert/umov_ws/install/arduino_msgs/share/arduino_msgs/hook/ld_library_path_lib.ps1'
[21.852s] INFO:colcon.colcon_core.shell:Creating environment descriptor '/home/albert/umov_ws/install/arduino_msgs/share/arduino_msgs/hook/ld_library_path_lib.dsv'
[21.852s] INFO:colcon.colcon_core.shell:Creating environment hook '/home/albert/umov_ws/install/arduino_msgs/share/arduino_msgs/hook/ld_library_path_lib.sh'
[21.853s] Level 1:colcon.colcon_core.environment:checking '/home/albert/umov_ws/install/arduino_msgs/bin'
[21.853s] Level 1:colcon.colcon_core.environment:checking '/home/albert/umov_ws/install/arduino_msgs/lib/pkgconfig/arduino_msgs.pc'
[21.853s] Level 1:colcon.colcon_core.environment:checking '/home/albert/umov_ws/install/arduino_msgs/lib/python3.10/site-packages'
[21.853s] Level 1:colcon.colcon_core.environment:checking '/home/albert/umov_ws/install/arduino_msgs/bin'
[21.854s] INFO:colcon.colcon_core.shell:Creating package script '/home/albert/umov_ws/install/arduino_msgs/share/arduino_msgs/package.ps1'
[21.854s] INFO:colcon.colcon_core.shell:Creating package descriptor '/home/albert/umov_ws/install/arduino_msgs/share/arduino_msgs/package.dsv'
[21.855s] INFO:colcon.colcon_core.shell:Creating package script '/home/albert/umov_ws/install/arduino_msgs/share/arduino_msgs/package.sh'
[21.855s] INFO:colcon.colcon_core.shell:Creating package script '/home/albert/umov_ws/install/arduino_msgs/share/arduino_msgs/package.bash'
[21.856s] INFO:colcon.colcon_core.shell:Creating package script '/home/albert/umov_ws/install/arduino_msgs/share/arduino_msgs/package.zsh'
[21.856s] Level 1:colcon.colcon_core.environment:create_file_with_runtime_dependencies(/home/albert/umov_ws/install/arduino_msgs/share/colcon-core/packages/arduino_msgs)
[21.857s] Level 1:colcon.colcon_core.environment:create_environment_scripts_only(arduino_msgs)
[21.857s] Level 1:colcon.colcon_core.environment:checking '/home/albert/umov_ws/install/arduino_msgs' for CMake module files
[21.858s] Level 1:colcon.colcon_core.environment:checking '/home/albert/umov_ws/install/arduino_msgs' for CMake config files
[21.859s] Level 1:colcon.colcon_core.shell:create_environment_hook('arduino_msgs', 'cmake_prefix_path')
[21.859s] INFO:colcon.colcon_core.shell:Creating environment hook '/home/albert/umov_ws/install/arduino_msgs/share/arduino_msgs/hook/cmake_prefix_path.ps1'
[21.859s] INFO:colcon.colcon_core.shell:Creating environment descriptor '/home/albert/umov_ws/install/arduino_msgs/share/arduino_msgs/hook/cmake_prefix_path.dsv'
[21.860s] INFO:colcon.colcon_core.shell:Creating environment hook '/home/albert/umov_ws/install/arduino_msgs/share/arduino_msgs/hook/cmake_prefix_path.sh'
[21.861s] Level 1:colcon.colcon_core.environment:checking '/home/albert/umov_ws/install/arduino_msgs/lib'
[21.861s] Level 1:colcon.colcon_core.shell:create_environment_hook('arduino_msgs', 'ld_library_path_lib')
[21.861s] INFO:colcon.colcon_core.shell:Creating environment hook '/home/albert/umov_ws/install/arduino_msgs/share/arduino_msgs/hook/ld_library_path_lib.ps1'
[21.861s] INFO:colcon.colcon_core.shell:Creating environment descriptor '/home/albert/umov_ws/install/arduino_msgs/share/arduino_msgs/hook/ld_library_path_lib.dsv'
[21.862s] INFO:colcon.colcon_core.shell:Creating environment hook '/home/albert/umov_ws/install/arduino_msgs/share/arduino_msgs/hook/ld_library_path_lib.sh'
[21.862s] Level 1:colcon.colcon_core.environment:checking '/home/albert/umov_ws/install/arduino_msgs/bin'
[21.862s] Level 1:colcon.colcon_core.environment:checking '/home/albert/umov_ws/install/arduino_msgs/lib/pkgconfig/arduino_msgs.pc'
[21.863s] Level 1:colcon.colcon_core.environment:checking '/home/albert/umov_ws/install/arduino_msgs/lib/python3.10/site-packages'
[21.863s] Level 1:colcon.colcon_core.environment:checking '/home/albert/umov_ws/install/arduino_msgs/bin'
[21.863s] INFO:colcon.colcon_core.shell:Creating package script '/home/albert/umov_ws/install/arduino_msgs/share/arduino_msgs/package.ps1'
[21.864s] INFO:colcon.colcon_core.shell:Creating package descriptor '/home/albert/umov_ws/install/arduino_msgs/share/arduino_msgs/package.dsv'
[21.864s] INFO:colcon.colcon_core.shell:Creating package script '/home/albert/umov_ws/install/arduino_msgs/share/arduino_msgs/package.sh'
[21.865s] INFO:colcon.colcon_core.shell:Creating package script '/home/albert/umov_ws/install/arduino_msgs/share/arduino_msgs/package.bash'
[21.865s] INFO:colcon.colcon_core.shell:Creating package script '/home/albert/umov_ws/install/arduino_msgs/share/arduino_msgs/package.zsh'
[21.866s] Level 1:colcon.colcon_core.environment:create_file_with_runtime_dependencies(/home/albert/umov_ws/install/arduino_msgs/share/colcon-core/packages/arduino_msgs)
[21.866s] INFO:colcon.colcon_ros.task.ament_cmake.build:Building ROS package in '/home/albert/umov_ws/src/arduino_cpp_examples' with build type 'ament_cmake'
[21.866s] INFO:colcon.colcon_cmake.task.cmake.build:Building CMake package in '/home/albert/umov_ws/src/arduino_cpp_examples'
[21.867s] INFO:colcon.colcon_core.shell:Skip shell extension 'powershell' for command environment: Not usable outside of PowerShell
[21.867s] DEBUG:colcon.colcon_core.shell:Skip shell extension 'dsv' for command environment
[21.887s] INFO:colcon.colcon_ros.task.ament_python.build:Building ROS package in '/home/albert/umov_ws/src/arduino_py_examples' with build type 'ament_python'
[21.888s] Level 1:colcon.colcon_core.shell:create_environment_hook('arduino_py_examples', 'ament_prefix_path')
[21.888s] INFO:colcon.colcon_core.shell:Creating environment hook '/home/albert/umov_ws/install/arduino_py_examples/share/arduino_py_examples/hook/ament_prefix_path.ps1'
[21.889s] INFO:colcon.colcon_core.shell:Creating environment descriptor '/home/albert/umov_ws/install/arduino_py_examples/share/arduino_py_examples/hook/ament_prefix_path.dsv'
[21.889s] INFO:colcon.colcon_core.shell:Creating environment hook '/home/albert/umov_ws/install/arduino_py_examples/share/arduino_py_examples/hook/ament_prefix_path.sh'
[21.890s] INFO:colcon.colcon_core.shell:Skip shell extension 'powershell' for command environment: Not usable outside of PowerShell
[21.890s] DEBUG:colcon.colcon_core.shell:Skip shell extension 'dsv' for command environment
[21.912s] INFO:colcon.colcon_ros.task.ament_cmake.build:Building ROS package in '/home/albert/umov_ws/src/arduino_remote' with build type 'ament_cmake'
[21.913s] INFO:colcon.colcon_cmake.task.cmake.build:Building CMake package in '/home/albert/umov_ws/src/arduino_remote'
[21.913s] INFO:colcon.colcon_core.shell:Skip shell extension 'powershell' for command environment: Not usable outside of PowerShell
[21.913s] DEBUG:colcon.colcon_core.shell:Skip shell extension 'dsv' for command environment
[21.935s] INFO:colcon.colcon_ros.task.ament_cmake.build:Building ROS package in '/home/albert/umov_ws/src/arduino_utils' with build type 'ament_cmake'
[21.935s] INFO:colcon.colcon_cmake.task.cmake.build:Building CMake package in '/home/albert/umov_ws/src/arduino_utils'
[21.935s] INFO:colcon.colcon_core.shell:Skip shell extension 'powershell' for command environment: Not usable outside of PowerShell
[21.935s] DEBUG:colcon.colcon_core.shell:Skip shell extension 'dsv' for command environment
[21.968s] DEBUG:colcon.colcon_core.event_handler.log_command:Invoking command in '/home/albert/umov_ws/build/arduino_cpp_examples': CMAKE_PREFIX_PATH=/home/albert/umov_ws/install/arduino_msgs:/home/albert/ag_arm_ws/install/arm_setup_moveit:/home/albert/ag_arm_ws/install/arm_moveit:/home/albert/ag_arm_ws/install/arm_description:/home/albert/ag_arm_ws/install/arm_cpp:/home/albert/ag_arm_ws/install/arm_controller:/home/albert/ws_moveit2/install/pilz_industrial_motion_planner_testutils:/home/albert/ws_moveit2/install/moveit_runtime:/home/albert/ws_moveit2/install/moveit2_tutorials:/home/albert/ws_moveit2/install/moveit:/home/albert/ws_moveit2/install/moveit_planners:/home/albert/ws_moveit2/install/pilz_industrial_motion_planner:/home/albert/ws_moveit2/install/moveit_visual_tools:/home/albert/ws_moveit2/install/moveit_task_constructor_visualization:/home/albert/ws_moveit2/install/moveit_task_constructor_demo:/home/albert/ws_moveit2/install/moveit_task_constructor_capabilities:/home/albert/ws_moveit2/install/moveit_task_constructor_core:/home/albert/ws_moveit2/install/moveit_ros_control_interface:/home/albert/ws_moveit2/install/moveit_plugins:/home/albert/ws_moveit2/install/moveit_simple_controller_manager:/home/albert/ws_moveit2/install/moveit_setup_assistant:/home/albert/ws_moveit2/install/moveit_setup_srdf_plugins:/home/albert/ws_moveit2/install/moveit_setup_core_plugins:/home/albert/ws_moveit2/install/moveit_setup_controllers:/home/albert/ws_moveit2/install/moveit_setup_app_plugins:/home/albert/ws_moveit2/install/moveit_setup_framework:/home/albert/ws_moveit2/install/moveit_servo:/home/albert/ws_moveit2/install/moveit_ros:/home/albert/ws_moveit2/install/moveit_ros_visualization:/home/albert/ws_moveit2/install/moveit_hybrid_planning:/home/albert/ws_moveit2/install/moveit_ros_planning_interface:/home/albert/ws_moveit2/install/moveit_ros_benchmarks:/home/albert/ws_moveit2/install/moveit_ros_warehouse:/home/albert/ws_moveit2/install/moveit_ros_robot_interaction:/home/albert/ws_moveit2/install/moveit_ros_perception:/home/albert/ws_moveit2/install/moveit_resources_prbt_pg70_support:/home/albert/ws_moveit2/install/moveit_resources_prbt_moveit_config:/home/albert/ws_moveit2/install/moveit_ros_move_group:/home/albert/ws_moveit2/install/moveit_planners_ompl:/home/albert/ws_moveit2/install/moveit_ros_planning:/home/albert/ws_moveit2/install/moveit_ros_occupancy_map_monitor:/home/albert/ws_moveit2/install/moveit_resources_prbt_ikfast_manipulator_plugin:/home/albert/ws_moveit2/install/moveit_planners_chomp:/home/albert/ws_moveit2/install/moveit_kinematics:/home/albert/ws_moveit2/install/moveit_chomp_optimizer_adapter:/home/albert/ws_moveit2/install/chomp_motion_planner:/home/albert/ws_moveit2/install/moveit_core:/home/albert/ws_moveit2/install/srdfdom:/home/albert/ws_moveit2/install/rviz_marker_tools:/home/albert/ws_moveit2/install/rosparam_shortcuts:/home/albert/ws_moveit2/install/moveit_task_constructor_msgs:/home/albert/ws_moveit2/install/moveit_resources_prbt_support:/home/albert/ws_moveit2/install/moveit_resources:/home/albert/ws_moveit2/install/moveit_resources_pr2_description:/home/albert/ws_moveit2/install/moveit_resources_panda_moveit_config:/home/albert/ws_moveit2/install/moveit_resources_panda_description:/home/albert/ws_moveit2/install/moveit_resources_fanuc_moveit_config:/home/albert/ws_moveit2/install/moveit_resources_fanuc_description:/home/albert/ws_moveit2/install/moveit_common:/home/albert/umov_ws/install/moveitassistant:/home/albert/umov_ws/install/description:/home/albert/umov_ws/install/arduinobot_bringup:/home/albert/umov_ws/install/arduino_utils:/home/albert/umov_ws/install/arduino_remote:/home/albert/umov_ws/install/arduino_cpp_examples:/home/albert/umov_ws/install/arduino_moveit:/home/albert/umov_ws/install/arduino_firmware:/home/albert/umov_ws/install/arduino_controller:/home/albert/unav_ws/install/turtlebot3_fake_node:/home/albert/unav_ws/install/robot_bringup:/home/albert/unav_ws/install/nav2_robot_description:/home/albert/udem2_ws/install/robot_bringup:/home/albert/udem2_ws/install/my_robot_bringup:/home/albert/udem2_ws/install/lifecycle_cpp:/home/albert/udem2_ws/install/final_project_cpp:/home/albert/udem2_ws/install/actions_cpp:/home/albert/udem2_ws/install/robot_interfaces:/home/albert/udem2_ws/install/executors_cpp:/home/albert/udem2_ws/install/components_cpp:/home/albert/udem_ws/install/my_robot_bringup:/home/albert/udem_ws/install/my_cpp_pkg:/home/albert/udem_ws/install/my_robot_interfaces:/home/albert/udem_ws/install/my_robot_description:/home/albert/udem_ws/install/lifecycle_cpp:/home/albert/bcdc_ws/install/aggiebot_cpp:/home/albert/bcdc_ws/install/aggiebot_msgs:/home/albert/bcdc_ws/install/aggiebot_description:/home/albert/bcdc_ws/install/aggiebot_controller:/home/albert/bcdc_ws/install/aggiebot_bringup:/home/albert/bcdc_ws/install/aggiebot_arm_moveit:/home/albert/bcdc_ws/install/aggiebot_arm_description:/home/albert/bcdc_ws/install/aggiebot_arm_controller:/home/albert/bcdc_ws/install/agbot_setup_moveit:/home/albert/bcdc_ws/install/agbot_cpp:/home/albert/bcdc_ws/install/agbot_msgs:/home/albert/bcdc_ws/install/agbot_moveit:/home/albert/bcdc_ws/install/agbot_description:/home/albert/bcdc_ws/install/agbot_controller:/home/albert/bcdc_ws/install/agbot_bringup:/home/albert/bcdc_ws/install/agbot_arm_controller:/home/albert/arduinobot_ws/install/arduinobot_utils:/home/albert/arduinobot_ws/install/arduinobot_remote:/home/albert/arduinobot_ws/install/arduinobot_cpp_examples:/home/albert/arduinobot_ws/install/arduinobot_msgs:/home/albert/arduinobot_ws/install/arduinobot_moveit_setup:/home/albert/arduinobot_ws/install/arduinobot_moveit:/home/albert/arduinobot_ws/install/arduinobot_description:/home/albert/arduinobot_ws/install/arduinobot_controller:/home/albert/rad_ws/install/agbot_full_nav2:/home/albert/rad_ws/install/agbot_full_msgs:/home/albert/rad_ws/install/agbot_full_moveit_setup:/home/albert/rad_ws/install/agbot_full_moveit:/home/albert/rad_ws/install/agbot_full_description:/home/albert/rad_ws/install/agbot_full_cpp:/home/albert/rad_ws/install/agbot_full_controller:/home/albert/rad_ws/install/agbot_full_cartogropher:/home/albert/dev_ws/install/my_bot:/home/albert/ag_car_ws/install/car_nav2:/home/albert/ag_car_ws/install/car_description:/home/albert/ag_car_ws/install/car_controller:/home/albert/ag_car_ws/install/car_cartographer:/home/albert/ws_moveit2/install/moveit_configs_utils:/home/albert/ws_moveit2/install/launch_param_builder:/home/albert/umov_ws/install/arduino_py_examples:/home/albert/udem2_ws/install/actions_py:/home/albert/udem2_ws/install/lifecycle_py:/home/albert/udem2_ws/install/executors_py:/home/albert/udem2_ws/install/components_py:/home/albert/udem_ws/install/turtlesim_catcher:/home/albert/udem_ws/install/my_py_pkg:/home/albert/udem_ws/install/lifecycle_py:/home/albert/bcdc_ws/install/agbot_teleop:/home/albert/bcdc_ws/install/agbot_py:/home/albert/arduinobot_ws/install/arduinobot_py_examples:/opt/ros/humble LD_LIBRARY_PATH=/home/albert/umov_ws/install/arduino_msgs/lib:/home/albert/ws_moveit2/install/pilz_industrial_motion_planner_testutils/lib:/home/albert/ws_moveit2/install/pilz_industrial_motion_planner/lib:/home/albert/ws_moveit2/install/moveit_visual_tools/lib:/home/albert/ws_moveit2/install/moveit_task_constructor_visualization/lib:/home/albert/ws_moveit2/install/moveit_task_constructor_demo/lib:/home/albert/ws_moveit2/install/moveit_task_constructor_capabilities/lib:/home/albert/ws_moveit2/install/moveit_task_constructor_core/lib:/home/albert/ws_moveit2/install/moveit_ros_control_interface/lib:/home/albert/ws_moveit2/install/moveit_simple_controller_manager/lib:/home/albert/ws_moveit2/install/moveit_setup_assistant/lib:/home/albert/ws_moveit2/install/moveit_setup_srdf_plugins/lib:/home/albert/ws_moveit2/install/moveit_setup_core_plugins/lib:/home/albert/ws_moveit2/install/moveit_setup_controllers/lib:/home/albert/ws_moveit2/install/moveit_setup_app_plugins/lib:/home/albert/ws_moveit2/install/moveit_setup_framework/lib:/home/albert/ws_moveit2/install/moveit_servo/lib:/home/albert/ws_moveit2/install/moveit_ros_visualization/lib:/home/albert/ws_moveit2/install/moveit_hybrid_planning/lib:/home/albert/ws_moveit2/install/moveit_ros_planning_interface/lib:/home/albert/ws_moveit2/install/moveit_ros_benchmarks/lib:/home/albert/ws_moveit2/install/moveit_ros_warehouse/lib:/home/albert/ws_moveit2/install/moveit_ros_robot_interaction/lib:/home/albert/ws_moveit2/install/moveit_ros_perception/lib:/home/albert/ws_moveit2/install/moveit_ros_move_group/lib:/home/albert/ws_moveit2/install/moveit_planners_ompl/lib:/home/albert/ws_moveit2/install/moveit_ros_planning/lib:/home/albert/ws_moveit2/install/moveit_ros_occupancy_map_monitor/lib:/home/albert/ws_moveit2/install/moveit_resources_prbt_ikfast_manipulator_plugin/lib:/home/albert/ws_moveit2/install/moveit_planners_chomp/lib:/home/albert/ws_moveit2/install/moveit_kinematics/lib:/home/albert/ws_moveit2/install/moveit_chomp_optimizer_adapter/lib:/home/albert/ws_moveit2/install/chomp_motion_planner/lib:/home/albert/ws_moveit2/install/moveit_core/lib:/home/albert/ws_moveit2/install/srdfdom/lib:/home/albert/ws_moveit2/install/rviz_marker_tools/lib:/home/albert/ws_moveit2/install/rosparam_shortcuts/lib:/home/albert/ws_moveit2/install/moveit_task_constructor_msgs/lib:/home/albert/umov_ws/install/arduino_remote/lib:/home/albert/umov_ws/install/arduino_cpp_examples/lib:/home/albert/umov_ws/install/arduino_controller/lib:/home/albert/udem2_ws/install/final_project_cpp/lib:/home/albert/udem2_ws/install/robot_interfaces/lib:/home/albert/udem2_ws/install/components_cpp/lib:/home/albert/udem_ws/install/my_robot_interfaces/lib:/home/albert/bcdc_ws/install/aggiebot_msgs/lib:/home/albert/bcdc_ws/install/agbot_msgs/lib:/home/albert/arduinobot_ws/install/arduinobot_remote/lib:/home/albert/arduinobot_ws/install/arduinobot_cpp_examples/lib:/home/albert/arduinobot_ws/install/arduinobot_msgs/lib:/usr/lib/x86_64-linux-gnu/gazebo-11/plugins:/opt/ros/humble/opt/rviz_ogre_vendor/lib:/opt/ros/humble/lib/x86_64-linux-gnu:/opt/ros/humble/lib:/usr/share/gazebo/../../lib/x86_64-linux-gnu/gazebo-11/plugins /home/albert/.local/bin/cmake /home/albert/umov_ws/src/arduino_cpp_examples -DCMAKE_INSTALL_PREFIX=/home/albert/umov_ws/install/arduino_cpp_examples
[22.517s] INFO:colcon.colcon_core.task.python.build:Building Python package in '/home/albert/umov_ws/src/arduino_py_examples'
[22.518s] INFO:colcon.colcon_core.shell:Skip shell extension 'powershell' for command environment: Not usable outside of PowerShell
[22.518s] DEBUG:colcon.colcon_core.shell:Skip shell extension 'dsv' for command environment
[22.545s] DEBUG:colcon.colcon_core.event_handler.log_command:Invoking command in '/home/albert/umov_ws/build/arduino_remote': CMAKE_PREFIX_PATH=/home/albert/umov_ws/install/arduino_msgs:/home/albert/umov_ws/install/arduino_moveit:/home/albert/ag_arm_ws/install/arm_setup_moveit:/home/albert/ag_arm_ws/install/arm_moveit:/home/albert/ag_arm_ws/install/arm_description:/home/albert/ag_arm_ws/install/arm_cpp:/home/albert/ag_arm_ws/install/arm_controller:/home/albert/ws_moveit2/install/pilz_industrial_motion_planner_testutils:/home/albert/ws_moveit2/install/moveit_runtime:/home/albert/ws_moveit2/install/moveit2_tutorials:/home/albert/ws_moveit2/install/moveit:/home/albert/ws_moveit2/install/moveit_planners:/home/albert/ws_moveit2/install/pilz_industrial_motion_planner:/home/albert/ws_moveit2/install/moveit_visual_tools:/home/albert/ws_moveit2/install/moveit_task_constructor_visualization:/home/albert/ws_moveit2/install/moveit_task_constructor_demo:/home/albert/ws_moveit2/install/moveit_task_constructor_capabilities:/home/albert/ws_moveit2/install/moveit_task_constructor_core:/home/albert/ws_moveit2/install/moveit_ros_control_interface:/home/albert/ws_moveit2/install/moveit_plugins:/home/albert/ws_moveit2/install/moveit_simple_controller_manager:/home/albert/ws_moveit2/install/moveit_setup_assistant:/home/albert/ws_moveit2/install/moveit_setup_srdf_plugins:/home/albert/ws_moveit2/install/moveit_setup_core_plugins:/home/albert/ws_moveit2/install/moveit_setup_controllers:/home/albert/ws_moveit2/install/moveit_setup_app_plugins:/home/albert/ws_moveit2/install/moveit_setup_framework:/home/albert/ws_moveit2/install/moveit_servo:/home/albert/ws_moveit2/install/moveit_ros:/home/albert/ws_moveit2/install/moveit_ros_visualization:/home/albert/ws_moveit2/install/moveit_hybrid_planning:/home/albert/ws_moveit2/install/moveit_ros_planning_interface:/home/albert/ws_moveit2/install/moveit_ros_benchmarks:/home/albert/ws_moveit2/install/moveit_ros_warehouse:/home/albert/ws_moveit2/install/moveit_ros_robot_interaction:/home/albert/ws_moveit2/install/moveit_ros_perception:/home/albert/ws_moveit2/install/moveit_resources_prbt_pg70_support:/home/albert/ws_moveit2/install/moveit_resources_prbt_moveit_config:/home/albert/ws_moveit2/install/moveit_ros_move_group:/home/albert/ws_moveit2/install/moveit_planners_ompl:/home/albert/ws_moveit2/install/moveit_ros_planning:/home/albert/ws_moveit2/install/moveit_ros_occupancy_map_monitor:/home/albert/ws_moveit2/install/moveit_resources_prbt_ikfast_manipulator_plugin:/home/albert/ws_moveit2/install/moveit_planners_chomp:/home/albert/ws_moveit2/install/moveit_kinematics:/home/albert/ws_moveit2/install/moveit_chomp_optimizer_adapter:/home/albert/ws_moveit2/install/chomp_motion_planner:/home/albert/ws_moveit2/install/moveit_core:/home/albert/ws_moveit2/install/srdfdom:/home/albert/ws_moveit2/install/rviz_marker_tools:/home/albert/ws_moveit2/install/rosparam_shortcuts:/home/albert/ws_moveit2/install/moveit_task_constructor_msgs:/home/albert/ws_moveit2/install/moveit_resources_prbt_support:/home/albert/ws_moveit2/install/moveit_resources:/home/albert/ws_moveit2/install/moveit_resources_pr2_description:/home/albert/ws_moveit2/install/moveit_resources_panda_moveit_config:/home/albert/ws_moveit2/install/moveit_resources_panda_description:/home/albert/ws_moveit2/install/moveit_resources_fanuc_moveit_config:/home/albert/ws_moveit2/install/moveit_resources_fanuc_description:/home/albert/ws_moveit2/install/moveit_common:/home/albert/umov_ws/install/moveitassistant:/home/albert/umov_ws/install/description:/home/albert/umov_ws/install/arduinobot_bringup:/home/albert/umov_ws/install/arduino_utils:/home/albert/umov_ws/install/arduino_remote:/home/albert/umov_ws/install/arduino_cpp_examples:/home/albert/umov_ws/install/arduino_firmware:/home/albert/umov_ws/install/arduino_controller:/home/albert/unav_ws/install/turtlebot3_fake_node:/home/albert/unav_ws/install/robot_bringup:/home/albert/unav_ws/install/nav2_robot_description:/home/albert/udem2_ws/install/robot_bringup:/home/albert/udem2_ws/install/my_robot_bringup:/home/albert/udem2_ws/install/lifecycle_cpp:/home/albert/udem2_ws/install/final_project_cpp:/home/albert/udem2_ws/install/actions_cpp:/home/albert/udem2_ws/install/robot_interfaces:/home/albert/udem2_ws/install/executors_cpp:/home/albert/udem2_ws/install/components_cpp:/home/albert/udem_ws/install/my_robot_bringup:/home/albert/udem_ws/install/my_cpp_pkg:/home/albert/udem_ws/install/my_robot_interfaces:/home/albert/udem_ws/install/my_robot_description:/home/albert/udem_ws/install/lifecycle_cpp:/home/albert/bcdc_ws/install/aggiebot_cpp:/home/albert/bcdc_ws/install/aggiebot_msgs:/home/albert/bcdc_ws/install/aggiebot_description:/home/albert/bcdc_ws/install/aggiebot_controller:/home/albert/bcdc_ws/install/aggiebot_bringup:/home/albert/bcdc_ws/install/aggiebot_arm_moveit:/home/albert/bcdc_ws/install/aggiebot_arm_description:/home/albert/bcdc_ws/install/aggiebot_arm_controller:/home/albert/bcdc_ws/install/agbot_setup_moveit:/home/albert/bcdc_ws/install/agbot_cpp:/home/albert/bcdc_ws/install/agbot_msgs:/home/albert/bcdc_ws/install/agbot_moveit:/home/albert/bcdc_ws/install/agbot_description:/home/albert/bcdc_ws/install/agbot_controller:/home/albert/bcdc_ws/install/agbot_bringup:/home/albert/bcdc_ws/install/agbot_arm_controller:/home/albert/arduinobot_ws/install/arduinobot_utils:/home/albert/arduinobot_ws/install/arduinobot_remote:/home/albert/arduinobot_ws/install/arduinobot_cpp_examples:/home/albert/arduinobot_ws/install/arduinobot_msgs:/home/albert/arduinobot_ws/install/arduinobot_moveit_setup:/home/albert/arduinobot_ws/install/arduinobot_moveit:/home/albert/arduinobot_ws/install/arduinobot_description:/home/albert/arduinobot_ws/install/arduinobot_controller:/home/albert/rad_ws/install/agbot_full_nav2:/home/albert/rad_ws/install/agbot_full_msgs:/home/albert/rad_ws/install/agbot_full_moveit_setup:/home/albert/rad_ws/install/agbot_full_moveit:/home/albert/rad_ws/install/agbot_full_description:/home/albert/rad_ws/install/agbot_full_cpp:/home/albert/rad_ws/install/agbot_full_controller:/home/albert/rad_ws/install/agbot_full_cartogropher:/home/albert/dev_ws/install/my_bot:/home/albert/ag_car_ws/install/car_nav2:/home/albert/ag_car_ws/install/car_description:/home/albert/ag_car_ws/install/car_controller:/home/albert/ag_car_ws/install/car_cartographer:/home/albert/ws_moveit2/install/moveit_configs_utils:/home/albert/ws_moveit2/install/launch_param_builder:/home/albert/umov_ws/install/arduino_py_examples:/home/albert/udem2_ws/install/actions_py:/home/albert/udem2_ws/install/lifecycle_py:/home/albert/udem2_ws/install/executors_py:/home/albert/udem2_ws/install/components_py:/home/albert/udem_ws/install/turtlesim_catcher:/home/albert/udem_ws/install/my_py_pkg:/home/albert/udem_ws/install/lifecycle_py:/home/albert/bcdc_ws/install/agbot_teleop:/home/albert/bcdc_ws/install/agbot_py:/home/albert/arduinobot_ws/install/arduinobot_py_examples:/opt/ros/humble LD_LIBRARY_PATH=/home/albert/umov_ws/install/arduino_msgs/lib:/home/albert/ws_moveit2/install/pilz_industrial_motion_planner_testutils/lib:/home/albert/ws_moveit2/install/pilz_industrial_motion_planner/lib:/home/albert/ws_moveit2/install/moveit_visual_tools/lib:/home/albert/ws_moveit2/install/moveit_task_constructor_visualization/lib:/home/albert/ws_moveit2/install/moveit_task_constructor_demo/lib:/home/albert/ws_moveit2/install/moveit_task_constructor_capabilities/lib:/home/albert/ws_moveit2/install/moveit_task_constructor_core/lib:/home/albert/ws_moveit2/install/moveit_ros_control_interface/lib:/home/albert/ws_moveit2/install/moveit_simple_controller_manager/lib:/home/albert/ws_moveit2/install/moveit_setup_assistant/lib:/home/albert/ws_moveit2/install/moveit_setup_srdf_plugins/lib:/home/albert/ws_moveit2/install/moveit_setup_core_plugins/lib:/home/albert/ws_moveit2/install/moveit_setup_controllers/lib:/home/albert/ws_moveit2/install/moveit_setup_app_plugins/lib:/home/albert/ws_moveit2/install/moveit_setup_framework/lib:/home/albert/ws_moveit2/install/moveit_servo/lib:/home/albert/ws_moveit2/install/moveit_ros_visualization/lib:/home/albert/ws_moveit2/install/moveit_hybrid_planning/lib:/home/albert/ws_moveit2/install/moveit_ros_planning_interface/lib:/home/albert/ws_moveit2/install/moveit_ros_benchmarks/lib:/home/albert/ws_moveit2/install/moveit_ros_warehouse/lib:/home/albert/ws_moveit2/install/moveit_ros_robot_interaction/lib:/home/albert/ws_moveit2/install/moveit_ros_perception/lib:/home/albert/ws_moveit2/install/moveit_ros_move_group/lib:/home/albert/ws_moveit2/install/moveit_planners_ompl/lib:/home/albert/ws_moveit2/install/moveit_ros_planning/lib:/home/albert/ws_moveit2/install/moveit_ros_occupancy_map_monitor/lib:/home/albert/ws_moveit2/install/moveit_resources_prbt_ikfast_manipulator_plugin/lib:/home/albert/ws_moveit2/install/moveit_planners_chomp/lib:/home/albert/ws_moveit2/install/moveit_kinematics/lib:/home/albert/ws_moveit2/install/moveit_chomp_optimizer_adapter/lib:/home/albert/ws_moveit2/install/chomp_motion_planner/lib:/home/albert/ws_moveit2/install/moveit_core/lib:/home/albert/ws_moveit2/install/srdfdom/lib:/home/albert/ws_moveit2/install/rviz_marker_tools/lib:/home/albert/ws_moveit2/install/rosparam_shortcuts/lib:/home/albert/ws_moveit2/install/moveit_task_constructor_msgs/lib:/home/albert/umov_ws/install/arduino_remote/lib:/home/albert/umov_ws/install/arduino_cpp_examples/lib:/home/albert/umov_ws/install/arduino_controller/lib:/home/albert/udem2_ws/install/final_project_cpp/lib:/home/albert/udem2_ws/install/robot_interfaces/lib:/home/albert/udem2_ws/install/components_cpp/lib:/home/albert/udem_ws/install/my_robot_interfaces/lib:/home/albert/bcdc_ws/install/aggiebot_msgs/lib:/home/albert/bcdc_ws/install/agbot_msgs/lib:/home/albert/arduinobot_ws/install/arduinobot_remote/lib:/home/albert/arduinobot_ws/install/arduinobot_cpp_examples/lib:/home/albert/arduinobot_ws/install/arduinobot_msgs/lib:/usr/lib/x86_64-linux-gnu/gazebo-11/plugins:/opt/ros/humble/opt/rviz_ogre_vendor/lib:/opt/ros/humble/lib/x86_64-linux-gnu:/opt/ros/humble/lib:/usr/share/gazebo/../../lib/x86_64-linux-gnu/gazebo-11/plugins /home/albert/.local/bin/cmake /home/albert/umov_ws/src/arduino_remote -DCMAKE_INSTALL_PREFIX=/home/albert/umov_ws/install/arduino_remote
[22.560s] DEBUG:colcon.colcon_core.event_handler.log_command:Invoking command in '/home/albert/umov_ws/build/arduino_utils': CMAKE_PREFIX_PATH=/home/albert/umov_ws/install/arduino_msgs:/home/albert/ag_arm_ws/install/arm_setup_moveit:/home/albert/ag_arm_ws/install/arm_moveit:/home/albert/ag_arm_ws/install/arm_description:/home/albert/ag_arm_ws/install/arm_cpp:/home/albert/ag_arm_ws/install/arm_controller:/home/albert/ws_moveit2/install/pilz_industrial_motion_planner_testutils:/home/albert/ws_moveit2/install/moveit_runtime:/home/albert/ws_moveit2/install/moveit2_tutorials:/home/albert/ws_moveit2/install/moveit:/home/albert/ws_moveit2/install/moveit_planners:/home/albert/ws_moveit2/install/pilz_industrial_motion_planner:/home/albert/ws_moveit2/install/moveit_visual_tools:/home/albert/ws_moveit2/install/moveit_task_constructor_visualization:/home/albert/ws_moveit2/install/moveit_task_constructor_demo:/home/albert/ws_moveit2/install/moveit_task_constructor_capabilities:/home/albert/ws_moveit2/install/moveit_task_constructor_core:/home/albert/ws_moveit2/install/moveit_ros_control_interface:/home/albert/ws_moveit2/install/moveit_plugins:/home/albert/ws_moveit2/install/moveit_simple_controller_manager:/home/albert/ws_moveit2/install/moveit_setup_assistant:/home/albert/ws_moveit2/install/moveit_setup_srdf_plugins:/home/albert/ws_moveit2/install/moveit_setup_core_plugins:/home/albert/ws_moveit2/install/moveit_setup_controllers:/home/albert/ws_moveit2/install/moveit_setup_app_plugins:/home/albert/ws_moveit2/install/moveit_setup_framework:/home/albert/ws_moveit2/install/moveit_servo:/home/albert/ws_moveit2/install/moveit_ros:/home/albert/ws_moveit2/install/moveit_ros_visualization:/home/albert/ws_moveit2/install/moveit_hybrid_planning:/home/albert/ws_moveit2/install/moveit_ros_planning_interface:/home/albert/ws_moveit2/install/moveit_ros_benchmarks:/home/albert/ws_moveit2/install/moveit_ros_warehouse:/home/albert/ws_moveit2/install/moveit_ros_robot_interaction:/home/albert/ws_moveit2/install/moveit_ros_perception:/home/albert/ws_moveit2/install/moveit_resources_prbt_pg70_support:/home/albert/ws_moveit2/install/moveit_resources_prbt_moveit_config:/home/albert/ws_moveit2/install/moveit_ros_move_group:/home/albert/ws_moveit2/install/moveit_planners_ompl:/home/albert/ws_moveit2/install/moveit_ros_planning:/home/albert/ws_moveit2/install/moveit_ros_occupancy_map_monitor:/home/albert/ws_moveit2/install/moveit_resources_prbt_ikfast_manipulator_plugin:/home/albert/ws_moveit2/install/moveit_planners_chomp:/home/albert/ws_moveit2/install/moveit_kinematics:/home/albert/ws_moveit2/install/moveit_chomp_optimizer_adapter:/home/albert/ws_moveit2/install/chomp_motion_planner:/home/albert/ws_moveit2/install/moveit_core:/home/albert/ws_moveit2/install/srdfdom:/home/albert/ws_moveit2/install/rviz_marker_tools:/home/albert/ws_moveit2/install/rosparam_shortcuts:/home/albert/ws_moveit2/install/moveit_task_constructor_msgs:/home/albert/ws_moveit2/install/moveit_resources_prbt_support:/home/albert/ws_moveit2/install/moveit_resources:/home/albert/ws_moveit2/install/moveit_resources_pr2_description:/home/albert/ws_moveit2/install/moveit_resources_panda_moveit_config:/home/albert/ws_moveit2/install/moveit_resources_panda_description:/home/albert/ws_moveit2/install/moveit_resources_fanuc_moveit_config:/home/albert/ws_moveit2/install/moveit_resources_fanuc_description:/home/albert/ws_moveit2/install/moveit_common:/home/albert/umov_ws/install/moveitassistant:/home/albert/umov_ws/install/description:/home/albert/umov_ws/install/arduinobot_bringup:/home/albert/umov_ws/install/arduino_utils:/home/albert/umov_ws/install/arduino_remote:/home/albert/umov_ws/install/arduino_cpp_examples:/home/albert/umov_ws/install/arduino_moveit:/home/albert/umov_ws/install/arduino_firmware:/home/albert/umov_ws/install/arduino_controller:/home/albert/unav_ws/install/turtlebot3_fake_node:/home/albert/unav_ws/install/robot_bringup:/home/albert/unav_ws/install/nav2_robot_description:/home/albert/udem2_ws/install/robot_bringup:/home/albert/udem2_ws/install/my_robot_bringup:/home/albert/udem2_ws/install/lifecycle_cpp:/home/albert/udem2_ws/install/final_project_cpp:/home/albert/udem2_ws/install/actions_cpp:/home/albert/udem2_ws/install/robot_interfaces:/home/albert/udem2_ws/install/executors_cpp:/home/albert/udem2_ws/install/components_cpp:/home/albert/udem_ws/install/my_robot_bringup:/home/albert/udem_ws/install/my_cpp_pkg:/home/albert/udem_ws/install/my_robot_interfaces:/home/albert/udem_ws/install/my_robot_description:/home/albert/udem_ws/install/lifecycle_cpp:/home/albert/bcdc_ws/install/aggiebot_cpp:/home/albert/bcdc_ws/install/aggiebot_msgs:/home/albert/bcdc_ws/install/aggiebot_description:/home/albert/bcdc_ws/install/aggiebot_controller:/home/albert/bcdc_ws/install/aggiebot_bringup:/home/albert/bcdc_ws/install/aggiebot_arm_moveit:/home/albert/bcdc_ws/install/aggiebot_arm_description:/home/albert/bcdc_ws/install/aggiebot_arm_controller:/home/albert/bcdc_ws/install/agbot_setup_moveit:/home/albert/bcdc_ws/install/agbot_cpp:/home/albert/bcdc_ws/install/agbot_msgs:/home/albert/bcdc_ws/install/agbot_moveit:/home/albert/bcdc_ws/install/agbot_description:/home/albert/bcdc_ws/install/agbot_controller:/home/albert/bcdc_ws/install/agbot_bringup:/home/albert/bcdc_ws/install/agbot_arm_controller:/home/albert/arduinobot_ws/install/arduinobot_utils:/home/albert/arduinobot_ws/install/arduinobot_remote:/home/albert/arduinobot_ws/install/arduinobot_cpp_examples:/home/albert/arduinobot_ws/install/arduinobot_msgs:/home/albert/arduinobot_ws/install/arduinobot_moveit_setup:/home/albert/arduinobot_ws/install/arduinobot_moveit:/home/albert/arduinobot_ws/install/arduinobot_description:/home/albert/arduinobot_ws/install/arduinobot_controller:/home/albert/rad_ws/install/agbot_full_nav2:/home/albert/rad_ws/install/agbot_full_msgs:/home/albert/rad_ws/install/agbot_full_moveit_setup:/home/albert/rad_ws/install/agbot_full_moveit:/home/albert/rad_ws/install/agbot_full_description:/home/albert/rad_ws/install/agbot_full_cpp:/home/albert/rad_ws/install/agbot_full_controller:/home/albert/rad_ws/install/agbot_full_cartogropher:/home/albert/dev_ws/install/my_bot:/home/albert/ag_car_ws/install/car_nav2:/home/albert/ag_car_ws/install/car_description:/home/albert/ag_car_ws/install/car_controller:/home/albert/ag_car_ws/install/car_cartographer:/home/albert/ws_moveit2/install/moveit_configs_utils:/home/albert/ws_moveit2/install/launch_param_builder:/home/albert/umov_ws/install/arduino_py_examples:/home/albert/udem2_ws/install/actions_py:/home/albert/udem2_ws/install/lifecycle_py:/home/albert/udem2_ws/install/executors_py:/home/albert/udem2_ws/install/components_py:/home/albert/udem_ws/install/turtlesim_catcher:/home/albert/udem_ws/install/my_py_pkg:/home/albert/udem_ws/install/lifecycle_py:/home/albert/bcdc_ws/install/agbot_teleop:/home/albert/bcdc_ws/install/agbot_py:/home/albert/arduinobot_ws/install/arduinobot_py_examples:/opt/ros/humble LD_LIBRARY_PATH=/home/albert/umov_ws/install/arduino_msgs/lib:/home/albert/ws_moveit2/install/pilz_industrial_motion_planner_testutils/lib:/home/albert/ws_moveit2/install/pilz_industrial_motion_planner/lib:/home/albert/ws_moveit2/install/moveit_visual_tools/lib:/home/albert/ws_moveit2/install/moveit_task_constructor_visualization/lib:/home/albert/ws_moveit2/install/moveit_task_constructor_demo/lib:/home/albert/ws_moveit2/install/moveit_task_constructor_capabilities/lib:/home/albert/ws_moveit2/install/moveit_task_constructor_core/lib:/home/albert/ws_moveit2/install/moveit_ros_control_interface/lib:/home/albert/ws_moveit2/install/moveit_simple_controller_manager/lib:/home/albert/ws_moveit2/install/moveit_setup_assistant/lib:/home/albert/ws_moveit2/install/moveit_setup_srdf_plugins/lib:/home/albert/ws_moveit2/install/moveit_setup_core_plugins/lib:/home/albert/ws_moveit2/install/moveit_setup_controllers/lib:/home/albert/ws_moveit2/install/moveit_setup_app_plugins/lib:/home/albert/ws_moveit2/install/moveit_setup_framework/lib:/home/albert/ws_moveit2/install/moveit_servo/lib:/home/albert/ws_moveit2/install/moveit_ros_visualization/lib:/home/albert/ws_moveit2/install/moveit_hybrid_planning/lib:/home/albert/ws_moveit2/install/moveit_ros_planning_interface/lib:/home/albert/ws_moveit2/install/moveit_ros_benchmarks/lib:/home/albert/ws_moveit2/install/moveit_ros_warehouse/lib:/home/albert/ws_moveit2/install/moveit_ros_robot_interaction/lib:/home/albert/ws_moveit2/install/moveit_ros_perception/lib:/home/albert/ws_moveit2/install/moveit_ros_move_group/lib:/home/albert/ws_moveit2/install/moveit_planners_ompl/lib:/home/albert/ws_moveit2/install/moveit_ros_planning/lib:/home/albert/ws_moveit2/install/moveit_ros_occupancy_map_monitor/lib:/home/albert/ws_moveit2/install/moveit_resources_prbt_ikfast_manipulator_plugin/lib:/home/albert/ws_moveit2/install/moveit_planners_chomp/lib:/home/albert/ws_moveit2/install/moveit_kinematics/lib:/home/albert/ws_moveit2/install/moveit_chomp_optimizer_adapter/lib:/home/albert/ws_moveit2/install/chomp_motion_planner/lib:/home/albert/ws_moveit2/install/moveit_core/lib:/home/albert/ws_moveit2/install/srdfdom/lib:/home/albert/ws_moveit2/install/rviz_marker_tools/lib:/home/albert/ws_moveit2/install/rosparam_shortcuts/lib:/home/albert/ws_moveit2/install/moveit_task_constructor_msgs/lib:/home/albert/umov_ws/install/arduino_remote/lib:/home/albert/umov_ws/install/arduino_cpp_examples/lib:/home/albert/umov_ws/install/arduino_controller/lib:/home/albert/udem2_ws/install/final_project_cpp/lib:/home/albert/udem2_ws/install/robot_interfaces/lib:/home/albert/udem2_ws/install/components_cpp/lib:/home/albert/udem_ws/install/my_robot_interfaces/lib:/home/albert/bcdc_ws/install/aggiebot_msgs/lib:/home/albert/bcdc_ws/install/agbot_msgs/lib:/home/albert/arduinobot_ws/install/arduinobot_remote/lib:/home/albert/arduinobot_ws/install/arduinobot_cpp_examples/lib:/home/albert/arduinobot_ws/install/arduinobot_msgs/lib:/usr/lib/x86_64-linux-gnu/gazebo-11/plugins:/opt/ros/humble/opt/rviz_ogre_vendor/lib:/opt/ros/humble/lib/x86_64-linux-gnu:/opt/ros/humble/lib:/usr/share/gazebo/../../lib/x86_64-linux-gnu/gazebo-11/plugins /home/albert/.local/bin/cmake /home/albert/umov_ws/src/arduino_utils -DCMAKE_INSTALL_PREFIX=/home/albert/umov_ws/install/arduino_utils
[23.571s] DEBUG:colcon.colcon_core.event_handler.log_command:Invoking command in '/home/albert/umov_ws/src/arduino_py_examples': CMAKE_PREFIX_PATH=/home/albert/umov_ws/install/arduino_msgs:/home/albert/ag_arm_ws/install/arm_setup_moveit:/home/albert/ag_arm_ws/install/arm_moveit:/home/albert/ag_arm_ws/install/arm_description:/home/albert/ag_arm_ws/install/arm_cpp:/home/albert/ag_arm_ws/install/arm_controller:/home/albert/ws_moveit2/install/pilz_industrial_motion_planner_testutils:/home/albert/ws_moveit2/install/moveit_runtime:/home/albert/ws_moveit2/install/moveit2_tutorials:/home/albert/ws_moveit2/install/moveit:/home/albert/ws_moveit2/install/moveit_planners:/home/albert/ws_moveit2/install/pilz_industrial_motion_planner:/home/albert/ws_moveit2/install/moveit_visual_tools:/home/albert/ws_moveit2/install/moveit_task_constructor_visualization:/home/albert/ws_moveit2/install/moveit_task_constructor_demo:/home/albert/ws_moveit2/install/moveit_task_constructor_capabilities:/home/albert/ws_moveit2/install/moveit_task_constructor_core:/home/albert/ws_moveit2/install/moveit_ros_control_interface:/home/albert/ws_moveit2/install/moveit_plugins:/home/albert/ws_moveit2/install/moveit_simple_controller_manager:/home/albert/ws_moveit2/install/moveit_setup_assistant:/home/albert/ws_moveit2/install/moveit_setup_srdf_plugins:/home/albert/ws_moveit2/install/moveit_setup_core_plugins:/home/albert/ws_moveit2/install/moveit_setup_controllers:/home/albert/ws_moveit2/install/moveit_setup_app_plugins:/home/albert/ws_moveit2/install/moveit_setup_framework:/home/albert/ws_moveit2/install/moveit_servo:/home/albert/ws_moveit2/install/moveit_ros:/home/albert/ws_moveit2/install/moveit_ros_visualization:/home/albert/ws_moveit2/install/moveit_hybrid_planning:/home/albert/ws_moveit2/install/moveit_ros_planning_interface:/home/albert/ws_moveit2/install/moveit_ros_benchmarks:/home/albert/ws_moveit2/install/moveit_ros_warehouse:/home/albert/ws_moveit2/install/moveit_ros_robot_interaction:/home/albert/ws_moveit2/install/moveit_ros_perception:/home/albert/ws_moveit2/install/moveit_resources_prbt_pg70_support:/home/albert/ws_moveit2/install/moveit_resources_prbt_moveit_config:/home/albert/ws_moveit2/install/moveit_ros_move_group:/home/albert/ws_moveit2/install/moveit_planners_ompl:/home/albert/ws_moveit2/install/moveit_ros_planning:/home/albert/ws_moveit2/install/moveit_ros_occupancy_map_monitor:/home/albert/ws_moveit2/install/moveit_resources_prbt_ikfast_manipulator_plugin:/home/albert/ws_moveit2/install/moveit_planners_chomp:/home/albert/ws_moveit2/install/moveit_kinematics:/home/albert/ws_moveit2/install/moveit_chomp_optimizer_adapter:/home/albert/ws_moveit2/install/chomp_motion_planner:/home/albert/ws_moveit2/install/moveit_core:/home/albert/ws_moveit2/install/srdfdom:/home/albert/ws_moveit2/install/rviz_marker_tools:/home/albert/ws_moveit2/install/rosparam_shortcuts:/home/albert/ws_moveit2/install/moveit_task_constructor_msgs:/home/albert/ws_moveit2/install/moveit_resources_prbt_support:/home/albert/ws_moveit2/install/moveit_resources:/home/albert/ws_moveit2/install/moveit_resources_pr2_description:/home/albert/ws_moveit2/install/moveit_resources_panda_moveit_config:/home/albert/ws_moveit2/install/moveit_resources_panda_description:/home/albert/ws_moveit2/install/moveit_resources_fanuc_moveit_config:/home/albert/ws_moveit2/install/moveit_resources_fanuc_description:/home/albert/ws_moveit2/install/moveit_common:/home/albert/umov_ws/install/moveitassistant:/home/albert/umov_ws/install/description:/home/albert/umov_ws/install/arduinobot_bringup:/home/albert/umov_ws/install/arduino_utils:/home/albert/umov_ws/install/arduino_remote:/home/albert/umov_ws/install/arduino_cpp_examples:/home/albert/umov_ws/install/arduino_moveit:/home/albert/umov_ws/install/arduino_firmware:/home/albert/umov_ws/install/arduino_controller:/home/albert/unav_ws/install/turtlebot3_fake_node:/home/albert/unav_ws/install/robot_bringup:/home/albert/unav_ws/install/nav2_robot_description:/home/albert/udem2_ws/install/robot_bringup:/home/albert/udem2_ws/install/my_robot_bringup:/home/albert/udem2_ws/install/lifecycle_cpp:/home/albert/udem2_ws/install/final_project_cpp:/home/albert/udem2_ws/install/actions_cpp:/home/albert/udem2_ws/install/robot_interfaces:/home/albert/udem2_ws/install/executors_cpp:/home/albert/udem2_ws/install/components_cpp:/home/albert/udem_ws/install/my_robot_bringup:/home/albert/udem_ws/install/my_cpp_pkg:/home/albert/udem_ws/install/my_robot_interfaces:/home/albert/udem_ws/install/my_robot_description:/home/albert/udem_ws/install/lifecycle_cpp:/home/albert/bcdc_ws/install/aggiebot_cpp:/home/albert/bcdc_ws/install/aggiebot_msgs:/home/albert/bcdc_ws/install/aggiebot_description:/home/albert/bcdc_ws/install/aggiebot_controller:/home/albert/bcdc_ws/install/aggiebot_bringup:/home/albert/bcdc_ws/install/aggiebot_arm_moveit:/home/albert/bcdc_ws/install/aggiebot_arm_description:/home/albert/bcdc_ws/install/aggiebot_arm_controller:/home/albert/bcdc_ws/install/agbot_setup_moveit:/home/albert/bcdc_ws/install/agbot_cpp:/home/albert/bcdc_ws/install/agbot_msgs:/home/albert/bcdc_ws/install/agbot_moveit:/home/albert/bcdc_ws/install/agbot_description:/home/albert/bcdc_ws/install/agbot_controller:/home/albert/bcdc_ws/install/agbot_bringup:/home/albert/bcdc_ws/install/agbot_arm_controller:/home/albert/arduinobot_ws/install/arduinobot_utils:/home/albert/arduinobot_ws/install/arduinobot_remote:/home/albert/arduinobot_ws/install/arduinobot_cpp_examples:/home/albert/arduinobot_ws/install/arduinobot_msgs:/home/albert/arduinobot_ws/install/arduinobot_moveit_setup:/home/albert/arduinobot_ws/install/arduinobot_moveit:/home/albert/arduinobot_ws/install/arduinobot_description:/home/albert/arduinobot_ws/install/arduinobot_controller:/home/albert/rad_ws/install/agbot_full_nav2:/home/albert/rad_ws/install/agbot_full_msgs:/home/albert/rad_ws/install/agbot_full_moveit_setup:/home/albert/rad_ws/install/agbot_full_moveit:/home/albert/rad_ws/install/agbot_full_description:/home/albert/rad_ws/install/agbot_full_cpp:/home/albert/rad_ws/install/agbot_full_controller:/home/albert/rad_ws/install/agbot_full_cartogropher:/home/albert/dev_ws/install/my_bot:/home/albert/ag_car_ws/install/car_nav2:/home/albert/ag_car_ws/install/car_description:/home/albert/ag_car_ws/install/car_controller:/home/albert/ag_car_ws/install/car_cartographer LD_LIBRARY_PATH=/home/albert/umov_ws/install/arduino_msgs/lib:/home/albert/ws_moveit2/install/pilz_industrial_motion_planner_testutils/lib:/home/albert/ws_moveit2/install/pilz_industrial_motion_planner/lib:/home/albert/ws_moveit2/install/moveit_visual_tools/lib:/home/albert/ws_moveit2/install/moveit_task_constructor_visualization/lib:/home/albert/ws_moveit2/install/moveit_task_constructor_demo/lib:/home/albert/ws_moveit2/install/moveit_task_constructor_capabilities/lib:/home/albert/ws_moveit2/install/moveit_task_constructor_core/lib:/home/albert/ws_moveit2/install/moveit_ros_control_interface/lib:/home/albert/ws_moveit2/install/moveit_simple_controller_manager/lib:/home/albert/ws_moveit2/install/moveit_setup_assistant/lib:/home/albert/ws_moveit2/install/moveit_setup_srdf_plugins/lib:/home/albert/ws_moveit2/install/moveit_setup_core_plugins/lib:/home/albert/ws_moveit2/install/moveit_setup_controllers/lib:/home/albert/ws_moveit2/install/moveit_setup_app_plugins/lib:/home/albert/ws_moveit2/install/moveit_setup_framework/lib:/home/albert/ws_moveit2/install/moveit_servo/lib:/home/albert/ws_moveit2/install/moveit_ros_visualization/lib:/home/albert/ws_moveit2/install/moveit_hybrid_planning/lib:/home/albert/ws_moveit2/install/moveit_ros_planning_interface/lib:/home/albert/ws_moveit2/install/moveit_ros_benchmarks/lib:/home/albert/ws_moveit2/install/moveit_ros_warehouse/lib:/home/albert/ws_moveit2/install/moveit_ros_robot_interaction/lib:/home/albert/ws_moveit2/install/moveit_ros_perception/lib:/home/albert/ws_moveit2/install/moveit_ros_move_group/lib:/home/albert/ws_moveit2/install/moveit_planners_ompl/lib:/home/albert/ws_moveit2/install/moveit_ros_planning/lib:/home/albert/ws_moveit2/install/moveit_ros_occupancy_map_monitor/lib:/home/albert/ws_moveit2/install/moveit_resources_prbt_ikfast_manipulator_plugin/lib:/home/albert/ws_moveit2/install/moveit_planners_chomp/lib:/home/albert/ws_moveit2/install/moveit_kinematics/lib:/home/albert/ws_moveit2/install/moveit_chomp_optimizer_adapter/lib:/home/albert/ws_moveit2/install/chomp_motion_planner/lib:/home/albert/ws_moveit2/install/moveit_core/lib:/home/albert/ws_moveit2/install/srdfdom/lib:/home/albert/ws_moveit2/install/rviz_marker_tools/lib:/home/albert/ws_moveit2/install/rosparam_shortcuts/lib:/home/albert/ws_moveit2/install/moveit_task_constructor_msgs/lib:/home/albert/umov_ws/install/arduino_remote/lib:/home/albert/umov_ws/install/arduino_cpp_examples/lib:/home/albert/umov_ws/install/arduino_controller/lib:/home/albert/udem2_ws/install/final_project_cpp/lib:/home/albert/udem2_ws/install/robot_interfaces/lib:/home/albert/udem2_ws/install/components_cpp/lib:/home/albert/udem_ws/install/my_robot_interfaces/lib:/home/albert/bcdc_ws/install/aggiebot_msgs/lib:/home/albert/bcdc_ws/install/agbot_msgs/lib:/home/albert/arduinobot_ws/install/arduinobot_remote/lib:/home/albert/arduinobot_ws/install/arduinobot_cpp_examples/lib:/home/albert/arduinobot_ws/install/arduinobot_msgs/lib:/usr/lib/x86_64-linux-gnu/gazebo-11/plugins:/opt/ros/humble/opt/rviz_ogre_vendor/lib:/opt/ros/humble/lib/x86_64-linux-gnu:/opt/ros/humble/lib:/usr/share/gazebo/../../lib/x86_64-linux-gnu/gazebo-11/plugins PYTHONPATH=/home/albert/umov_ws/build/arduino_py_examples/prefix_override:/usr/lib/python3/dist-packages/colcon_core/task/python/colcon_distutils_commands:/home/albert/umov_ws/install/arduino_py_examples/lib/python3.10/site-packages:${PYTHONPATH} /usr/bin/python3 -W ignore:setup.py install is deprecated -W ignore:easy_install command is deprecated setup.py egg_info --egg-base ../../build/arduino_py_examples build --build-base /home/albert/umov_ws/build/arduino_py_examples/build install --record /home/albert/umov_ws/build/arduino_py_examples/install.log --single-version-externally-managed install_data
[24.366s] Level 1:colcon.colcon_core.environment:checking '/home/albert/umov_ws/install/arduino_py_examples' for CMake module files
[24.368s] DEBUG:colcon.colcon_core.event_handler.log_command:Invoked command in '/home/albert/umov_ws/src/arduino_py_examples' returned '0': CMAKE_PREFIX_PATH=/home/albert/umov_ws/install/arduino_msgs:/home/albert/ag_arm_ws/install/arm_setup_moveit:/home/albert/ag_arm_ws/install/arm_moveit:/home/albert/ag_arm_ws/install/arm_description:/home/albert/ag_arm_ws/install/arm_cpp:/home/albert/ag_arm_ws/install/arm_controller:/home/albert/ws_moveit2/install/pilz_industrial_motion_planner_testutils:/home/albert/ws_moveit2/install/moveit_runtime:/home/albert/ws_moveit2/install/moveit2_tutorials:/home/albert/ws_moveit2/install/moveit:/home/albert/ws_moveit2/install/moveit_planners:/home/albert/ws_moveit2/install/pilz_industrial_motion_planner:/home/albert/ws_moveit2/install/moveit_visual_tools:/home/albert/ws_moveit2/install/moveit_task_constructor_visualization:/home/albert/ws_moveit2/install/moveit_task_constructor_demo:/home/albert/ws_moveit2/install/moveit_task_constructor_capabilities:/home/albert/ws_moveit2/install/moveit_task_constructor_core:/home/albert/ws_moveit2/install/moveit_ros_control_interface:/home/albert/ws_moveit2/install/moveit_plugins:/home/albert/ws_moveit2/install/moveit_simple_controller_manager:/home/albert/ws_moveit2/install/moveit_setup_assistant:/home/albert/ws_moveit2/install/moveit_setup_srdf_plugins:/home/albert/ws_moveit2/install/moveit_setup_core_plugins:/home/albert/ws_moveit2/install/moveit_setup_controllers:/home/albert/ws_moveit2/install/moveit_setup_app_plugins:/home/albert/ws_moveit2/install/moveit_setup_framework:/home/albert/ws_moveit2/install/moveit_servo:/home/albert/ws_moveit2/install/moveit_ros:/home/albert/ws_moveit2/install/moveit_ros_visualization:/home/albert/ws_moveit2/install/moveit_hybrid_planning:/home/albert/ws_moveit2/install/moveit_ros_planning_interface:/home/albert/ws_moveit2/install/moveit_ros_benchmarks:/home/albert/ws_moveit2/install/moveit_ros_warehouse:/home/albert/ws_moveit2/install/moveit_ros_robot_interaction:/home/albert/ws_moveit2/install/moveit_ros_perception:/home/albert/ws_moveit2/install/moveit_resources_prbt_pg70_support:/home/albert/ws_moveit2/install/moveit_resources_prbt_moveit_config:/home/albert/ws_moveit2/install/moveit_ros_move_group:/home/albert/ws_moveit2/install/moveit_planners_ompl:/home/albert/ws_moveit2/install/moveit_ros_planning:/home/albert/ws_moveit2/install/moveit_ros_occupancy_map_monitor:/home/albert/ws_moveit2/install/moveit_resources_prbt_ikfast_manipulator_plugin:/home/albert/ws_moveit2/install/moveit_planners_chomp:/home/albert/ws_moveit2/install/moveit_kinematics:/home/albert/ws_moveit2/install/moveit_chomp_optimizer_adapter:/home/albert/ws_moveit2/install/chomp_motion_planner:/home/albert/ws_moveit2/install/moveit_core:/home/albert/ws_moveit2/install/srdfdom:/home/albert/ws_moveit2/install/rviz_marker_tools:/home/albert/ws_moveit2/install/rosparam_shortcuts:/home/albert/ws_moveit2/install/moveit_task_constructor_msgs:/home/albert/ws_moveit2/install/moveit_resources_prbt_support:/home/albert/ws_moveit2/install/moveit_resources:/home/albert/ws_moveit2/install/moveit_resources_pr2_description:/home/albert/ws_moveit2/install/moveit_resources_panda_moveit_config:/home/albert/ws_moveit2/install/moveit_resources_panda_description:/home/albert/ws_moveit2/install/moveit_resources_fanuc_moveit_config:/home/albert/ws_moveit2/install/moveit_resources_fanuc_description:/home/albert/ws_moveit2/install/moveit_common:/home/albert/umov_ws/install/moveitassistant:/home/albert/umov_ws/install/description:/home/albert/umov_ws/install/arduinobot_bringup:/home/albert/umov_ws/install/arduino_utils:/home/albert/umov_ws/install/arduino_remote:/home/albert/umov_ws/install/arduino_cpp_examples:/home/albert/umov_ws/install/arduino_moveit:/home/albert/umov_ws/install/arduino_firmware:/home/albert/umov_ws/install/arduino_controller:/home/albert/unav_ws/install/turtlebot3_fake_node:/home/albert/unav_ws/install/robot_bringup:/home/albert/unav_ws/install/nav2_robot_description:/home/albert/udem2_ws/install/robot_bringup:/home/albert/udem2_ws/install/my_robot_bringup:/home/albert/udem2_ws/install/lifecycle_cpp:/home/albert/udem2_ws/install/final_project_cpp:/home/albert/udem2_ws/install/actions_cpp:/home/albert/udem2_ws/install/robot_interfaces:/home/albert/udem2_ws/install/executors_cpp:/home/albert/udem2_ws/install/components_cpp:/home/albert/udem_ws/install/my_robot_bringup:/home/albert/udem_ws/install/my_cpp_pkg:/home/albert/udem_ws/install/my_robot_interfaces:/home/albert/udem_ws/install/my_robot_description:/home/albert/udem_ws/install/lifecycle_cpp:/home/albert/bcdc_ws/install/aggiebot_cpp:/home/albert/bcdc_ws/install/aggiebot_msgs:/home/albert/bcdc_ws/install/aggiebot_description:/home/albert/bcdc_ws/install/aggiebot_controller:/home/albert/bcdc_ws/install/aggiebot_bringup:/home/albert/bcdc_ws/install/aggiebot_arm_moveit:/home/albert/bcdc_ws/install/aggiebot_arm_description:/home/albert/bcdc_ws/install/aggiebot_arm_controller:/home/albert/bcdc_ws/install/agbot_setup_moveit:/home/albert/bcdc_ws/install/agbot_cpp:/home/albert/bcdc_ws/install/agbot_msgs:/home/albert/bcdc_ws/install/agbot_moveit:/home/albert/bcdc_ws/install/agbot_description:/home/albert/bcdc_ws/install/agbot_controller:/home/albert/bcdc_ws/install/agbot_bringup:/home/albert/bcdc_ws/install/agbot_arm_controller:/home/albert/arduinobot_ws/install/arduinobot_utils:/home/albert/arduinobot_ws/install/arduinobot_remote:/home/albert/arduinobot_ws/install/arduinobot_cpp_examples:/home/albert/arduinobot_ws/install/arduinobot_msgs:/home/albert/arduinobot_ws/install/arduinobot_moveit_setup:/home/albert/arduinobot_ws/install/arduinobot_moveit:/home/albert/arduinobot_ws/install/arduinobot_description:/home/albert/arduinobot_ws/install/arduinobot_controller:/home/albert/rad_ws/install/agbot_full_nav2:/home/albert/rad_ws/install/agbot_full_msgs:/home/albert/rad_ws/install/agbot_full_moveit_setup:/home/albert/rad_ws/install/agbot_full_moveit:/home/albert/rad_ws/install/agbot_full_description:/home/albert/rad_ws/install/agbot_full_cpp:/home/albert/rad_ws/install/agbot_full_controller:/home/albert/rad_ws/install/agbot_full_cartogropher:/home/albert/dev_ws/install/my_bot:/home/albert/ag_car_ws/install/car_nav2:/home/albert/ag_car_ws/install/car_description:/home/albert/ag_car_ws/install/car_controller:/home/albert/ag_car_ws/install/car_cartographer LD_LIBRARY_PATH=/home/albert/umov_ws/install/arduino_msgs/lib:/home/albert/ws_moveit2/install/pilz_industrial_motion_planner_testutils/lib:/home/albert/ws_moveit2/install/pilz_industrial_motion_planner/lib:/home/albert/ws_moveit2/install/moveit_visual_tools/lib:/home/albert/ws_moveit2/install/moveit_task_constructor_visualization/lib:/home/albert/ws_moveit2/install/moveit_task_constructor_demo/lib:/home/albert/ws_moveit2/install/moveit_task_constructor_capabilities/lib:/home/albert/ws_moveit2/install/moveit_task_constructor_core/lib:/home/albert/ws_moveit2/install/moveit_ros_control_interface/lib:/home/albert/ws_moveit2/install/moveit_simple_controller_manager/lib:/home/albert/ws_moveit2/install/moveit_setup_assistant/lib:/home/albert/ws_moveit2/install/moveit_setup_srdf_plugins/lib:/home/albert/ws_moveit2/install/moveit_setup_core_plugins/lib:/home/albert/ws_moveit2/install/moveit_setup_controllers/lib:/home/albert/ws_moveit2/install/moveit_setup_app_plugins/lib:/home/albert/ws_moveit2/install/moveit_setup_framework/lib:/home/albert/ws_moveit2/install/moveit_servo/lib:/home/albert/ws_moveit2/install/moveit_ros_visualization/lib:/home/albert/ws_moveit2/install/moveit_hybrid_planning/lib:/home/albert/ws_moveit2/install/moveit_ros_planning_interface/lib:/home/albert/ws_moveit2/install/moveit_ros_benchmarks/lib:/home/albert/ws_moveit2/install/moveit_ros_warehouse/lib:/home/albert/ws_moveit2/install/moveit_ros_robot_interaction/lib:/home/albert/ws_moveit2/install/moveit_ros_perception/lib:/home/albert/ws_moveit2/install/moveit_ros_move_group/lib:/home/albert/ws_moveit2/install/moveit_planners_ompl/lib:/home/albert/ws_moveit2/install/moveit_ros_planning/lib:/home/albert/ws_moveit2/install/moveit_ros_occupancy_map_monitor/lib:/home/albert/ws_moveit2/install/moveit_resources_prbt_ikfast_manipulator_plugin/lib:/home/albert/ws_moveit2/install/moveit_planners_chomp/lib:/home/albert/ws_moveit2/install/moveit_kinematics/lib:/home/albert/ws_moveit2/install/moveit_chomp_optimizer_adapter/lib:/home/albert/ws_moveit2/install/chomp_motion_planner/lib:/home/albert/ws_moveit2/install/moveit_core/lib:/home/albert/ws_moveit2/install/srdfdom/lib:/home/albert/ws_moveit2/install/rviz_marker_tools/lib:/home/albert/ws_moveit2/install/rosparam_shortcuts/lib:/home/albert/ws_moveit2/install/moveit_task_constructor_msgs/lib:/home/albert/umov_ws/install/arduino_remote/lib:/home/albert/umov_ws/install/arduino_cpp_examples/lib:/home/albert/umov_ws/install/arduino_controller/lib:/home/albert/udem2_ws/install/final_project_cpp/lib:/home/albert/udem2_ws/install/robot_interfaces/lib:/home/albert/udem2_ws/install/components_cpp/lib:/home/albert/udem_ws/install/my_robot_interfaces/lib:/home/albert/bcdc_ws/install/aggiebot_msgs/lib:/home/albert/bcdc_ws/install/agbot_msgs/lib:/home/albert/arduinobot_ws/install/arduinobot_remote/lib:/home/albert/arduinobot_ws/install/arduinobot_cpp_examples/lib:/home/albert/arduinobot_ws/install/arduinobot_msgs/lib:/usr/lib/x86_64-linux-gnu/gazebo-11/plugins:/opt/ros/humble/opt/rviz_ogre_vendor/lib:/opt/ros/humble/lib/x86_64-linux-gnu:/opt/ros/humble/lib:/usr/share/gazebo/../../lib/x86_64-linux-gnu/gazebo-11/plugins PYTHONPATH=/home/albert/umov_ws/build/arduino_py_examples/prefix_override:/usr/lib/python3/dist-packages/colcon_core/task/python/colcon_distutils_commands:/home/albert/umov_ws/install/arduino_py_examples/lib/python3.10/site-packages:${PYTHONPATH} /usr/bin/python3 -W ignore:setup.py install is deprecated -W ignore:easy_install command is deprecated setup.py egg_info --egg-base ../../build/arduino_py_examples build --build-base /home/albert/umov_ws/build/arduino_py_examples/build install --record /home/albert/umov_ws/build/arduino_py_examples/install.log --single-version-externally-managed install_data
[24.368s] Level 1:colcon.colcon_core.environment:checking '/home/albert/umov_ws/install/arduino_py_examples' for CMake config files
[24.369s] Level 1:colcon.colcon_core.environment:checking '/home/albert/umov_ws/install/arduino_py_examples/lib'
[24.369s] Level 1:colcon.colcon_core.environment:checking '/home/albert/umov_ws/install/arduino_py_examples/bin'
[24.370s] Level 1:colcon.colcon_core.environment:checking '/home/albert/umov_ws/install/arduino_py_examples/lib/pkgconfig/arduino_py_examples.pc'
[24.370s] Level 1:colcon.colcon_core.environment:checking '/home/albert/umov_ws/install/arduino_py_examples/lib/python3.10/site-packages'
[24.370s] Level 1:colcon.colcon_core.shell:create_environment_hook('arduino_py_examples', 'pythonpath')
[24.371s] INFO:colcon.colcon_core.shell:Creating environment hook '/home/albert/umov_ws/install/arduino_py_examples/share/arduino_py_examples/hook/pythonpath.ps1'
[24.372s] INFO:colcon.colcon_core.shell:Creating environment descriptor '/home/albert/umov_ws/install/arduino_py_examples/share/arduino_py_examples/hook/pythonpath.dsv'
[24.372s] INFO:colcon.colcon_core.shell:Creating environment hook '/home/albert/umov_ws/install/arduino_py_examples/share/arduino_py_examples/hook/pythonpath.sh'
[24.373s] Level 1:colcon.colcon_core.environment:checking '/home/albert/umov_ws/install/arduino_py_examples/bin'
[24.373s] Level 1:colcon.colcon_core.environment:create_environment_scripts_only(arduino_py_examples)
[24.374s] INFO:colcon.colcon_core.shell:Creating package script '/home/albert/umov_ws/install/arduino_py_examples/share/arduino_py_examples/package.ps1'
[24.375s] INFO:colcon.colcon_core.shell:Creating package descriptor '/home/albert/umov_ws/install/arduino_py_examples/share/arduino_py_examples/package.dsv'
[24.376s] INFO:colcon.colcon_core.shell:Creating package script '/home/albert/umov_ws/install/arduino_py_examples/share/arduino_py_examples/package.sh'
[24.376s] INFO:colcon.colcon_core.shell:Creating package script '/home/albert/umov_ws/install/arduino_py_examples/share/arduino_py_examples/package.bash'
[24.377s] INFO:colcon.colcon_core.shell:Creating package script '/home/albert/umov_ws/install/arduino_py_examples/share/arduino_py_examples/package.zsh'
[24.377s] Level 1:colcon.colcon_core.environment:create_file_with_runtime_dependencies(/home/albert/umov_ws/install/arduino_py_examples/share/colcon-core/packages/arduino_py_examples)
[26.922s] DEBUG:colcon.colcon_core.event_handler.log_command:Invoked command in '/home/albert/umov_ws/build/arduino_utils' returned '0': CMAKE_PREFIX_PATH=/home/albert/umov_ws/install/arduino_msgs:/home/albert/ag_arm_ws/install/arm_setup_moveit:/home/albert/ag_arm_ws/install/arm_moveit:/home/albert/ag_arm_ws/install/arm_description:/home/albert/ag_arm_ws/install/arm_cpp:/home/albert/ag_arm_ws/install/arm_controller:/home/albert/ws_moveit2/install/pilz_industrial_motion_planner_testutils:/home/albert/ws_moveit2/install/moveit_runtime:/home/albert/ws_moveit2/install/moveit2_tutorials:/home/albert/ws_moveit2/install/moveit:/home/albert/ws_moveit2/install/moveit_planners:/home/albert/ws_moveit2/install/pilz_industrial_motion_planner:/home/albert/ws_moveit2/install/moveit_visual_tools:/home/albert/ws_moveit2/install/moveit_task_constructor_visualization:/home/albert/ws_moveit2/install/moveit_task_constructor_demo:/home/albert/ws_moveit2/install/moveit_task_constructor_capabilities:/home/albert/ws_moveit2/install/moveit_task_constructor_core:/home/albert/ws_moveit2/install/moveit_ros_control_interface:/home/albert/ws_moveit2/install/moveit_plugins:/home/albert/ws_moveit2/install/moveit_simple_controller_manager:/home/albert/ws_moveit2/install/moveit_setup_assistant:/home/albert/ws_moveit2/install/moveit_setup_srdf_plugins:/home/albert/ws_moveit2/install/moveit_setup_core_plugins:/home/albert/ws_moveit2/install/moveit_setup_controllers:/home/albert/ws_moveit2/install/moveit_setup_app_plugins:/home/albert/ws_moveit2/install/moveit_setup_framework:/home/albert/ws_moveit2/install/moveit_servo:/home/albert/ws_moveit2/install/moveit_ros:/home/albert/ws_moveit2/install/moveit_ros_visualization:/home/albert/ws_moveit2/install/moveit_hybrid_planning:/home/albert/ws_moveit2/install/moveit_ros_planning_interface:/home/albert/ws_moveit2/install/moveit_ros_benchmarks:/home/albert/ws_moveit2/install/moveit_ros_warehouse:/home/albert/ws_moveit2/install/moveit_ros_robot_interaction:/home/albert/ws_moveit2/install/moveit_ros_perception:/home/albert/ws_moveit2/install/moveit_resources_prbt_pg70_support:/home/albert/ws_moveit2/install/moveit_resources_prbt_moveit_config:/home/albert/ws_moveit2/install/moveit_ros_move_group:/home/albert/ws_moveit2/install/moveit_planners_ompl:/home/albert/ws_moveit2/install/moveit_ros_planning:/home/albert/ws_moveit2/install/moveit_ros_occupancy_map_monitor:/home/albert/ws_moveit2/install/moveit_resources_prbt_ikfast_manipulator_plugin:/home/albert/ws_moveit2/install/moveit_planners_chomp:/home/albert/ws_moveit2/install/moveit_kinematics:/home/albert/ws_moveit2/install/moveit_chomp_optimizer_adapter:/home/albert/ws_moveit2/install/chomp_motion_planner:/home/albert/ws_moveit2/install/moveit_core:/home/albert/ws_moveit2/install/srdfdom:/home/albert/ws_moveit2/install/rviz_marker_tools:/home/albert/ws_moveit2/install/rosparam_shortcuts:/home/albert/ws_moveit2/install/moveit_task_constructor_msgs:/home/albert/ws_moveit2/install/moveit_resources_prbt_support:/home/albert/ws_moveit2/install/moveit_resources:/home/albert/ws_moveit2/install/moveit_resources_pr2_description:/home/albert/ws_moveit2/install/moveit_resources_panda_moveit_config:/home/albert/ws_moveit2/install/moveit_resources_panda_description:/home/albert/ws_moveit2/install/moveit_resources_fanuc_moveit_config:/home/albert/ws_moveit2/install/moveit_resources_fanuc_description:/home/albert/ws_moveit2/install/moveit_common:/home/albert/umov_ws/install/moveitassistant:/home/albert/umov_ws/install/description:/home/albert/umov_ws/install/arduinobot_bringup:/home/albert/umov_ws/install/arduino_utils:/home/albert/umov_ws/install/arduino_remote:/home/albert/umov_ws/install/arduino_cpp_examples:/home/albert/umov_ws/install/arduino_moveit:/home/albert/umov_ws/install/arduino_firmware:/home/albert/umov_ws/install/arduino_controller:/home/albert/unav_ws/install/turtlebot3_fake_node:/home/albert/unav_ws/install/robot_bringup:/home/albert/unav_ws/install/nav2_robot_description:/home/albert/udem2_ws/install/robot_bringup:/home/albert/udem2_ws/install/my_robot_bringup:/home/albert/udem2_ws/install/lifecycle_cpp:/home/albert/udem2_ws/install/final_project_cpp:/home/albert/udem2_ws/install/actions_cpp:/home/albert/udem2_ws/install/robot_interfaces:/home/albert/udem2_ws/install/executors_cpp:/home/albert/udem2_ws/install/components_cpp:/home/albert/udem_ws/install/my_robot_bringup:/home/albert/udem_ws/install/my_cpp_pkg:/home/albert/udem_ws/install/my_robot_interfaces:/home/albert/udem_ws/install/my_robot_description:/home/albert/udem_ws/install/lifecycle_cpp:/home/albert/bcdc_ws/install/aggiebot_cpp:/home/albert/bcdc_ws/install/aggiebot_msgs:/home/albert/bcdc_ws/install/aggiebot_description:/home/albert/bcdc_ws/install/aggiebot_controller:/home/albert/bcdc_ws/install/aggiebot_bringup:/home/albert/bcdc_ws/install/aggiebot_arm_moveit:/home/albert/bcdc_ws/install/aggiebot_arm_description:/home/albert/bcdc_ws/install/aggiebot_arm_controller:/home/albert/bcdc_ws/install/agbot_setup_moveit:/home/albert/bcdc_ws/install/agbot_cpp:/home/albert/bcdc_ws/install/agbot_msgs:/home/albert/bcdc_ws/install/agbot_moveit:/home/albert/bcdc_ws/install/agbot_description:/home/albert/bcdc_ws/install/agbot_controller:/home/albert/bcdc_ws/install/agbot_bringup:/home/albert/bcdc_ws/install/agbot_arm_controller:/home/albert/arduinobot_ws/install/arduinobot_utils:/home/albert/arduinobot_ws/install/arduinobot_remote:/home/albert/arduinobot_ws/install/arduinobot_cpp_examples:/home/albert/arduinobot_ws/install/arduinobot_msgs:/home/albert/arduinobot_ws/install/arduinobot_moveit_setup:/home/albert/arduinobot_ws/install/arduinobot_moveit:/home/albert/arduinobot_ws/install/arduinobot_description:/home/albert/arduinobot_ws/install/arduinobot_controller:/home/albert/rad_ws/install/agbot_full_nav2:/home/albert/rad_ws/install/agbot_full_msgs:/home/albert/rad_ws/install/agbot_full_moveit_setup:/home/albert/rad_ws/install/agbot_full_moveit:/home/albert/rad_ws/install/agbot_full_description:/home/albert/rad_ws/install/agbot_full_cpp:/home/albert/rad_ws/install/agbot_full_controller:/home/albert/rad_ws/install/agbot_full_cartogropher:/home/albert/dev_ws/install/my_bot:/home/albert/ag_car_ws/install/car_nav2:/home/albert/ag_car_ws/install/car_description:/home/albert/ag_car_ws/install/car_controller:/home/albert/ag_car_ws/install/car_cartographer:/home/albert/ws_moveit2/install/moveit_configs_utils:/home/albert/ws_moveit2/install/launch_param_builder:/home/albert/umov_ws/install/arduino_py_examples:/home/albert/udem2_ws/install/actions_py:/home/albert/udem2_ws/install/lifecycle_py:/home/albert/udem2_ws/install/executors_py:/home/albert/udem2_ws/install/components_py:/home/albert/udem_ws/install/turtlesim_catcher:/home/albert/udem_ws/install/my_py_pkg:/home/albert/udem_ws/install/lifecycle_py:/home/albert/bcdc_ws/install/agbot_teleop:/home/albert/bcdc_ws/install/agbot_py:/home/albert/arduinobot_ws/install/arduinobot_py_examples:/opt/ros/humble LD_LIBRARY_PATH=/home/albert/umov_ws/install/arduino_msgs/lib:/home/albert/ws_moveit2/install/pilz_industrial_motion_planner_testutils/lib:/home/albert/ws_moveit2/install/pilz_industrial_motion_planner/lib:/home/albert/ws_moveit2/install/moveit_visual_tools/lib:/home/albert/ws_moveit2/install/moveit_task_constructor_visualization/lib:/home/albert/ws_moveit2/install/moveit_task_constructor_demo/lib:/home/albert/ws_moveit2/install/moveit_task_constructor_capabilities/lib:/home/albert/ws_moveit2/install/moveit_task_constructor_core/lib:/home/albert/ws_moveit2/install/moveit_ros_control_interface/lib:/home/albert/ws_moveit2/install/moveit_simple_controller_manager/lib:/home/albert/ws_moveit2/install/moveit_setup_assistant/lib:/home/albert/ws_moveit2/install/moveit_setup_srdf_plugins/lib:/home/albert/ws_moveit2/install/moveit_setup_core_plugins/lib:/home/albert/ws_moveit2/install/moveit_setup_controllers/lib:/home/albert/ws_moveit2/install/moveit_setup_app_plugins/lib:/home/albert/ws_moveit2/install/moveit_setup_framework/lib:/home/albert/ws_moveit2/install/moveit_servo/lib:/home/albert/ws_moveit2/install/moveit_ros_visualization/lib:/home/albert/ws_moveit2/install/moveit_hybrid_planning/lib:/home/albert/ws_moveit2/install/moveit_ros_planning_interface/lib:/home/albert/ws_moveit2/install/moveit_ros_benchmarks/lib:/home/albert/ws_moveit2/install/moveit_ros_warehouse/lib:/home/albert/ws_moveit2/install/moveit_ros_robot_interaction/lib:/home/albert/ws_moveit2/install/moveit_ros_perception/lib:/home/albert/ws_moveit2/install/moveit_ros_move_group/lib:/home/albert/ws_moveit2/install/moveit_planners_ompl/lib:/home/albert/ws_moveit2/install/moveit_ros_planning/lib:/home/albert/ws_moveit2/install/moveit_ros_occupancy_map_monitor/lib:/home/albert/ws_moveit2/install/moveit_resources_prbt_ikfast_manipulator_plugin/lib:/home/albert/ws_moveit2/install/moveit_planners_chomp/lib:/home/albert/ws_moveit2/install/moveit_kinematics/lib:/home/albert/ws_moveit2/install/moveit_chomp_optimizer_adapter/lib:/home/albert/ws_moveit2/install/chomp_motion_planner/lib:/home/albert/ws_moveit2/install/moveit_core/lib:/home/albert/ws_moveit2/install/srdfdom/lib:/home/albert/ws_moveit2/install/rviz_marker_tools/lib:/home/albert/ws_moveit2/install/rosparam_shortcuts/lib:/home/albert/ws_moveit2/install/moveit_task_constructor_msgs/lib:/home/albert/umov_ws/install/arduino_remote/lib:/home/albert/umov_ws/install/arduino_cpp_examples/lib:/home/albert/umov_ws/install/arduino_controller/lib:/home/albert/udem2_ws/install/final_project_cpp/lib:/home/albert/udem2_ws/install/robot_interfaces/lib:/home/albert/udem2_ws/install/components_cpp/lib:/home/albert/udem_ws/install/my_robot_interfaces/lib:/home/albert/bcdc_ws/install/aggiebot_msgs/lib:/home/albert/bcdc_ws/install/agbot_msgs/lib:/home/albert/arduinobot_ws/install/arduinobot_remote/lib:/home/albert/arduinobot_ws/install/arduinobot_cpp_examples/lib:/home/albert/arduinobot_ws/install/arduinobot_msgs/lib:/usr/lib/x86_64-linux-gnu/gazebo-11/plugins:/opt/ros/humble/opt/rviz_ogre_vendor/lib:/opt/ros/humble/lib/x86_64-linux-gnu:/opt/ros/humble/lib:/usr/share/gazebo/../../lib/x86_64-linux-gnu/gazebo-11/plugins /home/albert/.local/bin/cmake /home/albert/umov_ws/src/arduino_utils -DCMAKE_INSTALL_PREFIX=/home/albert/umov_ws/install/arduino_utils
[26.925s] DEBUG:colcon.colcon_core.event_handler.log_command:Invoking command in '/home/albert/umov_ws/build/arduino_utils': CMAKE_PREFIX_PATH=/home/albert/umov_ws/install/arduino_msgs:/home/albert/ag_arm_ws/install/arm_setup_moveit:/home/albert/ag_arm_ws/install/arm_moveit:/home/albert/ag_arm_ws/install/arm_description:/home/albert/ag_arm_ws/install/arm_cpp:/home/albert/ag_arm_ws/install/arm_controller:/home/albert/ws_moveit2/install/pilz_industrial_motion_planner_testutils:/home/albert/ws_moveit2/install/moveit_runtime:/home/albert/ws_moveit2/install/moveit2_tutorials:/home/albert/ws_moveit2/install/moveit:/home/albert/ws_moveit2/install/moveit_planners:/home/albert/ws_moveit2/install/pilz_industrial_motion_planner:/home/albert/ws_moveit2/install/moveit_visual_tools:/home/albert/ws_moveit2/install/moveit_task_constructor_visualization:/home/albert/ws_moveit2/install/moveit_task_constructor_demo:/home/albert/ws_moveit2/install/moveit_task_constructor_capabilities:/home/albert/ws_moveit2/install/moveit_task_constructor_core:/home/albert/ws_moveit2/install/moveit_ros_control_interface:/home/albert/ws_moveit2/install/moveit_plugins:/home/albert/ws_moveit2/install/moveit_simple_controller_manager:/home/albert/ws_moveit2/install/moveit_setup_assistant:/home/albert/ws_moveit2/install/moveit_setup_srdf_plugins:/home/albert/ws_moveit2/install/moveit_setup_core_plugins:/home/albert/ws_moveit2/install/moveit_setup_controllers:/home/albert/ws_moveit2/install/moveit_setup_app_plugins:/home/albert/ws_moveit2/install/moveit_setup_framework:/home/albert/ws_moveit2/install/moveit_servo:/home/albert/ws_moveit2/install/moveit_ros:/home/albert/ws_moveit2/install/moveit_ros_visualization:/home/albert/ws_moveit2/install/moveit_hybrid_planning:/home/albert/ws_moveit2/install/moveit_ros_planning_interface:/home/albert/ws_moveit2/install/moveit_ros_benchmarks:/home/albert/ws_moveit2/install/moveit_ros_warehouse:/home/albert/ws_moveit2/install/moveit_ros_robot_interaction:/home/albert/ws_moveit2/install/moveit_ros_perception:/home/albert/ws_moveit2/install/moveit_resources_prbt_pg70_support:/home/albert/ws_moveit2/install/moveit_resources_prbt_moveit_config:/home/albert/ws_moveit2/install/moveit_ros_move_group:/home/albert/ws_moveit2/install/moveit_planners_ompl:/home/albert/ws_moveit2/install/moveit_ros_planning:/home/albert/ws_moveit2/install/moveit_ros_occupancy_map_monitor:/home/albert/ws_moveit2/install/moveit_resources_prbt_ikfast_manipulator_plugin:/home/albert/ws_moveit2/install/moveit_planners_chomp:/home/albert/ws_moveit2/install/moveit_kinematics:/home/albert/ws_moveit2/install/moveit_chomp_optimizer_adapter:/home/albert/ws_moveit2/install/chomp_motion_planner:/home/albert/ws_moveit2/install/moveit_core:/home/albert/ws_moveit2/install/srdfdom:/home/albert/ws_moveit2/install/rviz_marker_tools:/home/albert/ws_moveit2/install/rosparam_shortcuts:/home/albert/ws_moveit2/install/moveit_task_constructor_msgs:/home/albert/ws_moveit2/install/moveit_resources_prbt_support:/home/albert/ws_moveit2/install/moveit_resources:/home/albert/ws_moveit2/install/moveit_resources_pr2_description:/home/albert/ws_moveit2/install/moveit_resources_panda_moveit_config:/home/albert/ws_moveit2/install/moveit_resources_panda_description:/home/albert/ws_moveit2/install/moveit_resources_fanuc_moveit_config:/home/albert/ws_moveit2/install/moveit_resources_fanuc_description:/home/albert/ws_moveit2/install/moveit_common:/home/albert/umov_ws/install/moveitassistant:/home/albert/umov_ws/install/description:/home/albert/umov_ws/install/arduinobot_bringup:/home/albert/umov_ws/install/arduino_utils:/home/albert/umov_ws/install/arduino_remote:/home/albert/umov_ws/install/arduino_cpp_examples:/home/albert/umov_ws/install/arduino_moveit:/home/albert/umov_ws/install/arduino_firmware:/home/albert/umov_ws/install/arduino_controller:/home/albert/unav_ws/install/turtlebot3_fake_node:/home/albert/unav_ws/install/robot_bringup:/home/albert/unav_ws/install/nav2_robot_description:/home/albert/udem2_ws/install/robot_bringup:/home/albert/udem2_ws/install/my_robot_bringup:/home/albert/udem2_ws/install/lifecycle_cpp:/home/albert/udem2_ws/install/final_project_cpp:/home/albert/udem2_ws/install/actions_cpp:/home/albert/udem2_ws/install/robot_interfaces:/home/albert/udem2_ws/install/executors_cpp:/home/albert/udem2_ws/install/components_cpp:/home/albert/udem_ws/install/my_robot_bringup:/home/albert/udem_ws/install/my_cpp_pkg:/home/albert/udem_ws/install/my_robot_interfaces:/home/albert/udem_ws/install/my_robot_description:/home/albert/udem_ws/install/lifecycle_cpp:/home/albert/bcdc_ws/install/aggiebot_cpp:/home/albert/bcdc_ws/install/aggiebot_msgs:/home/albert/bcdc_ws/install/aggiebot_description:/home/albert/bcdc_ws/install/aggiebot_controller:/home/albert/bcdc_ws/install/aggiebot_bringup:/home/albert/bcdc_ws/install/aggiebot_arm_moveit:/home/albert/bcdc_ws/install/aggiebot_arm_description:/home/albert/bcdc_ws/install/aggiebot_arm_controller:/home/albert/bcdc_ws/install/agbot_setup_moveit:/home/albert/bcdc_ws/install/agbot_cpp:/home/albert/bcdc_ws/install/agbot_msgs:/home/albert/bcdc_ws/install/agbot_moveit:/home/albert/bcdc_ws/install/agbot_description:/home/albert/bcdc_ws/install/agbot_controller:/home/albert/bcdc_ws/install/agbot_bringup:/home/albert/bcdc_ws/install/agbot_arm_controller:/home/albert/arduinobot_ws/install/arduinobot_utils:/home/albert/arduinobot_ws/install/arduinobot_remote:/home/albert/arduinobot_ws/install/arduinobot_cpp_examples:/home/albert/arduinobot_ws/install/arduinobot_msgs:/home/albert/arduinobot_ws/install/arduinobot_moveit_setup:/home/albert/arduinobot_ws/install/arduinobot_moveit:/home/albert/arduinobot_ws/install/arduinobot_description:/home/albert/arduinobot_ws/install/arduinobot_controller:/home/albert/rad_ws/install/agbot_full_nav2:/home/albert/rad_ws/install/agbot_full_msgs:/home/albert/rad_ws/install/agbot_full_moveit_setup:/home/albert/rad_ws/install/agbot_full_moveit:/home/albert/rad_ws/install/agbot_full_description:/home/albert/rad_ws/install/agbot_full_cpp:/home/albert/rad_ws/install/agbot_full_controller:/home/albert/rad_ws/install/agbot_full_cartogropher:/home/albert/dev_ws/install/my_bot:/home/albert/ag_car_ws/install/car_nav2:/home/albert/ag_car_ws/install/car_description:/home/albert/ag_car_ws/install/car_controller:/home/albert/ag_car_ws/install/car_cartographer:/home/albert/ws_moveit2/install/moveit_configs_utils:/home/albert/ws_moveit2/install/launch_param_builder:/home/albert/umov_ws/install/arduino_py_examples:/home/albert/udem2_ws/install/actions_py:/home/albert/udem2_ws/install/lifecycle_py:/home/albert/udem2_ws/install/executors_py:/home/albert/udem2_ws/install/components_py:/home/albert/udem_ws/install/turtlesim_catcher:/home/albert/udem_ws/install/my_py_pkg:/home/albert/udem_ws/install/lifecycle_py:/home/albert/bcdc_ws/install/agbot_teleop:/home/albert/bcdc_ws/install/agbot_py:/home/albert/arduinobot_ws/install/arduinobot_py_examples:/opt/ros/humble LD_LIBRARY_PATH=/home/albert/umov_ws/install/arduino_msgs/lib:/home/albert/ws_moveit2/install/pilz_industrial_motion_planner_testutils/lib:/home/albert/ws_moveit2/install/pilz_industrial_motion_planner/lib:/home/albert/ws_moveit2/install/moveit_visual_tools/lib:/home/albert/ws_moveit2/install/moveit_task_constructor_visualization/lib:/home/albert/ws_moveit2/install/moveit_task_constructor_demo/lib:/home/albert/ws_moveit2/install/moveit_task_constructor_capabilities/lib:/home/albert/ws_moveit2/install/moveit_task_constructor_core/lib:/home/albert/ws_moveit2/install/moveit_ros_control_interface/lib:/home/albert/ws_moveit2/install/moveit_simple_controller_manager/lib:/home/albert/ws_moveit2/install/moveit_setup_assistant/lib:/home/albert/ws_moveit2/install/moveit_setup_srdf_plugins/lib:/home/albert/ws_moveit2/install/moveit_setup_core_plugins/lib:/home/albert/ws_moveit2/install/moveit_setup_controllers/lib:/home/albert/ws_moveit2/install/moveit_setup_app_plugins/lib:/home/albert/ws_moveit2/install/moveit_setup_framework/lib:/home/albert/ws_moveit2/install/moveit_servo/lib:/home/albert/ws_moveit2/install/moveit_ros_visualization/lib:/home/albert/ws_moveit2/install/moveit_hybrid_planning/lib:/home/albert/ws_moveit2/install/moveit_ros_planning_interface/lib:/home/albert/ws_moveit2/install/moveit_ros_benchmarks/lib:/home/albert/ws_moveit2/install/moveit_ros_warehouse/lib:/home/albert/ws_moveit2/install/moveit_ros_robot_interaction/lib:/home/albert/ws_moveit2/install/moveit_ros_perception/lib:/home/albert/ws_moveit2/install/moveit_ros_move_group/lib:/home/albert/ws_moveit2/install/moveit_planners_ompl/lib:/home/albert/ws_moveit2/install/moveit_ros_planning/lib:/home/albert/ws_moveit2/install/moveit_ros_occupancy_map_monitor/lib:/home/albert/ws_moveit2/install/moveit_resources_prbt_ikfast_manipulator_plugin/lib:/home/albert/ws_moveit2/install/moveit_planners_chomp/lib:/home/albert/ws_moveit2/install/moveit_kinematics/lib:/home/albert/ws_moveit2/install/moveit_chomp_optimizer_adapter/lib:/home/albert/ws_moveit2/install/chomp_motion_planner/lib:/home/albert/ws_moveit2/install/moveit_core/lib:/home/albert/ws_moveit2/install/srdfdom/lib:/home/albert/ws_moveit2/install/rviz_marker_tools/lib:/home/albert/ws_moveit2/install/rosparam_shortcuts/lib:/home/albert/ws_moveit2/install/moveit_task_constructor_msgs/lib:/home/albert/umov_ws/install/arduino_remote/lib:/home/albert/umov_ws/install/arduino_cpp_examples/lib:/home/albert/umov_ws/install/arduino_controller/lib:/home/albert/udem2_ws/install/final_project_cpp/lib:/home/albert/udem2_ws/install/robot_interfaces/lib:/home/albert/udem2_ws/install/components_cpp/lib:/home/albert/udem_ws/install/my_robot_interfaces/lib:/home/albert/bcdc_ws/install/aggiebot_msgs/lib:/home/albert/bcdc_ws/install/agbot_msgs/lib:/home/albert/arduinobot_ws/install/arduinobot_remote/lib:/home/albert/arduinobot_ws/install/arduinobot_cpp_examples/lib:/home/albert/arduinobot_ws/install/arduinobot_msgs/lib:/usr/lib/x86_64-linux-gnu/gazebo-11/plugins:/opt/ros/humble/opt/rviz_ogre_vendor/lib:/opt/ros/humble/lib/x86_64-linux-gnu:/opt/ros/humble/lib:/usr/share/gazebo/../../lib/x86_64-linux-gnu/gazebo-11/plugins /home/albert/.local/bin/cmake --build /home/albert/umov_ws/build/arduino_utils -- -j8 -l8
[30.405s] DEBUG:colcon.colcon_core.event_handler.log_command:Invoked command in '/home/albert/umov_ws/build/arduino_cpp_examples' returned '0': CMAKE_PREFIX_PATH=/home/albert/umov_ws/install/arduino_msgs:/home/albert/ag_arm_ws/install/arm_setup_moveit:/home/albert/ag_arm_ws/install/arm_moveit:/home/albert/ag_arm_ws/install/arm_description:/home/albert/ag_arm_ws/install/arm_cpp:/home/albert/ag_arm_ws/install/arm_controller:/home/albert/ws_moveit2/install/pilz_industrial_motion_planner_testutils:/home/albert/ws_moveit2/install/moveit_runtime:/home/albert/ws_moveit2/install/moveit2_tutorials:/home/albert/ws_moveit2/install/moveit:/home/albert/ws_moveit2/install/moveit_planners:/home/albert/ws_moveit2/install/pilz_industrial_motion_planner:/home/albert/ws_moveit2/install/moveit_visual_tools:/home/albert/ws_moveit2/install/moveit_task_constructor_visualization:/home/albert/ws_moveit2/install/moveit_task_constructor_demo:/home/albert/ws_moveit2/install/moveit_task_constructor_capabilities:/home/albert/ws_moveit2/install/moveit_task_constructor_core:/home/albert/ws_moveit2/install/moveit_ros_control_interface:/home/albert/ws_moveit2/install/moveit_plugins:/home/albert/ws_moveit2/install/moveit_simple_controller_manager:/home/albert/ws_moveit2/install/moveit_setup_assistant:/home/albert/ws_moveit2/install/moveit_setup_srdf_plugins:/home/albert/ws_moveit2/install/moveit_setup_core_plugins:/home/albert/ws_moveit2/install/moveit_setup_controllers:/home/albert/ws_moveit2/install/moveit_setup_app_plugins:/home/albert/ws_moveit2/install/moveit_setup_framework:/home/albert/ws_moveit2/install/moveit_servo:/home/albert/ws_moveit2/install/moveit_ros:/home/albert/ws_moveit2/install/moveit_ros_visualization:/home/albert/ws_moveit2/install/moveit_hybrid_planning:/home/albert/ws_moveit2/install/moveit_ros_planning_interface:/home/albert/ws_moveit2/install/moveit_ros_benchmarks:/home/albert/ws_moveit2/install/moveit_ros_warehouse:/home/albert/ws_moveit2/install/moveit_ros_robot_interaction:/home/albert/ws_moveit2/install/moveit_ros_perception:/home/albert/ws_moveit2/install/moveit_resources_prbt_pg70_support:/home/albert/ws_moveit2/install/moveit_resources_prbt_moveit_config:/home/albert/ws_moveit2/install/moveit_ros_move_group:/home/albert/ws_moveit2/install/moveit_planners_ompl:/home/albert/ws_moveit2/install/moveit_ros_planning:/home/albert/ws_moveit2/install/moveit_ros_occupancy_map_monitor:/home/albert/ws_moveit2/install/moveit_resources_prbt_ikfast_manipulator_plugin:/home/albert/ws_moveit2/install/moveit_planners_chomp:/home/albert/ws_moveit2/install/moveit_kinematics:/home/albert/ws_moveit2/install/moveit_chomp_optimizer_adapter:/home/albert/ws_moveit2/install/chomp_motion_planner:/home/albert/ws_moveit2/install/moveit_core:/home/albert/ws_moveit2/install/srdfdom:/home/albert/ws_moveit2/install/rviz_marker_tools:/home/albert/ws_moveit2/install/rosparam_shortcuts:/home/albert/ws_moveit2/install/moveit_task_constructor_msgs:/home/albert/ws_moveit2/install/moveit_resources_prbt_support:/home/albert/ws_moveit2/install/moveit_resources:/home/albert/ws_moveit2/install/moveit_resources_pr2_description:/home/albert/ws_moveit2/install/moveit_resources_panda_moveit_config:/home/albert/ws_moveit2/install/moveit_resources_panda_description:/home/albert/ws_moveit2/install/moveit_resources_fanuc_moveit_config:/home/albert/ws_moveit2/install/moveit_resources_fanuc_description:/home/albert/ws_moveit2/install/moveit_common:/home/albert/umov_ws/install/moveitassistant:/home/albert/umov_ws/install/description:/home/albert/umov_ws/install/arduinobot_bringup:/home/albert/umov_ws/install/arduino_utils:/home/albert/umov_ws/install/arduino_remote:/home/albert/umov_ws/install/arduino_cpp_examples:/home/albert/umov_ws/install/arduino_moveit:/home/albert/umov_ws/install/arduino_firmware:/home/albert/umov_ws/install/arduino_controller:/home/albert/unav_ws/install/turtlebot3_fake_node:/home/albert/unav_ws/install/robot_bringup:/home/albert/unav_ws/install/nav2_robot_description:/home/albert/udem2_ws/install/robot_bringup:/home/albert/udem2_ws/install/my_robot_bringup:/home/albert/udem2_ws/install/lifecycle_cpp:/home/albert/udem2_ws/install/final_project_cpp:/home/albert/udem2_ws/install/actions_cpp:/home/albert/udem2_ws/install/robot_interfaces:/home/albert/udem2_ws/install/executors_cpp:/home/albert/udem2_ws/install/components_cpp:/home/albert/udem_ws/install/my_robot_bringup:/home/albert/udem_ws/install/my_cpp_pkg:/home/albert/udem_ws/install/my_robot_interfaces:/home/albert/udem_ws/install/my_robot_description:/home/albert/udem_ws/install/lifecycle_cpp:/home/albert/bcdc_ws/install/aggiebot_cpp:/home/albert/bcdc_ws/install/aggiebot_msgs:/home/albert/bcdc_ws/install/aggiebot_description:/home/albert/bcdc_ws/install/aggiebot_controller:/home/albert/bcdc_ws/install/aggiebot_bringup:/home/albert/bcdc_ws/install/aggiebot_arm_moveit:/home/albert/bcdc_ws/install/aggiebot_arm_description:/home/albert/bcdc_ws/install/aggiebot_arm_controller:/home/albert/bcdc_ws/install/agbot_setup_moveit:/home/albert/bcdc_ws/install/agbot_cpp:/home/albert/bcdc_ws/install/agbot_msgs:/home/albert/bcdc_ws/install/agbot_moveit:/home/albert/bcdc_ws/install/agbot_description:/home/albert/bcdc_ws/install/agbot_controller:/home/albert/bcdc_ws/install/agbot_bringup:/home/albert/bcdc_ws/install/agbot_arm_controller:/home/albert/arduinobot_ws/install/arduinobot_utils:/home/albert/arduinobot_ws/install/arduinobot_remote:/home/albert/arduinobot_ws/install/arduinobot_cpp_examples:/home/albert/arduinobot_ws/install/arduinobot_msgs:/home/albert/arduinobot_ws/install/arduinobot_moveit_setup:/home/albert/arduinobot_ws/install/arduinobot_moveit:/home/albert/arduinobot_ws/install/arduinobot_description:/home/albert/arduinobot_ws/install/arduinobot_controller:/home/albert/rad_ws/install/agbot_full_nav2:/home/albert/rad_ws/install/agbot_full_msgs:/home/albert/rad_ws/install/agbot_full_moveit_setup:/home/albert/rad_ws/install/agbot_full_moveit:/home/albert/rad_ws/install/agbot_full_description:/home/albert/rad_ws/install/agbot_full_cpp:/home/albert/rad_ws/install/agbot_full_controller:/home/albert/rad_ws/install/agbot_full_cartogropher:/home/albert/dev_ws/install/my_bot:/home/albert/ag_car_ws/install/car_nav2:/home/albert/ag_car_ws/install/car_description:/home/albert/ag_car_ws/install/car_controller:/home/albert/ag_car_ws/install/car_cartographer:/home/albert/ws_moveit2/install/moveit_configs_utils:/home/albert/ws_moveit2/install/launch_param_builder:/home/albert/umov_ws/install/arduino_py_examples:/home/albert/udem2_ws/install/actions_py:/home/albert/udem2_ws/install/lifecycle_py:/home/albert/udem2_ws/install/executors_py:/home/albert/udem2_ws/install/components_py:/home/albert/udem_ws/install/turtlesim_catcher:/home/albert/udem_ws/install/my_py_pkg:/home/albert/udem_ws/install/lifecycle_py:/home/albert/bcdc_ws/install/agbot_teleop:/home/albert/bcdc_ws/install/agbot_py:/home/albert/arduinobot_ws/install/arduinobot_py_examples:/opt/ros/humble LD_LIBRARY_PATH=/home/albert/umov_ws/install/arduino_msgs/lib:/home/albert/ws_moveit2/install/pilz_industrial_motion_planner_testutils/lib:/home/albert/ws_moveit2/install/pilz_industrial_motion_planner/lib:/home/albert/ws_moveit2/install/moveit_visual_tools/lib:/home/albert/ws_moveit2/install/moveit_task_constructor_visualization/lib:/home/albert/ws_moveit2/install/moveit_task_constructor_demo/lib:/home/albert/ws_moveit2/install/moveit_task_constructor_capabilities/lib:/home/albert/ws_moveit2/install/moveit_task_constructor_core/lib:/home/albert/ws_moveit2/install/moveit_ros_control_interface/lib:/home/albert/ws_moveit2/install/moveit_simple_controller_manager/lib:/home/albert/ws_moveit2/install/moveit_setup_assistant/lib:/home/albert/ws_moveit2/install/moveit_setup_srdf_plugins/lib:/home/albert/ws_moveit2/install/moveit_setup_core_plugins/lib:/home/albert/ws_moveit2/install/moveit_setup_controllers/lib:/home/albert/ws_moveit2/install/moveit_setup_app_plugins/lib:/home/albert/ws_moveit2/install/moveit_setup_framework/lib:/home/albert/ws_moveit2/install/moveit_servo/lib:/home/albert/ws_moveit2/install/moveit_ros_visualization/lib:/home/albert/ws_moveit2/install/moveit_hybrid_planning/lib:/home/albert/ws_moveit2/install/moveit_ros_planning_interface/lib:/home/albert/ws_moveit2/install/moveit_ros_benchmarks/lib:/home/albert/ws_moveit2/install/moveit_ros_warehouse/lib:/home/albert/ws_moveit2/install/moveit_ros_robot_interaction/lib:/home/albert/ws_moveit2/install/moveit_ros_perception/lib:/home/albert/ws_moveit2/install/moveit_ros_move_group/lib:/home/albert/ws_moveit2/install/moveit_planners_ompl/lib:/home/albert/ws_moveit2/install/moveit_ros_planning/lib:/home/albert/ws_moveit2/install/moveit_ros_occupancy_map_monitor/lib:/home/albert/ws_moveit2/install/moveit_resources_prbt_ikfast_manipulator_plugin/lib:/home/albert/ws_moveit2/install/moveit_planners_chomp/lib:/home/albert/ws_moveit2/install/moveit_kinematics/lib:/home/albert/ws_moveit2/install/moveit_chomp_optimizer_adapter/lib:/home/albert/ws_moveit2/install/chomp_motion_planner/lib:/home/albert/ws_moveit2/install/moveit_core/lib:/home/albert/ws_moveit2/install/srdfdom/lib:/home/albert/ws_moveit2/install/rviz_marker_tools/lib:/home/albert/ws_moveit2/install/rosparam_shortcuts/lib:/home/albert/ws_moveit2/install/moveit_task_constructor_msgs/lib:/home/albert/umov_ws/install/arduino_remote/lib:/home/albert/umov_ws/install/arduino_cpp_examples/lib:/home/albert/umov_ws/install/arduino_controller/lib:/home/albert/udem2_ws/install/final_project_cpp/lib:/home/albert/udem2_ws/install/robot_interfaces/lib:/home/albert/udem2_ws/install/components_cpp/lib:/home/albert/udem_ws/install/my_robot_interfaces/lib:/home/albert/bcdc_ws/install/aggiebot_msgs/lib:/home/albert/bcdc_ws/install/agbot_msgs/lib:/home/albert/arduinobot_ws/install/arduinobot_remote/lib:/home/albert/arduinobot_ws/install/arduinobot_cpp_examples/lib:/home/albert/arduinobot_ws/install/arduinobot_msgs/lib:/usr/lib/x86_64-linux-gnu/gazebo-11/plugins:/opt/ros/humble/opt/rviz_ogre_vendor/lib:/opt/ros/humble/lib/x86_64-linux-gnu:/opt/ros/humble/lib:/usr/share/gazebo/../../lib/x86_64-linux-gnu/gazebo-11/plugins /home/albert/.local/bin/cmake /home/albert/umov_ws/src/arduino_cpp_examples -DCMAKE_INSTALL_PREFIX=/home/albert/umov_ws/install/arduino_cpp_examples
[30.408s] DEBUG:colcon.colcon_core.event_handler.log_command:Invoking command in '/home/albert/umov_ws/build/arduino_cpp_examples': CMAKE_PREFIX_PATH=/home/albert/umov_ws/install/arduino_msgs:/home/albert/ag_arm_ws/install/arm_setup_moveit:/home/albert/ag_arm_ws/install/arm_moveit:/home/albert/ag_arm_ws/install/arm_description:/home/albert/ag_arm_ws/install/arm_cpp:/home/albert/ag_arm_ws/install/arm_controller:/home/albert/ws_moveit2/install/pilz_industrial_motion_planner_testutils:/home/albert/ws_moveit2/install/moveit_runtime:/home/albert/ws_moveit2/install/moveit2_tutorials:/home/albert/ws_moveit2/install/moveit:/home/albert/ws_moveit2/install/moveit_planners:/home/albert/ws_moveit2/install/pilz_industrial_motion_planner:/home/albert/ws_moveit2/install/moveit_visual_tools:/home/albert/ws_moveit2/install/moveit_task_constructor_visualization:/home/albert/ws_moveit2/install/moveit_task_constructor_demo:/home/albert/ws_moveit2/install/moveit_task_constructor_capabilities:/home/albert/ws_moveit2/install/moveit_task_constructor_core:/home/albert/ws_moveit2/install/moveit_ros_control_interface:/home/albert/ws_moveit2/install/moveit_plugins:/home/albert/ws_moveit2/install/moveit_simple_controller_manager:/home/albert/ws_moveit2/install/moveit_setup_assistant:/home/albert/ws_moveit2/install/moveit_setup_srdf_plugins:/home/albert/ws_moveit2/install/moveit_setup_core_plugins:/home/albert/ws_moveit2/install/moveit_setup_controllers:/home/albert/ws_moveit2/install/moveit_setup_app_plugins:/home/albert/ws_moveit2/install/moveit_setup_framework:/home/albert/ws_moveit2/install/moveit_servo:/home/albert/ws_moveit2/install/moveit_ros:/home/albert/ws_moveit2/install/moveit_ros_visualization:/home/albert/ws_moveit2/install/moveit_hybrid_planning:/home/albert/ws_moveit2/install/moveit_ros_planning_interface:/home/albert/ws_moveit2/install/moveit_ros_benchmarks:/home/albert/ws_moveit2/install/moveit_ros_warehouse:/home/albert/ws_moveit2/install/moveit_ros_robot_interaction:/home/albert/ws_moveit2/install/moveit_ros_perception:/home/albert/ws_moveit2/install/moveit_resources_prbt_pg70_support:/home/albert/ws_moveit2/install/moveit_resources_prbt_moveit_config:/home/albert/ws_moveit2/install/moveit_ros_move_group:/home/albert/ws_moveit2/install/moveit_planners_ompl:/home/albert/ws_moveit2/install/moveit_ros_planning:/home/albert/ws_moveit2/install/moveit_ros_occupancy_map_monitor:/home/albert/ws_moveit2/install/moveit_resources_prbt_ikfast_manipulator_plugin:/home/albert/ws_moveit2/install/moveit_planners_chomp:/home/albert/ws_moveit2/install/moveit_kinematics:/home/albert/ws_moveit2/install/moveit_chomp_optimizer_adapter:/home/albert/ws_moveit2/install/chomp_motion_planner:/home/albert/ws_moveit2/install/moveit_core:/home/albert/ws_moveit2/install/srdfdom:/home/albert/ws_moveit2/install/rviz_marker_tools:/home/albert/ws_moveit2/install/rosparam_shortcuts:/home/albert/ws_moveit2/install/moveit_task_constructor_msgs:/home/albert/ws_moveit2/install/moveit_resources_prbt_support:/home/albert/ws_moveit2/install/moveit_resources:/home/albert/ws_moveit2/install/moveit_resources_pr2_description:/home/albert/ws_moveit2/install/moveit_resources_panda_moveit_config:/home/albert/ws_moveit2/install/moveit_resources_panda_description:/home/albert/ws_moveit2/install/moveit_resources_fanuc_moveit_config:/home/albert/ws_moveit2/install/moveit_resources_fanuc_description:/home/albert/ws_moveit2/install/moveit_common:/home/albert/umov_ws/install/moveitassistant:/home/albert/umov_ws/install/description:/home/albert/umov_ws/install/arduinobot_bringup:/home/albert/umov_ws/install/arduino_utils:/home/albert/umov_ws/install/arduino_remote:/home/albert/umov_ws/install/arduino_cpp_examples:/home/albert/umov_ws/install/arduino_moveit:/home/albert/umov_ws/install/arduino_firmware:/home/albert/umov_ws/install/arduino_controller:/home/albert/unav_ws/install/turtlebot3_fake_node:/home/albert/unav_ws/install/robot_bringup:/home/albert/unav_ws/install/nav2_robot_description:/home/albert/udem2_ws/install/robot_bringup:/home/albert/udem2_ws/install/my_robot_bringup:/home/albert/udem2_ws/install/lifecycle_cpp:/home/albert/udem2_ws/install/final_project_cpp:/home/albert/udem2_ws/install/actions_cpp:/home/albert/udem2_ws/install/robot_interfaces:/home/albert/udem2_ws/install/executors_cpp:/home/albert/udem2_ws/install/components_cpp:/home/albert/udem_ws/install/my_robot_bringup:/home/albert/udem_ws/install/my_cpp_pkg:/home/albert/udem_ws/install/my_robot_interfaces:/home/albert/udem_ws/install/my_robot_description:/home/albert/udem_ws/install/lifecycle_cpp:/home/albert/bcdc_ws/install/aggiebot_cpp:/home/albert/bcdc_ws/install/aggiebot_msgs:/home/albert/bcdc_ws/install/aggiebot_description:/home/albert/bcdc_ws/install/aggiebot_controller:/home/albert/bcdc_ws/install/aggiebot_bringup:/home/albert/bcdc_ws/install/aggiebot_arm_moveit:/home/albert/bcdc_ws/install/aggiebot_arm_description:/home/albert/bcdc_ws/install/aggiebot_arm_controller:/home/albert/bcdc_ws/install/agbot_setup_moveit:/home/albert/bcdc_ws/install/agbot_cpp:/home/albert/bcdc_ws/install/agbot_msgs:/home/albert/bcdc_ws/install/agbot_moveit:/home/albert/bcdc_ws/install/agbot_description:/home/albert/bcdc_ws/install/agbot_controller:/home/albert/bcdc_ws/install/agbot_bringup:/home/albert/bcdc_ws/install/agbot_arm_controller:/home/albert/arduinobot_ws/install/arduinobot_utils:/home/albert/arduinobot_ws/install/arduinobot_remote:/home/albert/arduinobot_ws/install/arduinobot_cpp_examples:/home/albert/arduinobot_ws/install/arduinobot_msgs:/home/albert/arduinobot_ws/install/arduinobot_moveit_setup:/home/albert/arduinobot_ws/install/arduinobot_moveit:/home/albert/arduinobot_ws/install/arduinobot_description:/home/albert/arduinobot_ws/install/arduinobot_controller:/home/albert/rad_ws/install/agbot_full_nav2:/home/albert/rad_ws/install/agbot_full_msgs:/home/albert/rad_ws/install/agbot_full_moveit_setup:/home/albert/rad_ws/install/agbot_full_moveit:/home/albert/rad_ws/install/agbot_full_description:/home/albert/rad_ws/install/agbot_full_cpp:/home/albert/rad_ws/install/agbot_full_controller:/home/albert/rad_ws/install/agbot_full_cartogropher:/home/albert/dev_ws/install/my_bot:/home/albert/ag_car_ws/install/car_nav2:/home/albert/ag_car_ws/install/car_description:/home/albert/ag_car_ws/install/car_controller:/home/albert/ag_car_ws/install/car_cartographer:/home/albert/ws_moveit2/install/moveit_configs_utils:/home/albert/ws_moveit2/install/launch_param_builder:/home/albert/umov_ws/install/arduino_py_examples:/home/albert/udem2_ws/install/actions_py:/home/albert/udem2_ws/install/lifecycle_py:/home/albert/udem2_ws/install/executors_py:/home/albert/udem2_ws/install/components_py:/home/albert/udem_ws/install/turtlesim_catcher:/home/albert/udem_ws/install/my_py_pkg:/home/albert/udem_ws/install/lifecycle_py:/home/albert/bcdc_ws/install/agbot_teleop:/home/albert/bcdc_ws/install/agbot_py:/home/albert/arduinobot_ws/install/arduinobot_py_examples:/opt/ros/humble LD_LIBRARY_PATH=/home/albert/umov_ws/install/arduino_msgs/lib:/home/albert/ws_moveit2/install/pilz_industrial_motion_planner_testutils/lib:/home/albert/ws_moveit2/install/pilz_industrial_motion_planner/lib:/home/albert/ws_moveit2/install/moveit_visual_tools/lib:/home/albert/ws_moveit2/install/moveit_task_constructor_visualization/lib:/home/albert/ws_moveit2/install/moveit_task_constructor_demo/lib:/home/albert/ws_moveit2/install/moveit_task_constructor_capabilities/lib:/home/albert/ws_moveit2/install/moveit_task_constructor_core/lib:/home/albert/ws_moveit2/install/moveit_ros_control_interface/lib:/home/albert/ws_moveit2/install/moveit_simple_controller_manager/lib:/home/albert/ws_moveit2/install/moveit_setup_assistant/lib:/home/albert/ws_moveit2/install/moveit_setup_srdf_plugins/lib:/home/albert/ws_moveit2/install/moveit_setup_core_plugins/lib:/home/albert/ws_moveit2/install/moveit_setup_controllers/lib:/home/albert/ws_moveit2/install/moveit_setup_app_plugins/lib:/home/albert/ws_moveit2/install/moveit_setup_framework/lib:/home/albert/ws_moveit2/install/moveit_servo/lib:/home/albert/ws_moveit2/install/moveit_ros_visualization/lib:/home/albert/ws_moveit2/install/moveit_hybrid_planning/lib:/home/albert/ws_moveit2/install/moveit_ros_planning_interface/lib:/home/albert/ws_moveit2/install/moveit_ros_benchmarks/lib:/home/albert/ws_moveit2/install/moveit_ros_warehouse/lib:/home/albert/ws_moveit2/install/moveit_ros_robot_interaction/lib:/home/albert/ws_moveit2/install/moveit_ros_perception/lib:/home/albert/ws_moveit2/install/moveit_ros_move_group/lib:/home/albert/ws_moveit2/install/moveit_planners_ompl/lib:/home/albert/ws_moveit2/install/moveit_ros_planning/lib:/home/albert/ws_moveit2/install/moveit_ros_occupancy_map_monitor/lib:/home/albert/ws_moveit2/install/moveit_resources_prbt_ikfast_manipulator_plugin/lib:/home/albert/ws_moveit2/install/moveit_planners_chomp/lib:/home/albert/ws_moveit2/install/moveit_kinematics/lib:/home/albert/ws_moveit2/install/moveit_chomp_optimizer_adapter/lib:/home/albert/ws_moveit2/install/chomp_motion_planner/lib:/home/albert/ws_moveit2/install/moveit_core/lib:/home/albert/ws_moveit2/install/srdfdom/lib:/home/albert/ws_moveit2/install/rviz_marker_tools/lib:/home/albert/ws_moveit2/install/rosparam_shortcuts/lib:/home/albert/ws_moveit2/install/moveit_task_constructor_msgs/lib:/home/albert/umov_ws/install/arduino_remote/lib:/home/albert/umov_ws/install/arduino_cpp_examples/lib:/home/albert/umov_ws/install/arduino_controller/lib:/home/albert/udem2_ws/install/final_project_cpp/lib:/home/albert/udem2_ws/install/robot_interfaces/lib:/home/albert/udem2_ws/install/components_cpp/lib:/home/albert/udem_ws/install/my_robot_interfaces/lib:/home/albert/bcdc_ws/install/aggiebot_msgs/lib:/home/albert/bcdc_ws/install/agbot_msgs/lib:/home/albert/arduinobot_ws/install/arduinobot_remote/lib:/home/albert/arduinobot_ws/install/arduinobot_cpp_examples/lib:/home/albert/arduinobot_ws/install/arduinobot_msgs/lib:/usr/lib/x86_64-linux-gnu/gazebo-11/plugins:/opt/ros/humble/opt/rviz_ogre_vendor/lib:/opt/ros/humble/lib/x86_64-linux-gnu:/opt/ros/humble/lib:/usr/share/gazebo/../../lib/x86_64-linux-gnu/gazebo-11/plugins /home/albert/.local/bin/cmake --build /home/albert/umov_ws/build/arduino_cpp_examples -- -j8 -l8
[30.676s] DEBUG:colcon.colcon_core.event_handler.log_command:Invoked command in '/home/albert/umov_ws/build/arduino_remote' returned '0': CMAKE_PREFIX_PATH=/home/albert/umov_ws/install/arduino_msgs:/home/albert/umov_ws/install/arduino_moveit:/home/albert/ag_arm_ws/install/arm_setup_moveit:/home/albert/ag_arm_ws/install/arm_moveit:/home/albert/ag_arm_ws/install/arm_description:/home/albert/ag_arm_ws/install/arm_cpp:/home/albert/ag_arm_ws/install/arm_controller:/home/albert/ws_moveit2/install/pilz_industrial_motion_planner_testutils:/home/albert/ws_moveit2/install/moveit_runtime:/home/albert/ws_moveit2/install/moveit2_tutorials:/home/albert/ws_moveit2/install/moveit:/home/albert/ws_moveit2/install/moveit_planners:/home/albert/ws_moveit2/install/pilz_industrial_motion_planner:/home/albert/ws_moveit2/install/moveit_visual_tools:/home/albert/ws_moveit2/install/moveit_task_constructor_visualization:/home/albert/ws_moveit2/install/moveit_task_constructor_demo:/home/albert/ws_moveit2/install/moveit_task_constructor_capabilities:/home/albert/ws_moveit2/install/moveit_task_constructor_core:/home/albert/ws_moveit2/install/moveit_ros_control_interface:/home/albert/ws_moveit2/install/moveit_plugins:/home/albert/ws_moveit2/install/moveit_simple_controller_manager:/home/albert/ws_moveit2/install/moveit_setup_assistant:/home/albert/ws_moveit2/install/moveit_setup_srdf_plugins:/home/albert/ws_moveit2/install/moveit_setup_core_plugins:/home/albert/ws_moveit2/install/moveit_setup_controllers:/home/albert/ws_moveit2/install/moveit_setup_app_plugins:/home/albert/ws_moveit2/install/moveit_setup_framework:/home/albert/ws_moveit2/install/moveit_servo:/home/albert/ws_moveit2/install/moveit_ros:/home/albert/ws_moveit2/install/moveit_ros_visualization:/home/albert/ws_moveit2/install/moveit_hybrid_planning:/home/albert/ws_moveit2/install/moveit_ros_planning_interface:/home/albert/ws_moveit2/install/moveit_ros_benchmarks:/home/albert/ws_moveit2/install/moveit_ros_warehouse:/home/albert/ws_moveit2/install/moveit_ros_robot_interaction:/home/albert/ws_moveit2/install/moveit_ros_perception:/home/albert/ws_moveit2/install/moveit_resources_prbt_pg70_support:/home/albert/ws_moveit2/install/moveit_resources_prbt_moveit_config:/home/albert/ws_moveit2/install/moveit_ros_move_group:/home/albert/ws_moveit2/install/moveit_planners_ompl:/home/albert/ws_moveit2/install/moveit_ros_planning:/home/albert/ws_moveit2/install/moveit_ros_occupancy_map_monitor:/home/albert/ws_moveit2/install/moveit_resources_prbt_ikfast_manipulator_plugin:/home/albert/ws_moveit2/install/moveit_planners_chomp:/home/albert/ws_moveit2/install/moveit_kinematics:/home/albert/ws_moveit2/install/moveit_chomp_optimizer_adapter:/home/albert/ws_moveit2/install/chomp_motion_planner:/home/albert/ws_moveit2/install/moveit_core:/home/albert/ws_moveit2/install/srdfdom:/home/albert/ws_moveit2/install/rviz_marker_tools:/home/albert/ws_moveit2/install/rosparam_shortcuts:/home/albert/ws_moveit2/install/moveit_task_constructor_msgs:/home/albert/ws_moveit2/install/moveit_resources_prbt_support:/home/albert/ws_moveit2/install/moveit_resources:/home/albert/ws_moveit2/install/moveit_resources_pr2_description:/home/albert/ws_moveit2/install/moveit_resources_panda_moveit_config:/home/albert/ws_moveit2/install/moveit_resources_panda_description:/home/albert/ws_moveit2/install/moveit_resources_fanuc_moveit_config:/home/albert/ws_moveit2/install/moveit_resources_fanuc_description:/home/albert/ws_moveit2/install/moveit_common:/home/albert/umov_ws/install/moveitassistant:/home/albert/umov_ws/install/description:/home/albert/umov_ws/install/arduinobot_bringup:/home/albert/umov_ws/install/arduino_utils:/home/albert/umov_ws/install/arduino_remote:/home/albert/umov_ws/install/arduino_cpp_examples:/home/albert/umov_ws/install/arduino_firmware:/home/albert/umov_ws/install/arduino_controller:/home/albert/unav_ws/install/turtlebot3_fake_node:/home/albert/unav_ws/install/robot_bringup:/home/albert/unav_ws/install/nav2_robot_description:/home/albert/udem2_ws/install/robot_bringup:/home/albert/udem2_ws/install/my_robot_bringup:/home/albert/udem2_ws/install/lifecycle_cpp:/home/albert/udem2_ws/install/final_project_cpp:/home/albert/udem2_ws/install/actions_cpp:/home/albert/udem2_ws/install/robot_interfaces:/home/albert/udem2_ws/install/executors_cpp:/home/albert/udem2_ws/install/components_cpp:/home/albert/udem_ws/install/my_robot_bringup:/home/albert/udem_ws/install/my_cpp_pkg:/home/albert/udem_ws/install/my_robot_interfaces:/home/albert/udem_ws/install/my_robot_description:/home/albert/udem_ws/install/lifecycle_cpp:/home/albert/bcdc_ws/install/aggiebot_cpp:/home/albert/bcdc_ws/install/aggiebot_msgs:/home/albert/bcdc_ws/install/aggiebot_description:/home/albert/bcdc_ws/install/aggiebot_controller:/home/albert/bcdc_ws/install/aggiebot_bringup:/home/albert/bcdc_ws/install/aggiebot_arm_moveit:/home/albert/bcdc_ws/install/aggiebot_arm_description:/home/albert/bcdc_ws/install/aggiebot_arm_controller:/home/albert/bcdc_ws/install/agbot_setup_moveit:/home/albert/bcdc_ws/install/agbot_cpp:/home/albert/bcdc_ws/install/agbot_msgs:/home/albert/bcdc_ws/install/agbot_moveit:/home/albert/bcdc_ws/install/agbot_description:/home/albert/bcdc_ws/install/agbot_controller:/home/albert/bcdc_ws/install/agbot_bringup:/home/albert/bcdc_ws/install/agbot_arm_controller:/home/albert/arduinobot_ws/install/arduinobot_utils:/home/albert/arduinobot_ws/install/arduinobot_remote:/home/albert/arduinobot_ws/install/arduinobot_cpp_examples:/home/albert/arduinobot_ws/install/arduinobot_msgs:/home/albert/arduinobot_ws/install/arduinobot_moveit_setup:/home/albert/arduinobot_ws/install/arduinobot_moveit:/home/albert/arduinobot_ws/install/arduinobot_description:/home/albert/arduinobot_ws/install/arduinobot_controller:/home/albert/rad_ws/install/agbot_full_nav2:/home/albert/rad_ws/install/agbot_full_msgs:/home/albert/rad_ws/install/agbot_full_moveit_setup:/home/albert/rad_ws/install/agbot_full_moveit:/home/albert/rad_ws/install/agbot_full_description:/home/albert/rad_ws/install/agbot_full_cpp:/home/albert/rad_ws/install/agbot_full_controller:/home/albert/rad_ws/install/agbot_full_cartogropher:/home/albert/dev_ws/install/my_bot:/home/albert/ag_car_ws/install/car_nav2:/home/albert/ag_car_ws/install/car_description:/home/albert/ag_car_ws/install/car_controller:/home/albert/ag_car_ws/install/car_cartographer:/home/albert/ws_moveit2/install/moveit_configs_utils:/home/albert/ws_moveit2/install/launch_param_builder:/home/albert/umov_ws/install/arduino_py_examples:/home/albert/udem2_ws/install/actions_py:/home/albert/udem2_ws/install/lifecycle_py:/home/albert/udem2_ws/install/executors_py:/home/albert/udem2_ws/install/components_py:/home/albert/udem_ws/install/turtlesim_catcher:/home/albert/udem_ws/install/my_py_pkg:/home/albert/udem_ws/install/lifecycle_py:/home/albert/bcdc_ws/install/agbot_teleop:/home/albert/bcdc_ws/install/agbot_py:/home/albert/arduinobot_ws/install/arduinobot_py_examples:/opt/ros/humble LD_LIBRARY_PATH=/home/albert/umov_ws/install/arduino_msgs/lib:/home/albert/ws_moveit2/install/pilz_industrial_motion_planner_testutils/lib:/home/albert/ws_moveit2/install/pilz_industrial_motion_planner/lib:/home/albert/ws_moveit2/install/moveit_visual_tools/lib:/home/albert/ws_moveit2/install/moveit_task_constructor_visualization/lib:/home/albert/ws_moveit2/install/moveit_task_constructor_demo/lib:/home/albert/ws_moveit2/install/moveit_task_constructor_capabilities/lib:/home/albert/ws_moveit2/install/moveit_task_constructor_core/lib:/home/albert/ws_moveit2/install/moveit_ros_control_interface/lib:/home/albert/ws_moveit2/install/moveit_simple_controller_manager/lib:/home/albert/ws_moveit2/install/moveit_setup_assistant/lib:/home/albert/ws_moveit2/install/moveit_setup_srdf_plugins/lib:/home/albert/ws_moveit2/install/moveit_setup_core_plugins/lib:/home/albert/ws_moveit2/install/moveit_setup_controllers/lib:/home/albert/ws_moveit2/install/moveit_setup_app_plugins/lib:/home/albert/ws_moveit2/install/moveit_setup_framework/lib:/home/albert/ws_moveit2/install/moveit_servo/lib:/home/albert/ws_moveit2/install/moveit_ros_visualization/lib:/home/albert/ws_moveit2/install/moveit_hybrid_planning/lib:/home/albert/ws_moveit2/install/moveit_ros_planning_interface/lib:/home/albert/ws_moveit2/install/moveit_ros_benchmarks/lib:/home/albert/ws_moveit2/install/moveit_ros_warehouse/lib:/home/albert/ws_moveit2/install/moveit_ros_robot_interaction/lib:/home/albert/ws_moveit2/install/moveit_ros_perception/lib:/home/albert/ws_moveit2/install/moveit_ros_move_group/lib:/home/albert/ws_moveit2/install/moveit_planners_ompl/lib:/home/albert/ws_moveit2/install/moveit_ros_planning/lib:/home/albert/ws_moveit2/install/moveit_ros_occupancy_map_monitor/lib:/home/albert/ws_moveit2/install/moveit_resources_prbt_ikfast_manipulator_plugin/lib:/home/albert/ws_moveit2/install/moveit_planners_chomp/lib:/home/albert/ws_moveit2/install/moveit_kinematics/lib:/home/albert/ws_moveit2/install/moveit_chomp_optimizer_adapter/lib:/home/albert/ws_moveit2/install/chomp_motion_planner/lib:/home/albert/ws_moveit2/install/moveit_core/lib:/home/albert/ws_moveit2/install/srdfdom/lib:/home/albert/ws_moveit2/install/rviz_marker_tools/lib:/home/albert/ws_moveit2/install/rosparam_shortcuts/lib:/home/albert/ws_moveit2/install/moveit_task_constructor_msgs/lib:/home/albert/umov_ws/install/arduino_remote/lib:/home/albert/umov_ws/install/arduino_cpp_examples/lib:/home/albert/umov_ws/install/arduino_controller/lib:/home/albert/udem2_ws/install/final_project_cpp/lib:/home/albert/udem2_ws/install/robot_interfaces/lib:/home/albert/udem2_ws/install/components_cpp/lib:/home/albert/udem_ws/install/my_robot_interfaces/lib:/home/albert/bcdc_ws/install/aggiebot_msgs/lib:/home/albert/bcdc_ws/install/agbot_msgs/lib:/home/albert/arduinobot_ws/install/arduinobot_remote/lib:/home/albert/arduinobot_ws/install/arduinobot_cpp_examples/lib:/home/albert/arduinobot_ws/install/arduinobot_msgs/lib:/usr/lib/x86_64-linux-gnu/gazebo-11/plugins:/opt/ros/humble/opt/rviz_ogre_vendor/lib:/opt/ros/humble/lib/x86_64-linux-gnu:/opt/ros/humble/lib:/usr/share/gazebo/../../lib/x86_64-linux-gnu/gazebo-11/plugins /home/albert/.local/bin/cmake /home/albert/umov_ws/src/arduino_remote -DCMAKE_INSTALL_PREFIX=/home/albert/umov_ws/install/arduino_remote
[30.679s] DEBUG:colcon.colcon_core.event_handler.log_command:Invoking command in '/home/albert/umov_ws/build/arduino_remote': CMAKE_PREFIX_PATH=/home/albert/umov_ws/install/arduino_msgs:/home/albert/umov_ws/install/arduino_moveit:/home/albert/ag_arm_ws/install/arm_setup_moveit:/home/albert/ag_arm_ws/install/arm_moveit:/home/albert/ag_arm_ws/install/arm_description:/home/albert/ag_arm_ws/install/arm_cpp:/home/albert/ag_arm_ws/install/arm_controller:/home/albert/ws_moveit2/install/pilz_industrial_motion_planner_testutils:/home/albert/ws_moveit2/install/moveit_runtime:/home/albert/ws_moveit2/install/moveit2_tutorials:/home/albert/ws_moveit2/install/moveit:/home/albert/ws_moveit2/install/moveit_planners:/home/albert/ws_moveit2/install/pilz_industrial_motion_planner:/home/albert/ws_moveit2/install/moveit_visual_tools:/home/albert/ws_moveit2/install/moveit_task_constructor_visualization:/home/albert/ws_moveit2/install/moveit_task_constructor_demo:/home/albert/ws_moveit2/install/moveit_task_constructor_capabilities:/home/albert/ws_moveit2/install/moveit_task_constructor_core:/home/albert/ws_moveit2/install/moveit_ros_control_interface:/home/albert/ws_moveit2/install/moveit_plugins:/home/albert/ws_moveit2/install/moveit_simple_controller_manager:/home/albert/ws_moveit2/install/moveit_setup_assistant:/home/albert/ws_moveit2/install/moveit_setup_srdf_plugins:/home/albert/ws_moveit2/install/moveit_setup_core_plugins:/home/albert/ws_moveit2/install/moveit_setup_controllers:/home/albert/ws_moveit2/install/moveit_setup_app_plugins:/home/albert/ws_moveit2/install/moveit_setup_framework:/home/albert/ws_moveit2/install/moveit_servo:/home/albert/ws_moveit2/install/moveit_ros:/home/albert/ws_moveit2/install/moveit_ros_visualization:/home/albert/ws_moveit2/install/moveit_hybrid_planning:/home/albert/ws_moveit2/install/moveit_ros_planning_interface:/home/albert/ws_moveit2/install/moveit_ros_benchmarks:/home/albert/ws_moveit2/install/moveit_ros_warehouse:/home/albert/ws_moveit2/install/moveit_ros_robot_interaction:/home/albert/ws_moveit2/install/moveit_ros_perception:/home/albert/ws_moveit2/install/moveit_resources_prbt_pg70_support:/home/albert/ws_moveit2/install/moveit_resources_prbt_moveit_config:/home/albert/ws_moveit2/install/moveit_ros_move_group:/home/albert/ws_moveit2/install/moveit_planners_ompl:/home/albert/ws_moveit2/install/moveit_ros_planning:/home/albert/ws_moveit2/install/moveit_ros_occupancy_map_monitor:/home/albert/ws_moveit2/install/moveit_resources_prbt_ikfast_manipulator_plugin:/home/albert/ws_moveit2/install/moveit_planners_chomp:/home/albert/ws_moveit2/install/moveit_kinematics:/home/albert/ws_moveit2/install/moveit_chomp_optimizer_adapter:/home/albert/ws_moveit2/install/chomp_motion_planner:/home/albert/ws_moveit2/install/moveit_core:/home/albert/ws_moveit2/install/srdfdom:/home/albert/ws_moveit2/install/rviz_marker_tools:/home/albert/ws_moveit2/install/rosparam_shortcuts:/home/albert/ws_moveit2/install/moveit_task_constructor_msgs:/home/albert/ws_moveit2/install/moveit_resources_prbt_support:/home/albert/ws_moveit2/install/moveit_resources:/home/albert/ws_moveit2/install/moveit_resources_pr2_description:/home/albert/ws_moveit2/install/moveit_resources_panda_moveit_config:/home/albert/ws_moveit2/install/moveit_resources_panda_description:/home/albert/ws_moveit2/install/moveit_resources_fanuc_moveit_config:/home/albert/ws_moveit2/install/moveit_resources_fanuc_description:/home/albert/ws_moveit2/install/moveit_common:/home/albert/umov_ws/install/moveitassistant:/home/albert/umov_ws/install/description:/home/albert/umov_ws/install/arduinobot_bringup:/home/albert/umov_ws/install/arduino_utils:/home/albert/umov_ws/install/arduino_remote:/home/albert/umov_ws/install/arduino_cpp_examples:/home/albert/umov_ws/install/arduino_firmware:/home/albert/umov_ws/install/arduino_controller:/home/albert/unav_ws/install/turtlebot3_fake_node:/home/albert/unav_ws/install/robot_bringup:/home/albert/unav_ws/install/nav2_robot_description:/home/albert/udem2_ws/install/robot_bringup:/home/albert/udem2_ws/install/my_robot_bringup:/home/albert/udem2_ws/install/lifecycle_cpp:/home/albert/udem2_ws/install/final_project_cpp:/home/albert/udem2_ws/install/actions_cpp:/home/albert/udem2_ws/install/robot_interfaces:/home/albert/udem2_ws/install/executors_cpp:/home/albert/udem2_ws/install/components_cpp:/home/albert/udem_ws/install/my_robot_bringup:/home/albert/udem_ws/install/my_cpp_pkg:/home/albert/udem_ws/install/my_robot_interfaces:/home/albert/udem_ws/install/my_robot_description:/home/albert/udem_ws/install/lifecycle_cpp:/home/albert/bcdc_ws/install/aggiebot_cpp:/home/albert/bcdc_ws/install/aggiebot_msgs:/home/albert/bcdc_ws/install/aggiebot_description:/home/albert/bcdc_ws/install/aggiebot_controller:/home/albert/bcdc_ws/install/aggiebot_bringup:/home/albert/bcdc_ws/install/aggiebot_arm_moveit:/home/albert/bcdc_ws/install/aggiebot_arm_description:/home/albert/bcdc_ws/install/aggiebot_arm_controller:/home/albert/bcdc_ws/install/agbot_setup_moveit:/home/albert/bcdc_ws/install/agbot_cpp:/home/albert/bcdc_ws/install/agbot_msgs:/home/albert/bcdc_ws/install/agbot_moveit:/home/albert/bcdc_ws/install/agbot_description:/home/albert/bcdc_ws/install/agbot_controller:/home/albert/bcdc_ws/install/agbot_bringup:/home/albert/bcdc_ws/install/agbot_arm_controller:/home/albert/arduinobot_ws/install/arduinobot_utils:/home/albert/arduinobot_ws/install/arduinobot_remote:/home/albert/arduinobot_ws/install/arduinobot_cpp_examples:/home/albert/arduinobot_ws/install/arduinobot_msgs:/home/albert/arduinobot_ws/install/arduinobot_moveit_setup:/home/albert/arduinobot_ws/install/arduinobot_moveit:/home/albert/arduinobot_ws/install/arduinobot_description:/home/albert/arduinobot_ws/install/arduinobot_controller:/home/albert/rad_ws/install/agbot_full_nav2:/home/albert/rad_ws/install/agbot_full_msgs:/home/albert/rad_ws/install/agbot_full_moveit_setup:/home/albert/rad_ws/install/agbot_full_moveit:/home/albert/rad_ws/install/agbot_full_description:/home/albert/rad_ws/install/agbot_full_cpp:/home/albert/rad_ws/install/agbot_full_controller:/home/albert/rad_ws/install/agbot_full_cartogropher:/home/albert/dev_ws/install/my_bot:/home/albert/ag_car_ws/install/car_nav2:/home/albert/ag_car_ws/install/car_description:/home/albert/ag_car_ws/install/car_controller:/home/albert/ag_car_ws/install/car_cartographer:/home/albert/ws_moveit2/install/moveit_configs_utils:/home/albert/ws_moveit2/install/launch_param_builder:/home/albert/umov_ws/install/arduino_py_examples:/home/albert/udem2_ws/install/actions_py:/home/albert/udem2_ws/install/lifecycle_py:/home/albert/udem2_ws/install/executors_py:/home/albert/udem2_ws/install/components_py:/home/albert/udem_ws/install/turtlesim_catcher:/home/albert/udem_ws/install/my_py_pkg:/home/albert/udem_ws/install/lifecycle_py:/home/albert/bcdc_ws/install/agbot_teleop:/home/albert/bcdc_ws/install/agbot_py:/home/albert/arduinobot_ws/install/arduinobot_py_examples:/opt/ros/humble LD_LIBRARY_PATH=/home/albert/umov_ws/install/arduino_msgs/lib:/home/albert/ws_moveit2/install/pilz_industrial_motion_planner_testutils/lib:/home/albert/ws_moveit2/install/pilz_industrial_motion_planner/lib:/home/albert/ws_moveit2/install/moveit_visual_tools/lib:/home/albert/ws_moveit2/install/moveit_task_constructor_visualization/lib:/home/albert/ws_moveit2/install/moveit_task_constructor_demo/lib:/home/albert/ws_moveit2/install/moveit_task_constructor_capabilities/lib:/home/albert/ws_moveit2/install/moveit_task_constructor_core/lib:/home/albert/ws_moveit2/install/moveit_ros_control_interface/lib:/home/albert/ws_moveit2/install/moveit_simple_controller_manager/lib:/home/albert/ws_moveit2/install/moveit_setup_assistant/lib:/home/albert/ws_moveit2/install/moveit_setup_srdf_plugins/lib:/home/albert/ws_moveit2/install/moveit_setup_core_plugins/lib:/home/albert/ws_moveit2/install/moveit_setup_controllers/lib:/home/albert/ws_moveit2/install/moveit_setup_app_plugins/lib:/home/albert/ws_moveit2/install/moveit_setup_framework/lib:/home/albert/ws_moveit2/install/moveit_servo/lib:/home/albert/ws_moveit2/install/moveit_ros_visualization/lib:/home/albert/ws_moveit2/install/moveit_hybrid_planning/lib:/home/albert/ws_moveit2/install/moveit_ros_planning_interface/lib:/home/albert/ws_moveit2/install/moveit_ros_benchmarks/lib:/home/albert/ws_moveit2/install/moveit_ros_warehouse/lib:/home/albert/ws_moveit2/install/moveit_ros_robot_interaction/lib:/home/albert/ws_moveit2/install/moveit_ros_perception/lib:/home/albert/ws_moveit2/install/moveit_ros_move_group/lib:/home/albert/ws_moveit2/install/moveit_planners_ompl/lib:/home/albert/ws_moveit2/install/moveit_ros_planning/lib:/home/albert/ws_moveit2/install/moveit_ros_occupancy_map_monitor/lib:/home/albert/ws_moveit2/install/moveit_resources_prbt_ikfast_manipulator_plugin/lib:/home/albert/ws_moveit2/install/moveit_planners_chomp/lib:/home/albert/ws_moveit2/install/moveit_kinematics/lib:/home/albert/ws_moveit2/install/moveit_chomp_optimizer_adapter/lib:/home/albert/ws_moveit2/install/chomp_motion_planner/lib:/home/albert/ws_moveit2/install/moveit_core/lib:/home/albert/ws_moveit2/install/srdfdom/lib:/home/albert/ws_moveit2/install/rviz_marker_tools/lib:/home/albert/ws_moveit2/install/rosparam_shortcuts/lib:/home/albert/ws_moveit2/install/moveit_task_constructor_msgs/lib:/home/albert/umov_ws/install/arduino_remote/lib:/home/albert/umov_ws/install/arduino_cpp_examples/lib:/home/albert/umov_ws/install/arduino_controller/lib:/home/albert/udem2_ws/install/final_project_cpp/lib:/home/albert/udem2_ws/install/robot_interfaces/lib:/home/albert/udem2_ws/install/components_cpp/lib:/home/albert/udem_ws/install/my_robot_interfaces/lib:/home/albert/bcdc_ws/install/aggiebot_msgs/lib:/home/albert/bcdc_ws/install/agbot_msgs/lib:/home/albert/arduinobot_ws/install/arduinobot_remote/lib:/home/albert/arduinobot_ws/install/arduinobot_cpp_examples/lib:/home/albert/arduinobot_ws/install/arduinobot_msgs/lib:/usr/lib/x86_64-linux-gnu/gazebo-11/plugins:/opt/ros/humble/opt/rviz_ogre_vendor/lib:/opt/ros/humble/lib/x86_64-linux-gnu:/opt/ros/humble/lib:/usr/share/gazebo/../../lib/x86_64-linux-gnu/gazebo-11/plugins /home/albert/.local/bin/cmake --build /home/albert/umov_ws/build/arduino_remote -- -j8 -l8
[36.775s] DEBUG:colcon.colcon_core.event_handler.log_command:Invoked command in '/home/albert/umov_ws/build/arduino_utils' returned '0': CMAKE_PREFIX_PATH=/home/albert/umov_ws/install/arduino_msgs:/home/albert/ag_arm_ws/install/arm_setup_moveit:/home/albert/ag_arm_ws/install/arm_moveit:/home/albert/ag_arm_ws/install/arm_description:/home/albert/ag_arm_ws/install/arm_cpp:/home/albert/ag_arm_ws/install/arm_controller:/home/albert/ws_moveit2/install/pilz_industrial_motion_planner_testutils:/home/albert/ws_moveit2/install/moveit_runtime:/home/albert/ws_moveit2/install/moveit2_tutorials:/home/albert/ws_moveit2/install/moveit:/home/albert/ws_moveit2/install/moveit_planners:/home/albert/ws_moveit2/install/pilz_industrial_motion_planner:/home/albert/ws_moveit2/install/moveit_visual_tools:/home/albert/ws_moveit2/install/moveit_task_constructor_visualization:/home/albert/ws_moveit2/install/moveit_task_constructor_demo:/home/albert/ws_moveit2/install/moveit_task_constructor_capabilities:/home/albert/ws_moveit2/install/moveit_task_constructor_core:/home/albert/ws_moveit2/install/moveit_ros_control_interface:/home/albert/ws_moveit2/install/moveit_plugins:/home/albert/ws_moveit2/install/moveit_simple_controller_manager:/home/albert/ws_moveit2/install/moveit_setup_assistant:/home/albert/ws_moveit2/install/moveit_setup_srdf_plugins:/home/albert/ws_moveit2/install/moveit_setup_core_plugins:/home/albert/ws_moveit2/install/moveit_setup_controllers:/home/albert/ws_moveit2/install/moveit_setup_app_plugins:/home/albert/ws_moveit2/install/moveit_setup_framework:/home/albert/ws_moveit2/install/moveit_servo:/home/albert/ws_moveit2/install/moveit_ros:/home/albert/ws_moveit2/install/moveit_ros_visualization:/home/albert/ws_moveit2/install/moveit_hybrid_planning:/home/albert/ws_moveit2/install/moveit_ros_planning_interface:/home/albert/ws_moveit2/install/moveit_ros_benchmarks:/home/albert/ws_moveit2/install/moveit_ros_warehouse:/home/albert/ws_moveit2/install/moveit_ros_robot_interaction:/home/albert/ws_moveit2/install/moveit_ros_perception:/home/albert/ws_moveit2/install/moveit_resources_prbt_pg70_support:/home/albert/ws_moveit2/install/moveit_resources_prbt_moveit_config:/home/albert/ws_moveit2/install/moveit_ros_move_group:/home/albert/ws_moveit2/install/moveit_planners_ompl:/home/albert/ws_moveit2/install/moveit_ros_planning:/home/albert/ws_moveit2/install/moveit_ros_occupancy_map_monitor:/home/albert/ws_moveit2/install/moveit_resources_prbt_ikfast_manipulator_plugin:/home/albert/ws_moveit2/install/moveit_planners_chomp:/home/albert/ws_moveit2/install/moveit_kinematics:/home/albert/ws_moveit2/install/moveit_chomp_optimizer_adapter:/home/albert/ws_moveit2/install/chomp_motion_planner:/home/albert/ws_moveit2/install/moveit_core:/home/albert/ws_moveit2/install/srdfdom:/home/albert/ws_moveit2/install/rviz_marker_tools:/home/albert/ws_moveit2/install/rosparam_shortcuts:/home/albert/ws_moveit2/install/moveit_task_constructor_msgs:/home/albert/ws_moveit2/install/moveit_resources_prbt_support:/home/albert/ws_moveit2/install/moveit_resources:/home/albert/ws_moveit2/install/moveit_resources_pr2_description:/home/albert/ws_moveit2/install/moveit_resources_panda_moveit_config:/home/albert/ws_moveit2/install/moveit_resources_panda_description:/home/albert/ws_moveit2/install/moveit_resources_fanuc_moveit_config:/home/albert/ws_moveit2/install/moveit_resources_fanuc_description:/home/albert/ws_moveit2/install/moveit_common:/home/albert/umov_ws/install/moveitassistant:/home/albert/umov_ws/install/description:/home/albert/umov_ws/install/arduinobot_bringup:/home/albert/umov_ws/install/arduino_utils:/home/albert/umov_ws/install/arduino_remote:/home/albert/umov_ws/install/arduino_cpp_examples:/home/albert/umov_ws/install/arduino_moveit:/home/albert/umov_ws/install/arduino_firmware:/home/albert/umov_ws/install/arduino_controller:/home/albert/unav_ws/install/turtlebot3_fake_node:/home/albert/unav_ws/install/robot_bringup:/home/albert/unav_ws/install/nav2_robot_description:/home/albert/udem2_ws/install/robot_bringup:/home/albert/udem2_ws/install/my_robot_bringup:/home/albert/udem2_ws/install/lifecycle_cpp:/home/albert/udem2_ws/install/final_project_cpp:/home/albert/udem2_ws/install/actions_cpp:/home/albert/udem2_ws/install/robot_interfaces:/home/albert/udem2_ws/install/executors_cpp:/home/albert/udem2_ws/install/components_cpp:/home/albert/udem_ws/install/my_robot_bringup:/home/albert/udem_ws/install/my_cpp_pkg:/home/albert/udem_ws/install/my_robot_interfaces:/home/albert/udem_ws/install/my_robot_description:/home/albert/udem_ws/install/lifecycle_cpp:/home/albert/bcdc_ws/install/aggiebot_cpp:/home/albert/bcdc_ws/install/aggiebot_msgs:/home/albert/bcdc_ws/install/aggiebot_description:/home/albert/bcdc_ws/install/aggiebot_controller:/home/albert/bcdc_ws/install/aggiebot_bringup:/home/albert/bcdc_ws/install/aggiebot_arm_moveit:/home/albert/bcdc_ws/install/aggiebot_arm_description:/home/albert/bcdc_ws/install/aggiebot_arm_controller:/home/albert/bcdc_ws/install/agbot_setup_moveit:/home/albert/bcdc_ws/install/agbot_cpp:/home/albert/bcdc_ws/install/agbot_msgs:/home/albert/bcdc_ws/install/agbot_moveit:/home/albert/bcdc_ws/install/agbot_description:/home/albert/bcdc_ws/install/agbot_controller:/home/albert/bcdc_ws/install/agbot_bringup:/home/albert/bcdc_ws/install/agbot_arm_controller:/home/albert/arduinobot_ws/install/arduinobot_utils:/home/albert/arduinobot_ws/install/arduinobot_remote:/home/albert/arduinobot_ws/install/arduinobot_cpp_examples:/home/albert/arduinobot_ws/install/arduinobot_msgs:/home/albert/arduinobot_ws/install/arduinobot_moveit_setup:/home/albert/arduinobot_ws/install/arduinobot_moveit:/home/albert/arduinobot_ws/install/arduinobot_description:/home/albert/arduinobot_ws/install/arduinobot_controller:/home/albert/rad_ws/install/agbot_full_nav2:/home/albert/rad_ws/install/agbot_full_msgs:/home/albert/rad_ws/install/agbot_full_moveit_setup:/home/albert/rad_ws/install/agbot_full_moveit:/home/albert/rad_ws/install/agbot_full_description:/home/albert/rad_ws/install/agbot_full_cpp:/home/albert/rad_ws/install/agbot_full_controller:/home/albert/rad_ws/install/agbot_full_cartogropher:/home/albert/dev_ws/install/my_bot:/home/albert/ag_car_ws/install/car_nav2:/home/albert/ag_car_ws/install/car_description:/home/albert/ag_car_ws/install/car_controller:/home/albert/ag_car_ws/install/car_cartographer:/home/albert/ws_moveit2/install/moveit_configs_utils:/home/albert/ws_moveit2/install/launch_param_builder:/home/albert/umov_ws/install/arduino_py_examples:/home/albert/udem2_ws/install/actions_py:/home/albert/udem2_ws/install/lifecycle_py:/home/albert/udem2_ws/install/executors_py:/home/albert/udem2_ws/install/components_py:/home/albert/udem_ws/install/turtlesim_catcher:/home/albert/udem_ws/install/my_py_pkg:/home/albert/udem_ws/install/lifecycle_py:/home/albert/bcdc_ws/install/agbot_teleop:/home/albert/bcdc_ws/install/agbot_py:/home/albert/arduinobot_ws/install/arduinobot_py_examples:/opt/ros/humble LD_LIBRARY_PATH=/home/albert/umov_ws/install/arduino_msgs/lib:/home/albert/ws_moveit2/install/pilz_industrial_motion_planner_testutils/lib:/home/albert/ws_moveit2/install/pilz_industrial_motion_planner/lib:/home/albert/ws_moveit2/install/moveit_visual_tools/lib:/home/albert/ws_moveit2/install/moveit_task_constructor_visualization/lib:/home/albert/ws_moveit2/install/moveit_task_constructor_demo/lib:/home/albert/ws_moveit2/install/moveit_task_constructor_capabilities/lib:/home/albert/ws_moveit2/install/moveit_task_constructor_core/lib:/home/albert/ws_moveit2/install/moveit_ros_control_interface/lib:/home/albert/ws_moveit2/install/moveit_simple_controller_manager/lib:/home/albert/ws_moveit2/install/moveit_setup_assistant/lib:/home/albert/ws_moveit2/install/moveit_setup_srdf_plugins/lib:/home/albert/ws_moveit2/install/moveit_setup_core_plugins/lib:/home/albert/ws_moveit2/install/moveit_setup_controllers/lib:/home/albert/ws_moveit2/install/moveit_setup_app_plugins/lib:/home/albert/ws_moveit2/install/moveit_setup_framework/lib:/home/albert/ws_moveit2/install/moveit_servo/lib:/home/albert/ws_moveit2/install/moveit_ros_visualization/lib:/home/albert/ws_moveit2/install/moveit_hybrid_planning/lib:/home/albert/ws_moveit2/install/moveit_ros_planning_interface/lib:/home/albert/ws_moveit2/install/moveit_ros_benchmarks/lib:/home/albert/ws_moveit2/install/moveit_ros_warehouse/lib:/home/albert/ws_moveit2/install/moveit_ros_robot_interaction/lib:/home/albert/ws_moveit2/install/moveit_ros_perception/lib:/home/albert/ws_moveit2/install/moveit_ros_move_group/lib:/home/albert/ws_moveit2/install/moveit_planners_ompl/lib:/home/albert/ws_moveit2/install/moveit_ros_planning/lib:/home/albert/ws_moveit2/install/moveit_ros_occupancy_map_monitor/lib:/home/albert/ws_moveit2/install/moveit_resources_prbt_ikfast_manipulator_plugin/lib:/home/albert/ws_moveit2/install/moveit_planners_chomp/lib:/home/albert/ws_moveit2/install/moveit_kinematics/lib:/home/albert/ws_moveit2/install/moveit_chomp_optimizer_adapter/lib:/home/albert/ws_moveit2/install/chomp_motion_planner/lib:/home/albert/ws_moveit2/install/moveit_core/lib:/home/albert/ws_moveit2/install/srdfdom/lib:/home/albert/ws_moveit2/install/rviz_marker_tools/lib:/home/albert/ws_moveit2/install/rosparam_shortcuts/lib:/home/albert/ws_moveit2/install/moveit_task_constructor_msgs/lib:/home/albert/umov_ws/install/arduino_remote/lib:/home/albert/umov_ws/install/arduino_cpp_examples/lib:/home/albert/umov_ws/install/arduino_controller/lib:/home/albert/udem2_ws/install/final_project_cpp/lib:/home/albert/udem2_ws/install/robot_interfaces/lib:/home/albert/udem2_ws/install/components_cpp/lib:/home/albert/udem_ws/install/my_robot_interfaces/lib:/home/albert/bcdc_ws/install/aggiebot_msgs/lib:/home/albert/bcdc_ws/install/agbot_msgs/lib:/home/albert/arduinobot_ws/install/arduinobot_remote/lib:/home/albert/arduinobot_ws/install/arduinobot_cpp_examples/lib:/home/albert/arduinobot_ws/install/arduinobot_msgs/lib:/usr/lib/x86_64-linux-gnu/gazebo-11/plugins:/opt/ros/humble/opt/rviz_ogre_vendor/lib:/opt/ros/humble/lib/x86_64-linux-gnu:/opt/ros/humble/lib:/usr/share/gazebo/../../lib/x86_64-linux-gnu/gazebo-11/plugins /home/albert/.local/bin/cmake --build /home/albert/umov_ws/build/arduino_utils -- -j8 -l8
[36.778s] DEBUG:colcon.colcon_core.event_handler.log_command:Invoking command in '/home/albert/umov_ws/build/arduino_utils': CMAKE_PREFIX_PATH=/home/albert/umov_ws/install/arduino_msgs:/home/albert/ag_arm_ws/install/arm_setup_moveit:/home/albert/ag_arm_ws/install/arm_moveit:/home/albert/ag_arm_ws/install/arm_description:/home/albert/ag_arm_ws/install/arm_cpp:/home/albert/ag_arm_ws/install/arm_controller:/home/albert/ws_moveit2/install/pilz_industrial_motion_planner_testutils:/home/albert/ws_moveit2/install/moveit_runtime:/home/albert/ws_moveit2/install/moveit2_tutorials:/home/albert/ws_moveit2/install/moveit:/home/albert/ws_moveit2/install/moveit_planners:/home/albert/ws_moveit2/install/pilz_industrial_motion_planner:/home/albert/ws_moveit2/install/moveit_visual_tools:/home/albert/ws_moveit2/install/moveit_task_constructor_visualization:/home/albert/ws_moveit2/install/moveit_task_constructor_demo:/home/albert/ws_moveit2/install/moveit_task_constructor_capabilities:/home/albert/ws_moveit2/install/moveit_task_constructor_core:/home/albert/ws_moveit2/install/moveit_ros_control_interface:/home/albert/ws_moveit2/install/moveit_plugins:/home/albert/ws_moveit2/install/moveit_simple_controller_manager:/home/albert/ws_moveit2/install/moveit_setup_assistant:/home/albert/ws_moveit2/install/moveit_setup_srdf_plugins:/home/albert/ws_moveit2/install/moveit_setup_core_plugins:/home/albert/ws_moveit2/install/moveit_setup_controllers:/home/albert/ws_moveit2/install/moveit_setup_app_plugins:/home/albert/ws_moveit2/install/moveit_setup_framework:/home/albert/ws_moveit2/install/moveit_servo:/home/albert/ws_moveit2/install/moveit_ros:/home/albert/ws_moveit2/install/moveit_ros_visualization:/home/albert/ws_moveit2/install/moveit_hybrid_planning:/home/albert/ws_moveit2/install/moveit_ros_planning_interface:/home/albert/ws_moveit2/install/moveit_ros_benchmarks:/home/albert/ws_moveit2/install/moveit_ros_warehouse:/home/albert/ws_moveit2/install/moveit_ros_robot_interaction:/home/albert/ws_moveit2/install/moveit_ros_perception:/home/albert/ws_moveit2/install/moveit_resources_prbt_pg70_support:/home/albert/ws_moveit2/install/moveit_resources_prbt_moveit_config:/home/albert/ws_moveit2/install/moveit_ros_move_group:/home/albert/ws_moveit2/install/moveit_planners_ompl:/home/albert/ws_moveit2/install/moveit_ros_planning:/home/albert/ws_moveit2/install/moveit_ros_occupancy_map_monitor:/home/albert/ws_moveit2/install/moveit_resources_prbt_ikfast_manipulator_plugin:/home/albert/ws_moveit2/install/moveit_planners_chomp:/home/albert/ws_moveit2/install/moveit_kinematics:/home/albert/ws_moveit2/install/moveit_chomp_optimizer_adapter:/home/albert/ws_moveit2/install/chomp_motion_planner:/home/albert/ws_moveit2/install/moveit_core:/home/albert/ws_moveit2/install/srdfdom:/home/albert/ws_moveit2/install/rviz_marker_tools:/home/albert/ws_moveit2/install/rosparam_shortcuts:/home/albert/ws_moveit2/install/moveit_task_constructor_msgs:/home/albert/ws_moveit2/install/moveit_resources_prbt_support:/home/albert/ws_moveit2/install/moveit_resources:/home/albert/ws_moveit2/install/moveit_resources_pr2_description:/home/albert/ws_moveit2/install/moveit_resources_panda_moveit_config:/home/albert/ws_moveit2/install/moveit_resources_panda_description:/home/albert/ws_moveit2/install/moveit_resources_fanuc_moveit_config:/home/albert/ws_moveit2/install/moveit_resources_fanuc_description:/home/albert/ws_moveit2/install/moveit_common:/home/albert/umov_ws/install/moveitassistant:/home/albert/umov_ws/install/description:/home/albert/umov_ws/install/arduinobot_bringup:/home/albert/umov_ws/install/arduino_utils:/home/albert/umov_ws/install/arduino_remote:/home/albert/umov_ws/install/arduino_cpp_examples:/home/albert/umov_ws/install/arduino_moveit:/home/albert/umov_ws/install/arduino_firmware:/home/albert/umov_ws/install/arduino_controller:/home/albert/unav_ws/install/turtlebot3_fake_node:/home/albert/unav_ws/install/robot_bringup:/home/albert/unav_ws/install/nav2_robot_description:/home/albert/udem2_ws/install/robot_bringup:/home/albert/udem2_ws/install/my_robot_bringup:/home/albert/udem2_ws/install/lifecycle_cpp:/home/albert/udem2_ws/install/final_project_cpp:/home/albert/udem2_ws/install/actions_cpp:/home/albert/udem2_ws/install/robot_interfaces:/home/albert/udem2_ws/install/executors_cpp:/home/albert/udem2_ws/install/components_cpp:/home/albert/udem_ws/install/my_robot_bringup:/home/albert/udem_ws/install/my_cpp_pkg:/home/albert/udem_ws/install/my_robot_interfaces:/home/albert/udem_ws/install/my_robot_description:/home/albert/udem_ws/install/lifecycle_cpp:/home/albert/bcdc_ws/install/aggiebot_cpp:/home/albert/bcdc_ws/install/aggiebot_msgs:/home/albert/bcdc_ws/install/aggiebot_description:/home/albert/bcdc_ws/install/aggiebot_controller:/home/albert/bcdc_ws/install/aggiebot_bringup:/home/albert/bcdc_ws/install/aggiebot_arm_moveit:/home/albert/bcdc_ws/install/aggiebot_arm_description:/home/albert/bcdc_ws/install/aggiebot_arm_controller:/home/albert/bcdc_ws/install/agbot_setup_moveit:/home/albert/bcdc_ws/install/agbot_cpp:/home/albert/bcdc_ws/install/agbot_msgs:/home/albert/bcdc_ws/install/agbot_moveit:/home/albert/bcdc_ws/install/agbot_description:/home/albert/bcdc_ws/install/agbot_controller:/home/albert/bcdc_ws/install/agbot_bringup:/home/albert/bcdc_ws/install/agbot_arm_controller:/home/albert/arduinobot_ws/install/arduinobot_utils:/home/albert/arduinobot_ws/install/arduinobot_remote:/home/albert/arduinobot_ws/install/arduinobot_cpp_examples:/home/albert/arduinobot_ws/install/arduinobot_msgs:/home/albert/arduinobot_ws/install/arduinobot_moveit_setup:/home/albert/arduinobot_ws/install/arduinobot_moveit:/home/albert/arduinobot_ws/install/arduinobot_description:/home/albert/arduinobot_ws/install/arduinobot_controller:/home/albert/rad_ws/install/agbot_full_nav2:/home/albert/rad_ws/install/agbot_full_msgs:/home/albert/rad_ws/install/agbot_full_moveit_setup:/home/albert/rad_ws/install/agbot_full_moveit:/home/albert/rad_ws/install/agbot_full_description:/home/albert/rad_ws/install/agbot_full_cpp:/home/albert/rad_ws/install/agbot_full_controller:/home/albert/rad_ws/install/agbot_full_cartogropher:/home/albert/dev_ws/install/my_bot:/home/albert/ag_car_ws/install/car_nav2:/home/albert/ag_car_ws/install/car_description:/home/albert/ag_car_ws/install/car_controller:/home/albert/ag_car_ws/install/car_cartographer:/home/albert/ws_moveit2/install/moveit_configs_utils:/home/albert/ws_moveit2/install/launch_param_builder:/home/albert/umov_ws/install/arduino_py_examples:/home/albert/udem2_ws/install/actions_py:/home/albert/udem2_ws/install/lifecycle_py:/home/albert/udem2_ws/install/executors_py:/home/albert/udem2_ws/install/components_py:/home/albert/udem_ws/install/turtlesim_catcher:/home/albert/udem_ws/install/my_py_pkg:/home/albert/udem_ws/install/lifecycle_py:/home/albert/bcdc_ws/install/agbot_teleop:/home/albert/bcdc_ws/install/agbot_py:/home/albert/arduinobot_ws/install/arduinobot_py_examples:/opt/ros/humble LD_LIBRARY_PATH=/home/albert/umov_ws/install/arduino_msgs/lib:/home/albert/ws_moveit2/install/pilz_industrial_motion_planner_testutils/lib:/home/albert/ws_moveit2/install/pilz_industrial_motion_planner/lib:/home/albert/ws_moveit2/install/moveit_visual_tools/lib:/home/albert/ws_moveit2/install/moveit_task_constructor_visualization/lib:/home/albert/ws_moveit2/install/moveit_task_constructor_demo/lib:/home/albert/ws_moveit2/install/moveit_task_constructor_capabilities/lib:/home/albert/ws_moveit2/install/moveit_task_constructor_core/lib:/home/albert/ws_moveit2/install/moveit_ros_control_interface/lib:/home/albert/ws_moveit2/install/moveit_simple_controller_manager/lib:/home/albert/ws_moveit2/install/moveit_setup_assistant/lib:/home/albert/ws_moveit2/install/moveit_setup_srdf_plugins/lib:/home/albert/ws_moveit2/install/moveit_setup_core_plugins/lib:/home/albert/ws_moveit2/install/moveit_setup_controllers/lib:/home/albert/ws_moveit2/install/moveit_setup_app_plugins/lib:/home/albert/ws_moveit2/install/moveit_setup_framework/lib:/home/albert/ws_moveit2/install/moveit_servo/lib:/home/albert/ws_moveit2/install/moveit_ros_visualization/lib:/home/albert/ws_moveit2/install/moveit_hybrid_planning/lib:/home/albert/ws_moveit2/install/moveit_ros_planning_interface/lib:/home/albert/ws_moveit2/install/moveit_ros_benchmarks/lib:/home/albert/ws_moveit2/install/moveit_ros_warehouse/lib:/home/albert/ws_moveit2/install/moveit_ros_robot_interaction/lib:/home/albert/ws_moveit2/install/moveit_ros_perception/lib:/home/albert/ws_moveit2/install/moveit_ros_move_group/lib:/home/albert/ws_moveit2/install/moveit_planners_ompl/lib:/home/albert/ws_moveit2/install/moveit_ros_planning/lib:/home/albert/ws_moveit2/install/moveit_ros_occupancy_map_monitor/lib:/home/albert/ws_moveit2/install/moveit_resources_prbt_ikfast_manipulator_plugin/lib:/home/albert/ws_moveit2/install/moveit_planners_chomp/lib:/home/albert/ws_moveit2/install/moveit_kinematics/lib:/home/albert/ws_moveit2/install/moveit_chomp_optimizer_adapter/lib:/home/albert/ws_moveit2/install/chomp_motion_planner/lib:/home/albert/ws_moveit2/install/moveit_core/lib:/home/albert/ws_moveit2/install/srdfdom/lib:/home/albert/ws_moveit2/install/rviz_marker_tools/lib:/home/albert/ws_moveit2/install/rosparam_shortcuts/lib:/home/albert/ws_moveit2/install/moveit_task_constructor_msgs/lib:/home/albert/umov_ws/install/arduino_remote/lib:/home/albert/umov_ws/install/arduino_cpp_examples/lib:/home/albert/umov_ws/install/arduino_controller/lib:/home/albert/udem2_ws/install/final_project_cpp/lib:/home/albert/udem2_ws/install/robot_interfaces/lib:/home/albert/udem2_ws/install/components_cpp/lib:/home/albert/udem_ws/install/my_robot_interfaces/lib:/home/albert/bcdc_ws/install/aggiebot_msgs/lib:/home/albert/bcdc_ws/install/agbot_msgs/lib:/home/albert/arduinobot_ws/install/arduinobot_remote/lib:/home/albert/arduinobot_ws/install/arduinobot_cpp_examples/lib:/home/albert/arduinobot_ws/install/arduinobot_msgs/lib:/usr/lib/x86_64-linux-gnu/gazebo-11/plugins:/opt/ros/humble/opt/rviz_ogre_vendor/lib:/opt/ros/humble/lib/x86_64-linux-gnu:/opt/ros/humble/lib:/usr/share/gazebo/../../lib/x86_64-linux-gnu/gazebo-11/plugins /home/albert/.local/bin/cmake --install /home/albert/umov_ws/build/arduino_utils
[37.167s] Level 1:colcon.colcon_core.environment:create_environment_scripts_only(arduino_utils)
[37.168s] Level 1:colcon.colcon_core.environment:checking '/home/albert/umov_ws/install/arduino_utils' for CMake module files
[37.169s] Level 1:colcon.colcon_core.environment:checking '/home/albert/umov_ws/install/arduino_utils' for CMake config files
[37.170s] Level 1:colcon.colcon_core.shell:create_environment_hook('arduino_utils', 'cmake_prefix_path')
[37.173s] INFO:colcon.colcon_core.shell:Creating environment hook '/home/albert/umov_ws/install/arduino_utils/share/arduino_utils/hook/cmake_prefix_path.ps1'
[37.174s] DEBUG:colcon.colcon_core.event_handler.log_command:Invoked command in '/home/albert/umov_ws/build/arduino_utils' returned '0': CMAKE_PREFIX_PATH=/home/albert/umov_ws/install/arduino_msgs:/home/albert/ag_arm_ws/install/arm_setup_moveit:/home/albert/ag_arm_ws/install/arm_moveit:/home/albert/ag_arm_ws/install/arm_description:/home/albert/ag_arm_ws/install/arm_cpp:/home/albert/ag_arm_ws/install/arm_controller:/home/albert/ws_moveit2/install/pilz_industrial_motion_planner_testutils:/home/albert/ws_moveit2/install/moveit_runtime:/home/albert/ws_moveit2/install/moveit2_tutorials:/home/albert/ws_moveit2/install/moveit:/home/albert/ws_moveit2/install/moveit_planners:/home/albert/ws_moveit2/install/pilz_industrial_motion_planner:/home/albert/ws_moveit2/install/moveit_visual_tools:/home/albert/ws_moveit2/install/moveit_task_constructor_visualization:/home/albert/ws_moveit2/install/moveit_task_constructor_demo:/home/albert/ws_moveit2/install/moveit_task_constructor_capabilities:/home/albert/ws_moveit2/install/moveit_task_constructor_core:/home/albert/ws_moveit2/install/moveit_ros_control_interface:/home/albert/ws_moveit2/install/moveit_plugins:/home/albert/ws_moveit2/install/moveit_simple_controller_manager:/home/albert/ws_moveit2/install/moveit_setup_assistant:/home/albert/ws_moveit2/install/moveit_setup_srdf_plugins:/home/albert/ws_moveit2/install/moveit_setup_core_plugins:/home/albert/ws_moveit2/install/moveit_setup_controllers:/home/albert/ws_moveit2/install/moveit_setup_app_plugins:/home/albert/ws_moveit2/install/moveit_setup_framework:/home/albert/ws_moveit2/install/moveit_servo:/home/albert/ws_moveit2/install/moveit_ros:/home/albert/ws_moveit2/install/moveit_ros_visualization:/home/albert/ws_moveit2/install/moveit_hybrid_planning:/home/albert/ws_moveit2/install/moveit_ros_planning_interface:/home/albert/ws_moveit2/install/moveit_ros_benchmarks:/home/albert/ws_moveit2/install/moveit_ros_warehouse:/home/albert/ws_moveit2/install/moveit_ros_robot_interaction:/home/albert/ws_moveit2/install/moveit_ros_perception:/home/albert/ws_moveit2/install/moveit_resources_prbt_pg70_support:/home/albert/ws_moveit2/install/moveit_resources_prbt_moveit_config:/home/albert/ws_moveit2/install/moveit_ros_move_group:/home/albert/ws_moveit2/install/moveit_planners_ompl:/home/albert/ws_moveit2/install/moveit_ros_planning:/home/albert/ws_moveit2/install/moveit_ros_occupancy_map_monitor:/home/albert/ws_moveit2/install/moveit_resources_prbt_ikfast_manipulator_plugin:/home/albert/ws_moveit2/install/moveit_planners_chomp:/home/albert/ws_moveit2/install/moveit_kinematics:/home/albert/ws_moveit2/install/moveit_chomp_optimizer_adapter:/home/albert/ws_moveit2/install/chomp_motion_planner:/home/albert/ws_moveit2/install/moveit_core:/home/albert/ws_moveit2/install/srdfdom:/home/albert/ws_moveit2/install/rviz_marker_tools:/home/albert/ws_moveit2/install/rosparam_shortcuts:/home/albert/ws_moveit2/install/moveit_task_constructor_msgs:/home/albert/ws_moveit2/install/moveit_resources_prbt_support:/home/albert/ws_moveit2/install/moveit_resources:/home/albert/ws_moveit2/install/moveit_resources_pr2_description:/home/albert/ws_moveit2/install/moveit_resources_panda_moveit_config:/home/albert/ws_moveit2/install/moveit_resources_panda_description:/home/albert/ws_moveit2/install/moveit_resources_fanuc_moveit_config:/home/albert/ws_moveit2/install/moveit_resources_fanuc_description:/home/albert/ws_moveit2/install/moveit_common:/home/albert/umov_ws/install/moveitassistant:/home/albert/umov_ws/install/description:/home/albert/umov_ws/install/arduinobot_bringup:/home/albert/umov_ws/install/arduino_utils:/home/albert/umov_ws/install/arduino_remote:/home/albert/umov_ws/install/arduino_cpp_examples:/home/albert/umov_ws/install/arduino_moveit:/home/albert/umov_ws/install/arduino_firmware:/home/albert/umov_ws/install/arduino_controller:/home/albert/unav_ws/install/turtlebot3_fake_node:/home/albert/unav_ws/install/robot_bringup:/home/albert/unav_ws/install/nav2_robot_description:/home/albert/udem2_ws/install/robot_bringup:/home/albert/udem2_ws/install/my_robot_bringup:/home/albert/udem2_ws/install/lifecycle_cpp:/home/albert/udem2_ws/install/final_project_cpp:/home/albert/udem2_ws/install/actions_cpp:/home/albert/udem2_ws/install/robot_interfaces:/home/albert/udem2_ws/install/executors_cpp:/home/albert/udem2_ws/install/components_cpp:/home/albert/udem_ws/install/my_robot_bringup:/home/albert/udem_ws/install/my_cpp_pkg:/home/albert/udem_ws/install/my_robot_interfaces:/home/albert/udem_ws/install/my_robot_description:/home/albert/udem_ws/install/lifecycle_cpp:/home/albert/bcdc_ws/install/aggiebot_cpp:/home/albert/bcdc_ws/install/aggiebot_msgs:/home/albert/bcdc_ws/install/aggiebot_description:/home/albert/bcdc_ws/install/aggiebot_controller:/home/albert/bcdc_ws/install/aggiebot_bringup:/home/albert/bcdc_ws/install/aggiebot_arm_moveit:/home/albert/bcdc_ws/install/aggiebot_arm_description:/home/albert/bcdc_ws/install/aggiebot_arm_controller:/home/albert/bcdc_ws/install/agbot_setup_moveit:/home/albert/bcdc_ws/install/agbot_cpp:/home/albert/bcdc_ws/install/agbot_msgs:/home/albert/bcdc_ws/install/agbot_moveit:/home/albert/bcdc_ws/install/agbot_description:/home/albert/bcdc_ws/install/agbot_controller:/home/albert/bcdc_ws/install/agbot_bringup:/home/albert/bcdc_ws/install/agbot_arm_controller:/home/albert/arduinobot_ws/install/arduinobot_utils:/home/albert/arduinobot_ws/install/arduinobot_remote:/home/albert/arduinobot_ws/install/arduinobot_cpp_examples:/home/albert/arduinobot_ws/install/arduinobot_msgs:/home/albert/arduinobot_ws/install/arduinobot_moveit_setup:/home/albert/arduinobot_ws/install/arduinobot_moveit:/home/albert/arduinobot_ws/install/arduinobot_description:/home/albert/arduinobot_ws/install/arduinobot_controller:/home/albert/rad_ws/install/agbot_full_nav2:/home/albert/rad_ws/install/agbot_full_msgs:/home/albert/rad_ws/install/agbot_full_moveit_setup:/home/albert/rad_ws/install/agbot_full_moveit:/home/albert/rad_ws/install/agbot_full_description:/home/albert/rad_ws/install/agbot_full_cpp:/home/albert/rad_ws/install/agbot_full_controller:/home/albert/rad_ws/install/agbot_full_cartogropher:/home/albert/dev_ws/install/my_bot:/home/albert/ag_car_ws/install/car_nav2:/home/albert/ag_car_ws/install/car_description:/home/albert/ag_car_ws/install/car_controller:/home/albert/ag_car_ws/install/car_cartographer:/home/albert/ws_moveit2/install/moveit_configs_utils:/home/albert/ws_moveit2/install/launch_param_builder:/home/albert/umov_ws/install/arduino_py_examples:/home/albert/udem2_ws/install/actions_py:/home/albert/udem2_ws/install/lifecycle_py:/home/albert/udem2_ws/install/executors_py:/home/albert/udem2_ws/install/components_py:/home/albert/udem_ws/install/turtlesim_catcher:/home/albert/udem_ws/install/my_py_pkg:/home/albert/udem_ws/install/lifecycle_py:/home/albert/bcdc_ws/install/agbot_teleop:/home/albert/bcdc_ws/install/agbot_py:/home/albert/arduinobot_ws/install/arduinobot_py_examples:/opt/ros/humble LD_LIBRARY_PATH=/home/albert/umov_ws/install/arduino_msgs/lib:/home/albert/ws_moveit2/install/pilz_industrial_motion_planner_testutils/lib:/home/albert/ws_moveit2/install/pilz_industrial_motion_planner/lib:/home/albert/ws_moveit2/install/moveit_visual_tools/lib:/home/albert/ws_moveit2/install/moveit_task_constructor_visualization/lib:/home/albert/ws_moveit2/install/moveit_task_constructor_demo/lib:/home/albert/ws_moveit2/install/moveit_task_constructor_capabilities/lib:/home/albert/ws_moveit2/install/moveit_task_constructor_core/lib:/home/albert/ws_moveit2/install/moveit_ros_control_interface/lib:/home/albert/ws_moveit2/install/moveit_simple_controller_manager/lib:/home/albert/ws_moveit2/install/moveit_setup_assistant/lib:/home/albert/ws_moveit2/install/moveit_setup_srdf_plugins/lib:/home/albert/ws_moveit2/install/moveit_setup_core_plugins/lib:/home/albert/ws_moveit2/install/moveit_setup_controllers/lib:/home/albert/ws_moveit2/install/moveit_setup_app_plugins/lib:/home/albert/ws_moveit2/install/moveit_setup_framework/lib:/home/albert/ws_moveit2/install/moveit_servo/lib:/home/albert/ws_moveit2/install/moveit_ros_visualization/lib:/home/albert/ws_moveit2/install/moveit_hybrid_planning/lib:/home/albert/ws_moveit2/install/moveit_ros_planning_interface/lib:/home/albert/ws_moveit2/install/moveit_ros_benchmarks/lib:/home/albert/ws_moveit2/install/moveit_ros_warehouse/lib:/home/albert/ws_moveit2/install/moveit_ros_robot_interaction/lib:/home/albert/ws_moveit2/install/moveit_ros_perception/lib:/home/albert/ws_moveit2/install/moveit_ros_move_group/lib:/home/albert/ws_moveit2/install/moveit_planners_ompl/lib:/home/albert/ws_moveit2/install/moveit_ros_planning/lib:/home/albert/ws_moveit2/install/moveit_ros_occupancy_map_monitor/lib:/home/albert/ws_moveit2/install/moveit_resources_prbt_ikfast_manipulator_plugin/lib:/home/albert/ws_moveit2/install/moveit_planners_chomp/lib:/home/albert/ws_moveit2/install/moveit_kinematics/lib:/home/albert/ws_moveit2/install/moveit_chomp_optimizer_adapter/lib:/home/albert/ws_moveit2/install/chomp_motion_planner/lib:/home/albert/ws_moveit2/install/moveit_core/lib:/home/albert/ws_moveit2/install/srdfdom/lib:/home/albert/ws_moveit2/install/rviz_marker_tools/lib:/home/albert/ws_moveit2/install/rosparam_shortcuts/lib:/home/albert/ws_moveit2/install/moveit_task_constructor_msgs/lib:/home/albert/umov_ws/install/arduino_remote/lib:/home/albert/umov_ws/install/arduino_cpp_examples/lib:/home/albert/umov_ws/install/arduino_controller/lib:/home/albert/udem2_ws/install/final_project_cpp/lib:/home/albert/udem2_ws/install/robot_interfaces/lib:/home/albert/udem2_ws/install/components_cpp/lib:/home/albert/udem_ws/install/my_robot_interfaces/lib:/home/albert/bcdc_ws/install/aggiebot_msgs/lib:/home/albert/bcdc_ws/install/agbot_msgs/lib:/home/albert/arduinobot_ws/install/arduinobot_remote/lib:/home/albert/arduinobot_ws/install/arduinobot_cpp_examples/lib:/home/albert/arduinobot_ws/install/arduinobot_msgs/lib:/usr/lib/x86_64-linux-gnu/gazebo-11/plugins:/opt/ros/humble/opt/rviz_ogre_vendor/lib:/opt/ros/humble/lib/x86_64-linux-gnu:/opt/ros/humble/lib:/usr/share/gazebo/../../lib/x86_64-linux-gnu/gazebo-11/plugins /home/albert/.local/bin/cmake --install /home/albert/umov_ws/build/arduino_utils
[37.175s] INFO:colcon.colcon_core.shell:Creating environment descriptor '/home/albert/umov_ws/install/arduino_utils/share/arduino_utils/hook/cmake_prefix_path.dsv'
[37.176s] INFO:colcon.colcon_core.shell:Creating environment hook '/home/albert/umov_ws/install/arduino_utils/share/arduino_utils/hook/cmake_prefix_path.sh'
[37.177s] Level 1:colcon.colcon_core.environment:checking '/home/albert/umov_ws/install/arduino_utils/lib'
[37.181s] Level 1:colcon.colcon_core.environment:checking '/home/albert/umov_ws/install/arduino_utils/bin'
[37.181s] Level 1:colcon.colcon_core.environment:checking '/home/albert/umov_ws/install/arduino_utils/lib/pkgconfig/arduino_utils.pc'
[37.182s] Level 1:colcon.colcon_core.environment:checking '/home/albert/umov_ws/install/arduino_utils/lib/python3.10/site-packages'
[37.183s] Level 1:colcon.colcon_core.environment:checking '/home/albert/umov_ws/install/arduino_utils/bin'
[37.187s] INFO:colcon.colcon_core.shell:Creating package script '/home/albert/umov_ws/install/arduino_utils/share/arduino_utils/package.ps1'
[37.188s] INFO:colcon.colcon_core.shell:Creating package descriptor '/home/albert/umov_ws/install/arduino_utils/share/arduino_utils/package.dsv'
[37.193s] INFO:colcon.colcon_core.shell:Creating package script '/home/albert/umov_ws/install/arduino_utils/share/arduino_utils/package.sh'
[37.194s] INFO:colcon.colcon_core.shell:Creating package script '/home/albert/umov_ws/install/arduino_utils/share/arduino_utils/package.bash'
[37.195s] INFO:colcon.colcon_core.shell:Creating package script '/home/albert/umov_ws/install/arduino_utils/share/arduino_utils/package.zsh'
[37.196s] Level 1:colcon.colcon_core.environment:create_file_with_runtime_dependencies(/home/albert/umov_ws/install/arduino_utils/share/colcon-core/packages/arduino_utils)
[37.197s] Level 1:colcon.colcon_core.environment:create_environment_scripts_only(arduino_utils)
[37.198s] Level 1:colcon.colcon_core.environment:checking '/home/albert/umov_ws/install/arduino_utils' for CMake module files
[37.203s] Level 1:colcon.colcon_core.environment:checking '/home/albert/umov_ws/install/arduino_utils' for CMake config files
[37.204s] Level 1:colcon.colcon_core.shell:create_environment_hook('arduino_utils', 'cmake_prefix_path')
[37.205s] INFO:colcon.colcon_core.shell:Creating environment hook '/home/albert/umov_ws/install/arduino_utils/share/arduino_utils/hook/cmake_prefix_path.ps1'
[37.210s] INFO:colcon.colcon_core.shell:Creating environment descriptor '/home/albert/umov_ws/install/arduino_utils/share/arduino_utils/hook/cmake_prefix_path.dsv'
[37.215s] INFO:colcon.colcon_core.shell:Creating environment hook '/home/albert/umov_ws/install/arduino_utils/share/arduino_utils/hook/cmake_prefix_path.sh'
[37.216s] Level 1:colcon.colcon_core.environment:checking '/home/albert/umov_ws/install/arduino_utils/lib'
[37.217s] Level 1:colcon.colcon_core.environment:checking '/home/albert/umov_ws/install/arduino_utils/bin'
[37.217s] Level 1:colcon.colcon_core.environment:checking '/home/albert/umov_ws/install/arduino_utils/lib/pkgconfig/arduino_utils.pc'
[37.218s] Level 1:colcon.colcon_core.environment:checking '/home/albert/umov_ws/install/arduino_utils/lib/python3.10/site-packages'
[37.218s] Level 1:colcon.colcon_core.environment:checking '/home/albert/umov_ws/install/arduino_utils/bin'
[37.219s] INFO:colcon.colcon_core.shell:Creating package script '/home/albert/umov_ws/install/arduino_utils/share/arduino_utils/package.ps1'
[37.224s] INFO:colcon.colcon_core.shell:Creating package descriptor '/home/albert/umov_ws/install/arduino_utils/share/arduino_utils/package.dsv'
[37.229s] INFO:colcon.colcon_core.shell:Creating package script '/home/albert/umov_ws/install/arduino_utils/share/arduino_utils/package.sh'
[37.230s] INFO:colcon.colcon_core.shell:Creating package script '/home/albert/umov_ws/install/arduino_utils/share/arduino_utils/package.bash'
[37.231s] INFO:colcon.colcon_core.shell:Creating package script '/home/albert/umov_ws/install/arduino_utils/share/arduino_utils/package.zsh'
[37.234s] Level 1:colcon.colcon_core.environment:create_file_with_runtime_dependencies(/home/albert/umov_ws/install/arduino_utils/share/colcon-core/packages/arduino_utils)
[58.655s] DEBUG:colcon.colcon_core.event_handler.log_command:Invoked command in '/home/albert/umov_ws/build/arduino_remote' returned '0': CMAKE_PREFIX_PATH=/home/albert/umov_ws/install/arduino_msgs:/home/albert/umov_ws/install/arduino_moveit:/home/albert/ag_arm_ws/install/arm_setup_moveit:/home/albert/ag_arm_ws/install/arm_moveit:/home/albert/ag_arm_ws/install/arm_description:/home/albert/ag_arm_ws/install/arm_cpp:/home/albert/ag_arm_ws/install/arm_controller:/home/albert/ws_moveit2/install/pilz_industrial_motion_planner_testutils:/home/albert/ws_moveit2/install/moveit_runtime:/home/albert/ws_moveit2/install/moveit2_tutorials:/home/albert/ws_moveit2/install/moveit:/home/albert/ws_moveit2/install/moveit_planners:/home/albert/ws_moveit2/install/pilz_industrial_motion_planner:/home/albert/ws_moveit2/install/moveit_visual_tools:/home/albert/ws_moveit2/install/moveit_task_constructor_visualization:/home/albert/ws_moveit2/install/moveit_task_constructor_demo:/home/albert/ws_moveit2/install/moveit_task_constructor_capabilities:/home/albert/ws_moveit2/install/moveit_task_constructor_core:/home/albert/ws_moveit2/install/moveit_ros_control_interface:/home/albert/ws_moveit2/install/moveit_plugins:/home/albert/ws_moveit2/install/moveit_simple_controller_manager:/home/albert/ws_moveit2/install/moveit_setup_assistant:/home/albert/ws_moveit2/install/moveit_setup_srdf_plugins:/home/albert/ws_moveit2/install/moveit_setup_core_plugins:/home/albert/ws_moveit2/install/moveit_setup_controllers:/home/albert/ws_moveit2/install/moveit_setup_app_plugins:/home/albert/ws_moveit2/install/moveit_setup_framework:/home/albert/ws_moveit2/install/moveit_servo:/home/albert/ws_moveit2/install/moveit_ros:/home/albert/ws_moveit2/install/moveit_ros_visualization:/home/albert/ws_moveit2/install/moveit_hybrid_planning:/home/albert/ws_moveit2/install/moveit_ros_planning_interface:/home/albert/ws_moveit2/install/moveit_ros_benchmarks:/home/albert/ws_moveit2/install/moveit_ros_warehouse:/home/albert/ws_moveit2/install/moveit_ros_robot_interaction:/home/albert/ws_moveit2/install/moveit_ros_perception:/home/albert/ws_moveit2/install/moveit_resources_prbt_pg70_support:/home/albert/ws_moveit2/install/moveit_resources_prbt_moveit_config:/home/albert/ws_moveit2/install/moveit_ros_move_group:/home/albert/ws_moveit2/install/moveit_planners_ompl:/home/albert/ws_moveit2/install/moveit_ros_planning:/home/albert/ws_moveit2/install/moveit_ros_occupancy_map_monitor:/home/albert/ws_moveit2/install/moveit_resources_prbt_ikfast_manipulator_plugin:/home/albert/ws_moveit2/install/moveit_planners_chomp:/home/albert/ws_moveit2/install/moveit_kinematics:/home/albert/ws_moveit2/install/moveit_chomp_optimizer_adapter:/home/albert/ws_moveit2/install/chomp_motion_planner:/home/albert/ws_moveit2/install/moveit_core:/home/albert/ws_moveit2/install/srdfdom:/home/albert/ws_moveit2/install/rviz_marker_tools:/home/albert/ws_moveit2/install/rosparam_shortcuts:/home/albert/ws_moveit2/install/moveit_task_constructor_msgs:/home/albert/ws_moveit2/install/moveit_resources_prbt_support:/home/albert/ws_moveit2/install/moveit_resources:/home/albert/ws_moveit2/install/moveit_resources_pr2_description:/home/albert/ws_moveit2/install/moveit_resources_panda_moveit_config:/home/albert/ws_moveit2/install/moveit_resources_panda_description:/home/albert/ws_moveit2/install/moveit_resources_fanuc_moveit_config:/home/albert/ws_moveit2/install/moveit_resources_fanuc_description:/home/albert/ws_moveit2/install/moveit_common:/home/albert/umov_ws/install/moveitassistant:/home/albert/umov_ws/install/description:/home/albert/umov_ws/install/arduinobot_bringup:/home/albert/umov_ws/install/arduino_utils:/home/albert/umov_ws/install/arduino_remote:/home/albert/umov_ws/install/arduino_cpp_examples:/home/albert/umov_ws/install/arduino_firmware:/home/albert/umov_ws/install/arduino_controller:/home/albert/unav_ws/install/turtlebot3_fake_node:/home/albert/unav_ws/install/robot_bringup:/home/albert/unav_ws/install/nav2_robot_description:/home/albert/udem2_ws/install/robot_bringup:/home/albert/udem2_ws/install/my_robot_bringup:/home/albert/udem2_ws/install/lifecycle_cpp:/home/albert/udem2_ws/install/final_project_cpp:/home/albert/udem2_ws/install/actions_cpp:/home/albert/udem2_ws/install/robot_interfaces:/home/albert/udem2_ws/install/executors_cpp:/home/albert/udem2_ws/install/components_cpp:/home/albert/udem_ws/install/my_robot_bringup:/home/albert/udem_ws/install/my_cpp_pkg:/home/albert/udem_ws/install/my_robot_interfaces:/home/albert/udem_ws/install/my_robot_description:/home/albert/udem_ws/install/lifecycle_cpp:/home/albert/bcdc_ws/install/aggiebot_cpp:/home/albert/bcdc_ws/install/aggiebot_msgs:/home/albert/bcdc_ws/install/aggiebot_description:/home/albert/bcdc_ws/install/aggiebot_controller:/home/albert/bcdc_ws/install/aggiebot_bringup:/home/albert/bcdc_ws/install/aggiebot_arm_moveit:/home/albert/bcdc_ws/install/aggiebot_arm_description:/home/albert/bcdc_ws/install/aggiebot_arm_controller:/home/albert/bcdc_ws/install/agbot_setup_moveit:/home/albert/bcdc_ws/install/agbot_cpp:/home/albert/bcdc_ws/install/agbot_msgs:/home/albert/bcdc_ws/install/agbot_moveit:/home/albert/bcdc_ws/install/agbot_description:/home/albert/bcdc_ws/install/agbot_controller:/home/albert/bcdc_ws/install/agbot_bringup:/home/albert/bcdc_ws/install/agbot_arm_controller:/home/albert/arduinobot_ws/install/arduinobot_utils:/home/albert/arduinobot_ws/install/arduinobot_remote:/home/albert/arduinobot_ws/install/arduinobot_cpp_examples:/home/albert/arduinobot_ws/install/arduinobot_msgs:/home/albert/arduinobot_ws/install/arduinobot_moveit_setup:/home/albert/arduinobot_ws/install/arduinobot_moveit:/home/albert/arduinobot_ws/install/arduinobot_description:/home/albert/arduinobot_ws/install/arduinobot_controller:/home/albert/rad_ws/install/agbot_full_nav2:/home/albert/rad_ws/install/agbot_full_msgs:/home/albert/rad_ws/install/agbot_full_moveit_setup:/home/albert/rad_ws/install/agbot_full_moveit:/home/albert/rad_ws/install/agbot_full_description:/home/albert/rad_ws/install/agbot_full_cpp:/home/albert/rad_ws/install/agbot_full_controller:/home/albert/rad_ws/install/agbot_full_cartogropher:/home/albert/dev_ws/install/my_bot:/home/albert/ag_car_ws/install/car_nav2:/home/albert/ag_car_ws/install/car_description:/home/albert/ag_car_ws/install/car_controller:/home/albert/ag_car_ws/install/car_cartographer:/home/albert/ws_moveit2/install/moveit_configs_utils:/home/albert/ws_moveit2/install/launch_param_builder:/home/albert/umov_ws/install/arduino_py_examples:/home/albert/udem2_ws/install/actions_py:/home/albert/udem2_ws/install/lifecycle_py:/home/albert/udem2_ws/install/executors_py:/home/albert/udem2_ws/install/components_py:/home/albert/udem_ws/install/turtlesim_catcher:/home/albert/udem_ws/install/my_py_pkg:/home/albert/udem_ws/install/lifecycle_py:/home/albert/bcdc_ws/install/agbot_teleop:/home/albert/bcdc_ws/install/agbot_py:/home/albert/arduinobot_ws/install/arduinobot_py_examples:/opt/ros/humble LD_LIBRARY_PATH=/home/albert/umov_ws/install/arduino_msgs/lib:/home/albert/ws_moveit2/install/pilz_industrial_motion_planner_testutils/lib:/home/albert/ws_moveit2/install/pilz_industrial_motion_planner/lib:/home/albert/ws_moveit2/install/moveit_visual_tools/lib:/home/albert/ws_moveit2/install/moveit_task_constructor_visualization/lib:/home/albert/ws_moveit2/install/moveit_task_constructor_demo/lib:/home/albert/ws_moveit2/install/moveit_task_constructor_capabilities/lib:/home/albert/ws_moveit2/install/moveit_task_constructor_core/lib:/home/albert/ws_moveit2/install/moveit_ros_control_interface/lib:/home/albert/ws_moveit2/install/moveit_simple_controller_manager/lib:/home/albert/ws_moveit2/install/moveit_setup_assistant/lib:/home/albert/ws_moveit2/install/moveit_setup_srdf_plugins/lib:/home/albert/ws_moveit2/install/moveit_setup_core_plugins/lib:/home/albert/ws_moveit2/install/moveit_setup_controllers/lib:/home/albert/ws_moveit2/install/moveit_setup_app_plugins/lib:/home/albert/ws_moveit2/install/moveit_setup_framework/lib:/home/albert/ws_moveit2/install/moveit_servo/lib:/home/albert/ws_moveit2/install/moveit_ros_visualization/lib:/home/albert/ws_moveit2/install/moveit_hybrid_planning/lib:/home/albert/ws_moveit2/install/moveit_ros_planning_interface/lib:/home/albert/ws_moveit2/install/moveit_ros_benchmarks/lib:/home/albert/ws_moveit2/install/moveit_ros_warehouse/lib:/home/albert/ws_moveit2/install/moveit_ros_robot_interaction/lib:/home/albert/ws_moveit2/install/moveit_ros_perception/lib:/home/albert/ws_moveit2/install/moveit_ros_move_group/lib:/home/albert/ws_moveit2/install/moveit_planners_ompl/lib:/home/albert/ws_moveit2/install/moveit_ros_planning/lib:/home/albert/ws_moveit2/install/moveit_ros_occupancy_map_monitor/lib:/home/albert/ws_moveit2/install/moveit_resources_prbt_ikfast_manipulator_plugin/lib:/home/albert/ws_moveit2/install/moveit_planners_chomp/lib:/home/albert/ws_moveit2/install/moveit_kinematics/lib:/home/albert/ws_moveit2/install/moveit_chomp_optimizer_adapter/lib:/home/albert/ws_moveit2/install/chomp_motion_planner/lib:/home/albert/ws_moveit2/install/moveit_core/lib:/home/albert/ws_moveit2/install/srdfdom/lib:/home/albert/ws_moveit2/install/rviz_marker_tools/lib:/home/albert/ws_moveit2/install/rosparam_shortcuts/lib:/home/albert/ws_moveit2/install/moveit_task_constructor_msgs/lib:/home/albert/umov_ws/install/arduino_remote/lib:/home/albert/umov_ws/install/arduino_cpp_examples/lib:/home/albert/umov_ws/install/arduino_controller/lib:/home/albert/udem2_ws/install/final_project_cpp/lib:/home/albert/udem2_ws/install/robot_interfaces/lib:/home/albert/udem2_ws/install/components_cpp/lib:/home/albert/udem_ws/install/my_robot_interfaces/lib:/home/albert/bcdc_ws/install/aggiebot_msgs/lib:/home/albert/bcdc_ws/install/agbot_msgs/lib:/home/albert/arduinobot_ws/install/arduinobot_remote/lib:/home/albert/arduinobot_ws/install/arduinobot_cpp_examples/lib:/home/albert/arduinobot_ws/install/arduinobot_msgs/lib:/usr/lib/x86_64-linux-gnu/gazebo-11/plugins:/opt/ros/humble/opt/rviz_ogre_vendor/lib:/opt/ros/humble/lib/x86_64-linux-gnu:/opt/ros/humble/lib:/usr/share/gazebo/../../lib/x86_64-linux-gnu/gazebo-11/plugins /home/albert/.local/bin/cmake --build /home/albert/umov_ws/build/arduino_remote -- -j8 -l8
[58.659s] DEBUG:colcon.colcon_core.event_handler.log_command:Invoking command in '/home/albert/umov_ws/build/arduino_remote': CMAKE_PREFIX_PATH=/home/albert/umov_ws/install/arduino_msgs:/home/albert/umov_ws/install/arduino_moveit:/home/albert/ag_arm_ws/install/arm_setup_moveit:/home/albert/ag_arm_ws/install/arm_moveit:/home/albert/ag_arm_ws/install/arm_description:/home/albert/ag_arm_ws/install/arm_cpp:/home/albert/ag_arm_ws/install/arm_controller:/home/albert/ws_moveit2/install/pilz_industrial_motion_planner_testutils:/home/albert/ws_moveit2/install/moveit_runtime:/home/albert/ws_moveit2/install/moveit2_tutorials:/home/albert/ws_moveit2/install/moveit:/home/albert/ws_moveit2/install/moveit_planners:/home/albert/ws_moveit2/install/pilz_industrial_motion_planner:/home/albert/ws_moveit2/install/moveit_visual_tools:/home/albert/ws_moveit2/install/moveit_task_constructor_visualization:/home/albert/ws_moveit2/install/moveit_task_constructor_demo:/home/albert/ws_moveit2/install/moveit_task_constructor_capabilities:/home/albert/ws_moveit2/install/moveit_task_constructor_core:/home/albert/ws_moveit2/install/moveit_ros_control_interface:/home/albert/ws_moveit2/install/moveit_plugins:/home/albert/ws_moveit2/install/moveit_simple_controller_manager:/home/albert/ws_moveit2/install/moveit_setup_assistant:/home/albert/ws_moveit2/install/moveit_setup_srdf_plugins:/home/albert/ws_moveit2/install/moveit_setup_core_plugins:/home/albert/ws_moveit2/install/moveit_setup_controllers:/home/albert/ws_moveit2/install/moveit_setup_app_plugins:/home/albert/ws_moveit2/install/moveit_setup_framework:/home/albert/ws_moveit2/install/moveit_servo:/home/albert/ws_moveit2/install/moveit_ros:/home/albert/ws_moveit2/install/moveit_ros_visualization:/home/albert/ws_moveit2/install/moveit_hybrid_planning:/home/albert/ws_moveit2/install/moveit_ros_planning_interface:/home/albert/ws_moveit2/install/moveit_ros_benchmarks:/home/albert/ws_moveit2/install/moveit_ros_warehouse:/home/albert/ws_moveit2/install/moveit_ros_robot_interaction:/home/albert/ws_moveit2/install/moveit_ros_perception:/home/albert/ws_moveit2/install/moveit_resources_prbt_pg70_support:/home/albert/ws_moveit2/install/moveit_resources_prbt_moveit_config:/home/albert/ws_moveit2/install/moveit_ros_move_group:/home/albert/ws_moveit2/install/moveit_planners_ompl:/home/albert/ws_moveit2/install/moveit_ros_planning:/home/albert/ws_moveit2/install/moveit_ros_occupancy_map_monitor:/home/albert/ws_moveit2/install/moveit_resources_prbt_ikfast_manipulator_plugin:/home/albert/ws_moveit2/install/moveit_planners_chomp:/home/albert/ws_moveit2/install/moveit_kinematics:/home/albert/ws_moveit2/install/moveit_chomp_optimizer_adapter:/home/albert/ws_moveit2/install/chomp_motion_planner:/home/albert/ws_moveit2/install/moveit_core:/home/albert/ws_moveit2/install/srdfdom:/home/albert/ws_moveit2/install/rviz_marker_tools:/home/albert/ws_moveit2/install/rosparam_shortcuts:/home/albert/ws_moveit2/install/moveit_task_constructor_msgs:/home/albert/ws_moveit2/install/moveit_resources_prbt_support:/home/albert/ws_moveit2/install/moveit_resources:/home/albert/ws_moveit2/install/moveit_resources_pr2_description:/home/albert/ws_moveit2/install/moveit_resources_panda_moveit_config:/home/albert/ws_moveit2/install/moveit_resources_panda_description:/home/albert/ws_moveit2/install/moveit_resources_fanuc_moveit_config:/home/albert/ws_moveit2/install/moveit_resources_fanuc_description:/home/albert/ws_moveit2/install/moveit_common:/home/albert/umov_ws/install/moveitassistant:/home/albert/umov_ws/install/description:/home/albert/umov_ws/install/arduinobot_bringup:/home/albert/umov_ws/install/arduino_utils:/home/albert/umov_ws/install/arduino_remote:/home/albert/umov_ws/install/arduino_cpp_examples:/home/albert/umov_ws/install/arduino_firmware:/home/albert/umov_ws/install/arduino_controller:/home/albert/unav_ws/install/turtlebot3_fake_node:/home/albert/unav_ws/install/robot_bringup:/home/albert/unav_ws/install/nav2_robot_description:/home/albert/udem2_ws/install/robot_bringup:/home/albert/udem2_ws/install/my_robot_bringup:/home/albert/udem2_ws/install/lifecycle_cpp:/home/albert/udem2_ws/install/final_project_cpp:/home/albert/udem2_ws/install/actions_cpp:/home/albert/udem2_ws/install/robot_interfaces:/home/albert/udem2_ws/install/executors_cpp:/home/albert/udem2_ws/install/components_cpp:/home/albert/udem_ws/install/my_robot_bringup:/home/albert/udem_ws/install/my_cpp_pkg:/home/albert/udem_ws/install/my_robot_interfaces:/home/albert/udem_ws/install/my_robot_description:/home/albert/udem_ws/install/lifecycle_cpp:/home/albert/bcdc_ws/install/aggiebot_cpp:/home/albert/bcdc_ws/install/aggiebot_msgs:/home/albert/bcdc_ws/install/aggiebot_description:/home/albert/bcdc_ws/install/aggiebot_controller:/home/albert/bcdc_ws/install/aggiebot_bringup:/home/albert/bcdc_ws/install/aggiebot_arm_moveit:/home/albert/bcdc_ws/install/aggiebot_arm_description:/home/albert/bcdc_ws/install/aggiebot_arm_controller:/home/albert/bcdc_ws/install/agbot_setup_moveit:/home/albert/bcdc_ws/install/agbot_cpp:/home/albert/bcdc_ws/install/agbot_msgs:/home/albert/bcdc_ws/install/agbot_moveit:/home/albert/bcdc_ws/install/agbot_description:/home/albert/bcdc_ws/install/agbot_controller:/home/albert/bcdc_ws/install/agbot_bringup:/home/albert/bcdc_ws/install/agbot_arm_controller:/home/albert/arduinobot_ws/install/arduinobot_utils:/home/albert/arduinobot_ws/install/arduinobot_remote:/home/albert/arduinobot_ws/install/arduinobot_cpp_examples:/home/albert/arduinobot_ws/install/arduinobot_msgs:/home/albert/arduinobot_ws/install/arduinobot_moveit_setup:/home/albert/arduinobot_ws/install/arduinobot_moveit:/home/albert/arduinobot_ws/install/arduinobot_description:/home/albert/arduinobot_ws/install/arduinobot_controller:/home/albert/rad_ws/install/agbot_full_nav2:/home/albert/rad_ws/install/agbot_full_msgs:/home/albert/rad_ws/install/agbot_full_moveit_setup:/home/albert/rad_ws/install/agbot_full_moveit:/home/albert/rad_ws/install/agbot_full_description:/home/albert/rad_ws/install/agbot_full_cpp:/home/albert/rad_ws/install/agbot_full_controller:/home/albert/rad_ws/install/agbot_full_cartogropher:/home/albert/dev_ws/install/my_bot:/home/albert/ag_car_ws/install/car_nav2:/home/albert/ag_car_ws/install/car_description:/home/albert/ag_car_ws/install/car_controller:/home/albert/ag_car_ws/install/car_cartographer:/home/albert/ws_moveit2/install/moveit_configs_utils:/home/albert/ws_moveit2/install/launch_param_builder:/home/albert/umov_ws/install/arduino_py_examples:/home/albert/udem2_ws/install/actions_py:/home/albert/udem2_ws/install/lifecycle_py:/home/albert/udem2_ws/install/executors_py:/home/albert/udem2_ws/install/components_py:/home/albert/udem_ws/install/turtlesim_catcher:/home/albert/udem_ws/install/my_py_pkg:/home/albert/udem_ws/install/lifecycle_py:/home/albert/bcdc_ws/install/agbot_teleop:/home/albert/bcdc_ws/install/agbot_py:/home/albert/arduinobot_ws/install/arduinobot_py_examples:/opt/ros/humble LD_LIBRARY_PATH=/home/albert/umov_ws/install/arduino_msgs/lib:/home/albert/ws_moveit2/install/pilz_industrial_motion_planner_testutils/lib:/home/albert/ws_moveit2/install/pilz_industrial_motion_planner/lib:/home/albert/ws_moveit2/install/moveit_visual_tools/lib:/home/albert/ws_moveit2/install/moveit_task_constructor_visualization/lib:/home/albert/ws_moveit2/install/moveit_task_constructor_demo/lib:/home/albert/ws_moveit2/install/moveit_task_constructor_capabilities/lib:/home/albert/ws_moveit2/install/moveit_task_constructor_core/lib:/home/albert/ws_moveit2/install/moveit_ros_control_interface/lib:/home/albert/ws_moveit2/install/moveit_simple_controller_manager/lib:/home/albert/ws_moveit2/install/moveit_setup_assistant/lib:/home/albert/ws_moveit2/install/moveit_setup_srdf_plugins/lib:/home/albert/ws_moveit2/install/moveit_setup_core_plugins/lib:/home/albert/ws_moveit2/install/moveit_setup_controllers/lib:/home/albert/ws_moveit2/install/moveit_setup_app_plugins/lib:/home/albert/ws_moveit2/install/moveit_setup_framework/lib:/home/albert/ws_moveit2/install/moveit_servo/lib:/home/albert/ws_moveit2/install/moveit_ros_visualization/lib:/home/albert/ws_moveit2/install/moveit_hybrid_planning/lib:/home/albert/ws_moveit2/install/moveit_ros_planning_interface/lib:/home/albert/ws_moveit2/install/moveit_ros_benchmarks/lib:/home/albert/ws_moveit2/install/moveit_ros_warehouse/lib:/home/albert/ws_moveit2/install/moveit_ros_robot_interaction/lib:/home/albert/ws_moveit2/install/moveit_ros_perception/lib:/home/albert/ws_moveit2/install/moveit_ros_move_group/lib:/home/albert/ws_moveit2/install/moveit_planners_ompl/lib:/home/albert/ws_moveit2/install/moveit_ros_planning/lib:/home/albert/ws_moveit2/install/moveit_ros_occupancy_map_monitor/lib:/home/albert/ws_moveit2/install/moveit_resources_prbt_ikfast_manipulator_plugin/lib:/home/albert/ws_moveit2/install/moveit_planners_chomp/lib:/home/albert/ws_moveit2/install/moveit_kinematics/lib:/home/albert/ws_moveit2/install/moveit_chomp_optimizer_adapter/lib:/home/albert/ws_moveit2/install/chomp_motion_planner/lib:/home/albert/ws_moveit2/install/moveit_core/lib:/home/albert/ws_moveit2/install/srdfdom/lib:/home/albert/ws_moveit2/install/rviz_marker_tools/lib:/home/albert/ws_moveit2/install/rosparam_shortcuts/lib:/home/albert/ws_moveit2/install/moveit_task_constructor_msgs/lib:/home/albert/umov_ws/install/arduino_remote/lib:/home/albert/umov_ws/install/arduino_cpp_examples/lib:/home/albert/umov_ws/install/arduino_controller/lib:/home/albert/udem2_ws/install/final_project_cpp/lib:/home/albert/udem2_ws/install/robot_interfaces/lib:/home/albert/udem2_ws/install/components_cpp/lib:/home/albert/udem_ws/install/my_robot_interfaces/lib:/home/albert/bcdc_ws/install/aggiebot_msgs/lib:/home/albert/bcdc_ws/install/agbot_msgs/lib:/home/albert/arduinobot_ws/install/arduinobot_remote/lib:/home/albert/arduinobot_ws/install/arduinobot_cpp_examples/lib:/home/albert/arduinobot_ws/install/arduinobot_msgs/lib:/usr/lib/x86_64-linux-gnu/gazebo-11/plugins:/opt/ros/humble/opt/rviz_ogre_vendor/lib:/opt/ros/humble/lib/x86_64-linux-gnu:/opt/ros/humble/lib:/usr/share/gazebo/../../lib/x86_64-linux-gnu/gazebo-11/plugins /home/albert/.local/bin/cmake --install /home/albert/umov_ws/build/arduino_remote
[58.784s] Level 1:colcon.colcon_core.environment:create_environment_scripts_only(arduino_remote)
[58.784s] Level 1:colcon.colcon_core.environment:checking '/home/albert/umov_ws/install/arduino_remote' for CMake module files
[58.786s] DEBUG:colcon.colcon_core.event_handler.log_command:Invoked command in '/home/albert/umov_ws/build/arduino_remote' returned '0': CMAKE_PREFIX_PATH=/home/albert/umov_ws/install/arduino_msgs:/home/albert/umov_ws/install/arduino_moveit:/home/albert/ag_arm_ws/install/arm_setup_moveit:/home/albert/ag_arm_ws/install/arm_moveit:/home/albert/ag_arm_ws/install/arm_description:/home/albert/ag_arm_ws/install/arm_cpp:/home/albert/ag_arm_ws/install/arm_controller:/home/albert/ws_moveit2/install/pilz_industrial_motion_planner_testutils:/home/albert/ws_moveit2/install/moveit_runtime:/home/albert/ws_moveit2/install/moveit2_tutorials:/home/albert/ws_moveit2/install/moveit:/home/albert/ws_moveit2/install/moveit_planners:/home/albert/ws_moveit2/install/pilz_industrial_motion_planner:/home/albert/ws_moveit2/install/moveit_visual_tools:/home/albert/ws_moveit2/install/moveit_task_constructor_visualization:/home/albert/ws_moveit2/install/moveit_task_constructor_demo:/home/albert/ws_moveit2/install/moveit_task_constructor_capabilities:/home/albert/ws_moveit2/install/moveit_task_constructor_core:/home/albert/ws_moveit2/install/moveit_ros_control_interface:/home/albert/ws_moveit2/install/moveit_plugins:/home/albert/ws_moveit2/install/moveit_simple_controller_manager:/home/albert/ws_moveit2/install/moveit_setup_assistant:/home/albert/ws_moveit2/install/moveit_setup_srdf_plugins:/home/albert/ws_moveit2/install/moveit_setup_core_plugins:/home/albert/ws_moveit2/install/moveit_setup_controllers:/home/albert/ws_moveit2/install/moveit_setup_app_plugins:/home/albert/ws_moveit2/install/moveit_setup_framework:/home/albert/ws_moveit2/install/moveit_servo:/home/albert/ws_moveit2/install/moveit_ros:/home/albert/ws_moveit2/install/moveit_ros_visualization:/home/albert/ws_moveit2/install/moveit_hybrid_planning:/home/albert/ws_moveit2/install/moveit_ros_planning_interface:/home/albert/ws_moveit2/install/moveit_ros_benchmarks:/home/albert/ws_moveit2/install/moveit_ros_warehouse:/home/albert/ws_moveit2/install/moveit_ros_robot_interaction:/home/albert/ws_moveit2/install/moveit_ros_perception:/home/albert/ws_moveit2/install/moveit_resources_prbt_pg70_support:/home/albert/ws_moveit2/install/moveit_resources_prbt_moveit_config:/home/albert/ws_moveit2/install/moveit_ros_move_group:/home/albert/ws_moveit2/install/moveit_planners_ompl:/home/albert/ws_moveit2/install/moveit_ros_planning:/home/albert/ws_moveit2/install/moveit_ros_occupancy_map_monitor:/home/albert/ws_moveit2/install/moveit_resources_prbt_ikfast_manipulator_plugin:/home/albert/ws_moveit2/install/moveit_planners_chomp:/home/albert/ws_moveit2/install/moveit_kinematics:/home/albert/ws_moveit2/install/moveit_chomp_optimizer_adapter:/home/albert/ws_moveit2/install/chomp_motion_planner:/home/albert/ws_moveit2/install/moveit_core:/home/albert/ws_moveit2/install/srdfdom:/home/albert/ws_moveit2/install/rviz_marker_tools:/home/albert/ws_moveit2/install/rosparam_shortcuts:/home/albert/ws_moveit2/install/moveit_task_constructor_msgs:/home/albert/ws_moveit2/install/moveit_resources_prbt_support:/home/albert/ws_moveit2/install/moveit_resources:/home/albert/ws_moveit2/install/moveit_resources_pr2_description:/home/albert/ws_moveit2/install/moveit_resources_panda_moveit_config:/home/albert/ws_moveit2/install/moveit_resources_panda_description:/home/albert/ws_moveit2/install/moveit_resources_fanuc_moveit_config:/home/albert/ws_moveit2/install/moveit_resources_fanuc_description:/home/albert/ws_moveit2/install/moveit_common:/home/albert/umov_ws/install/moveitassistant:/home/albert/umov_ws/install/description:/home/albert/umov_ws/install/arduinobot_bringup:/home/albert/umov_ws/install/arduino_utils:/home/albert/umov_ws/install/arduino_remote:/home/albert/umov_ws/install/arduino_cpp_examples:/home/albert/umov_ws/install/arduino_firmware:/home/albert/umov_ws/install/arduino_controller:/home/albert/unav_ws/install/turtlebot3_fake_node:/home/albert/unav_ws/install/robot_bringup:/home/albert/unav_ws/install/nav2_robot_description:/home/albert/udem2_ws/install/robot_bringup:/home/albert/udem2_ws/install/my_robot_bringup:/home/albert/udem2_ws/install/lifecycle_cpp:/home/albert/udem2_ws/install/final_project_cpp:/home/albert/udem2_ws/install/actions_cpp:/home/albert/udem2_ws/install/robot_interfaces:/home/albert/udem2_ws/install/executors_cpp:/home/albert/udem2_ws/install/components_cpp:/home/albert/udem_ws/install/my_robot_bringup:/home/albert/udem_ws/install/my_cpp_pkg:/home/albert/udem_ws/install/my_robot_interfaces:/home/albert/udem_ws/install/my_robot_description:/home/albert/udem_ws/install/lifecycle_cpp:/home/albert/bcdc_ws/install/aggiebot_cpp:/home/albert/bcdc_ws/install/aggiebot_msgs:/home/albert/bcdc_ws/install/aggiebot_description:/home/albert/bcdc_ws/install/aggiebot_controller:/home/albert/bcdc_ws/install/aggiebot_bringup:/home/albert/bcdc_ws/install/aggiebot_arm_moveit:/home/albert/bcdc_ws/install/aggiebot_arm_description:/home/albert/bcdc_ws/install/aggiebot_arm_controller:/home/albert/bcdc_ws/install/agbot_setup_moveit:/home/albert/bcdc_ws/install/agbot_cpp:/home/albert/bcdc_ws/install/agbot_msgs:/home/albert/bcdc_ws/install/agbot_moveit:/home/albert/bcdc_ws/install/agbot_description:/home/albert/bcdc_ws/install/agbot_controller:/home/albert/bcdc_ws/install/agbot_bringup:/home/albert/bcdc_ws/install/agbot_arm_controller:/home/albert/arduinobot_ws/install/arduinobot_utils:/home/albert/arduinobot_ws/install/arduinobot_remote:/home/albert/arduinobot_ws/install/arduinobot_cpp_examples:/home/albert/arduinobot_ws/install/arduinobot_msgs:/home/albert/arduinobot_ws/install/arduinobot_moveit_setup:/home/albert/arduinobot_ws/install/arduinobot_moveit:/home/albert/arduinobot_ws/install/arduinobot_description:/home/albert/arduinobot_ws/install/arduinobot_controller:/home/albert/rad_ws/install/agbot_full_nav2:/home/albert/rad_ws/install/agbot_full_msgs:/home/albert/rad_ws/install/agbot_full_moveit_setup:/home/albert/rad_ws/install/agbot_full_moveit:/home/albert/rad_ws/install/agbot_full_description:/home/albert/rad_ws/install/agbot_full_cpp:/home/albert/rad_ws/install/agbot_full_controller:/home/albert/rad_ws/install/agbot_full_cartogropher:/home/albert/dev_ws/install/my_bot:/home/albert/ag_car_ws/install/car_nav2:/home/albert/ag_car_ws/install/car_description:/home/albert/ag_car_ws/install/car_controller:/home/albert/ag_car_ws/install/car_cartographer:/home/albert/ws_moveit2/install/moveit_configs_utils:/home/albert/ws_moveit2/install/launch_param_builder:/home/albert/umov_ws/install/arduino_py_examples:/home/albert/udem2_ws/install/actions_py:/home/albert/udem2_ws/install/lifecycle_py:/home/albert/udem2_ws/install/executors_py:/home/albert/udem2_ws/install/components_py:/home/albert/udem_ws/install/turtlesim_catcher:/home/albert/udem_ws/install/my_py_pkg:/home/albert/udem_ws/install/lifecycle_py:/home/albert/bcdc_ws/install/agbot_teleop:/home/albert/bcdc_ws/install/agbot_py:/home/albert/arduinobot_ws/install/arduinobot_py_examples:/opt/ros/humble LD_LIBRARY_PATH=/home/albert/umov_ws/install/arduino_msgs/lib:/home/albert/ws_moveit2/install/pilz_industrial_motion_planner_testutils/lib:/home/albert/ws_moveit2/install/pilz_industrial_motion_planner/lib:/home/albert/ws_moveit2/install/moveit_visual_tools/lib:/home/albert/ws_moveit2/install/moveit_task_constructor_visualization/lib:/home/albert/ws_moveit2/install/moveit_task_constructor_demo/lib:/home/albert/ws_moveit2/install/moveit_task_constructor_capabilities/lib:/home/albert/ws_moveit2/install/moveit_task_constructor_core/lib:/home/albert/ws_moveit2/install/moveit_ros_control_interface/lib:/home/albert/ws_moveit2/install/moveit_simple_controller_manager/lib:/home/albert/ws_moveit2/install/moveit_setup_assistant/lib:/home/albert/ws_moveit2/install/moveit_setup_srdf_plugins/lib:/home/albert/ws_moveit2/install/moveit_setup_core_plugins/lib:/home/albert/ws_moveit2/install/moveit_setup_controllers/lib:/home/albert/ws_moveit2/install/moveit_setup_app_plugins/lib:/home/albert/ws_moveit2/install/moveit_setup_framework/lib:/home/albert/ws_moveit2/install/moveit_servo/lib:/home/albert/ws_moveit2/install/moveit_ros_visualization/lib:/home/albert/ws_moveit2/install/moveit_hybrid_planning/lib:/home/albert/ws_moveit2/install/moveit_ros_planning_interface/lib:/home/albert/ws_moveit2/install/moveit_ros_benchmarks/lib:/home/albert/ws_moveit2/install/moveit_ros_warehouse/lib:/home/albert/ws_moveit2/install/moveit_ros_robot_interaction/lib:/home/albert/ws_moveit2/install/moveit_ros_perception/lib:/home/albert/ws_moveit2/install/moveit_ros_move_group/lib:/home/albert/ws_moveit2/install/moveit_planners_ompl/lib:/home/albert/ws_moveit2/install/moveit_ros_planning/lib:/home/albert/ws_moveit2/install/moveit_ros_occupancy_map_monitor/lib:/home/albert/ws_moveit2/install/moveit_resources_prbt_ikfast_manipulator_plugin/lib:/home/albert/ws_moveit2/install/moveit_planners_chomp/lib:/home/albert/ws_moveit2/install/moveit_kinematics/lib:/home/albert/ws_moveit2/install/moveit_chomp_optimizer_adapter/lib:/home/albert/ws_moveit2/install/chomp_motion_planner/lib:/home/albert/ws_moveit2/install/moveit_core/lib:/home/albert/ws_moveit2/install/srdfdom/lib:/home/albert/ws_moveit2/install/rviz_marker_tools/lib:/home/albert/ws_moveit2/install/rosparam_shortcuts/lib:/home/albert/ws_moveit2/install/moveit_task_constructor_msgs/lib:/home/albert/umov_ws/install/arduino_remote/lib:/home/albert/umov_ws/install/arduino_cpp_examples/lib:/home/albert/umov_ws/install/arduino_controller/lib:/home/albert/udem2_ws/install/final_project_cpp/lib:/home/albert/udem2_ws/install/robot_interfaces/lib:/home/albert/udem2_ws/install/components_cpp/lib:/home/albert/udem_ws/install/my_robot_interfaces/lib:/home/albert/bcdc_ws/install/aggiebot_msgs/lib:/home/albert/bcdc_ws/install/agbot_msgs/lib:/home/albert/arduinobot_ws/install/arduinobot_remote/lib:/home/albert/arduinobot_ws/install/arduinobot_cpp_examples/lib:/home/albert/arduinobot_ws/install/arduinobot_msgs/lib:/usr/lib/x86_64-linux-gnu/gazebo-11/plugins:/opt/ros/humble/opt/rviz_ogre_vendor/lib:/opt/ros/humble/lib/x86_64-linux-gnu:/opt/ros/humble/lib:/usr/share/gazebo/../../lib/x86_64-linux-gnu/gazebo-11/plugins /home/albert/.local/bin/cmake --install /home/albert/umov_ws/build/arduino_remote
[58.786s] Level 1:colcon.colcon_core.environment:checking '/home/albert/umov_ws/install/arduino_remote' for CMake config files
[58.787s] Level 1:colcon.colcon_core.shell:create_environment_hook('arduino_remote', 'cmake_prefix_path')
[58.788s] INFO:colcon.colcon_core.shell:Creating environment hook '/home/albert/umov_ws/install/arduino_remote/share/arduino_remote/hook/cmake_prefix_path.ps1'
[58.788s] INFO:colcon.colcon_core.shell:Creating environment descriptor '/home/albert/umov_ws/install/arduino_remote/share/arduino_remote/hook/cmake_prefix_path.dsv'
[58.789s] INFO:colcon.colcon_core.shell:Creating environment hook '/home/albert/umov_ws/install/arduino_remote/share/arduino_remote/hook/cmake_prefix_path.sh'
[58.790s] Level 1:colcon.colcon_core.environment:checking '/home/albert/umov_ws/install/arduino_remote/lib'
[58.790s] Level 1:colcon.colcon_core.shell:create_environment_hook('arduino_remote', 'ld_library_path_lib')
[58.790s] INFO:colcon.colcon_core.shell:Creating environment hook '/home/albert/umov_ws/install/arduino_remote/share/arduino_remote/hook/ld_library_path_lib.ps1'
[58.791s] INFO:colcon.colcon_core.shell:Creating environment descriptor '/home/albert/umov_ws/install/arduino_remote/share/arduino_remote/hook/ld_library_path_lib.dsv'
[58.791s] INFO:colcon.colcon_core.shell:Creating environment hook '/home/albert/umov_ws/install/arduino_remote/share/arduino_remote/hook/ld_library_path_lib.sh'
[58.792s] Level 1:colcon.colcon_core.environment:checking '/home/albert/umov_ws/install/arduino_remote/bin'
[58.792s] Level 1:colcon.colcon_core.environment:checking '/home/albert/umov_ws/install/arduino_remote/lib/pkgconfig/arduino_remote.pc'
[58.792s] Level 1:colcon.colcon_core.environment:checking '/home/albert/umov_ws/install/arduino_remote/lib/python3.10/site-packages'
[58.792s] Level 1:colcon.colcon_core.environment:checking '/home/albert/umov_ws/install/arduino_remote/bin'
[58.793s] INFO:colcon.colcon_core.shell:Creating package script '/home/albert/umov_ws/install/arduino_remote/share/arduino_remote/package.ps1'
[58.794s] INFO:colcon.colcon_core.shell:Creating package descriptor '/home/albert/umov_ws/install/arduino_remote/share/arduino_remote/package.dsv'
[58.795s] INFO:colcon.colcon_core.shell:Creating package script '/home/albert/umov_ws/install/arduino_remote/share/arduino_remote/package.sh'
[58.796s] INFO:colcon.colcon_core.shell:Creating package script '/home/albert/umov_ws/install/arduino_remote/share/arduino_remote/package.bash'
[58.796s] INFO:colcon.colcon_core.shell:Creating package script '/home/albert/umov_ws/install/arduino_remote/share/arduino_remote/package.zsh'
[58.797s] Level 1:colcon.colcon_core.environment:create_file_with_runtime_dependencies(/home/albert/umov_ws/install/arduino_remote/share/colcon-core/packages/arduino_remote)
[58.798s] Level 1:colcon.colcon_core.environment:create_environment_scripts_only(arduino_remote)
[58.799s] Level 1:colcon.colcon_core.environment:checking '/home/albert/umov_ws/install/arduino_remote' for CMake module files
[58.799s] Level 1:colcon.colcon_core.environment:checking '/home/albert/umov_ws/install/arduino_remote' for CMake config files
[58.800s] Level 1:colcon.colcon_core.shell:create_environment_hook('arduino_remote', 'cmake_prefix_path')
[58.800s] INFO:colcon.colcon_core.shell:Creating environment hook '/home/albert/umov_ws/install/arduino_remote/share/arduino_remote/hook/cmake_prefix_path.ps1'
[58.801s] INFO:colcon.colcon_core.shell:Creating environment descriptor '/home/albert/umov_ws/install/arduino_remote/share/arduino_remote/hook/cmake_prefix_path.dsv'
[58.802s] INFO:colcon.colcon_core.shell:Creating environment hook '/home/albert/umov_ws/install/arduino_remote/share/arduino_remote/hook/cmake_prefix_path.sh'
[58.802s] Level 1:colcon.colcon_core.environment:checking '/home/albert/umov_ws/install/arduino_remote/lib'
[58.803s] Level 1:colcon.colcon_core.shell:create_environment_hook('arduino_remote', 'ld_library_path_lib')
[58.803s] INFO:colcon.colcon_core.shell:Creating environment hook '/home/albert/umov_ws/install/arduino_remote/share/arduino_remote/hook/ld_library_path_lib.ps1'
[58.804s] INFO:colcon.colcon_core.shell:Creating environment descriptor '/home/albert/umov_ws/install/arduino_remote/share/arduino_remote/hook/ld_library_path_lib.dsv'
[58.804s] INFO:colcon.colcon_core.shell:Creating environment hook '/home/albert/umov_ws/install/arduino_remote/share/arduino_remote/hook/ld_library_path_lib.sh'
[58.805s] Level 1:colcon.colcon_core.environment:checking '/home/albert/umov_ws/install/arduino_remote/bin'
[58.805s] Level 1:colcon.colcon_core.environment:checking '/home/albert/umov_ws/install/arduino_remote/lib/pkgconfig/arduino_remote.pc'
[58.806s] Level 1:colcon.colcon_core.environment:checking '/home/albert/umov_ws/install/arduino_remote/lib/python3.10/site-packages'
[58.806s] Level 1:colcon.colcon_core.environment:checking '/home/albert/umov_ws/install/arduino_remote/bin'
[58.806s] INFO:colcon.colcon_core.shell:Creating package script '/home/albert/umov_ws/install/arduino_remote/share/arduino_remote/package.ps1'
[58.807s] INFO:colcon.colcon_core.shell:Creating package descriptor '/home/albert/umov_ws/install/arduino_remote/share/arduino_remote/package.dsv'
[58.808s] INFO:colcon.colcon_core.shell:Creating package script '/home/albert/umov_ws/install/arduino_remote/share/arduino_remote/package.sh'
[58.809s] INFO:colcon.colcon_core.shell:Creating package script '/home/albert/umov_ws/install/arduino_remote/share/arduino_remote/package.bash'
[58.809s] INFO:colcon.colcon_core.shell:Creating package script '/home/albert/umov_ws/install/arduino_remote/share/arduino_remote/package.zsh'
[58.810s] Level 1:colcon.colcon_core.environment:create_file_with_runtime_dependencies(/home/albert/umov_ws/install/arduino_remote/share/colcon-core/packages/arduino_remote)
[87.306s] DEBUG:colcon.colcon_core.event_handler.log_command:Invoked command in '/home/albert/umov_ws/build/arduino_cpp_examples' returned '0': CMAKE_PREFIX_PATH=/home/albert/umov_ws/install/arduino_msgs:/home/albert/ag_arm_ws/install/arm_setup_moveit:/home/albert/ag_arm_ws/install/arm_moveit:/home/albert/ag_arm_ws/install/arm_description:/home/albert/ag_arm_ws/install/arm_cpp:/home/albert/ag_arm_ws/install/arm_controller:/home/albert/ws_moveit2/install/pilz_industrial_motion_planner_testutils:/home/albert/ws_moveit2/install/moveit_runtime:/home/albert/ws_moveit2/install/moveit2_tutorials:/home/albert/ws_moveit2/install/moveit:/home/albert/ws_moveit2/install/moveit_planners:/home/albert/ws_moveit2/install/pilz_industrial_motion_planner:/home/albert/ws_moveit2/install/moveit_visual_tools:/home/albert/ws_moveit2/install/moveit_task_constructor_visualization:/home/albert/ws_moveit2/install/moveit_task_constructor_demo:/home/albert/ws_moveit2/install/moveit_task_constructor_capabilities:/home/albert/ws_moveit2/install/moveit_task_constructor_core:/home/albert/ws_moveit2/install/moveit_ros_control_interface:/home/albert/ws_moveit2/install/moveit_plugins:/home/albert/ws_moveit2/install/moveit_simple_controller_manager:/home/albert/ws_moveit2/install/moveit_setup_assistant:/home/albert/ws_moveit2/install/moveit_setup_srdf_plugins:/home/albert/ws_moveit2/install/moveit_setup_core_plugins:/home/albert/ws_moveit2/install/moveit_setup_controllers:/home/albert/ws_moveit2/install/moveit_setup_app_plugins:/home/albert/ws_moveit2/install/moveit_setup_framework:/home/albert/ws_moveit2/install/moveit_servo:/home/albert/ws_moveit2/install/moveit_ros:/home/albert/ws_moveit2/install/moveit_ros_visualization:/home/albert/ws_moveit2/install/moveit_hybrid_planning:/home/albert/ws_moveit2/install/moveit_ros_planning_interface:/home/albert/ws_moveit2/install/moveit_ros_benchmarks:/home/albert/ws_moveit2/install/moveit_ros_warehouse:/home/albert/ws_moveit2/install/moveit_ros_robot_interaction:/home/albert/ws_moveit2/install/moveit_ros_perception:/home/albert/ws_moveit2/install/moveit_resources_prbt_pg70_support:/home/albert/ws_moveit2/install/moveit_resources_prbt_moveit_config:/home/albert/ws_moveit2/install/moveit_ros_move_group:/home/albert/ws_moveit2/install/moveit_planners_ompl:/home/albert/ws_moveit2/install/moveit_ros_planning:/home/albert/ws_moveit2/install/moveit_ros_occupancy_map_monitor:/home/albert/ws_moveit2/install/moveit_resources_prbt_ikfast_manipulator_plugin:/home/albert/ws_moveit2/install/moveit_planners_chomp:/home/albert/ws_moveit2/install/moveit_kinematics:/home/albert/ws_moveit2/install/moveit_chomp_optimizer_adapter:/home/albert/ws_moveit2/install/chomp_motion_planner:/home/albert/ws_moveit2/install/moveit_core:/home/albert/ws_moveit2/install/srdfdom:/home/albert/ws_moveit2/install/rviz_marker_tools:/home/albert/ws_moveit2/install/rosparam_shortcuts:/home/albert/ws_moveit2/install/moveit_task_constructor_msgs:/home/albert/ws_moveit2/install/moveit_resources_prbt_support:/home/albert/ws_moveit2/install/moveit_resources:/home/albert/ws_moveit2/install/moveit_resources_pr2_description:/home/albert/ws_moveit2/install/moveit_resources_panda_moveit_config:/home/albert/ws_moveit2/install/moveit_resources_panda_description:/home/albert/ws_moveit2/install/moveit_resources_fanuc_moveit_config:/home/albert/ws_moveit2/install/moveit_resources_fanuc_description:/home/albert/ws_moveit2/install/moveit_common:/home/albert/umov_ws/install/moveitassistant:/home/albert/umov_ws/install/description:/home/albert/umov_ws/install/arduinobot_bringup:/home/albert/umov_ws/install/arduino_utils:/home/albert/umov_ws/install/arduino_remote:/home/albert/umov_ws/install/arduino_cpp_examples:/home/albert/umov_ws/install/arduino_moveit:/home/albert/umov_ws/install/arduino_firmware:/home/albert/umov_ws/install/arduino_controller:/home/albert/unav_ws/install/turtlebot3_fake_node:/home/albert/unav_ws/install/robot_bringup:/home/albert/unav_ws/install/nav2_robot_description:/home/albert/udem2_ws/install/robot_bringup:/home/albert/udem2_ws/install/my_robot_bringup:/home/albert/udem2_ws/install/lifecycle_cpp:/home/albert/udem2_ws/install/final_project_cpp:/home/albert/udem2_ws/install/actions_cpp:/home/albert/udem2_ws/install/robot_interfaces:/home/albert/udem2_ws/install/executors_cpp:/home/albert/udem2_ws/install/components_cpp:/home/albert/udem_ws/install/my_robot_bringup:/home/albert/udem_ws/install/my_cpp_pkg:/home/albert/udem_ws/install/my_robot_interfaces:/home/albert/udem_ws/install/my_robot_description:/home/albert/udem_ws/install/lifecycle_cpp:/home/albert/bcdc_ws/install/aggiebot_cpp:/home/albert/bcdc_ws/install/aggiebot_msgs:/home/albert/bcdc_ws/install/aggiebot_description:/home/albert/bcdc_ws/install/aggiebot_controller:/home/albert/bcdc_ws/install/aggiebot_bringup:/home/albert/bcdc_ws/install/aggiebot_arm_moveit:/home/albert/bcdc_ws/install/aggiebot_arm_description:/home/albert/bcdc_ws/install/aggiebot_arm_controller:/home/albert/bcdc_ws/install/agbot_setup_moveit:/home/albert/bcdc_ws/install/agbot_cpp:/home/albert/bcdc_ws/install/agbot_msgs:/home/albert/bcdc_ws/install/agbot_moveit:/home/albert/bcdc_ws/install/agbot_description:/home/albert/bcdc_ws/install/agbot_controller:/home/albert/bcdc_ws/install/agbot_bringup:/home/albert/bcdc_ws/install/agbot_arm_controller:/home/albert/arduinobot_ws/install/arduinobot_utils:/home/albert/arduinobot_ws/install/arduinobot_remote:/home/albert/arduinobot_ws/install/arduinobot_cpp_examples:/home/albert/arduinobot_ws/install/arduinobot_msgs:/home/albert/arduinobot_ws/install/arduinobot_moveit_setup:/home/albert/arduinobot_ws/install/arduinobot_moveit:/home/albert/arduinobot_ws/install/arduinobot_description:/home/albert/arduinobot_ws/install/arduinobot_controller:/home/albert/rad_ws/install/agbot_full_nav2:/home/albert/rad_ws/install/agbot_full_msgs:/home/albert/rad_ws/install/agbot_full_moveit_setup:/home/albert/rad_ws/install/agbot_full_moveit:/home/albert/rad_ws/install/agbot_full_description:/home/albert/rad_ws/install/agbot_full_cpp:/home/albert/rad_ws/install/agbot_full_controller:/home/albert/rad_ws/install/agbot_full_cartogropher:/home/albert/dev_ws/install/my_bot:/home/albert/ag_car_ws/install/car_nav2:/home/albert/ag_car_ws/install/car_description:/home/albert/ag_car_ws/install/car_controller:/home/albert/ag_car_ws/install/car_cartographer:/home/albert/ws_moveit2/install/moveit_configs_utils:/home/albert/ws_moveit2/install/launch_param_builder:/home/albert/umov_ws/install/arduino_py_examples:/home/albert/udem2_ws/install/actions_py:/home/albert/udem2_ws/install/lifecycle_py:/home/albert/udem2_ws/install/executors_py:/home/albert/udem2_ws/install/components_py:/home/albert/udem_ws/install/turtlesim_catcher:/home/albert/udem_ws/install/my_py_pkg:/home/albert/udem_ws/install/lifecycle_py:/home/albert/bcdc_ws/install/agbot_teleop:/home/albert/bcdc_ws/install/agbot_py:/home/albert/arduinobot_ws/install/arduinobot_py_examples:/opt/ros/humble LD_LIBRARY_PATH=/home/albert/umov_ws/install/arduino_msgs/lib:/home/albert/ws_moveit2/install/pilz_industrial_motion_planner_testutils/lib:/home/albert/ws_moveit2/install/pilz_industrial_motion_planner/lib:/home/albert/ws_moveit2/install/moveit_visual_tools/lib:/home/albert/ws_moveit2/install/moveit_task_constructor_visualization/lib:/home/albert/ws_moveit2/install/moveit_task_constructor_demo/lib:/home/albert/ws_moveit2/install/moveit_task_constructor_capabilities/lib:/home/albert/ws_moveit2/install/moveit_task_constructor_core/lib:/home/albert/ws_moveit2/install/moveit_ros_control_interface/lib:/home/albert/ws_moveit2/install/moveit_simple_controller_manager/lib:/home/albert/ws_moveit2/install/moveit_setup_assistant/lib:/home/albert/ws_moveit2/install/moveit_setup_srdf_plugins/lib:/home/albert/ws_moveit2/install/moveit_setup_core_plugins/lib:/home/albert/ws_moveit2/install/moveit_setup_controllers/lib:/home/albert/ws_moveit2/install/moveit_setup_app_plugins/lib:/home/albert/ws_moveit2/install/moveit_setup_framework/lib:/home/albert/ws_moveit2/install/moveit_servo/lib:/home/albert/ws_moveit2/install/moveit_ros_visualization/lib:/home/albert/ws_moveit2/install/moveit_hybrid_planning/lib:/home/albert/ws_moveit2/install/moveit_ros_planning_interface/lib:/home/albert/ws_moveit2/install/moveit_ros_benchmarks/lib:/home/albert/ws_moveit2/install/moveit_ros_warehouse/lib:/home/albert/ws_moveit2/install/moveit_ros_robot_interaction/lib:/home/albert/ws_moveit2/install/moveit_ros_perception/lib:/home/albert/ws_moveit2/install/moveit_ros_move_group/lib:/home/albert/ws_moveit2/install/moveit_planners_ompl/lib:/home/albert/ws_moveit2/install/moveit_ros_planning/lib:/home/albert/ws_moveit2/install/moveit_ros_occupancy_map_monitor/lib:/home/albert/ws_moveit2/install/moveit_resources_prbt_ikfast_manipulator_plugin/lib:/home/albert/ws_moveit2/install/moveit_planners_chomp/lib:/home/albert/ws_moveit2/install/moveit_kinematics/lib:/home/albert/ws_moveit2/install/moveit_chomp_optimizer_adapter/lib:/home/albert/ws_moveit2/install/chomp_motion_planner/lib:/home/albert/ws_moveit2/install/moveit_core/lib:/home/albert/ws_moveit2/install/srdfdom/lib:/home/albert/ws_moveit2/install/rviz_marker_tools/lib:/home/albert/ws_moveit2/install/rosparam_shortcuts/lib:/home/albert/ws_moveit2/install/moveit_task_constructor_msgs/lib:/home/albert/umov_ws/install/arduino_remote/lib:/home/albert/umov_ws/install/arduino_cpp_examples/lib:/home/albert/umov_ws/install/arduino_controller/lib:/home/albert/udem2_ws/install/final_project_cpp/lib:/home/albert/udem2_ws/install/robot_interfaces/lib:/home/albert/udem2_ws/install/components_cpp/lib:/home/albert/udem_ws/install/my_robot_interfaces/lib:/home/albert/bcdc_ws/install/aggiebot_msgs/lib:/home/albert/bcdc_ws/install/agbot_msgs/lib:/home/albert/arduinobot_ws/install/arduinobot_remote/lib:/home/albert/arduinobot_ws/install/arduinobot_cpp_examples/lib:/home/albert/arduinobot_ws/install/arduinobot_msgs/lib:/usr/lib/x86_64-linux-gnu/gazebo-11/plugins:/opt/ros/humble/opt/rviz_ogre_vendor/lib:/opt/ros/humble/lib/x86_64-linux-gnu:/opt/ros/humble/lib:/usr/share/gazebo/../../lib/x86_64-linux-gnu/gazebo-11/plugins /home/albert/.local/bin/cmake --build /home/albert/umov_ws/build/arduino_cpp_examples -- -j8 -l8
[87.308s] DEBUG:colcon.colcon_core.event_handler.log_command:Invoking command in '/home/albert/umov_ws/build/arduino_cpp_examples': CMAKE_PREFIX_PATH=/home/albert/umov_ws/install/arduino_msgs:/home/albert/ag_arm_ws/install/arm_setup_moveit:/home/albert/ag_arm_ws/install/arm_moveit:/home/albert/ag_arm_ws/install/arm_description:/home/albert/ag_arm_ws/install/arm_cpp:/home/albert/ag_arm_ws/install/arm_controller:/home/albert/ws_moveit2/install/pilz_industrial_motion_planner_testutils:/home/albert/ws_moveit2/install/moveit_runtime:/home/albert/ws_moveit2/install/moveit2_tutorials:/home/albert/ws_moveit2/install/moveit:/home/albert/ws_moveit2/install/moveit_planners:/home/albert/ws_moveit2/install/pilz_industrial_motion_planner:/home/albert/ws_moveit2/install/moveit_visual_tools:/home/albert/ws_moveit2/install/moveit_task_constructor_visualization:/home/albert/ws_moveit2/install/moveit_task_constructor_demo:/home/albert/ws_moveit2/install/moveit_task_constructor_capabilities:/home/albert/ws_moveit2/install/moveit_task_constructor_core:/home/albert/ws_moveit2/install/moveit_ros_control_interface:/home/albert/ws_moveit2/install/moveit_plugins:/home/albert/ws_moveit2/install/moveit_simple_controller_manager:/home/albert/ws_moveit2/install/moveit_setup_assistant:/home/albert/ws_moveit2/install/moveit_setup_srdf_plugins:/home/albert/ws_moveit2/install/moveit_setup_core_plugins:/home/albert/ws_moveit2/install/moveit_setup_controllers:/home/albert/ws_moveit2/install/moveit_setup_app_plugins:/home/albert/ws_moveit2/install/moveit_setup_framework:/home/albert/ws_moveit2/install/moveit_servo:/home/albert/ws_moveit2/install/moveit_ros:/home/albert/ws_moveit2/install/moveit_ros_visualization:/home/albert/ws_moveit2/install/moveit_hybrid_planning:/home/albert/ws_moveit2/install/moveit_ros_planning_interface:/home/albert/ws_moveit2/install/moveit_ros_benchmarks:/home/albert/ws_moveit2/install/moveit_ros_warehouse:/home/albert/ws_moveit2/install/moveit_ros_robot_interaction:/home/albert/ws_moveit2/install/moveit_ros_perception:/home/albert/ws_moveit2/install/moveit_resources_prbt_pg70_support:/home/albert/ws_moveit2/install/moveit_resources_prbt_moveit_config:/home/albert/ws_moveit2/install/moveit_ros_move_group:/home/albert/ws_moveit2/install/moveit_planners_ompl:/home/albert/ws_moveit2/install/moveit_ros_planning:/home/albert/ws_moveit2/install/moveit_ros_occupancy_map_monitor:/home/albert/ws_moveit2/install/moveit_resources_prbt_ikfast_manipulator_plugin:/home/albert/ws_moveit2/install/moveit_planners_chomp:/home/albert/ws_moveit2/install/moveit_kinematics:/home/albert/ws_moveit2/install/moveit_chomp_optimizer_adapter:/home/albert/ws_moveit2/install/chomp_motion_planner:/home/albert/ws_moveit2/install/moveit_core:/home/albert/ws_moveit2/install/srdfdom:/home/albert/ws_moveit2/install/rviz_marker_tools:/home/albert/ws_moveit2/install/rosparam_shortcuts:/home/albert/ws_moveit2/install/moveit_task_constructor_msgs:/home/albert/ws_moveit2/install/moveit_resources_prbt_support:/home/albert/ws_moveit2/install/moveit_resources:/home/albert/ws_moveit2/install/moveit_resources_pr2_description:/home/albert/ws_moveit2/install/moveit_resources_panda_moveit_config:/home/albert/ws_moveit2/install/moveit_resources_panda_description:/home/albert/ws_moveit2/install/moveit_resources_fanuc_moveit_config:/home/albert/ws_moveit2/install/moveit_resources_fanuc_description:/home/albert/ws_moveit2/install/moveit_common:/home/albert/umov_ws/install/moveitassistant:/home/albert/umov_ws/install/description:/home/albert/umov_ws/install/arduinobot_bringup:/home/albert/umov_ws/install/arduino_utils:/home/albert/umov_ws/install/arduino_remote:/home/albert/umov_ws/install/arduino_cpp_examples:/home/albert/umov_ws/install/arduino_moveit:/home/albert/umov_ws/install/arduino_firmware:/home/albert/umov_ws/install/arduino_controller:/home/albert/unav_ws/install/turtlebot3_fake_node:/home/albert/unav_ws/install/robot_bringup:/home/albert/unav_ws/install/nav2_robot_description:/home/albert/udem2_ws/install/robot_bringup:/home/albert/udem2_ws/install/my_robot_bringup:/home/albert/udem2_ws/install/lifecycle_cpp:/home/albert/udem2_ws/install/final_project_cpp:/home/albert/udem2_ws/install/actions_cpp:/home/albert/udem2_ws/install/robot_interfaces:/home/albert/udem2_ws/install/executors_cpp:/home/albert/udem2_ws/install/components_cpp:/home/albert/udem_ws/install/my_robot_bringup:/home/albert/udem_ws/install/my_cpp_pkg:/home/albert/udem_ws/install/my_robot_interfaces:/home/albert/udem_ws/install/my_robot_description:/home/albert/udem_ws/install/lifecycle_cpp:/home/albert/bcdc_ws/install/aggiebot_cpp:/home/albert/bcdc_ws/install/aggiebot_msgs:/home/albert/bcdc_ws/install/aggiebot_description:/home/albert/bcdc_ws/install/aggiebot_controller:/home/albert/bcdc_ws/install/aggiebot_bringup:/home/albert/bcdc_ws/install/aggiebot_arm_moveit:/home/albert/bcdc_ws/install/aggiebot_arm_description:/home/albert/bcdc_ws/install/aggiebot_arm_controller:/home/albert/bcdc_ws/install/agbot_setup_moveit:/home/albert/bcdc_ws/install/agbot_cpp:/home/albert/bcdc_ws/install/agbot_msgs:/home/albert/bcdc_ws/install/agbot_moveit:/home/albert/bcdc_ws/install/agbot_description:/home/albert/bcdc_ws/install/agbot_controller:/home/albert/bcdc_ws/install/agbot_bringup:/home/albert/bcdc_ws/install/agbot_arm_controller:/home/albert/arduinobot_ws/install/arduinobot_utils:/home/albert/arduinobot_ws/install/arduinobot_remote:/home/albert/arduinobot_ws/install/arduinobot_cpp_examples:/home/albert/arduinobot_ws/install/arduinobot_msgs:/home/albert/arduinobot_ws/install/arduinobot_moveit_setup:/home/albert/arduinobot_ws/install/arduinobot_moveit:/home/albert/arduinobot_ws/install/arduinobot_description:/home/albert/arduinobot_ws/install/arduinobot_controller:/home/albert/rad_ws/install/agbot_full_nav2:/home/albert/rad_ws/install/agbot_full_msgs:/home/albert/rad_ws/install/agbot_full_moveit_setup:/home/albert/rad_ws/install/agbot_full_moveit:/home/albert/rad_ws/install/agbot_full_description:/home/albert/rad_ws/install/agbot_full_cpp:/home/albert/rad_ws/install/agbot_full_controller:/home/albert/rad_ws/install/agbot_full_cartogropher:/home/albert/dev_ws/install/my_bot:/home/albert/ag_car_ws/install/car_nav2:/home/albert/ag_car_ws/install/car_description:/home/albert/ag_car_ws/install/car_controller:/home/albert/ag_car_ws/install/car_cartographer:/home/albert/ws_moveit2/install/moveit_configs_utils:/home/albert/ws_moveit2/install/launch_param_builder:/home/albert/umov_ws/install/arduino_py_examples:/home/albert/udem2_ws/install/actions_py:/home/albert/udem2_ws/install/lifecycle_py:/home/albert/udem2_ws/install/executors_py:/home/albert/udem2_ws/install/components_py:/home/albert/udem_ws/install/turtlesim_catcher:/home/albert/udem_ws/install/my_py_pkg:/home/albert/udem_ws/install/lifecycle_py:/home/albert/bcdc_ws/install/agbot_teleop:/home/albert/bcdc_ws/install/agbot_py:/home/albert/arduinobot_ws/install/arduinobot_py_examples:/opt/ros/humble LD_LIBRARY_PATH=/home/albert/umov_ws/install/arduino_msgs/lib:/home/albert/ws_moveit2/install/pilz_industrial_motion_planner_testutils/lib:/home/albert/ws_moveit2/install/pilz_industrial_motion_planner/lib:/home/albert/ws_moveit2/install/moveit_visual_tools/lib:/home/albert/ws_moveit2/install/moveit_task_constructor_visualization/lib:/home/albert/ws_moveit2/install/moveit_task_constructor_demo/lib:/home/albert/ws_moveit2/install/moveit_task_constructor_capabilities/lib:/home/albert/ws_moveit2/install/moveit_task_constructor_core/lib:/home/albert/ws_moveit2/install/moveit_ros_control_interface/lib:/home/albert/ws_moveit2/install/moveit_simple_controller_manager/lib:/home/albert/ws_moveit2/install/moveit_setup_assistant/lib:/home/albert/ws_moveit2/install/moveit_setup_srdf_plugins/lib:/home/albert/ws_moveit2/install/moveit_setup_core_plugins/lib:/home/albert/ws_moveit2/install/moveit_setup_controllers/lib:/home/albert/ws_moveit2/install/moveit_setup_app_plugins/lib:/home/albert/ws_moveit2/install/moveit_setup_framework/lib:/home/albert/ws_moveit2/install/moveit_servo/lib:/home/albert/ws_moveit2/install/moveit_ros_visualization/lib:/home/albert/ws_moveit2/install/moveit_hybrid_planning/lib:/home/albert/ws_moveit2/install/moveit_ros_planning_interface/lib:/home/albert/ws_moveit2/install/moveit_ros_benchmarks/lib:/home/albert/ws_moveit2/install/moveit_ros_warehouse/lib:/home/albert/ws_moveit2/install/moveit_ros_robot_interaction/lib:/home/albert/ws_moveit2/install/moveit_ros_perception/lib:/home/albert/ws_moveit2/install/moveit_ros_move_group/lib:/home/albert/ws_moveit2/install/moveit_planners_ompl/lib:/home/albert/ws_moveit2/install/moveit_ros_planning/lib:/home/albert/ws_moveit2/install/moveit_ros_occupancy_map_monitor/lib:/home/albert/ws_moveit2/install/moveit_resources_prbt_ikfast_manipulator_plugin/lib:/home/albert/ws_moveit2/install/moveit_planners_chomp/lib:/home/albert/ws_moveit2/install/moveit_kinematics/lib:/home/albert/ws_moveit2/install/moveit_chomp_optimizer_adapter/lib:/home/albert/ws_moveit2/install/chomp_motion_planner/lib:/home/albert/ws_moveit2/install/moveit_core/lib:/home/albert/ws_moveit2/install/srdfdom/lib:/home/albert/ws_moveit2/install/rviz_marker_tools/lib:/home/albert/ws_moveit2/install/rosparam_shortcuts/lib:/home/albert/ws_moveit2/install/moveit_task_constructor_msgs/lib:/home/albert/umov_ws/install/arduino_remote/lib:/home/albert/umov_ws/install/arduino_cpp_examples/lib:/home/albert/umov_ws/install/arduino_controller/lib:/home/albert/udem2_ws/install/final_project_cpp/lib:/home/albert/udem2_ws/install/robot_interfaces/lib:/home/albert/udem2_ws/install/components_cpp/lib:/home/albert/udem_ws/install/my_robot_interfaces/lib:/home/albert/bcdc_ws/install/aggiebot_msgs/lib:/home/albert/bcdc_ws/install/agbot_msgs/lib:/home/albert/arduinobot_ws/install/arduinobot_remote/lib:/home/albert/arduinobot_ws/install/arduinobot_cpp_examples/lib:/home/albert/arduinobot_ws/install/arduinobot_msgs/lib:/usr/lib/x86_64-linux-gnu/gazebo-11/plugins:/opt/ros/humble/opt/rviz_ogre_vendor/lib:/opt/ros/humble/lib/x86_64-linux-gnu:/opt/ros/humble/lib:/usr/share/gazebo/../../lib/x86_64-linux-gnu/gazebo-11/plugins /home/albert/.local/bin/cmake --install /home/albert/umov_ws/build/arduino_cpp_examples
[87.334s] Level 1:colcon.colcon_core.environment:create_environment_scripts_only(arduino_cpp_examples)
[87.335s] Level 1:colcon.colcon_core.environment:checking '/home/albert/umov_ws/install/arduino_cpp_examples' for CMake module files
[87.335s] DEBUG:colcon.colcon_core.event_handler.log_command:Invoked command in '/home/albert/umov_ws/build/arduino_cpp_examples' returned '0': CMAKE_PREFIX_PATH=/home/albert/umov_ws/install/arduino_msgs:/home/albert/ag_arm_ws/install/arm_setup_moveit:/home/albert/ag_arm_ws/install/arm_moveit:/home/albert/ag_arm_ws/install/arm_description:/home/albert/ag_arm_ws/install/arm_cpp:/home/albert/ag_arm_ws/install/arm_controller:/home/albert/ws_moveit2/install/pilz_industrial_motion_planner_testutils:/home/albert/ws_moveit2/install/moveit_runtime:/home/albert/ws_moveit2/install/moveit2_tutorials:/home/albert/ws_moveit2/install/moveit:/home/albert/ws_moveit2/install/moveit_planners:/home/albert/ws_moveit2/install/pilz_industrial_motion_planner:/home/albert/ws_moveit2/install/moveit_visual_tools:/home/albert/ws_moveit2/install/moveit_task_constructor_visualization:/home/albert/ws_moveit2/install/moveit_task_constructor_demo:/home/albert/ws_moveit2/install/moveit_task_constructor_capabilities:/home/albert/ws_moveit2/install/moveit_task_constructor_core:/home/albert/ws_moveit2/install/moveit_ros_control_interface:/home/albert/ws_moveit2/install/moveit_plugins:/home/albert/ws_moveit2/install/moveit_simple_controller_manager:/home/albert/ws_moveit2/install/moveit_setup_assistant:/home/albert/ws_moveit2/install/moveit_setup_srdf_plugins:/home/albert/ws_moveit2/install/moveit_setup_core_plugins:/home/albert/ws_moveit2/install/moveit_setup_controllers:/home/albert/ws_moveit2/install/moveit_setup_app_plugins:/home/albert/ws_moveit2/install/moveit_setup_framework:/home/albert/ws_moveit2/install/moveit_servo:/home/albert/ws_moveit2/install/moveit_ros:/home/albert/ws_moveit2/install/moveit_ros_visualization:/home/albert/ws_moveit2/install/moveit_hybrid_planning:/home/albert/ws_moveit2/install/moveit_ros_planning_interface:/home/albert/ws_moveit2/install/moveit_ros_benchmarks:/home/albert/ws_moveit2/install/moveit_ros_warehouse:/home/albert/ws_moveit2/install/moveit_ros_robot_interaction:/home/albert/ws_moveit2/install/moveit_ros_perception:/home/albert/ws_moveit2/install/moveit_resources_prbt_pg70_support:/home/albert/ws_moveit2/install/moveit_resources_prbt_moveit_config:/home/albert/ws_moveit2/install/moveit_ros_move_group:/home/albert/ws_moveit2/install/moveit_planners_ompl:/home/albert/ws_moveit2/install/moveit_ros_planning:/home/albert/ws_moveit2/install/moveit_ros_occupancy_map_monitor:/home/albert/ws_moveit2/install/moveit_resources_prbt_ikfast_manipulator_plugin:/home/albert/ws_moveit2/install/moveit_planners_chomp:/home/albert/ws_moveit2/install/moveit_kinematics:/home/albert/ws_moveit2/install/moveit_chomp_optimizer_adapter:/home/albert/ws_moveit2/install/chomp_motion_planner:/home/albert/ws_moveit2/install/moveit_core:/home/albert/ws_moveit2/install/srdfdom:/home/albert/ws_moveit2/install/rviz_marker_tools:/home/albert/ws_moveit2/install/rosparam_shortcuts:/home/albert/ws_moveit2/install/moveit_task_constructor_msgs:/home/albert/ws_moveit2/install/moveit_resources_prbt_support:/home/albert/ws_moveit2/install/moveit_resources:/home/albert/ws_moveit2/install/moveit_resources_pr2_description:/home/albert/ws_moveit2/install/moveit_resources_panda_moveit_config:/home/albert/ws_moveit2/install/moveit_resources_panda_description:/home/albert/ws_moveit2/install/moveit_resources_fanuc_moveit_config:/home/albert/ws_moveit2/install/moveit_resources_fanuc_description:/home/albert/ws_moveit2/install/moveit_common:/home/albert/umov_ws/install/moveitassistant:/home/albert/umov_ws/install/description:/home/albert/umov_ws/install/arduinobot_bringup:/home/albert/umov_ws/install/arduino_utils:/home/albert/umov_ws/install/arduino_remote:/home/albert/umov_ws/install/arduino_cpp_examples:/home/albert/umov_ws/install/arduino_moveit:/home/albert/umov_ws/install/arduino_firmware:/home/albert/umov_ws/install/arduino_controller:/home/albert/unav_ws/install/turtlebot3_fake_node:/home/albert/unav_ws/install/robot_bringup:/home/albert/unav_ws/install/nav2_robot_description:/home/albert/udem2_ws/install/robot_bringup:/home/albert/udem2_ws/install/my_robot_bringup:/home/albert/udem2_ws/install/lifecycle_cpp:/home/albert/udem2_ws/install/final_project_cpp:/home/albert/udem2_ws/install/actions_cpp:/home/albert/udem2_ws/install/robot_interfaces:/home/albert/udem2_ws/install/executors_cpp:/home/albert/udem2_ws/install/components_cpp:/home/albert/udem_ws/install/my_robot_bringup:/home/albert/udem_ws/install/my_cpp_pkg:/home/albert/udem_ws/install/my_robot_interfaces:/home/albert/udem_ws/install/my_robot_description:/home/albert/udem_ws/install/lifecycle_cpp:/home/albert/bcdc_ws/install/aggiebot_cpp:/home/albert/bcdc_ws/install/aggiebot_msgs:/home/albert/bcdc_ws/install/aggiebot_description:/home/albert/bcdc_ws/install/aggiebot_controller:/home/albert/bcdc_ws/install/aggiebot_bringup:/home/albert/bcdc_ws/install/aggiebot_arm_moveit:/home/albert/bcdc_ws/install/aggiebot_arm_description:/home/albert/bcdc_ws/install/aggiebot_arm_controller:/home/albert/bcdc_ws/install/agbot_setup_moveit:/home/albert/bcdc_ws/install/agbot_cpp:/home/albert/bcdc_ws/install/agbot_msgs:/home/albert/bcdc_ws/install/agbot_moveit:/home/albert/bcdc_ws/install/agbot_description:/home/albert/bcdc_ws/install/agbot_controller:/home/albert/bcdc_ws/install/agbot_bringup:/home/albert/bcdc_ws/install/agbot_arm_controller:/home/albert/arduinobot_ws/install/arduinobot_utils:/home/albert/arduinobot_ws/install/arduinobot_remote:/home/albert/arduinobot_ws/install/arduinobot_cpp_examples:/home/albert/arduinobot_ws/install/arduinobot_msgs:/home/albert/arduinobot_ws/install/arduinobot_moveit_setup:/home/albert/arduinobot_ws/install/arduinobot_moveit:/home/albert/arduinobot_ws/install/arduinobot_description:/home/albert/arduinobot_ws/install/arduinobot_controller:/home/albert/rad_ws/install/agbot_full_nav2:/home/albert/rad_ws/install/agbot_full_msgs:/home/albert/rad_ws/install/agbot_full_moveit_setup:/home/albert/rad_ws/install/agbot_full_moveit:/home/albert/rad_ws/install/agbot_full_description:/home/albert/rad_ws/install/agbot_full_cpp:/home/albert/rad_ws/install/agbot_full_controller:/home/albert/rad_ws/install/agbot_full_cartogropher:/home/albert/dev_ws/install/my_bot:/home/albert/ag_car_ws/install/car_nav2:/home/albert/ag_car_ws/install/car_description:/home/albert/ag_car_ws/install/car_controller:/home/albert/ag_car_ws/install/car_cartographer:/home/albert/ws_moveit2/install/moveit_configs_utils:/home/albert/ws_moveit2/install/launch_param_builder:/home/albert/umov_ws/install/arduino_py_examples:/home/albert/udem2_ws/install/actions_py:/home/albert/udem2_ws/install/lifecycle_py:/home/albert/udem2_ws/install/executors_py:/home/albert/udem2_ws/install/components_py:/home/albert/udem_ws/install/turtlesim_catcher:/home/albert/udem_ws/install/my_py_pkg:/home/albert/udem_ws/install/lifecycle_py:/home/albert/bcdc_ws/install/agbot_teleop:/home/albert/bcdc_ws/install/agbot_py:/home/albert/arduinobot_ws/install/arduinobot_py_examples:/opt/ros/humble LD_LIBRARY_PATH=/home/albert/umov_ws/install/arduino_msgs/lib:/home/albert/ws_moveit2/install/pilz_industrial_motion_planner_testutils/lib:/home/albert/ws_moveit2/install/pilz_industrial_motion_planner/lib:/home/albert/ws_moveit2/install/moveit_visual_tools/lib:/home/albert/ws_moveit2/install/moveit_task_constructor_visualization/lib:/home/albert/ws_moveit2/install/moveit_task_constructor_demo/lib:/home/albert/ws_moveit2/install/moveit_task_constructor_capabilities/lib:/home/albert/ws_moveit2/install/moveit_task_constructor_core/lib:/home/albert/ws_moveit2/install/moveit_ros_control_interface/lib:/home/albert/ws_moveit2/install/moveit_simple_controller_manager/lib:/home/albert/ws_moveit2/install/moveit_setup_assistant/lib:/home/albert/ws_moveit2/install/moveit_setup_srdf_plugins/lib:/home/albert/ws_moveit2/install/moveit_setup_core_plugins/lib:/home/albert/ws_moveit2/install/moveit_setup_controllers/lib:/home/albert/ws_moveit2/install/moveit_setup_app_plugins/lib:/home/albert/ws_moveit2/install/moveit_setup_framework/lib:/home/albert/ws_moveit2/install/moveit_servo/lib:/home/albert/ws_moveit2/install/moveit_ros_visualization/lib:/home/albert/ws_moveit2/install/moveit_hybrid_planning/lib:/home/albert/ws_moveit2/install/moveit_ros_planning_interface/lib:/home/albert/ws_moveit2/install/moveit_ros_benchmarks/lib:/home/albert/ws_moveit2/install/moveit_ros_warehouse/lib:/home/albert/ws_moveit2/install/moveit_ros_robot_interaction/lib:/home/albert/ws_moveit2/install/moveit_ros_perception/lib:/home/albert/ws_moveit2/install/moveit_ros_move_group/lib:/home/albert/ws_moveit2/install/moveit_planners_ompl/lib:/home/albert/ws_moveit2/install/moveit_ros_planning/lib:/home/albert/ws_moveit2/install/moveit_ros_occupancy_map_monitor/lib:/home/albert/ws_moveit2/install/moveit_resources_prbt_ikfast_manipulator_plugin/lib:/home/albert/ws_moveit2/install/moveit_planners_chomp/lib:/home/albert/ws_moveit2/install/moveit_kinematics/lib:/home/albert/ws_moveit2/install/moveit_chomp_optimizer_adapter/lib:/home/albert/ws_moveit2/install/chomp_motion_planner/lib:/home/albert/ws_moveit2/install/moveit_core/lib:/home/albert/ws_moveit2/install/srdfdom/lib:/home/albert/ws_moveit2/install/rviz_marker_tools/lib:/home/albert/ws_moveit2/install/rosparam_shortcuts/lib:/home/albert/ws_moveit2/install/moveit_task_constructor_msgs/lib:/home/albert/umov_ws/install/arduino_remote/lib:/home/albert/umov_ws/install/arduino_cpp_examples/lib:/home/albert/umov_ws/install/arduino_controller/lib:/home/albert/udem2_ws/install/final_project_cpp/lib:/home/albert/udem2_ws/install/robot_interfaces/lib:/home/albert/udem2_ws/install/components_cpp/lib:/home/albert/udem_ws/install/my_robot_interfaces/lib:/home/albert/bcdc_ws/install/aggiebot_msgs/lib:/home/albert/bcdc_ws/install/agbot_msgs/lib:/home/albert/arduinobot_ws/install/arduinobot_remote/lib:/home/albert/arduinobot_ws/install/arduinobot_cpp_examples/lib:/home/albert/arduinobot_ws/install/arduinobot_msgs/lib:/usr/lib/x86_64-linux-gnu/gazebo-11/plugins:/opt/ros/humble/opt/rviz_ogre_vendor/lib:/opt/ros/humble/lib/x86_64-linux-gnu:/opt/ros/humble/lib:/usr/share/gazebo/../../lib/x86_64-linux-gnu/gazebo-11/plugins /home/albert/.local/bin/cmake --install /home/albert/umov_ws/build/arduino_cpp_examples
[87.336s] Level 1:colcon.colcon_core.environment:checking '/home/albert/umov_ws/install/arduino_cpp_examples' for CMake config files
[87.336s] Level 1:colcon.colcon_core.shell:create_environment_hook('arduino_cpp_examples', 'cmake_prefix_path')
[87.336s] INFO:colcon.colcon_core.shell:Creating environment hook '/home/albert/umov_ws/install/arduino_cpp_examples/share/arduino_cpp_examples/hook/cmake_prefix_path.ps1'
[87.337s] INFO:colcon.colcon_core.shell:Creating environment descriptor '/home/albert/umov_ws/install/arduino_cpp_examples/share/arduino_cpp_examples/hook/cmake_prefix_path.dsv'
[87.337s] INFO:colcon.colcon_core.shell:Creating environment hook '/home/albert/umov_ws/install/arduino_cpp_examples/share/arduino_cpp_examples/hook/cmake_prefix_path.sh'
[87.338s] Level 1:colcon.colcon_core.environment:checking '/home/albert/umov_ws/install/arduino_cpp_examples/lib'
[87.338s] Level 1:colcon.colcon_core.shell:create_environment_hook('arduino_cpp_examples', 'ld_library_path_lib')
[87.338s] INFO:colcon.colcon_core.shell:Creating environment hook '/home/albert/umov_ws/install/arduino_cpp_examples/share/arduino_cpp_examples/hook/ld_library_path_lib.ps1'
[87.338s] INFO:colcon.colcon_core.shell:Creating environment descriptor '/home/albert/umov_ws/install/arduino_cpp_examples/share/arduino_cpp_examples/hook/ld_library_path_lib.dsv'
[87.338s] INFO:colcon.colcon_core.shell:Creating environment hook '/home/albert/umov_ws/install/arduino_cpp_examples/share/arduino_cpp_examples/hook/ld_library_path_lib.sh'
[87.339s] Level 1:colcon.colcon_core.environment:checking '/home/albert/umov_ws/install/arduino_cpp_examples/bin'
[87.339s] Level 1:colcon.colcon_core.environment:checking '/home/albert/umov_ws/install/arduino_cpp_examples/lib/pkgconfig/arduino_cpp_examples.pc'
[87.339s] Level 1:colcon.colcon_core.environment:checking '/home/albert/umov_ws/install/arduino_cpp_examples/lib/python3.10/site-packages'
[87.339s] Level 1:colcon.colcon_core.environment:checking '/home/albert/umov_ws/install/arduino_cpp_examples/bin'
[87.340s] INFO:colcon.colcon_core.shell:Creating package script '/home/albert/umov_ws/install/arduino_cpp_examples/share/arduino_cpp_examples/package.ps1'
[87.340s] INFO:colcon.colcon_core.shell:Creating package descriptor '/home/albert/umov_ws/install/arduino_cpp_examples/share/arduino_cpp_examples/package.dsv'
[87.340s] INFO:colcon.colcon_core.shell:Creating package script '/home/albert/umov_ws/install/arduino_cpp_examples/share/arduino_cpp_examples/package.sh'
[87.341s] INFO:colcon.colcon_core.shell:Creating package script '/home/albert/umov_ws/install/arduino_cpp_examples/share/arduino_cpp_examples/package.bash'
[87.342s] INFO:colcon.colcon_core.shell:Creating package script '/home/albert/umov_ws/install/arduino_cpp_examples/share/arduino_cpp_examples/package.zsh'
[87.342s] Level 1:colcon.colcon_core.environment:create_file_with_runtime_dependencies(/home/albert/umov_ws/install/arduino_cpp_examples/share/colcon-core/packages/arduino_cpp_examples)
[87.343s] Level 1:colcon.colcon_core.environment:create_environment_scripts_only(arduino_cpp_examples)
[87.343s] Level 1:colcon.colcon_core.environment:checking '/home/albert/umov_ws/install/arduino_cpp_examples' for CMake module files
[87.343s] Level 1:colcon.colcon_core.environment:checking '/home/albert/umov_ws/install/arduino_cpp_examples' for CMake config files
[87.343s] Level 1:colcon.colcon_core.shell:create_environment_hook('arduino_cpp_examples', 'cmake_prefix_path')
[87.344s] INFO:colcon.colcon_core.shell:Creating environment hook '/home/albert/umov_ws/install/arduino_cpp_examples/share/arduino_cpp_examples/hook/cmake_prefix_path.ps1'
[87.344s] INFO:colcon.colcon_core.shell:Creating environment descriptor '/home/albert/umov_ws/install/arduino_cpp_examples/share/arduino_cpp_examples/hook/cmake_prefix_path.dsv'
[87.344s] INFO:colcon.colcon_core.shell:Creating environment hook '/home/albert/umov_ws/install/arduino_cpp_examples/share/arduino_cpp_examples/hook/cmake_prefix_path.sh'
[87.345s] Level 1:colcon.colcon_core.environment:checking '/home/albert/umov_ws/install/arduino_cpp_examples/lib'
[87.345s] Level 1:colcon.colcon_core.shell:create_environment_hook('arduino_cpp_examples', 'ld_library_path_lib')
[87.345s] INFO:colcon.colcon_core.shell:Creating environment hook '/home/albert/umov_ws/install/arduino_cpp_examples/share/arduino_cpp_examples/hook/ld_library_path_lib.ps1'
[87.346s] INFO:colcon.colcon_core.shell:Creating environment descriptor '/home/albert/umov_ws/install/arduino_cpp_examples/share/arduino_cpp_examples/hook/ld_library_path_lib.dsv'
[87.346s] INFO:colcon.colcon_core.shell:Creating environment hook '/home/albert/umov_ws/install/arduino_cpp_examples/share/arduino_cpp_examples/hook/ld_library_path_lib.sh'
[87.346s] Level 1:colcon.colcon_core.environment:checking '/home/albert/umov_ws/install/arduino_cpp_examples/bin'
[87.346s] Level 1:colcon.colcon_core.environment:checking '/home/albert/umov_ws/install/arduino_cpp_examples/lib/pkgconfig/arduino_cpp_examples.pc'
[87.347s] Level 1:colcon.colcon_core.environment:checking '/home/albert/umov_ws/install/arduino_cpp_examples/lib/python3.10/site-packages'
[87.347s] Level 1:colcon.colcon_core.environment:checking '/home/albert/umov_ws/install/arduino_cpp_examples/bin'
[87.347s] INFO:colcon.colcon_core.shell:Creating package script '/home/albert/umov_ws/install/arduino_cpp_examples/share/arduino_cpp_examples/package.ps1'
[87.348s] INFO:colcon.colcon_core.shell:Creating package descriptor '/home/albert/umov_ws/install/arduino_cpp_examples/share/arduino_cpp_examples/package.dsv'
[87.348s] INFO:colcon.colcon_core.shell:Creating package script '/home/albert/umov_ws/install/arduino_cpp_examples/share/arduino_cpp_examples/package.sh'
[87.349s] INFO:colcon.colcon_core.shell:Creating package script '/home/albert/umov_ws/install/arduino_cpp_examples/share/arduino_cpp_examples/package.bash'
[87.349s] INFO:colcon.colcon_core.shell:Creating package script '/home/albert/umov_ws/install/arduino_cpp_examples/share/arduino_cpp_examples/package.zsh'
[87.350s] Level 1:colcon.colcon_core.environment:create_file_with_runtime_dependencies(/home/albert/umov_ws/install/arduino_cpp_examples/share/colcon-core/packages/arduino_cpp_examples)
[87.350s] DEBUG:colcon.colcon_parallel_executor.executor.parallel:closing loop
[87.350s] DEBUG:colcon.colcon_parallel_executor.executor.parallel:loop closed
[87.350s] DEBUG:colcon.colcon_parallel_executor.executor.parallel:run_until_complete finished with '0'
[87.351s] DEBUG:colcon.colcon_core.event_reactor:joining thread
[87.358s] INFO:colcon.colcon_core.plugin_system:Skipping extension 'colcon_notification.desktop_notification.terminal_notifier': Not used on non-Darwin systems
[87.358s] INFO:colcon.colcon_core.plugin_system:Skipping extension 'colcon_notification.desktop_notification.win32': Not used on non-Windows systems
[87.358s] INFO:colcon.colcon_notification.desktop_notification:Sending desktop notification using 'notify2'
[87.368s] DEBUG:colcon.colcon_core.event_reactor:joined thread
[87.368s] INFO:colcon.colcon_core.shell:Creating prefix script '/home/albert/umov_ws/install/local_setup.ps1'
[87.369s] INFO:colcon.colcon_core.shell:Creating prefix util module '/home/albert/umov_ws/install/_local_setup_util_ps1.py'
[87.370s] INFO:colcon.colcon_core.shell:Creating prefix chain script '/home/albert/umov_ws/install/setup.ps1'
[87.379s] INFO:colcon.colcon_core.shell:Creating prefix script '/home/albert/umov_ws/install/local_setup.sh'
[87.379s] INFO:colcon.colcon_core.shell:Creating prefix util module '/home/albert/umov_ws/install/_local_setup_util_sh.py'
[87.380s] INFO:colcon.colcon_core.shell:Creating prefix chain script '/home/albert/umov_ws/install/setup.sh'
[87.387s] INFO:colcon.colcon_core.shell:Creating prefix script '/home/albert/umov_ws/install/local_setup.bash'
[87.387s] INFO:colcon.colcon_core.shell:Creating prefix chain script '/home/albert/umov_ws/install/setup.bash'
[87.394s] INFO:colcon.colcon_core.shell:Creating prefix script '/home/albert/umov_ws/install/local_setup.zsh'
[87.395s] INFO:colcon.colcon_core.shell:Creating prefix chain script '/home/albert/umov_ws/install/setup.zsh'
