[0.163s] DEBUG:colcon:Command line arguments: ['/usr/bin/colcon', 'build']
[0.164s] DEBUG:colcon:Parsed command line arguments: Namespace(log_base=None, log_level=None, verb_name='build', build_base='build', install_base='install', merge_install=False, symlink_install=False, test_result_base=None, continue_on_error=False, executor='parallel', parallel_workers=8, event_handlers=None, ignore_user_meta=False, metas=['./colcon.meta'], base_paths=['.'], packages_ignore=None, packages_ignore_regex=None, paths=None, packages_up_to=None, packages_up_to_regex=None, packages_above=None, packages_above_and_dependencies=None, packages_above_depth=None, packages_select_by_dep=None, packages_skip_by_dep=None, packages_skip_up_to=None, packages_select_build_failed=False, packages_skip_build_finished=False, packages_select_test_failures=False, packages_skip_test_passed=False, packages_select=None, packages_skip=None, packages_select_regex=None, packages_skip_regex=None, packages_start=None, packages_end=None, allow_overriding=[], cmake_args=None, cmake_target=None, cmake_target_skip_unavailable=False, cmake_clean_cache=False, cmake_clean_first=False, cmake_force_configure=False, ament_cmake_args=None, catkin_cmake_args=None, catkin_skip_building_tests=False, mixin_files=None, mixin=None, verb_parser=<colcon_mixin.mixin.mixin_argument.MixinArgumentDecorator object at 0x7eb0b6c53460>, verb_extension=<colcon_core.verb.build.BuildVerb object at 0x7eb0b6d9c3a0>, main=<bound method BuildVerb.main of <colcon_core.verb.build.BuildVerb object at 0x7eb0b6d9c3a0>>, mixin_verb=('build',))
[0.457s] Level 1:colcon.colcon_core.package_discovery:discover_packages(colcon_meta) check parameters
[0.457s] Level 1:colcon.colcon_core.package_discovery:discover_packages(recursive) check parameters
[0.457s] Level 1:colcon.colcon_core.package_discovery:discover_packages(ignore) check parameters
[0.457s] Level 1:colcon.colcon_core.package_discovery:discover_packages(path) check parameters
[0.457s] Level 1:colcon.colcon_core.package_discovery:discover_packages(colcon_meta) discover
[0.457s] Level 1:colcon.colcon_core.package_discovery:discover_packages(recursive) discover
[0.457s] INFO:colcon.colcon_core.package_discovery:Crawling recursively for packages in '/home/albert/umov_ws'
[0.458s] Level 1:colcon.colcon_core.package_identification:_identify(.) by extensions ['ignore', 'ignore_ament_install']
[0.458s] Level 1:colcon.colcon_core.package_identification:_identify(.) by extension 'ignore'
[0.458s] Level 1:colcon.colcon_core.package_identification:_identify(.) by extension 'ignore_ament_install'
[0.458s] Level 1:colcon.colcon_core.package_identification:_identify(.) by extensions ['colcon_pkg']
[0.458s] Level 1:colcon.colcon_core.package_identification:_identify(.) by extension 'colcon_pkg'
[0.458s] Level 1:colcon.colcon_core.package_identification:_identify(.) by extensions ['colcon_meta']
[0.458s] Level 1:colcon.colcon_core.package_identification:_identify(.) by extension 'colcon_meta'
[0.458s] Level 1:colcon.colcon_core.package_identification:_identify(.) by extensions ['ros']
[0.458s] Level 1:colcon.colcon_core.package_identification:_identify(.) by extension 'ros'
[0.482s] Level 1:colcon.colcon_core.package_identification:_identify(.) by extensions ['cmake', 'python']
[0.482s] Level 1:colcon.colcon_core.package_identification:_identify(.) by extension 'cmake'
[0.482s] Level 1:colcon.colcon_core.package_identification:_identify(.) by extension 'python'
[0.483s] Level 1:colcon.colcon_core.package_identification:_identify(.) by extensions ['python_setup_py']
[0.483s] Level 1:colcon.colcon_core.package_identification:_identify(.) by extension 'python_setup_py'
[0.483s] Level 1:colcon.colcon_core.package_identification:_identify(CAD of Robot) by extensions ['ignore', 'ignore_ament_install']
[0.483s] Level 1:colcon.colcon_core.package_identification:_identify(CAD of Robot) by extension 'ignore'
[0.483s] Level 1:colcon.colcon_core.package_identification:_identify(CAD of Robot) by extension 'ignore_ament_install'
[0.483s] Level 1:colcon.colcon_core.package_identification:_identify(CAD of Robot) by extensions ['colcon_pkg']
[0.483s] Level 1:colcon.colcon_core.package_identification:_identify(CAD of Robot) by extension 'colcon_pkg'
[0.483s] Level 1:colcon.colcon_core.package_identification:_identify(CAD of Robot) by extensions ['colcon_meta']
[0.483s] Level 1:colcon.colcon_core.package_identification:_identify(CAD of Robot) by extension 'colcon_meta'
[0.483s] Level 1:colcon.colcon_core.package_identification:_identify(CAD of Robot) by extensions ['ros']
[0.483s] Level 1:colcon.colcon_core.package_identification:_identify(CAD of Robot) by extension 'ros'
[0.484s] Level 1:colcon.colcon_core.package_identification:_identify(CAD of Robot) by extensions ['cmake', 'python']
[0.484s] Level 1:colcon.colcon_core.package_identification:_identify(CAD of Robot) by extension 'cmake'
[0.484s] Level 1:colcon.colcon_core.package_identification:_identify(CAD of Robot) by extension 'python'
[0.484s] Level 1:colcon.colcon_core.package_identification:_identify(CAD of Robot) by extensions ['python_setup_py']
[0.484s] Level 1:colcon.colcon_core.package_identification:_identify(CAD of Robot) by extension 'python_setup_py'
[0.484s] Level 1:colcon.colcon_core.package_identification:_identify(STL 3D Print) by extensions ['ignore', 'ignore_ament_install']
[0.484s] Level 1:colcon.colcon_core.package_identification:_identify(STL 3D Print) by extension 'ignore'
[0.484s] Level 1:colcon.colcon_core.package_identification:_identify(STL 3D Print) by extension 'ignore_ament_install'
[0.484s] Level 1:colcon.colcon_core.package_identification:_identify(STL 3D Print) by extensions ['colcon_pkg']
[0.484s] Level 1:colcon.colcon_core.package_identification:_identify(STL 3D Print) by extension 'colcon_pkg'
[0.484s] Level 1:colcon.colcon_core.package_identification:_identify(STL 3D Print) by extensions ['colcon_meta']
[0.484s] Level 1:colcon.colcon_core.package_identification:_identify(STL 3D Print) by extension 'colcon_meta'
[0.485s] Level 1:colcon.colcon_core.package_identification:_identify(STL 3D Print) by extensions ['ros']
[0.485s] Level 1:colcon.colcon_core.package_identification:_identify(STL 3D Print) by extension 'ros'
[0.485s] Level 1:colcon.colcon_core.package_identification:_identify(STL 3D Print) by extensions ['cmake', 'python']
[0.485s] Level 1:colcon.colcon_core.package_identification:_identify(STL 3D Print) by extension 'cmake'
[0.485s] Level 1:colcon.colcon_core.package_identification:_identify(STL 3D Print) by extension 'python'
[0.485s] Level 1:colcon.colcon_core.package_identification:_identify(STL 3D Print) by extensions ['python_setup_py']
[0.485s] Level 1:colcon.colcon_core.package_identification:_identify(STL 3D Print) by extension 'python_setup_py'
[0.485s] Level 1:colcon.colcon_core.package_identification:_identify(STL Gazebo) by extensions ['ignore', 'ignore_ament_install']
[0.485s] Level 1:colcon.colcon_core.package_identification:_identify(STL Gazebo) by extension 'ignore'
[0.485s] Level 1:colcon.colcon_core.package_identification:_identify(STL Gazebo) by extension 'ignore_ament_install'
[0.485s] Level 1:colcon.colcon_core.package_identification:_identify(STL Gazebo) by extensions ['colcon_pkg']
[0.485s] Level 1:colcon.colcon_core.package_identification:_identify(STL Gazebo) by extension 'colcon_pkg'
[0.485s] Level 1:colcon.colcon_core.package_identification:_identify(STL Gazebo) by extensions ['colcon_meta']
[0.486s] Level 1:colcon.colcon_core.package_identification:_identify(STL Gazebo) by extension 'colcon_meta'
[0.486s] Level 1:colcon.colcon_core.package_identification:_identify(STL Gazebo) by extensions ['ros']
[0.486s] Level 1:colcon.colcon_core.package_identification:_identify(STL Gazebo) by extension 'ros'
[0.486s] Level 1:colcon.colcon_core.package_identification:_identify(STL Gazebo) by extensions ['cmake', 'python']
[0.486s] Level 1:colcon.colcon_core.package_identification:_identify(STL Gazebo) by extension 'cmake'
[0.486s] Level 1:colcon.colcon_core.package_identification:_identify(STL Gazebo) by extension 'python'
[0.486s] Level 1:colcon.colcon_core.package_identification:_identify(STL Gazebo) by extensions ['python_setup_py']
[0.486s] Level 1:colcon.colcon_core.package_identification:_identify(STL Gazebo) by extension 'python_setup_py'
[0.486s] Level 1:colcon.colcon_core.package_identification:_identify(build) by extensions ['ignore', 'ignore_ament_install']
[0.486s] Level 1:colcon.colcon_core.package_identification:_identify(build) by extension 'ignore'
[0.486s] Level 1:colcon.colcon_core.package_identification:_identify(build) ignored
[0.487s] Level 1:colcon.colcon_core.package_identification:_identify(install) by extensions ['ignore', 'ignore_ament_install']
[0.487s] Level 1:colcon.colcon_core.package_identification:_identify(install) by extension 'ignore'
[0.487s] Level 1:colcon.colcon_core.package_identification:_identify(install) ignored
[0.487s] Level 1:colcon.colcon_core.package_identification:_identify(log) by extensions ['ignore', 'ignore_ament_install']
[0.488s] Level 1:colcon.colcon_core.package_identification:_identify(log) by extension 'ignore'
[0.488s] Level 1:colcon.colcon_core.package_identification:_identify(log) ignored
[0.488s] Level 1:colcon.colcon_core.package_identification:_identify(src) by extensions ['ignore', 'ignore_ament_install']
[0.488s] Level 1:colcon.colcon_core.package_identification:_identify(src) by extension 'ignore'
[0.488s] Level 1:colcon.colcon_core.package_identification:_identify(src) by extension 'ignore_ament_install'
[0.488s] Level 1:colcon.colcon_core.package_identification:_identify(src) by extensions ['colcon_pkg']
[0.488s] Level 1:colcon.colcon_core.package_identification:_identify(src) by extension 'colcon_pkg'
[0.488s] Level 1:colcon.colcon_core.package_identification:_identify(src) by extensions ['colcon_meta']
[0.488s] Level 1:colcon.colcon_core.package_identification:_identify(src) by extension 'colcon_meta'
[0.488s] Level 1:colcon.colcon_core.package_identification:_identify(src) by extensions ['ros']
[0.488s] Level 1:colcon.colcon_core.package_identification:_identify(src) by extension 'ros'
[0.488s] Level 1:colcon.colcon_core.package_identification:_identify(src) by extensions ['cmake', 'python']
[0.488s] Level 1:colcon.colcon_core.package_identification:_identify(src) by extension 'cmake'
[0.489s] Level 1:colcon.colcon_core.package_identification:_identify(src) by extension 'python'
[0.489s] Level 1:colcon.colcon_core.package_identification:_identify(src) by extensions ['python_setup_py']
[0.489s] Level 1:colcon.colcon_core.package_identification:_identify(src) by extension 'python_setup_py'
[0.489s] Level 1:colcon.colcon_core.package_identification:_identify(src/arduino_cpp_examples) by extensions ['ignore', 'ignore_ament_install']
[0.489s] Level 1:colcon.colcon_core.package_identification:_identify(src/arduino_cpp_examples) by extension 'ignore'
[0.489s] Level 1:colcon.colcon_core.package_identification:_identify(src/arduino_cpp_examples) by extension 'ignore_ament_install'
[0.489s] Level 1:colcon.colcon_core.package_identification:_identify(src/arduino_cpp_examples) by extensions ['colcon_pkg']
[0.489s] Level 1:colcon.colcon_core.package_identification:_identify(src/arduino_cpp_examples) by extension 'colcon_pkg'
[0.489s] Level 1:colcon.colcon_core.package_identification:_identify(src/arduino_cpp_examples) by extensions ['colcon_meta']
[0.489s] Level 1:colcon.colcon_core.package_identification:_identify(src/arduino_cpp_examples) by extension 'colcon_meta'
[0.489s] Level 1:colcon.colcon_core.package_identification:_identify(src/arduino_cpp_examples) by extensions ['ros']
[0.489s] Level 1:colcon.colcon_core.package_identification:_identify(src/arduino_cpp_examples) by extension 'ros'
[0.494s] DEBUG:colcon.colcon_core.package_identification:Package 'src/arduino_cpp_examples' with type 'ros.ament_cmake' and name 'arduino_cpp_examples'
[0.494s] Level 1:colcon.colcon_core.package_identification:_identify(src/arduino_py_examples) by extensions ['ignore', 'ignore_ament_install']
[0.495s] Level 1:colcon.colcon_core.package_identification:_identify(src/arduino_py_examples) by extension 'ignore'
[0.495s] Level 1:colcon.colcon_core.package_identification:_identify(src/arduino_py_examples) by extension 'ignore_ament_install'
[0.495s] Level 1:colcon.colcon_core.package_identification:_identify(src/arduino_py_examples) by extensions ['colcon_pkg']
[0.495s] Level 1:colcon.colcon_core.package_identification:_identify(src/arduino_py_examples) by extension 'colcon_pkg'
[0.495s] Level 1:colcon.colcon_core.package_identification:_identify(src/arduino_py_examples) by extensions ['colcon_meta']
[0.495s] Level 1:colcon.colcon_core.package_identification:_identify(src/arduino_py_examples) by extension 'colcon_meta'
[0.495s] Level 1:colcon.colcon_core.package_identification:_identify(src/arduino_py_examples) by extensions ['ros']
[0.495s] Level 1:colcon.colcon_core.package_identification:_identify(src/arduino_py_examples) by extension 'ros'
[0.499s] DEBUG:colcon.colcon_core.package_identification:Package 'src/arduino_py_examples' with type 'ros.ament_python' and name 'arduino_py_examples'
[0.499s] Level 1:colcon.colcon_core.package_identification:_identify(src/arduinobot_bringup) by extensions ['ignore', 'ignore_ament_install']
[0.500s] Level 1:colcon.colcon_core.package_identification:_identify(src/arduinobot_bringup) by extension 'ignore'
[0.500s] Level 1:colcon.colcon_core.package_identification:_identify(src/arduinobot_bringup) by extension 'ignore_ament_install'
[0.500s] Level 1:colcon.colcon_core.package_identification:_identify(src/arduinobot_bringup) by extensions ['colcon_pkg']
[0.500s] Level 1:colcon.colcon_core.package_identification:_identify(src/arduinobot_bringup) by extension 'colcon_pkg'
[0.500s] Level 1:colcon.colcon_core.package_identification:_identify(src/arduinobot_bringup) by extensions ['colcon_meta']
[0.500s] Level 1:colcon.colcon_core.package_identification:_identify(src/arduinobot_bringup) by extension 'colcon_meta'
[0.500s] Level 1:colcon.colcon_core.package_identification:_identify(src/arduinobot_bringup) by extensions ['ros']
[0.500s] Level 1:colcon.colcon_core.package_identification:_identify(src/arduinobot_bringup) by extension 'ros'
[0.502s] DEBUG:colcon.colcon_core.package_identification:Package 'src/arduinobot_bringup' with type 'ros.ament_cmake' and name 'arduinobot_bringup'
[0.502s] Level 1:colcon.colcon_core.package_identification:_identify(src/arduinobot_controller) by extensions ['ignore', 'ignore_ament_install']
[0.502s] Level 1:colcon.colcon_core.package_identification:_identify(src/arduinobot_controller) by extension 'ignore'
[0.502s] Level 1:colcon.colcon_core.package_identification:_identify(src/arduinobot_controller) by extension 'ignore_ament_install'
[0.502s] Level 1:colcon.colcon_core.package_identification:_identify(src/arduinobot_controller) by extensions ['colcon_pkg']
[0.503s] Level 1:colcon.colcon_core.package_identification:_identify(src/arduinobot_controller) by extension 'colcon_pkg'
[0.503s] Level 1:colcon.colcon_core.package_identification:_identify(src/arduinobot_controller) by extensions ['colcon_meta']
[0.503s] Level 1:colcon.colcon_core.package_identification:_identify(src/arduinobot_controller) by extension 'colcon_meta'
[0.503s] Level 1:colcon.colcon_core.package_identification:_identify(src/arduinobot_controller) by extensions ['ros']
[0.503s] Level 1:colcon.colcon_core.package_identification:_identify(src/arduinobot_controller) by extension 'ros'
[0.504s] DEBUG:colcon.colcon_core.package_identification:Package 'src/arduinobot_controller' with type 'ros.ament_cmake' and name 'arduinobot_controller'
[0.505s] Level 1:colcon.colcon_core.package_identification:_identify(src/arduinobot_firmware) by extensions ['ignore', 'ignore_ament_install']
[0.505s] Level 1:colcon.colcon_core.package_identification:_identify(src/arduinobot_firmware) by extension 'ignore'
[0.505s] Level 1:colcon.colcon_core.package_identification:_identify(src/arduinobot_firmware) by extension 'ignore_ament_install'
[0.505s] Level 1:colcon.colcon_core.package_identification:_identify(src/arduinobot_firmware) by extensions ['colcon_pkg']
[0.505s] Level 1:colcon.colcon_core.package_identification:_identify(src/arduinobot_firmware) by extension 'colcon_pkg'
[0.505s] Level 1:colcon.colcon_core.package_identification:_identify(src/arduinobot_firmware) by extensions ['colcon_meta']
[0.505s] Level 1:colcon.colcon_core.package_identification:_identify(src/arduinobot_firmware) by extension 'colcon_meta'
[0.505s] Level 1:colcon.colcon_core.package_identification:_identify(src/arduinobot_firmware) by extensions ['ros']
[0.505s] Level 1:colcon.colcon_core.package_identification:_identify(src/arduinobot_firmware) by extension 'ros'
[0.506s] DEBUG:colcon.colcon_core.package_identification:Package 'src/arduinobot_firmware' with type 'ros.ament_cmake' and name 'arduinobot_firmware'
[0.506s] Level 1:colcon.colcon_core.package_identification:_identify(src/arduinobot_moveit) by extensions ['ignore', 'ignore_ament_install']
[0.506s] Level 1:colcon.colcon_core.package_identification:_identify(src/arduinobot_moveit) by extension 'ignore'
[0.506s] Level 1:colcon.colcon_core.package_identification:_identify(src/arduinobot_moveit) by extension 'ignore_ament_install'
[0.506s] Level 1:colcon.colcon_core.package_identification:_identify(src/arduinobot_moveit) by extensions ['colcon_pkg']
[0.506s] Level 1:colcon.colcon_core.package_identification:_identify(src/arduinobot_moveit) by extension 'colcon_pkg'
[0.506s] Level 1:colcon.colcon_core.package_identification:_identify(src/arduinobot_moveit) by extensions ['colcon_meta']
[0.506s] Level 1:colcon.colcon_core.package_identification:_identify(src/arduinobot_moveit) by extension 'colcon_meta'
[0.507s] Level 1:colcon.colcon_core.package_identification:_identify(src/arduinobot_moveit) by extensions ['ros']
[0.507s] Level 1:colcon.colcon_core.package_identification:_identify(src/arduinobot_moveit) by extension 'ros'
[0.507s] DEBUG:colcon.colcon_core.package_identification:Package 'src/arduinobot_moveit' with type 'ros.ament_cmake' and name 'arduinobot_moveit'
[0.508s] Level 1:colcon.colcon_core.package_identification:_identify(src/arduinobot_msgs) by extensions ['ignore', 'ignore_ament_install']
[0.508s] Level 1:colcon.colcon_core.package_identification:_identify(src/arduinobot_msgs) by extension 'ignore'
[0.508s] Level 1:colcon.colcon_core.package_identification:_identify(src/arduinobot_msgs) by extension 'ignore_ament_install'
[0.508s] Level 1:colcon.colcon_core.package_identification:_identify(src/arduinobot_msgs) by extensions ['colcon_pkg']
[0.508s] Level 1:colcon.colcon_core.package_identification:_identify(src/arduinobot_msgs) by extension 'colcon_pkg'
[0.508s] Level 1:colcon.colcon_core.package_identification:_identify(src/arduinobot_msgs) by extensions ['colcon_meta']
[0.508s] Level 1:colcon.colcon_core.package_identification:_identify(src/arduinobot_msgs) by extension 'colcon_meta'
[0.508s] Level 1:colcon.colcon_core.package_identification:_identify(src/arduinobot_msgs) by extensions ['ros']
[0.508s] Level 1:colcon.colcon_core.package_identification:_identify(src/arduinobot_msgs) by extension 'ros'
[0.510s] DEBUG:colcon.colcon_core.package_identification:Package 'src/arduinobot_msgs' with type 'ros.ament_cmake' and name 'arduinobot_msgs'
[0.510s] Level 1:colcon.colcon_core.package_identification:_identify(src/arduinobot_remote) by extensions ['ignore', 'ignore_ament_install']
[0.510s] Level 1:colcon.colcon_core.package_identification:_identify(src/arduinobot_remote) by extension 'ignore'
[0.510s] Level 1:colcon.colcon_core.package_identification:_identify(src/arduinobot_remote) by extension 'ignore_ament_install'
[0.510s] Level 1:colcon.colcon_core.package_identification:_identify(src/arduinobot_remote) by extensions ['colcon_pkg']
[0.510s] Level 1:colcon.colcon_core.package_identification:_identify(src/arduinobot_remote) by extension 'colcon_pkg'
[0.510s] Level 1:colcon.colcon_core.package_identification:_identify(src/arduinobot_remote) by extensions ['colcon_meta']
[0.511s] Level 1:colcon.colcon_core.package_identification:_identify(src/arduinobot_remote) by extension 'colcon_meta'
[0.511s] Level 1:colcon.colcon_core.package_identification:_identify(src/arduinobot_remote) by extensions ['ros']
[0.511s] Level 1:colcon.colcon_core.package_identification:_identify(src/arduinobot_remote) by extension 'ros'
[0.512s] DEBUG:colcon.colcon_core.package_identification:Package 'src/arduinobot_remote' with type 'ros.ament_cmake' and name 'arduinobot_remote'
[0.512s] Level 1:colcon.colcon_core.package_identification:_identify(src/arduinobot_utils) by extensions ['ignore', 'ignore_ament_install']
[0.512s] Level 1:colcon.colcon_core.package_identification:_identify(src/arduinobot_utils) by extension 'ignore'
[0.512s] Level 1:colcon.colcon_core.package_identification:_identify(src/arduinobot_utils) by extension 'ignore_ament_install'
[0.512s] Level 1:colcon.colcon_core.package_identification:_identify(src/arduinobot_utils) by extensions ['colcon_pkg']
[0.512s] Level 1:colcon.colcon_core.package_identification:_identify(src/arduinobot_utils) by extension 'colcon_pkg'
[0.513s] Level 1:colcon.colcon_core.package_identification:_identify(src/arduinobot_utils) by extensions ['colcon_meta']
[0.513s] Level 1:colcon.colcon_core.package_identification:_identify(src/arduinobot_utils) by extension 'colcon_meta'
[0.513s] Level 1:colcon.colcon_core.package_identification:_identify(src/arduinobot_utils) by extensions ['ros']
[0.513s] Level 1:colcon.colcon_core.package_identification:_identify(src/arduinobot_utils) by extension 'ros'
[0.514s] DEBUG:colcon.colcon_core.package_identification:Package 'src/arduinobot_utils' with type 'ros.ament_cmake' and name 'arduinobot_utils'
[0.514s] Level 1:colcon.colcon_core.package_identification:_identify(src/description) by extensions ['ignore', 'ignore_ament_install']
[0.515s] Level 1:colcon.colcon_core.package_identification:_identify(src/description) by extension 'ignore'
[0.515s] Level 1:colcon.colcon_core.package_identification:_identify(src/description) by extension 'ignore_ament_install'
[0.515s] Level 1:colcon.colcon_core.package_identification:_identify(src/description) by extensions ['colcon_pkg']
[0.515s] Level 1:colcon.colcon_core.package_identification:_identify(src/description) by extension 'colcon_pkg'
[0.515s] Level 1:colcon.colcon_core.package_identification:_identify(src/description) by extensions ['colcon_meta']
[0.515s] Level 1:colcon.colcon_core.package_identification:_identify(src/description) by extension 'colcon_meta'
[0.515s] Level 1:colcon.colcon_core.package_identification:_identify(src/description) by extensions ['ros']
[0.515s] Level 1:colcon.colcon_core.package_identification:_identify(src/description) by extension 'ros'
[0.516s] DEBUG:colcon.colcon_core.package_identification:Package 'src/description' with type 'ros.ament_cmake' and name 'description'
[0.516s] Level 1:colcon.colcon_core.package_identification:_identify(src/moveitAssistant) by extensions ['ignore', 'ignore_ament_install']
[0.517s] Level 1:colcon.colcon_core.package_identification:_identify(src/moveitAssistant) by extension 'ignore'
[0.517s] Level 1:colcon.colcon_core.package_identification:_identify(src/moveitAssistant) by extension 'ignore_ament_install'
[0.517s] Level 1:colcon.colcon_core.package_identification:_identify(src/moveitAssistant) by extensions ['colcon_pkg']
[0.517s] Level 1:colcon.colcon_core.package_identification:_identify(src/moveitAssistant) by extension 'colcon_pkg'
[0.517s] Level 1:colcon.colcon_core.package_identification:_identify(src/moveitAssistant) by extensions ['colcon_meta']
[0.517s] Level 1:colcon.colcon_core.package_identification:_identify(src/moveitAssistant) by extension 'colcon_meta'
[0.517s] Level 1:colcon.colcon_core.package_identification:_identify(src/moveitAssistant) by extensions ['ros']
[0.517s] Level 1:colcon.colcon_core.package_identification:_identify(src/moveitAssistant) by extension 'ros'
[0.518s] DEBUG:colcon.colcon_core.package_identification:Package 'src/moveitAssistant' with type 'ros.ament_cmake' and name 'MoveitAssistant'
[0.518s] Level 1:colcon.colcon_core.package_discovery:discover_packages(recursive) using defaults
[0.519s] Level 1:colcon.colcon_core.package_discovery:discover_packages(ignore) discover
[0.519s] Level 1:colcon.colcon_core.package_discovery:discover_packages(ignore) using defaults
[0.519s] Level 1:colcon.colcon_core.package_discovery:discover_packages(path) discover
[0.519s] Level 1:colcon.colcon_core.package_discovery:discover_packages(path) using defaults
[0.547s] Level 1:colcon.colcon_core.package_discovery:discover_packages(prefix_path) check parameters
[0.547s] Level 1:colcon.colcon_core.package_discovery:discover_packages(prefix_path) discover
[0.562s] DEBUG:colcon.colcon_installed_package_information.package_discovery:Found 5 installed packages in /home/albert/ag_arm_ws/install
[0.563s] DEBUG:colcon.colcon_installed_package_information.package_discovery:Found 55 installed packages in /home/albert/ws_moveit2/install
[0.565s] DEBUG:colcon.colcon_installed_package_information.package_discovery:Found 11 installed packages in /home/albert/umov_ws/install
[0.566s] DEBUG:colcon.colcon_installed_package_information.package_discovery:Found 3 installed packages in /home/albert/unav_ws/install
[0.567s] DEBUG:colcon.colcon_installed_package_information.package_discovery:Found 12 installed packages in /home/albert/udem2_ws/install
[0.568s] DEBUG:colcon.colcon_installed_package_information.package_discovery:Found 8 installed packages in /home/albert/udem_ws/install
[0.569s] DEBUG:colcon.colcon_installed_package_information.package_discovery:Found 18 installed packages in /home/albert/bcdc_ws/install
[0.570s] DEBUG:colcon.colcon_installed_package_information.package_discovery:Found 9 installed packages in /home/albert/arduinobot_ws/install
[0.571s] DEBUG:colcon.colcon_installed_package_information.package_discovery:Found 8 installed packages in /home/albert/rad_ws/install
[0.571s] DEBUG:colcon.colcon_installed_package_information.package_discovery:Found 1 installed packages in /home/albert/dev_ws/install
[0.572s] DEBUG:colcon.colcon_installed_package_information.package_discovery:Found 4 installed packages in /home/albert/ag_car_ws/install
[0.574s] DEBUG:colcon.colcon_installed_package_information.package_discovery:Found 436 installed packages in /opt/ros/humble
[0.576s] Level 1:colcon.colcon_core.package_discovery:discover_packages(prefix_path) using defaults
[0.678s] WARNING:colcon.colcon_core.package_selection:Some selected packages are already built in one or more underlay workspaces:
	'arduinobot_msgs' is in: /home/albert/umov_ws/install/arduinobot_msgs, /home/albert/arduinobot_ws/install/arduinobot_msgs
If a package in a merged underlay workspace is overridden and it installs headers, then all packages in the overlay must sort their include directories by workspace order. Failure to do so may result in build failures or undefined behavior at run time.
If the overridden package is used by another package in any underlay, then the overriding package in the overlay must be API and ABI compatible or undefined behavior at run time may occur.

If you understand the risks and want to override a package anyways, add the following to the command line:
	--allow-overriding arduinobot_msgs

This may be promoted to an error in a future release of colcon-override-check.
[0.679s] Level 5:colcon.colcon_core.verb:set package 'arduinobot_bringup' build argument 'cmake_args' from command line to 'None'
[0.679s] Level 5:colcon.colcon_core.verb:set package 'arduinobot_bringup' build argument 'cmake_target' from command line to 'None'
[0.679s] Level 5:colcon.colcon_core.verb:set package 'arduinobot_bringup' build argument 'cmake_target_skip_unavailable' from command line to 'False'
[0.679s] Level 5:colcon.colcon_core.verb:set package 'arduinobot_bringup' build argument 'cmake_clean_cache' from command line to 'False'
[0.679s] Level 5:colcon.colcon_core.verb:set package 'arduinobot_bringup' build argument 'cmake_clean_first' from command line to 'False'
[0.679s] Level 5:colcon.colcon_core.verb:set package 'arduinobot_bringup' build argument 'cmake_force_configure' from command line to 'False'
[0.679s] Level 5:colcon.colcon_core.verb:set package 'arduinobot_bringup' build argument 'ament_cmake_args' from command line to 'None'
[0.679s] Level 5:colcon.colcon_core.verb:set package 'arduinobot_bringup' build argument 'catkin_cmake_args' from command line to 'None'
[0.680s] Level 5:colcon.colcon_core.verb:set package 'arduinobot_bringup' build argument 'catkin_skip_building_tests' from command line to 'False'
[0.680s] DEBUG:colcon.colcon_core.verb:Building package 'arduinobot_bringup' with the following arguments: {'ament_cmake_args': None, 'build_base': '/home/albert/umov_ws/build/arduinobot_bringup', 'catkin_cmake_args': None, 'catkin_skip_building_tests': False, 'cmake_args': None, 'cmake_clean_cache': False, 'cmake_clean_first': False, 'cmake_force_configure': False, 'cmake_target': None, 'cmake_target_skip_unavailable': False, 'install_base': '/home/albert/umov_ws/install/arduinobot_bringup', 'merge_install': False, 'path': '/home/albert/umov_ws/src/arduinobot_bringup', 'symlink_install': False, 'test_result_base': None}
[0.680s] Level 5:colcon.colcon_core.verb:set package 'arduinobot_controller' build argument 'cmake_args' from command line to 'None'
[0.680s] Level 5:colcon.colcon_core.verb:set package 'arduinobot_controller' build argument 'cmake_target' from command line to 'None'
[0.680s] Level 5:colcon.colcon_core.verb:set package 'arduinobot_controller' build argument 'cmake_target_skip_unavailable' from command line to 'False'
[0.680s] Level 5:colcon.colcon_core.verb:set package 'arduinobot_controller' build argument 'cmake_clean_cache' from command line to 'False'
[0.680s] Level 5:colcon.colcon_core.verb:set package 'arduinobot_controller' build argument 'cmake_clean_first' from command line to 'False'
[0.680s] Level 5:colcon.colcon_core.verb:set package 'arduinobot_controller' build argument 'cmake_force_configure' from command line to 'False'
[0.680s] Level 5:colcon.colcon_core.verb:set package 'arduinobot_controller' build argument 'ament_cmake_args' from command line to 'None'
[0.680s] Level 5:colcon.colcon_core.verb:set package 'arduinobot_controller' build argument 'catkin_cmake_args' from command line to 'None'
[0.680s] Level 5:colcon.colcon_core.verb:set package 'arduinobot_controller' build argument 'catkin_skip_building_tests' from command line to 'False'
[0.680s] DEBUG:colcon.colcon_core.verb:Building package 'arduinobot_controller' with the following arguments: {'ament_cmake_args': None, 'build_base': '/home/albert/umov_ws/build/arduinobot_controller', 'catkin_cmake_args': None, 'catkin_skip_building_tests': False, 'cmake_args': None, 'cmake_clean_cache': False, 'cmake_clean_first': False, 'cmake_force_configure': False, 'cmake_target': None, 'cmake_target_skip_unavailable': False, 'install_base': '/home/albert/umov_ws/install/arduinobot_controller', 'merge_install': False, 'path': '/home/albert/umov_ws/src/arduinobot_controller', 'symlink_install': False, 'test_result_base': None}
[0.680s] Level 5:colcon.colcon_core.verb:set package 'arduinobot_firmware' build argument 'cmake_args' from command line to 'None'
[0.680s] Level 5:colcon.colcon_core.verb:set package 'arduinobot_firmware' build argument 'cmake_target' from command line to 'None'
[0.681s] Level 5:colcon.colcon_core.verb:set package 'arduinobot_firmware' build argument 'cmake_target_skip_unavailable' from command line to 'False'
[0.681s] Level 5:colcon.colcon_core.verb:set package 'arduinobot_firmware' build argument 'cmake_clean_cache' from command line to 'False'
[0.681s] Level 5:colcon.colcon_core.verb:set package 'arduinobot_firmware' build argument 'cmake_clean_first' from command line to 'False'
[0.681s] Level 5:colcon.colcon_core.verb:set package 'arduinobot_firmware' build argument 'cmake_force_configure' from command line to 'False'
[0.681s] Level 5:colcon.colcon_core.verb:set package 'arduinobot_firmware' build argument 'ament_cmake_args' from command line to 'None'
[0.681s] Level 5:colcon.colcon_core.verb:set package 'arduinobot_firmware' build argument 'catkin_cmake_args' from command line to 'None'
[0.681s] Level 5:colcon.colcon_core.verb:set package 'arduinobot_firmware' build argument 'catkin_skip_building_tests' from command line to 'False'
[0.681s] DEBUG:colcon.colcon_core.verb:Building package 'arduinobot_firmware' with the following arguments: {'ament_cmake_args': None, 'build_base': '/home/albert/umov_ws/build/arduinobot_firmware', 'catkin_cmake_args': None, 'catkin_skip_building_tests': False, 'cmake_args': None, 'cmake_clean_cache': False, 'cmake_clean_first': False, 'cmake_force_configure': False, 'cmake_target': None, 'cmake_target_skip_unavailable': False, 'install_base': '/home/albert/umov_ws/install/arduinobot_firmware', 'merge_install': False, 'path': '/home/albert/umov_ws/src/arduinobot_firmware', 'symlink_install': False, 'test_result_base': None}
[0.681s] Level 5:colcon.colcon_core.verb:set package 'arduinobot_moveit' build argument 'cmake_args' from command line to 'None'
[0.681s] Level 5:colcon.colcon_core.verb:set package 'arduinobot_moveit' build argument 'cmake_target' from command line to 'None'
[0.681s] Level 5:colcon.colcon_core.verb:set package 'arduinobot_moveit' build argument 'cmake_target_skip_unavailable' from command line to 'False'
[0.681s] Level 5:colcon.colcon_core.verb:set package 'arduinobot_moveit' build argument 'cmake_clean_cache' from command line to 'False'
[0.681s] Level 5:colcon.colcon_core.verb:set package 'arduinobot_moveit' build argument 'cmake_clean_first' from command line to 'False'
[0.681s] Level 5:colcon.colcon_core.verb:set package 'arduinobot_moveit' build argument 'cmake_force_configure' from command line to 'False'
[0.681s] Level 5:colcon.colcon_core.verb:set package 'arduinobot_moveit' build argument 'ament_cmake_args' from command line to 'None'
[0.682s] Level 5:colcon.colcon_core.verb:set package 'arduinobot_moveit' build argument 'catkin_cmake_args' from command line to 'None'
[0.682s] Level 5:colcon.colcon_core.verb:set package 'arduinobot_moveit' build argument 'catkin_skip_building_tests' from command line to 'False'
[0.682s] DEBUG:colcon.colcon_core.verb:Building package 'arduinobot_moveit' with the following arguments: {'ament_cmake_args': None, 'build_base': '/home/albert/umov_ws/build/arduinobot_moveit', 'catkin_cmake_args': None, 'catkin_skip_building_tests': False, 'cmake_args': None, 'cmake_clean_cache': False, 'cmake_clean_first': False, 'cmake_force_configure': False, 'cmake_target': None, 'cmake_target_skip_unavailable': False, 'install_base': '/home/albert/umov_ws/install/arduinobot_moveit', 'merge_install': False, 'path': '/home/albert/umov_ws/src/arduinobot_moveit', 'symlink_install': False, 'test_result_base': None}
[0.682s] Level 5:colcon.colcon_core.verb:set package 'arduinobot_msgs' build argument 'cmake_args' from command line to 'None'
[0.682s] Level 5:colcon.colcon_core.verb:set package 'arduinobot_msgs' build argument 'cmake_target' from command line to 'None'
[0.682s] Level 5:colcon.colcon_core.verb:set package 'arduinobot_msgs' build argument 'cmake_target_skip_unavailable' from command line to 'False'
[0.682s] Level 5:colcon.colcon_core.verb:set package 'arduinobot_msgs' build argument 'cmake_clean_cache' from command line to 'False'
[0.682s] Level 5:colcon.colcon_core.verb:set package 'arduinobot_msgs' build argument 'cmake_clean_first' from command line to 'False'
[0.683s] Level 5:colcon.colcon_core.verb:set package 'arduinobot_msgs' build argument 'cmake_force_configure' from command line to 'False'
[0.683s] Level 5:colcon.colcon_core.verb:set package 'arduinobot_msgs' build argument 'ament_cmake_args' from command line to 'None'
[0.683s] Level 5:colcon.colcon_core.verb:set package 'arduinobot_msgs' build argument 'catkin_cmake_args' from command line to 'None'
[0.683s] Level 5:colcon.colcon_core.verb:set package 'arduinobot_msgs' build argument 'catkin_skip_building_tests' from command line to 'False'
[0.683s] DEBUG:colcon.colcon_core.verb:Building package 'arduinobot_msgs' with the following arguments: {'ament_cmake_args': None, 'build_base': '/home/albert/umov_ws/build/arduinobot_msgs', 'catkin_cmake_args': None, 'catkin_skip_building_tests': False, 'cmake_args': None, 'cmake_clean_cache': False, 'cmake_clean_first': False, 'cmake_force_configure': False, 'cmake_target': None, 'cmake_target_skip_unavailable': False, 'install_base': '/home/albert/umov_ws/install/arduinobot_msgs', 'merge_install': False, 'path': '/home/albert/umov_ws/src/arduinobot_msgs', 'symlink_install': False, 'test_result_base': None}
[0.683s] Level 5:colcon.colcon_core.verb:set package 'description' build argument 'cmake_args' from command line to 'None'
[0.683s] Level 5:colcon.colcon_core.verb:set package 'description' build argument 'cmake_target' from command line to 'None'
[0.683s] Level 5:colcon.colcon_core.verb:set package 'description' build argument 'cmake_target_skip_unavailable' from command line to 'False'
[0.683s] Level 5:colcon.colcon_core.verb:set package 'description' build argument 'cmake_clean_cache' from command line to 'False'
[0.683s] Level 5:colcon.colcon_core.verb:set package 'description' build argument 'cmake_clean_first' from command line to 'False'
[0.684s] Level 5:colcon.colcon_core.verb:set package 'description' build argument 'cmake_force_configure' from command line to 'False'
[0.684s] Level 5:colcon.colcon_core.verb:set package 'description' build argument 'ament_cmake_args' from command line to 'None'
[0.684s] Level 5:colcon.colcon_core.verb:set package 'description' build argument 'catkin_cmake_args' from command line to 'None'
[0.684s] Level 5:colcon.colcon_core.verb:set package 'description' build argument 'catkin_skip_building_tests' from command line to 'False'
[0.684s] DEBUG:colcon.colcon_core.verb:Building package 'description' with the following arguments: {'ament_cmake_args': None, 'build_base': '/home/albert/umov_ws/build/description', 'catkin_cmake_args': None, 'catkin_skip_building_tests': False, 'cmake_args': None, 'cmake_clean_cache': False, 'cmake_clean_first': False, 'cmake_force_configure': False, 'cmake_target': None, 'cmake_target_skip_unavailable': False, 'install_base': '/home/albert/umov_ws/install/description', 'merge_install': False, 'path': '/home/albert/umov_ws/src/description', 'symlink_install': False, 'test_result_base': None}
[0.684s] Level 5:colcon.colcon_core.verb:set package 'MoveitAssistant' build argument 'cmake_args' from command line to 'None'
[0.684s] Level 5:colcon.colcon_core.verb:set package 'MoveitAssistant' build argument 'cmake_target' from command line to 'None'
[0.684s] Level 5:colcon.colcon_core.verb:set package 'MoveitAssistant' build argument 'cmake_target_skip_unavailable' from command line to 'False'
[0.684s] Level 5:colcon.colcon_core.verb:set package 'MoveitAssistant' build argument 'cmake_clean_cache' from command line to 'False'
[0.684s] Level 5:colcon.colcon_core.verb:set package 'MoveitAssistant' build argument 'cmake_clean_first' from command line to 'False'
[0.684s] Level 5:colcon.colcon_core.verb:set package 'MoveitAssistant' build argument 'cmake_force_configure' from command line to 'False'
[0.685s] Level 5:colcon.colcon_core.verb:set package 'MoveitAssistant' build argument 'ament_cmake_args' from command line to 'None'
[0.685s] Level 5:colcon.colcon_core.verb:set package 'MoveitAssistant' build argument 'catkin_cmake_args' from command line to 'None'
[0.685s] Level 5:colcon.colcon_core.verb:set package 'MoveitAssistant' build argument 'catkin_skip_building_tests' from command line to 'False'
[0.685s] DEBUG:colcon.colcon_core.verb:Building package 'MoveitAssistant' with the following arguments: {'ament_cmake_args': None, 'build_base': '/home/albert/umov_ws/build/MoveitAssistant', 'catkin_cmake_args': None, 'catkin_skip_building_tests': False, 'cmake_args': None, 'cmake_clean_cache': False, 'cmake_clean_first': False, 'cmake_force_configure': False, 'cmake_target': None, 'cmake_target_skip_unavailable': False, 'install_base': '/home/albert/umov_ws/install/MoveitAssistant', 'merge_install': False, 'path': '/home/albert/umov_ws/src/moveitAssistant', 'symlink_install': False, 'test_result_base': None}
[0.686s] Level 5:colcon.colcon_core.verb:set package 'arduino_cpp_examples' build argument 'cmake_args' from command line to 'None'
[0.686s] Level 5:colcon.colcon_core.verb:set package 'arduino_cpp_examples' build argument 'cmake_target' from command line to 'None'
[0.686s] Level 5:colcon.colcon_core.verb:set package 'arduino_cpp_examples' build argument 'cmake_target_skip_unavailable' from command line to 'False'
[0.686s] Level 5:colcon.colcon_core.verb:set package 'arduino_cpp_examples' build argument 'cmake_clean_cache' from command line to 'False'
[0.686s] Level 5:colcon.colcon_core.verb:set package 'arduino_cpp_examples' build argument 'cmake_clean_first' from command line to 'False'
[0.686s] Level 5:colcon.colcon_core.verb:set package 'arduino_cpp_examples' build argument 'cmake_force_configure' from command line to 'False'
[0.686s] Level 5:colcon.colcon_core.verb:set package 'arduino_cpp_examples' build argument 'ament_cmake_args' from command line to 'None'
[0.686s] Level 5:colcon.colcon_core.verb:set package 'arduino_cpp_examples' build argument 'catkin_cmake_args' from command line to 'None'
[0.686s] Level 5:colcon.colcon_core.verb:set package 'arduino_cpp_examples' build argument 'catkin_skip_building_tests' from command line to 'False'
[0.686s] DEBUG:colcon.colcon_core.verb:Building package 'arduino_cpp_examples' with the following arguments: {'ament_cmake_args': None, 'build_base': '/home/albert/umov_ws/build/arduino_cpp_examples', 'catkin_cmake_args': None, 'catkin_skip_building_tests': False, 'cmake_args': None, 'cmake_clean_cache': False, 'cmake_clean_first': False, 'cmake_force_configure': False, 'cmake_target': None, 'cmake_target_skip_unavailable': False, 'install_base': '/home/albert/umov_ws/install/arduino_cpp_examples', 'merge_install': False, 'path': '/home/albert/umov_ws/src/arduino_cpp_examples', 'symlink_install': False, 'test_result_base': None}
[0.687s] Level 5:colcon.colcon_core.verb:set package 'arduino_py_examples' build argument 'cmake_args' from command line to 'None'
[0.687s] Level 5:colcon.colcon_core.verb:set package 'arduino_py_examples' build argument 'cmake_target' from command line to 'None'
[0.687s] Level 5:colcon.colcon_core.verb:set package 'arduino_py_examples' build argument 'cmake_target_skip_unavailable' from command line to 'False'
[0.687s] Level 5:colcon.colcon_core.verb:set package 'arduino_py_examples' build argument 'cmake_clean_cache' from command line to 'False'
[0.687s] Level 5:colcon.colcon_core.verb:set package 'arduino_py_examples' build argument 'cmake_clean_first' from command line to 'False'
[0.687s] Level 5:colcon.colcon_core.verb:set package 'arduino_py_examples' build argument 'cmake_force_configure' from command line to 'False'
[0.687s] Level 5:colcon.colcon_core.verb:set package 'arduino_py_examples' build argument 'ament_cmake_args' from command line to 'None'
[0.687s] Level 5:colcon.colcon_core.verb:set package 'arduino_py_examples' build argument 'catkin_cmake_args' from command line to 'None'
[0.687s] Level 5:colcon.colcon_core.verb:set package 'arduino_py_examples' build argument 'catkin_skip_building_tests' from command line to 'False'
[0.687s] DEBUG:colcon.colcon_core.verb:Building package 'arduino_py_examples' with the following arguments: {'ament_cmake_args': None, 'build_base': '/home/albert/umov_ws/build/arduino_py_examples', 'catkin_cmake_args': None, 'catkin_skip_building_tests': False, 'cmake_args': None, 'cmake_clean_cache': False, 'cmake_clean_first': False, 'cmake_force_configure': False, 'cmake_target': None, 'cmake_target_skip_unavailable': False, 'install_base': '/home/albert/umov_ws/install/arduino_py_examples', 'merge_install': False, 'path': '/home/albert/umov_ws/src/arduino_py_examples', 'symlink_install': False, 'test_result_base': None}
[0.687s] Level 5:colcon.colcon_core.verb:set package 'arduinobot_remote' build argument 'cmake_args' from command line to 'None'
[0.687s] Level 5:colcon.colcon_core.verb:set package 'arduinobot_remote' build argument 'cmake_target' from command line to 'None'
[0.687s] Level 5:colcon.colcon_core.verb:set package 'arduinobot_remote' build argument 'cmake_target_skip_unavailable' from command line to 'False'
[0.687s] Level 5:colcon.colcon_core.verb:set package 'arduinobot_remote' build argument 'cmake_clean_cache' from command line to 'False'
[0.688s] Level 5:colcon.colcon_core.verb:set package 'arduinobot_remote' build argument 'cmake_clean_first' from command line to 'False'
[0.688s] Level 5:colcon.colcon_core.verb:set package 'arduinobot_remote' build argument 'cmake_force_configure' from command line to 'False'
[0.688s] Level 5:colcon.colcon_core.verb:set package 'arduinobot_remote' build argument 'ament_cmake_args' from command line to 'None'
[0.688s] Level 5:colcon.colcon_core.verb:set package 'arduinobot_remote' build argument 'catkin_cmake_args' from command line to 'None'
[0.688s] Level 5:colcon.colcon_core.verb:set package 'arduinobot_remote' build argument 'catkin_skip_building_tests' from command line to 'False'
[0.688s] DEBUG:colcon.colcon_core.verb:Building package 'arduinobot_remote' with the following arguments: {'ament_cmake_args': None, 'build_base': '/home/albert/umov_ws/build/arduinobot_remote', 'catkin_cmake_args': None, 'catkin_skip_building_tests': False, 'cmake_args': None, 'cmake_clean_cache': False, 'cmake_clean_first': False, 'cmake_force_configure': False, 'cmake_target': None, 'cmake_target_skip_unavailable': False, 'install_base': '/home/albert/umov_ws/install/arduinobot_remote', 'merge_install': False, 'path': '/home/albert/umov_ws/src/arduinobot_remote', 'symlink_install': False, 'test_result_base': None}
[0.688s] Level 5:colcon.colcon_core.verb:set package 'arduinobot_utils' build argument 'cmake_args' from command line to 'None'
[0.688s] Level 5:colcon.colcon_core.verb:set package 'arduinobot_utils' build argument 'cmake_target' from command line to 'None'
[0.688s] Level 5:colcon.colcon_core.verb:set package 'arduinobot_utils' build argument 'cmake_target_skip_unavailable' from command line to 'False'
[0.688s] Level 5:colcon.colcon_core.verb:set package 'arduinobot_utils' build argument 'cmake_clean_cache' from command line to 'False'
[0.688s] Level 5:colcon.colcon_core.verb:set package 'arduinobot_utils' build argument 'cmake_clean_first' from command line to 'False'
[0.688s] Level 5:colcon.colcon_core.verb:set package 'arduinobot_utils' build argument 'cmake_force_configure' from command line to 'False'
[0.688s] Level 5:colcon.colcon_core.verb:set package 'arduinobot_utils' build argument 'ament_cmake_args' from command line to 'None'
[0.688s] Level 5:colcon.colcon_core.verb:set package 'arduinobot_utils' build argument 'catkin_cmake_args' from command line to 'None'
[0.688s] Level 5:colcon.colcon_core.verb:set package 'arduinobot_utils' build argument 'catkin_skip_building_tests' from command line to 'False'
[0.688s] DEBUG:colcon.colcon_core.verb:Building package 'arduinobot_utils' with the following arguments: {'ament_cmake_args': None, 'build_base': '/home/albert/umov_ws/build/arduinobot_utils', 'catkin_cmake_args': None, 'catkin_skip_building_tests': False, 'cmake_args': None, 'cmake_clean_cache': False, 'cmake_clean_first': False, 'cmake_force_configure': False, 'cmake_target': None, 'cmake_target_skip_unavailable': False, 'install_base': '/home/albert/umov_ws/install/arduinobot_utils', 'merge_install': False, 'path': '/home/albert/umov_ws/src/arduinobot_utils', 'symlink_install': False, 'test_result_base': None}
[0.689s] INFO:colcon.colcon_core.executor:Executing jobs using 'parallel' executor
[0.690s] DEBUG:colcon.colcon_parallel_executor.executor.parallel:run_until_complete
[0.690s] INFO:colcon.colcon_ros.task.ament_cmake.build:Building ROS package in '/home/albert/umov_ws/src/arduinobot_msgs' with build type 'ament_cmake'
[0.691s] INFO:colcon.colcon_cmake.task.cmake.build:Building CMake package in '/home/albert/umov_ws/src/arduinobot_msgs'
[0.695s] INFO:colcon.colcon_core.plugin_system:Skipping extension 'colcon_core.shell.bat': Not used on non-Windows systems
[0.695s] INFO:colcon.colcon_core.shell:Skip shell extension 'powershell' for command environment: Not usable outside of PowerShell
[0.695s] DEBUG:colcon.colcon_core.shell:Skip shell extension 'dsv' for command environment
[0.714s] INFO:colcon.colcon_ros.task.ament_cmake.build:Building ROS package in '/home/albert/umov_ws/src/arduinobot_moveit' with build type 'ament_cmake'
[0.714s] INFO:colcon.colcon_cmake.task.cmake.build:Building CMake package in '/home/albert/umov_ws/src/arduinobot_moveit'
[0.715s] INFO:colcon.colcon_core.shell:Skip shell extension 'powershell' for command environment: Not usable outside of PowerShell
[0.715s] DEBUG:colcon.colcon_core.shell:Skip shell extension 'dsv' for command environment
[0.734s] INFO:colcon.colcon_ros.task.ament_cmake.build:Building ROS package in '/home/albert/umov_ws/src/description' with build type 'ament_cmake'
[0.734s] INFO:colcon.colcon_cmake.task.cmake.build:Building CMake package in '/home/albert/umov_ws/src/description'
[0.735s] INFO:colcon.colcon_core.shell:Skip shell extension 'powershell' for command environment: Not usable outside of PowerShell
[0.735s] DEBUG:colcon.colcon_core.shell:Skip shell extension 'dsv' for command environment
[0.756s] INFO:colcon.colcon_ros.task.ament_cmake.build:Building ROS package in '/home/albert/umov_ws/src/arduinobot_bringup' with build type 'ament_cmake'
[0.757s] INFO:colcon.colcon_cmake.task.cmake.build:Building CMake package in '/home/albert/umov_ws/src/arduinobot_bringup'
[0.757s] INFO:colcon.colcon_core.shell:Skip shell extension 'powershell' for command environment: Not usable outside of PowerShell
[0.757s] DEBUG:colcon.colcon_core.shell:Skip shell extension 'dsv' for command environment
[0.782s] INFO:colcon.colcon_ros.task.ament_cmake.build:Building ROS package in '/home/albert/umov_ws/src/arduinobot_controller' with build type 'ament_cmake'
[0.782s] INFO:colcon.colcon_cmake.task.cmake.build:Building CMake package in '/home/albert/umov_ws/src/arduinobot_controller'
[0.782s] INFO:colcon.colcon_core.shell:Skip shell extension 'powershell' for command environment: Not usable outside of PowerShell
[0.783s] DEBUG:colcon.colcon_core.shell:Skip shell extension 'dsv' for command environment
[0.801s] INFO:colcon.colcon_ros.task.ament_cmake.build:Building ROS package in '/home/albert/umov_ws/src/arduinobot_firmware' with build type 'ament_cmake'
[0.801s] INFO:colcon.colcon_cmake.task.cmake.build:Building CMake package in '/home/albert/umov_ws/src/arduinobot_firmware'
[0.802s] INFO:colcon.colcon_core.shell:Skip shell extension 'powershell' for command environment: Not usable outside of PowerShell
[0.802s] DEBUG:colcon.colcon_core.shell:Skip shell extension 'dsv' for command environment
[0.831s] DEBUG:colcon.colcon_core.event_handler.log_command:Invoking command in '/home/albert/umov_ws/build/arduinobot_msgs': CMAKE_PREFIX_PATH=${CMAKE_PREFIX_PATH}:/home/albert/ws_moveit2/install/moveit_configs_utils:/home/albert/ws_moveit2/install/launch_param_builder:/home/albert/umov_ws/install/arduino_py_examples:/home/albert/udem2_ws/install/actions_py:/home/albert/udem2_ws/install/lifecycle_py:/home/albert/udem2_ws/install/executors_py:/home/albert/udem2_ws/install/components_py:/home/albert/udem_ws/install/turtlesim_catcher:/home/albert/udem_ws/install/my_py_pkg:/home/albert/udem_ws/install/lifecycle_py:/home/albert/bcdc_ws/install/agbot_teleop:/home/albert/bcdc_ws/install/agbot_py:/home/albert/arduinobot_ws/install/arduinobot_py_examples:/opt/ros/humble /home/albert/.local/bin/cmake --build /home/albert/umov_ws/build/arduinobot_msgs -- -j8 -l8
[0.840s] DEBUG:colcon.colcon_core.event_handler.log_command:Invoking command in '/home/albert/umov_ws/build/arduinobot_moveit': CMAKE_PREFIX_PATH=${CMAKE_PREFIX_PATH}:/home/albert/ws_moveit2/install/moveit_configs_utils:/home/albert/ws_moveit2/install/launch_param_builder:/home/albert/umov_ws/install/arduino_py_examples:/home/albert/udem2_ws/install/actions_py:/home/albert/udem2_ws/install/lifecycle_py:/home/albert/udem2_ws/install/executors_py:/home/albert/udem2_ws/install/components_py:/home/albert/udem_ws/install/turtlesim_catcher:/home/albert/udem_ws/install/my_py_pkg:/home/albert/udem_ws/install/lifecycle_py:/home/albert/bcdc_ws/install/agbot_teleop:/home/albert/bcdc_ws/install/agbot_py:/home/albert/arduinobot_ws/install/arduinobot_py_examples:/opt/ros/humble /home/albert/.local/bin/cmake --build /home/albert/umov_ws/build/arduinobot_moveit -- -j8 -l8
[0.844s] DEBUG:colcon.colcon_core.event_handler.log_command:Invoking command in '/home/albert/umov_ws/build/description': CMAKE_PREFIX_PATH=${CMAKE_PREFIX_PATH}:/home/albert/ws_moveit2/install/moveit_configs_utils:/home/albert/ws_moveit2/install/launch_param_builder:/home/albert/umov_ws/install/arduino_py_examples:/home/albert/udem2_ws/install/actions_py:/home/albert/udem2_ws/install/lifecycle_py:/home/albert/udem2_ws/install/executors_py:/home/albert/udem2_ws/install/components_py:/home/albert/udem_ws/install/turtlesim_catcher:/home/albert/udem_ws/install/my_py_pkg:/home/albert/udem_ws/install/lifecycle_py:/home/albert/bcdc_ws/install/agbot_teleop:/home/albert/bcdc_ws/install/agbot_py:/home/albert/arduinobot_ws/install/arduinobot_py_examples:/opt/ros/humble /home/albert/.local/bin/cmake --build /home/albert/umov_ws/build/description -- -j8 -l8
[0.852s] DEBUG:colcon.colcon_core.event_handler.log_command:Invoking command in '/home/albert/umov_ws/build/arduinobot_bringup': CMAKE_PREFIX_PATH=${CMAKE_PREFIX_PATH}:/home/albert/ws_moveit2/install/moveit_configs_utils:/home/albert/ws_moveit2/install/launch_param_builder:/home/albert/umov_ws/install/arduino_py_examples:/home/albert/udem2_ws/install/actions_py:/home/albert/udem2_ws/install/lifecycle_py:/home/albert/udem2_ws/install/executors_py:/home/albert/udem2_ws/install/components_py:/home/albert/udem_ws/install/turtlesim_catcher:/home/albert/udem_ws/install/my_py_pkg:/home/albert/udem_ws/install/lifecycle_py:/home/albert/bcdc_ws/install/agbot_teleop:/home/albert/bcdc_ws/install/agbot_py:/home/albert/arduinobot_ws/install/arduinobot_py_examples:/opt/ros/humble /home/albert/.local/bin/cmake --build /home/albert/umov_ws/build/arduinobot_bringup -- -j8 -l8
[0.857s] DEBUG:colcon.colcon_core.event_handler.log_command:Invoking command in '/home/albert/umov_ws/build/arduinobot_controller': CMAKE_PREFIX_PATH=${CMAKE_PREFIX_PATH}:/home/albert/ws_moveit2/install/moveit_configs_utils:/home/albert/ws_moveit2/install/launch_param_builder:/home/albert/umov_ws/install/arduino_py_examples:/home/albert/udem2_ws/install/actions_py:/home/albert/udem2_ws/install/lifecycle_py:/home/albert/udem2_ws/install/executors_py:/home/albert/udem2_ws/install/components_py:/home/albert/udem_ws/install/turtlesim_catcher:/home/albert/udem_ws/install/my_py_pkg:/home/albert/udem_ws/install/lifecycle_py:/home/albert/bcdc_ws/install/agbot_teleop:/home/albert/bcdc_ws/install/agbot_py:/home/albert/arduinobot_ws/install/arduinobot_py_examples:/opt/ros/humble /home/albert/.local/bin/cmake --build /home/albert/umov_ws/build/arduinobot_controller -- -j8 -l8
[0.869s] DEBUG:colcon.colcon_core.event_handler.log_command:Invoking command in '/home/albert/umov_ws/build/arduinobot_firmware': CMAKE_PREFIX_PATH=${CMAKE_PREFIX_PATH}:/home/albert/ws_moveit2/install/moveit_configs_utils:/home/albert/ws_moveit2/install/launch_param_builder:/home/albert/umov_ws/install/arduino_py_examples:/home/albert/udem2_ws/install/actions_py:/home/albert/udem2_ws/install/lifecycle_py:/home/albert/udem2_ws/install/executors_py:/home/albert/udem2_ws/install/components_py:/home/albert/udem_ws/install/turtlesim_catcher:/home/albert/udem_ws/install/my_py_pkg:/home/albert/udem_ws/install/lifecycle_py:/home/albert/bcdc_ws/install/agbot_teleop:/home/albert/bcdc_ws/install/agbot_py:/home/albert/arduinobot_ws/install/arduinobot_py_examples:/opt/ros/humble /home/albert/.local/bin/cmake --build /home/albert/umov_ws/build/arduinobot_firmware -- -j8 -l8
[0.886s] DEBUG:colcon.colcon_core.event_handler.log_command:Invoked command in '/home/albert/umov_ws/build/arduinobot_moveit' returned '0': CMAKE_PREFIX_PATH=${CMAKE_PREFIX_PATH}:/home/albert/ws_moveit2/install/moveit_configs_utils:/home/albert/ws_moveit2/install/launch_param_builder:/home/albert/umov_ws/install/arduino_py_examples:/home/albert/udem2_ws/install/actions_py:/home/albert/udem2_ws/install/lifecycle_py:/home/albert/udem2_ws/install/executors_py:/home/albert/udem2_ws/install/components_py:/home/albert/udem_ws/install/turtlesim_catcher:/home/albert/udem_ws/install/my_py_pkg:/home/albert/udem_ws/install/lifecycle_py:/home/albert/bcdc_ws/install/agbot_teleop:/home/albert/bcdc_ws/install/agbot_py:/home/albert/arduinobot_ws/install/arduinobot_py_examples:/opt/ros/humble /home/albert/.local/bin/cmake --build /home/albert/umov_ws/build/arduinobot_moveit -- -j8 -l8
[0.898s] DEBUG:colcon.colcon_core.event_handler.log_command:Invoking command in '/home/albert/umov_ws/build/arduinobot_moveit': CMAKE_PREFIX_PATH=${CMAKE_PREFIX_PATH}:/home/albert/ws_moveit2/install/moveit_configs_utils:/home/albert/ws_moveit2/install/launch_param_builder:/home/albert/umov_ws/install/arduino_py_examples:/home/albert/udem2_ws/install/actions_py:/home/albert/udem2_ws/install/lifecycle_py:/home/albert/udem2_ws/install/executors_py:/home/albert/udem2_ws/install/components_py:/home/albert/udem_ws/install/turtlesim_catcher:/home/albert/udem_ws/install/my_py_pkg:/home/albert/udem_ws/install/lifecycle_py:/home/albert/bcdc_ws/install/agbot_teleop:/home/albert/bcdc_ws/install/agbot_py:/home/albert/arduinobot_ws/install/arduinobot_py_examples:/opt/ros/humble /home/albert/.local/bin/cmake --install /home/albert/umov_ws/build/arduinobot_moveit
[0.900s] DEBUG:colcon.colcon_core.event_handler.log_command:Invoked command in '/home/albert/umov_ws/build/description' returned '0': CMAKE_PREFIX_PATH=${CMAKE_PREFIX_PATH}:/home/albert/ws_moveit2/install/moveit_configs_utils:/home/albert/ws_moveit2/install/launch_param_builder:/home/albert/umov_ws/install/arduino_py_examples:/home/albert/udem2_ws/install/actions_py:/home/albert/udem2_ws/install/lifecycle_py:/home/albert/udem2_ws/install/executors_py:/home/albert/udem2_ws/install/components_py:/home/albert/udem_ws/install/turtlesim_catcher:/home/albert/udem_ws/install/my_py_pkg:/home/albert/udem_ws/install/lifecycle_py:/home/albert/bcdc_ws/install/agbot_teleop:/home/albert/bcdc_ws/install/agbot_py:/home/albert/arduinobot_ws/install/arduinobot_py_examples:/opt/ros/humble /home/albert/.local/bin/cmake --build /home/albert/umov_ws/build/description -- -j8 -l8
[0.902s] DEBUG:colcon.colcon_core.event_handler.log_command:Invoking command in '/home/albert/umov_ws/build/description': CMAKE_PREFIX_PATH=${CMAKE_PREFIX_PATH}:/home/albert/ws_moveit2/install/moveit_configs_utils:/home/albert/ws_moveit2/install/launch_param_builder:/home/albert/umov_ws/install/arduino_py_examples:/home/albert/udem2_ws/install/actions_py:/home/albert/udem2_ws/install/lifecycle_py:/home/albert/udem2_ws/install/executors_py:/home/albert/udem2_ws/install/components_py:/home/albert/udem_ws/install/turtlesim_catcher:/home/albert/udem_ws/install/my_py_pkg:/home/albert/udem_ws/install/lifecycle_py:/home/albert/bcdc_ws/install/agbot_teleop:/home/albert/bcdc_ws/install/agbot_py:/home/albert/arduinobot_ws/install/arduinobot_py_examples:/opt/ros/humble /home/albert/.local/bin/cmake --install /home/albert/umov_ws/build/description
[0.923s] DEBUG:colcon.colcon_core.event_handler.log_command:Invoked command in '/home/albert/umov_ws/build/arduinobot_bringup' returned '0': CMAKE_PREFIX_PATH=${CMAKE_PREFIX_PATH}:/home/albert/ws_moveit2/install/moveit_configs_utils:/home/albert/ws_moveit2/install/launch_param_builder:/home/albert/umov_ws/install/arduino_py_examples:/home/albert/udem2_ws/install/actions_py:/home/albert/udem2_ws/install/lifecycle_py:/home/albert/udem2_ws/install/executors_py:/home/albert/udem2_ws/install/components_py:/home/albert/udem_ws/install/turtlesim_catcher:/home/albert/udem_ws/install/my_py_pkg:/home/albert/udem_ws/install/lifecycle_py:/home/albert/bcdc_ws/install/agbot_teleop:/home/albert/bcdc_ws/install/agbot_py:/home/albert/arduinobot_ws/install/arduinobot_py_examples:/opt/ros/humble /home/albert/.local/bin/cmake --build /home/albert/umov_ws/build/arduinobot_bringup -- -j8 -l8
[0.926s] DEBUG:colcon.colcon_core.event_handler.log_command:Invoking command in '/home/albert/umov_ws/build/arduinobot_bringup': CMAKE_PREFIX_PATH=${CMAKE_PREFIX_PATH}:/home/albert/ws_moveit2/install/moveit_configs_utils:/home/albert/ws_moveit2/install/launch_param_builder:/home/albert/umov_ws/install/arduino_py_examples:/home/albert/udem2_ws/install/actions_py:/home/albert/udem2_ws/install/lifecycle_py:/home/albert/udem2_ws/install/executors_py:/home/albert/udem2_ws/install/components_py:/home/albert/udem_ws/install/turtlesim_catcher:/home/albert/udem_ws/install/my_py_pkg:/home/albert/udem_ws/install/lifecycle_py:/home/albert/bcdc_ws/install/agbot_teleop:/home/albert/bcdc_ws/install/agbot_py:/home/albert/arduinobot_ws/install/arduinobot_py_examples:/opt/ros/humble /home/albert/.local/bin/cmake --install /home/albert/umov_ws/build/arduinobot_bringup
[0.927s] Level 1:colcon.colcon_core.environment:create_environment_scripts_only(arduinobot_bringup)
[0.944s] Level 1:colcon.colcon_core.environment:checking '/home/albert/umov_ws/install/arduinobot_bringup' for CMake module files
[0.945s] Level 1:colcon.colcon_core.environment:checking '/home/albert/umov_ws/install/arduinobot_bringup' for CMake config files
[0.946s] Level 1:colcon.colcon_core.shell:create_environment_hook('arduinobot_bringup', 'cmake_prefix_path')
[0.947s] INFO:colcon.colcon_core.shell:Creating environment hook '/home/albert/umov_ws/install/arduinobot_bringup/share/arduinobot_bringup/hook/cmake_prefix_path.ps1'
[0.948s] DEBUG:colcon.colcon_core.event_handler.log_command:Invoked command in '/home/albert/umov_ws/build/arduinobot_bringup' returned '0': CMAKE_PREFIX_PATH=${CMAKE_PREFIX_PATH}:/home/albert/ws_moveit2/install/moveit_configs_utils:/home/albert/ws_moveit2/install/launch_param_builder:/home/albert/umov_ws/install/arduino_py_examples:/home/albert/udem2_ws/install/actions_py:/home/albert/udem2_ws/install/lifecycle_py:/home/albert/udem2_ws/install/executors_py:/home/albert/udem2_ws/install/components_py:/home/albert/udem_ws/install/turtlesim_catcher:/home/albert/udem_ws/install/my_py_pkg:/home/albert/udem_ws/install/lifecycle_py:/home/albert/bcdc_ws/install/agbot_teleop:/home/albert/bcdc_ws/install/agbot_py:/home/albert/arduinobot_ws/install/arduinobot_py_examples:/opt/ros/humble /home/albert/.local/bin/cmake --install /home/albert/umov_ws/build/arduinobot_bringup
[0.950s] INFO:colcon.colcon_core.shell:Creating environment descriptor '/home/albert/umov_ws/install/arduinobot_bringup/share/arduinobot_bringup/hook/cmake_prefix_path.dsv'
[0.952s] INFO:colcon.colcon_core.shell:Creating environment hook '/home/albert/umov_ws/install/arduinobot_bringup/share/arduinobot_bringup/hook/cmake_prefix_path.sh'
[0.954s] Level 1:colcon.colcon_core.environment:checking '/home/albert/umov_ws/install/arduinobot_bringup/bin'
[0.954s] Level 1:colcon.colcon_core.environment:checking '/home/albert/umov_ws/install/arduinobot_bringup/lib/pkgconfig/arduinobot_bringup.pc'
[0.954s] Level 1:colcon.colcon_core.environment:checking '/home/albert/umov_ws/install/arduinobot_bringup/lib/python3.10/site-packages'
[0.954s] Level 1:colcon.colcon_core.environment:checking '/home/albert/umov_ws/install/arduinobot_bringup/bin'
[0.955s] INFO:colcon.colcon_core.shell:Creating package script '/home/albert/umov_ws/install/arduinobot_bringup/share/arduinobot_bringup/package.ps1'
[0.957s] INFO:colcon.colcon_core.shell:Creating package descriptor '/home/albert/umov_ws/install/arduinobot_bringup/share/arduinobot_bringup/package.dsv'
[0.962s] INFO:colcon.colcon_core.shell:Creating package script '/home/albert/umov_ws/install/arduinobot_bringup/share/arduinobot_bringup/package.sh'
[0.967s] INFO:colcon.colcon_core.shell:Creating package script '/home/albert/umov_ws/install/arduinobot_bringup/share/arduinobot_bringup/package.bash'
[0.971s] INFO:colcon.colcon_core.shell:Creating package script '/home/albert/umov_ws/install/arduinobot_bringup/share/arduinobot_bringup/package.zsh'
[0.973s] Level 1:colcon.colcon_core.environment:create_file_with_runtime_dependencies(/home/albert/umov_ws/install/arduinobot_bringup/share/colcon-core/packages/arduinobot_bringup)
[0.974s] Level 1:colcon.colcon_core.environment:create_environment_scripts_only(arduinobot_bringup)
[0.975s] Level 1:colcon.colcon_core.environment:checking '/home/albert/umov_ws/install/arduinobot_bringup' for CMake module files
[0.976s] Level 1:colcon.colcon_core.environment:checking '/home/albert/umov_ws/install/arduinobot_bringup' for CMake config files
[0.976s] Level 1:colcon.colcon_core.shell:create_environment_hook('arduinobot_bringup', 'cmake_prefix_path')
[0.977s] INFO:colcon.colcon_core.shell:Creating environment hook '/home/albert/umov_ws/install/arduinobot_bringup/share/arduinobot_bringup/hook/cmake_prefix_path.ps1'
[0.978s] INFO:colcon.colcon_core.shell:Creating environment descriptor '/home/albert/umov_ws/install/arduinobot_bringup/share/arduinobot_bringup/hook/cmake_prefix_path.dsv'
[0.979s] INFO:colcon.colcon_core.shell:Creating environment hook '/home/albert/umov_ws/install/arduinobot_bringup/share/arduinobot_bringup/hook/cmake_prefix_path.sh'
[0.980s] Level 1:colcon.colcon_core.environment:checking '/home/albert/umov_ws/install/arduinobot_bringup/bin'
[0.980s] Level 1:colcon.colcon_core.environment:checking '/home/albert/umov_ws/install/arduinobot_bringup/lib/pkgconfig/arduinobot_bringup.pc'
[0.981s] Level 1:colcon.colcon_core.environment:checking '/home/albert/umov_ws/install/arduinobot_bringup/lib/python3.10/site-packages'
[0.981s] Level 1:colcon.colcon_core.environment:checking '/home/albert/umov_ws/install/arduinobot_bringup/bin'
[0.981s] INFO:colcon.colcon_core.shell:Creating package script '/home/albert/umov_ws/install/arduinobot_bringup/share/arduinobot_bringup/package.ps1'
[0.982s] INFO:colcon.colcon_core.shell:Creating package descriptor '/home/albert/umov_ws/install/arduinobot_bringup/share/arduinobot_bringup/package.dsv'
[0.983s] INFO:colcon.colcon_core.shell:Creating package script '/home/albert/umov_ws/install/arduinobot_bringup/share/arduinobot_bringup/package.sh'
[0.984s] INFO:colcon.colcon_core.shell:Creating package script '/home/albert/umov_ws/install/arduinobot_bringup/share/arduinobot_bringup/package.bash'
[0.985s] INFO:colcon.colcon_core.shell:Creating package script '/home/albert/umov_ws/install/arduinobot_bringup/share/arduinobot_bringup/package.zsh'
[0.985s] Level 1:colcon.colcon_core.environment:create_file_with_runtime_dependencies(/home/albert/umov_ws/install/arduinobot_bringup/share/colcon-core/packages/arduinobot_bringup)
[0.986s] Level 1:colcon.colcon_core.environment:create_environment_scripts_only(arduinobot_moveit)
[0.986s] Level 1:colcon.colcon_core.environment:checking '/home/albert/umov_ws/install/arduinobot_moveit' for CMake module files
[0.988s] DEBUG:colcon.colcon_core.event_handler.log_command:Invoked command in '/home/albert/umov_ws/build/arduinobot_moveit' returned '0': CMAKE_PREFIX_PATH=${CMAKE_PREFIX_PATH}:/home/albert/ws_moveit2/install/moveit_configs_utils:/home/albert/ws_moveit2/install/launch_param_builder:/home/albert/umov_ws/install/arduino_py_examples:/home/albert/udem2_ws/install/actions_py:/home/albert/udem2_ws/install/lifecycle_py:/home/albert/udem2_ws/install/executors_py:/home/albert/udem2_ws/install/components_py:/home/albert/udem_ws/install/turtlesim_catcher:/home/albert/udem_ws/install/my_py_pkg:/home/albert/udem_ws/install/lifecycle_py:/home/albert/bcdc_ws/install/agbot_teleop:/home/albert/bcdc_ws/install/agbot_py:/home/albert/arduinobot_ws/install/arduinobot_py_examples:/opt/ros/humble /home/albert/.local/bin/cmake --install /home/albert/umov_ws/build/arduinobot_moveit
[0.989s] Level 1:colcon.colcon_core.environment:checking '/home/albert/umov_ws/install/arduinobot_moveit' for CMake config files
[0.990s] Level 1:colcon.colcon_core.shell:create_environment_hook('arduinobot_moveit', 'cmake_prefix_path')
[0.990s] INFO:colcon.colcon_core.shell:Creating environment hook '/home/albert/umov_ws/install/arduinobot_moveit/share/arduinobot_moveit/hook/cmake_prefix_path.ps1'
[0.991s] INFO:colcon.colcon_core.shell:Creating environment descriptor '/home/albert/umov_ws/install/arduinobot_moveit/share/arduinobot_moveit/hook/cmake_prefix_path.dsv'
[0.992s] INFO:colcon.colcon_core.shell:Creating environment hook '/home/albert/umov_ws/install/arduinobot_moveit/share/arduinobot_moveit/hook/cmake_prefix_path.sh'
[0.993s] Level 1:colcon.colcon_core.environment:checking '/home/albert/umov_ws/install/arduinobot_moveit/bin'
[0.993s] Level 1:colcon.colcon_core.environment:checking '/home/albert/umov_ws/install/arduinobot_moveit/lib/pkgconfig/arduinobot_moveit.pc'
[0.993s] Level 1:colcon.colcon_core.environment:checking '/home/albert/umov_ws/install/arduinobot_moveit/lib/python3.10/site-packages'
[0.994s] Level 1:colcon.colcon_core.environment:checking '/home/albert/umov_ws/install/arduinobot_moveit/bin'
[0.994s] INFO:colcon.colcon_core.shell:Creating package script '/home/albert/umov_ws/install/arduinobot_moveit/share/arduinobot_moveit/package.ps1'
[0.995s] INFO:colcon.colcon_core.shell:Creating package descriptor '/home/albert/umov_ws/install/arduinobot_moveit/share/arduinobot_moveit/package.dsv'
[0.996s] INFO:colcon.colcon_core.shell:Creating package script '/home/albert/umov_ws/install/arduinobot_moveit/share/arduinobot_moveit/package.sh'
[0.996s] INFO:colcon.colcon_core.shell:Creating package script '/home/albert/umov_ws/install/arduinobot_moveit/share/arduinobot_moveit/package.bash'
[0.997s] INFO:colcon.colcon_core.shell:Creating package script '/home/albert/umov_ws/install/arduinobot_moveit/share/arduinobot_moveit/package.zsh'
[0.997s] Level 1:colcon.colcon_core.environment:create_file_with_runtime_dependencies(/home/albert/umov_ws/install/arduinobot_moveit/share/colcon-core/packages/arduinobot_moveit)
[0.999s] Level 1:colcon.colcon_core.environment:create_environment_scripts_only(arduinobot_moveit)
[1.001s] Level 1:colcon.colcon_core.environment:checking '/home/albert/umov_ws/install/arduinobot_moveit' for CMake module files
[1.002s] Level 1:colcon.colcon_core.environment:checking '/home/albert/umov_ws/install/arduinobot_moveit' for CMake config files
[1.003s] Level 1:colcon.colcon_core.shell:create_environment_hook('arduinobot_moveit', 'cmake_prefix_path')
[1.003s] INFO:colcon.colcon_core.shell:Creating environment hook '/home/albert/umov_ws/install/arduinobot_moveit/share/arduinobot_moveit/hook/cmake_prefix_path.ps1'
[1.005s] INFO:colcon.colcon_core.shell:Creating environment descriptor '/home/albert/umov_ws/install/arduinobot_moveit/share/arduinobot_moveit/hook/cmake_prefix_path.dsv'
[1.006s] INFO:colcon.colcon_core.shell:Creating environment hook '/home/albert/umov_ws/install/arduinobot_moveit/share/arduinobot_moveit/hook/cmake_prefix_path.sh'
[1.007s] Level 1:colcon.colcon_core.environment:checking '/home/albert/umov_ws/install/arduinobot_moveit/bin'
[1.007s] Level 1:colcon.colcon_core.environment:checking '/home/albert/umov_ws/install/arduinobot_moveit/lib/pkgconfig/arduinobot_moveit.pc'
[1.008s] Level 1:colcon.colcon_core.environment:checking '/home/albert/umov_ws/install/arduinobot_moveit/lib/python3.10/site-packages'
[1.008s] Level 1:colcon.colcon_core.environment:checking '/home/albert/umov_ws/install/arduinobot_moveit/bin'
[1.009s] INFO:colcon.colcon_core.shell:Creating package script '/home/albert/umov_ws/install/arduinobot_moveit/share/arduinobot_moveit/package.ps1'
[1.011s] INFO:colcon.colcon_core.shell:Creating package descriptor '/home/albert/umov_ws/install/arduinobot_moveit/share/arduinobot_moveit/package.dsv'
[1.012s] INFO:colcon.colcon_core.shell:Creating package script '/home/albert/umov_ws/install/arduinobot_moveit/share/arduinobot_moveit/package.sh'
[1.013s] INFO:colcon.colcon_core.shell:Creating package script '/home/albert/umov_ws/install/arduinobot_moveit/share/arduinobot_moveit/package.bash'
[1.013s] INFO:colcon.colcon_core.shell:Creating package script '/home/albert/umov_ws/install/arduinobot_moveit/share/arduinobot_moveit/package.zsh'
[1.014s] Level 1:colcon.colcon_core.environment:create_file_with_runtime_dependencies(/home/albert/umov_ws/install/arduinobot_moveit/share/colcon-core/packages/arduinobot_moveit)
[1.014s] Level 1:colcon.colcon_core.environment:create_environment_scripts_only(description)
[1.014s] Level 1:colcon.colcon_core.environment:checking '/home/albert/umov_ws/install/description' for CMake module files
[1.016s] DEBUG:colcon.colcon_core.event_handler.log_command:Invoked command in '/home/albert/umov_ws/build/description' returned '0': CMAKE_PREFIX_PATH=${CMAKE_PREFIX_PATH}:/home/albert/ws_moveit2/install/moveit_configs_utils:/home/albert/ws_moveit2/install/launch_param_builder:/home/albert/umov_ws/install/arduino_py_examples:/home/albert/udem2_ws/install/actions_py:/home/albert/udem2_ws/install/lifecycle_py:/home/albert/udem2_ws/install/executors_py:/home/albert/udem2_ws/install/components_py:/home/albert/udem_ws/install/turtlesim_catcher:/home/albert/udem_ws/install/my_py_pkg:/home/albert/udem_ws/install/lifecycle_py:/home/albert/bcdc_ws/install/agbot_teleop:/home/albert/bcdc_ws/install/agbot_py:/home/albert/arduinobot_ws/install/arduinobot_py_examples:/opt/ros/humble /home/albert/.local/bin/cmake --install /home/albert/umov_ws/build/description
[1.016s] Level 1:colcon.colcon_core.environment:checking '/home/albert/umov_ws/install/description' for CMake config files
[1.016s] Level 1:colcon.colcon_core.shell:create_environment_hook('description', 'cmake_prefix_path')
[1.017s] INFO:colcon.colcon_core.shell:Creating environment hook '/home/albert/umov_ws/install/description/share/description/hook/cmake_prefix_path.ps1'
[1.018s] INFO:colcon.colcon_core.shell:Creating environment descriptor '/home/albert/umov_ws/install/description/share/description/hook/cmake_prefix_path.dsv'
[1.018s] INFO:colcon.colcon_core.shell:Creating environment hook '/home/albert/umov_ws/install/description/share/description/hook/cmake_prefix_path.sh'
[1.019s] Level 1:colcon.colcon_core.environment:checking '/home/albert/umov_ws/install/description/bin'
[1.019s] Level 1:colcon.colcon_core.environment:checking '/home/albert/umov_ws/install/description/lib/pkgconfig/description.pc'
[1.019s] Level 1:colcon.colcon_core.environment:checking '/home/albert/umov_ws/install/description/lib/python3.10/site-packages'
[1.020s] Level 1:colcon.colcon_core.environment:checking '/home/albert/umov_ws/install/description/bin'
[1.020s] INFO:colcon.colcon_core.shell:Creating package script '/home/albert/umov_ws/install/description/share/description/package.ps1'
[1.020s] INFO:colcon.colcon_core.shell:Creating package descriptor '/home/albert/umov_ws/install/description/share/description/package.dsv'
[1.021s] INFO:colcon.colcon_core.shell:Creating package script '/home/albert/umov_ws/install/description/share/description/package.sh'
[1.021s] INFO:colcon.colcon_core.shell:Creating package script '/home/albert/umov_ws/install/description/share/description/package.bash'
[1.021s] INFO:colcon.colcon_core.shell:Creating package script '/home/albert/umov_ws/install/description/share/description/package.zsh'
[1.022s] Level 1:colcon.colcon_core.environment:create_file_with_runtime_dependencies(/home/albert/umov_ws/install/description/share/colcon-core/packages/description)
[1.022s] Level 1:colcon.colcon_core.environment:create_environment_scripts_only(description)
[1.023s] Level 1:colcon.colcon_core.environment:checking '/home/albert/umov_ws/install/description' for CMake module files
[1.023s] Level 1:colcon.colcon_core.environment:checking '/home/albert/umov_ws/install/description' for CMake config files
[1.023s] Level 1:colcon.colcon_core.shell:create_environment_hook('description', 'cmake_prefix_path')
[1.023s] INFO:colcon.colcon_core.shell:Creating environment hook '/home/albert/umov_ws/install/description/share/description/hook/cmake_prefix_path.ps1'
[1.024s] INFO:colcon.colcon_core.shell:Creating environment descriptor '/home/albert/umov_ws/install/description/share/description/hook/cmake_prefix_path.dsv'
[1.024s] INFO:colcon.colcon_core.shell:Creating environment hook '/home/albert/umov_ws/install/description/share/description/hook/cmake_prefix_path.sh'
[1.025s] Level 1:colcon.colcon_core.environment:checking '/home/albert/umov_ws/install/description/bin'
[1.025s] Level 1:colcon.colcon_core.environment:checking '/home/albert/umov_ws/install/description/lib/pkgconfig/description.pc'
[1.025s] Level 1:colcon.colcon_core.environment:checking '/home/albert/umov_ws/install/description/lib/python3.10/site-packages'
[1.025s] Level 1:colcon.colcon_core.environment:checking '/home/albert/umov_ws/install/description/bin'
[1.025s] INFO:colcon.colcon_core.shell:Creating package script '/home/albert/umov_ws/install/description/share/description/package.ps1'
[1.026s] INFO:colcon.colcon_core.shell:Creating package descriptor '/home/albert/umov_ws/install/description/share/description/package.dsv'
[1.028s] INFO:colcon.colcon_core.shell:Creating package script '/home/albert/umov_ws/install/description/share/description/package.sh'
[1.028s] INFO:colcon.colcon_core.shell:Creating package script '/home/albert/umov_ws/install/description/share/description/package.bash'
[1.029s] INFO:colcon.colcon_core.shell:Creating package script '/home/albert/umov_ws/install/description/share/description/package.zsh'
[1.029s] Level 1:colcon.colcon_core.environment:create_file_with_runtime_dependencies(/home/albert/umov_ws/install/description/share/colcon-core/packages/description)
[1.030s] INFO:colcon.colcon_ros.task.ament_cmake.build:Building ROS package in '/home/albert/umov_ws/src/moveitAssistant' with build type 'ament_cmake'
[1.030s] INFO:colcon.colcon_cmake.task.cmake.build:Building CMake package in '/home/albert/umov_ws/src/moveitAssistant'
[1.031s] INFO:colcon.colcon_core.shell:Skip shell extension 'powershell' for command environment: Not usable outside of PowerShell
[1.031s] DEBUG:colcon.colcon_core.shell:Skip shell extension 'dsv' for command environment
[1.069s] DEBUG:colcon.colcon_core.event_handler.log_command:Invoked command in '/home/albert/umov_ws/build/arduinobot_controller' returned '0': CMAKE_PREFIX_PATH=${CMAKE_PREFIX_PATH}:/home/albert/ws_moveit2/install/moveit_configs_utils:/home/albert/ws_moveit2/install/launch_param_builder:/home/albert/umov_ws/install/arduino_py_examples:/home/albert/udem2_ws/install/actions_py:/home/albert/udem2_ws/install/lifecycle_py:/home/albert/udem2_ws/install/executors_py:/home/albert/udem2_ws/install/components_py:/home/albert/udem_ws/install/turtlesim_catcher:/home/albert/udem_ws/install/my_py_pkg:/home/albert/udem_ws/install/lifecycle_py:/home/albert/bcdc_ws/install/agbot_teleop:/home/albert/bcdc_ws/install/agbot_py:/home/albert/arduinobot_ws/install/arduinobot_py_examples:/opt/ros/humble /home/albert/.local/bin/cmake --build /home/albert/umov_ws/build/arduinobot_controller -- -j8 -l8
[1.073s] DEBUG:colcon.colcon_core.event_handler.log_command:Invoking command in '/home/albert/umov_ws/build/arduinobot_controller': CMAKE_PREFIX_PATH=${CMAKE_PREFIX_PATH}:/home/albert/ws_moveit2/install/moveit_configs_utils:/home/albert/ws_moveit2/install/launch_param_builder:/home/albert/umov_ws/install/arduino_py_examples:/home/albert/udem2_ws/install/actions_py:/home/albert/udem2_ws/install/lifecycle_py:/home/albert/udem2_ws/install/executors_py:/home/albert/udem2_ws/install/components_py:/home/albert/udem_ws/install/turtlesim_catcher:/home/albert/udem_ws/install/my_py_pkg:/home/albert/udem_ws/install/lifecycle_py:/home/albert/bcdc_ws/install/agbot_teleop:/home/albert/bcdc_ws/install/agbot_py:/home/albert/arduinobot_ws/install/arduinobot_py_examples:/opt/ros/humble /home/albert/.local/bin/cmake --install /home/albert/umov_ws/build/arduinobot_controller
[1.089s] DEBUG:colcon.colcon_core.event_handler.log_command:Invoking command in '/home/albert/umov_ws/build/MoveitAssistant': CMAKE_PREFIX_PATH=/home/albert/umov_ws/install/description:/home/albert/ag_arm_ws/install/arm_setup_moveit:/home/albert/ag_arm_ws/install/arm_moveit:/home/albert/ag_arm_ws/install/arm_description:/home/albert/ag_arm_ws/install/arm_cpp:/home/albert/ag_arm_ws/install/arm_controller:/home/albert/ws_moveit2/install/pilz_industrial_motion_planner_testutils:/home/albert/ws_moveit2/install/moveit_runtime:/home/albert/ws_moveit2/install/moveit2_tutorials:/home/albert/ws_moveit2/install/moveit:/home/albert/ws_moveit2/install/moveit_planners:/home/albert/ws_moveit2/install/pilz_industrial_motion_planner:/home/albert/ws_moveit2/install/moveit_visual_tools:/home/albert/ws_moveit2/install/moveit_task_constructor_visualization:/home/albert/ws_moveit2/install/moveit_task_constructor_demo:/home/albert/ws_moveit2/install/moveit_task_constructor_capabilities:/home/albert/ws_moveit2/install/moveit_task_constructor_core:/home/albert/ws_moveit2/install/moveit_ros_control_interface:/home/albert/ws_moveit2/install/moveit_plugins:/home/albert/ws_moveit2/install/moveit_simple_controller_manager:/home/albert/ws_moveit2/install/moveit_setup_assistant:/home/albert/ws_moveit2/install/moveit_setup_srdf_plugins:/home/albert/ws_moveit2/install/moveit_setup_core_plugins:/home/albert/ws_moveit2/install/moveit_setup_controllers:/home/albert/ws_moveit2/install/moveit_setup_app_plugins:/home/albert/ws_moveit2/install/moveit_setup_framework:/home/albert/ws_moveit2/install/moveit_servo:/home/albert/ws_moveit2/install/moveit_ros:/home/albert/ws_moveit2/install/moveit_ros_visualization:/home/albert/ws_moveit2/install/moveit_hybrid_planning:/home/albert/ws_moveit2/install/moveit_ros_planning_interface:/home/albert/ws_moveit2/install/moveit_ros_benchmarks:/home/albert/ws_moveit2/install/moveit_ros_warehouse:/home/albert/ws_moveit2/install/moveit_ros_robot_interaction:/home/albert/ws_moveit2/install/moveit_ros_perception:/home/albert/ws_moveit2/install/moveit_resources_prbt_pg70_support:/home/albert/ws_moveit2/install/moveit_resources_prbt_moveit_config:/home/albert/ws_moveit2/install/moveit_ros_move_group:/home/albert/ws_moveit2/install/moveit_planners_ompl:/home/albert/ws_moveit2/install/moveit_ros_planning:/home/albert/ws_moveit2/install/moveit_ros_occupancy_map_monitor:/home/albert/ws_moveit2/install/moveit_resources_prbt_ikfast_manipulator_plugin:/home/albert/ws_moveit2/install/moveit_planners_chomp:/home/albert/ws_moveit2/install/moveit_kinematics:/home/albert/ws_moveit2/install/moveit_chomp_optimizer_adapter:/home/albert/ws_moveit2/install/chomp_motion_planner:/home/albert/ws_moveit2/install/moveit_core:/home/albert/ws_moveit2/install/srdfdom:/home/albert/ws_moveit2/install/rviz_marker_tools:/home/albert/ws_moveit2/install/rosparam_shortcuts:/home/albert/ws_moveit2/install/moveit_task_constructor_msgs:/home/albert/ws_moveit2/install/moveit_resources_prbt_support:/home/albert/ws_moveit2/install/moveit_resources:/home/albert/ws_moveit2/install/moveit_resources_pr2_description:/home/albert/ws_moveit2/install/moveit_resources_panda_moveit_config:/home/albert/ws_moveit2/install/moveit_resources_panda_description:/home/albert/ws_moveit2/install/moveit_resources_fanuc_moveit_config:/home/albert/ws_moveit2/install/moveit_resources_fanuc_description:/home/albert/ws_moveit2/install/moveit_common:/home/albert/umov_ws/install/MoveitAssistant:/home/albert/umov_ws/install/arduinobot_utils:/home/albert/umov_ws/install/arduinobot_remote:/home/albert/umov_ws/install/arduino_cpp_examples:/home/albert/umov_ws/install/arduinobot_msgs:/home/albert/umov_ws/install/arduinobot_moveit:/home/albert/umov_ws/install/arduinobot_firmware:/home/albert/umov_ws/install/arduinobot_controller:/home/albert/umov_ws/install/arduinobot_bringup:/home/albert/unav_ws/install/turtlebot3_fake_node:/home/albert/unav_ws/install/robot_bringup:/home/albert/unav_ws/install/nav2_robot_description:/home/albert/udem2_ws/install/robot_bringup:/home/albert/udem2_ws/install/my_robot_bringup:/home/albert/udem2_ws/install/lifecycle_cpp:/home/albert/udem2_ws/install/final_project_cpp:/home/albert/udem2_ws/install/actions_cpp:/home/albert/udem2_ws/install/robot_interfaces:/home/albert/udem2_ws/install/executors_cpp:/home/albert/udem2_ws/install/components_cpp:/home/albert/udem_ws/install/my_robot_bringup:/home/albert/udem_ws/install/my_cpp_pkg:/home/albert/udem_ws/install/my_robot_interfaces:/home/albert/udem_ws/install/my_robot_description:/home/albert/udem_ws/install/lifecycle_cpp:/home/albert/bcdc_ws/install/aggiebot_cpp:/home/albert/bcdc_ws/install/aggiebot_msgs:/home/albert/bcdc_ws/install/aggiebot_description:/home/albert/bcdc_ws/install/aggiebot_controller:/home/albert/bcdc_ws/install/aggiebot_bringup:/home/albert/bcdc_ws/install/aggiebot_arm_moveit:/home/albert/bcdc_ws/install/aggiebot_arm_description:/home/albert/bcdc_ws/install/aggiebot_arm_controller:/home/albert/bcdc_ws/install/agbot_setup_moveit:/home/albert/bcdc_ws/install/agbot_cpp:/home/albert/bcdc_ws/install/agbot_msgs:/home/albert/bcdc_ws/install/agbot_moveit:/home/albert/bcdc_ws/install/agbot_description:/home/albert/bcdc_ws/install/agbot_controller:/home/albert/bcdc_ws/install/agbot_bringup:/home/albert/bcdc_ws/install/agbot_arm_controller:/home/albert/arduinobot_ws/install/arduinobot_utils:/home/albert/arduinobot_ws/install/arduinobot_remote:/home/albert/arduinobot_ws/install/arduinobot_cpp_examples:/home/albert/arduinobot_ws/install/arduinobot_msgs:/home/albert/arduinobot_ws/install/arduinobot_moveit_setup:/home/albert/arduinobot_ws/install/arduinobot_moveit:/home/albert/arduinobot_ws/install/arduinobot_description:/home/albert/arduinobot_ws/install/arduinobot_controller:/home/albert/rad_ws/install/agbot_full_nav2:/home/albert/rad_ws/install/agbot_full_msgs:/home/albert/rad_ws/install/agbot_full_moveit_setup:/home/albert/rad_ws/install/agbot_full_moveit:/home/albert/rad_ws/install/agbot_full_description:/home/albert/rad_ws/install/agbot_full_cpp:/home/albert/rad_ws/install/agbot_full_controller:/home/albert/rad_ws/install/agbot_full_cartogropher:/home/albert/dev_ws/install/my_bot:/home/albert/ag_car_ws/install/car_nav2:/home/albert/ag_car_ws/install/car_description:/home/albert/ag_car_ws/install/car_controller:/home/albert/ag_car_ws/install/car_cartographer:/home/albert/ws_moveit2/install/moveit_configs_utils:/home/albert/ws_moveit2/install/launch_param_builder:/home/albert/umov_ws/install/arduino_py_examples:/home/albert/udem2_ws/install/actions_py:/home/albert/udem2_ws/install/lifecycle_py:/home/albert/udem2_ws/install/executors_py:/home/albert/udem2_ws/install/components_py:/home/albert/udem_ws/install/turtlesim_catcher:/home/albert/udem_ws/install/my_py_pkg:/home/albert/udem_ws/install/lifecycle_py:/home/albert/bcdc_ws/install/agbot_teleop:/home/albert/bcdc_ws/install/agbot_py:/home/albert/arduinobot_ws/install/arduinobot_py_examples:/opt/ros/humble /home/albert/.local/bin/cmake --build /home/albert/umov_ws/build/MoveitAssistant -- -j8 -l8
[1.090s] Level 1:colcon.colcon_core.environment:create_environment_scripts_only(arduinobot_controller)
[1.090s] Level 1:colcon.colcon_core.environment:checking '/home/albert/umov_ws/install/arduinobot_controller' for CMake module files
[1.092s] DEBUG:colcon.colcon_core.event_handler.log_command:Invoked command in '/home/albert/umov_ws/build/arduinobot_controller' returned '0': CMAKE_PREFIX_PATH=${CMAKE_PREFIX_PATH}:/home/albert/ws_moveit2/install/moveit_configs_utils:/home/albert/ws_moveit2/install/launch_param_builder:/home/albert/umov_ws/install/arduino_py_examples:/home/albert/udem2_ws/install/actions_py:/home/albert/udem2_ws/install/lifecycle_py:/home/albert/udem2_ws/install/executors_py:/home/albert/udem2_ws/install/components_py:/home/albert/udem_ws/install/turtlesim_catcher:/home/albert/udem_ws/install/my_py_pkg:/home/albert/udem_ws/install/lifecycle_py:/home/albert/bcdc_ws/install/agbot_teleop:/home/albert/bcdc_ws/install/agbot_py:/home/albert/arduinobot_ws/install/arduinobot_py_examples:/opt/ros/humble /home/albert/.local/bin/cmake --install /home/albert/umov_ws/build/arduinobot_controller
[1.092s] Level 1:colcon.colcon_core.environment:checking '/home/albert/umov_ws/install/arduinobot_controller' for CMake config files
[1.093s] Level 1:colcon.colcon_core.shell:create_environment_hook('arduinobot_controller', 'cmake_prefix_path')
[1.093s] INFO:colcon.colcon_core.shell:Creating environment hook '/home/albert/umov_ws/install/arduinobot_controller/share/arduinobot_controller/hook/cmake_prefix_path.ps1'
[1.094s] INFO:colcon.colcon_core.shell:Creating environment descriptor '/home/albert/umov_ws/install/arduinobot_controller/share/arduinobot_controller/hook/cmake_prefix_path.dsv'
[1.094s] INFO:colcon.colcon_core.shell:Creating environment hook '/home/albert/umov_ws/install/arduinobot_controller/share/arduinobot_controller/hook/cmake_prefix_path.sh'
[1.096s] Level 1:colcon.colcon_core.environment:checking '/home/albert/umov_ws/install/arduinobot_controller/lib'
[1.096s] Level 1:colcon.colcon_core.shell:create_environment_hook('arduinobot_controller', 'ld_library_path_lib')
[1.096s] INFO:colcon.colcon_core.shell:Creating environment hook '/home/albert/umov_ws/install/arduinobot_controller/share/arduinobot_controller/hook/ld_library_path_lib.ps1'
[1.097s] INFO:colcon.colcon_core.shell:Creating environment descriptor '/home/albert/umov_ws/install/arduinobot_controller/share/arduinobot_controller/hook/ld_library_path_lib.dsv'
[1.098s] INFO:colcon.colcon_core.shell:Creating environment hook '/home/albert/umov_ws/install/arduinobot_controller/share/arduinobot_controller/hook/ld_library_path_lib.sh'
[1.098s] Level 1:colcon.colcon_core.environment:checking '/home/albert/umov_ws/install/arduinobot_controller/bin'
[1.098s] Level 1:colcon.colcon_core.environment:checking '/home/albert/umov_ws/install/arduinobot_controller/lib/pkgconfig/arduinobot_controller.pc'
[1.099s] Level 1:colcon.colcon_core.environment:checking '/home/albert/umov_ws/install/arduinobot_controller/lib/python3.10/site-packages'
[1.099s] Level 1:colcon.colcon_core.environment:checking '/home/albert/umov_ws/install/arduinobot_controller/bin'
[1.100s] INFO:colcon.colcon_core.shell:Creating package script '/home/albert/umov_ws/install/arduinobot_controller/share/arduinobot_controller/package.ps1'
[1.101s] INFO:colcon.colcon_core.shell:Creating package descriptor '/home/albert/umov_ws/install/arduinobot_controller/share/arduinobot_controller/package.dsv'
[1.101s] INFO:colcon.colcon_core.shell:Creating package script '/home/albert/umov_ws/install/arduinobot_controller/share/arduinobot_controller/package.sh'
[1.102s] INFO:colcon.colcon_core.shell:Creating package script '/home/albert/umov_ws/install/arduinobot_controller/share/arduinobot_controller/package.bash'
[1.103s] INFO:colcon.colcon_core.shell:Creating package script '/home/albert/umov_ws/install/arduinobot_controller/share/arduinobot_controller/package.zsh'
[1.103s] Level 1:colcon.colcon_core.environment:create_file_with_runtime_dependencies(/home/albert/umov_ws/install/arduinobot_controller/share/colcon-core/packages/arduinobot_controller)
[1.104s] Level 1:colcon.colcon_core.environment:create_environment_scripts_only(arduinobot_controller)
[1.105s] Level 1:colcon.colcon_core.environment:checking '/home/albert/umov_ws/install/arduinobot_controller' for CMake module files
[1.105s] Level 1:colcon.colcon_core.environment:checking '/home/albert/umov_ws/install/arduinobot_controller' for CMake config files
[1.106s] Level 1:colcon.colcon_core.shell:create_environment_hook('arduinobot_controller', 'cmake_prefix_path')
[1.107s] INFO:colcon.colcon_core.shell:Creating environment hook '/home/albert/umov_ws/install/arduinobot_controller/share/arduinobot_controller/hook/cmake_prefix_path.ps1'
[1.107s] INFO:colcon.colcon_core.shell:Creating environment descriptor '/home/albert/umov_ws/install/arduinobot_controller/share/arduinobot_controller/hook/cmake_prefix_path.dsv'
[1.108s] INFO:colcon.colcon_core.shell:Creating environment hook '/home/albert/umov_ws/install/arduinobot_controller/share/arduinobot_controller/hook/cmake_prefix_path.sh'
[1.109s] Level 1:colcon.colcon_core.environment:checking '/home/albert/umov_ws/install/arduinobot_controller/lib'
[1.109s] Level 1:colcon.colcon_core.shell:create_environment_hook('arduinobot_controller', 'ld_library_path_lib')
[1.110s] INFO:colcon.colcon_core.shell:Creating environment hook '/home/albert/umov_ws/install/arduinobot_controller/share/arduinobot_controller/hook/ld_library_path_lib.ps1'
[1.110s] INFO:colcon.colcon_core.shell:Creating environment descriptor '/home/albert/umov_ws/install/arduinobot_controller/share/arduinobot_controller/hook/ld_library_path_lib.dsv'
[1.111s] INFO:colcon.colcon_core.shell:Creating environment hook '/home/albert/umov_ws/install/arduinobot_controller/share/arduinobot_controller/hook/ld_library_path_lib.sh'
[1.111s] Level 1:colcon.colcon_core.environment:checking '/home/albert/umov_ws/install/arduinobot_controller/bin'
[1.111s] Level 1:colcon.colcon_core.environment:checking '/home/albert/umov_ws/install/arduinobot_controller/lib/pkgconfig/arduinobot_controller.pc'
[1.112s] Level 1:colcon.colcon_core.environment:checking '/home/albert/umov_ws/install/arduinobot_controller/lib/python3.10/site-packages'
[1.112s] Level 1:colcon.colcon_core.environment:checking '/home/albert/umov_ws/install/arduinobot_controller/bin'
[1.113s] INFO:colcon.colcon_core.shell:Creating package script '/home/albert/umov_ws/install/arduinobot_controller/share/arduinobot_controller/package.ps1'
[1.114s] INFO:colcon.colcon_core.shell:Creating package descriptor '/home/albert/umov_ws/install/arduinobot_controller/share/arduinobot_controller/package.dsv'
[1.115s] INFO:colcon.colcon_core.shell:Creating package script '/home/albert/umov_ws/install/arduinobot_controller/share/arduinobot_controller/package.sh'
[1.116s] INFO:colcon.colcon_core.shell:Creating package script '/home/albert/umov_ws/install/arduinobot_controller/share/arduinobot_controller/package.bash'
[1.116s] INFO:colcon.colcon_core.shell:Creating package script '/home/albert/umov_ws/install/arduinobot_controller/share/arduinobot_controller/package.zsh'
[1.117s] Level 1:colcon.colcon_core.environment:create_file_with_runtime_dependencies(/home/albert/umov_ws/install/arduinobot_controller/share/colcon-core/packages/arduinobot_controller)
[1.136s] DEBUG:colcon.colcon_core.event_handler.log_command:Invoked command in '/home/albert/umov_ws/build/MoveitAssistant' returned '0': CMAKE_PREFIX_PATH=/home/albert/umov_ws/install/description:/home/albert/ag_arm_ws/install/arm_setup_moveit:/home/albert/ag_arm_ws/install/arm_moveit:/home/albert/ag_arm_ws/install/arm_description:/home/albert/ag_arm_ws/install/arm_cpp:/home/albert/ag_arm_ws/install/arm_controller:/home/albert/ws_moveit2/install/pilz_industrial_motion_planner_testutils:/home/albert/ws_moveit2/install/moveit_runtime:/home/albert/ws_moveit2/install/moveit2_tutorials:/home/albert/ws_moveit2/install/moveit:/home/albert/ws_moveit2/install/moveit_planners:/home/albert/ws_moveit2/install/pilz_industrial_motion_planner:/home/albert/ws_moveit2/install/moveit_visual_tools:/home/albert/ws_moveit2/install/moveit_task_constructor_visualization:/home/albert/ws_moveit2/install/moveit_task_constructor_demo:/home/albert/ws_moveit2/install/moveit_task_constructor_capabilities:/home/albert/ws_moveit2/install/moveit_task_constructor_core:/home/albert/ws_moveit2/install/moveit_ros_control_interface:/home/albert/ws_moveit2/install/moveit_plugins:/home/albert/ws_moveit2/install/moveit_simple_controller_manager:/home/albert/ws_moveit2/install/moveit_setup_assistant:/home/albert/ws_moveit2/install/moveit_setup_srdf_plugins:/home/albert/ws_moveit2/install/moveit_setup_core_plugins:/home/albert/ws_moveit2/install/moveit_setup_controllers:/home/albert/ws_moveit2/install/moveit_setup_app_plugins:/home/albert/ws_moveit2/install/moveit_setup_framework:/home/albert/ws_moveit2/install/moveit_servo:/home/albert/ws_moveit2/install/moveit_ros:/home/albert/ws_moveit2/install/moveit_ros_visualization:/home/albert/ws_moveit2/install/moveit_hybrid_planning:/home/albert/ws_moveit2/install/moveit_ros_planning_interface:/home/albert/ws_moveit2/install/moveit_ros_benchmarks:/home/albert/ws_moveit2/install/moveit_ros_warehouse:/home/albert/ws_moveit2/install/moveit_ros_robot_interaction:/home/albert/ws_moveit2/install/moveit_ros_perception:/home/albert/ws_moveit2/install/moveit_resources_prbt_pg70_support:/home/albert/ws_moveit2/install/moveit_resources_prbt_moveit_config:/home/albert/ws_moveit2/install/moveit_ros_move_group:/home/albert/ws_moveit2/install/moveit_planners_ompl:/home/albert/ws_moveit2/install/moveit_ros_planning:/home/albert/ws_moveit2/install/moveit_ros_occupancy_map_monitor:/home/albert/ws_moveit2/install/moveit_resources_prbt_ikfast_manipulator_plugin:/home/albert/ws_moveit2/install/moveit_planners_chomp:/home/albert/ws_moveit2/install/moveit_kinematics:/home/albert/ws_moveit2/install/moveit_chomp_optimizer_adapter:/home/albert/ws_moveit2/install/chomp_motion_planner:/home/albert/ws_moveit2/install/moveit_core:/home/albert/ws_moveit2/install/srdfdom:/home/albert/ws_moveit2/install/rviz_marker_tools:/home/albert/ws_moveit2/install/rosparam_shortcuts:/home/albert/ws_moveit2/install/moveit_task_constructor_msgs:/home/albert/ws_moveit2/install/moveit_resources_prbt_support:/home/albert/ws_moveit2/install/moveit_resources:/home/albert/ws_moveit2/install/moveit_resources_pr2_description:/home/albert/ws_moveit2/install/moveit_resources_panda_moveit_config:/home/albert/ws_moveit2/install/moveit_resources_panda_description:/home/albert/ws_moveit2/install/moveit_resources_fanuc_moveit_config:/home/albert/ws_moveit2/install/moveit_resources_fanuc_description:/home/albert/ws_moveit2/install/moveit_common:/home/albert/umov_ws/install/MoveitAssistant:/home/albert/umov_ws/install/arduinobot_utils:/home/albert/umov_ws/install/arduinobot_remote:/home/albert/umov_ws/install/arduino_cpp_examples:/home/albert/umov_ws/install/arduinobot_msgs:/home/albert/umov_ws/install/arduinobot_moveit:/home/albert/umov_ws/install/arduinobot_firmware:/home/albert/umov_ws/install/arduinobot_controller:/home/albert/umov_ws/install/arduinobot_bringup:/home/albert/unav_ws/install/turtlebot3_fake_node:/home/albert/unav_ws/install/robot_bringup:/home/albert/unav_ws/install/nav2_robot_description:/home/albert/udem2_ws/install/robot_bringup:/home/albert/udem2_ws/install/my_robot_bringup:/home/albert/udem2_ws/install/lifecycle_cpp:/home/albert/udem2_ws/install/final_project_cpp:/home/albert/udem2_ws/install/actions_cpp:/home/albert/udem2_ws/install/robot_interfaces:/home/albert/udem2_ws/install/executors_cpp:/home/albert/udem2_ws/install/components_cpp:/home/albert/udem_ws/install/my_robot_bringup:/home/albert/udem_ws/install/my_cpp_pkg:/home/albert/udem_ws/install/my_robot_interfaces:/home/albert/udem_ws/install/my_robot_description:/home/albert/udem_ws/install/lifecycle_cpp:/home/albert/bcdc_ws/install/aggiebot_cpp:/home/albert/bcdc_ws/install/aggiebot_msgs:/home/albert/bcdc_ws/install/aggiebot_description:/home/albert/bcdc_ws/install/aggiebot_controller:/home/albert/bcdc_ws/install/aggiebot_bringup:/home/albert/bcdc_ws/install/aggiebot_arm_moveit:/home/albert/bcdc_ws/install/aggiebot_arm_description:/home/albert/bcdc_ws/install/aggiebot_arm_controller:/home/albert/bcdc_ws/install/agbot_setup_moveit:/home/albert/bcdc_ws/install/agbot_cpp:/home/albert/bcdc_ws/install/agbot_msgs:/home/albert/bcdc_ws/install/agbot_moveit:/home/albert/bcdc_ws/install/agbot_description:/home/albert/bcdc_ws/install/agbot_controller:/home/albert/bcdc_ws/install/agbot_bringup:/home/albert/bcdc_ws/install/agbot_arm_controller:/home/albert/arduinobot_ws/install/arduinobot_utils:/home/albert/arduinobot_ws/install/arduinobot_remote:/home/albert/arduinobot_ws/install/arduinobot_cpp_examples:/home/albert/arduinobot_ws/install/arduinobot_msgs:/home/albert/arduinobot_ws/install/arduinobot_moveit_setup:/home/albert/arduinobot_ws/install/arduinobot_moveit:/home/albert/arduinobot_ws/install/arduinobot_description:/home/albert/arduinobot_ws/install/arduinobot_controller:/home/albert/rad_ws/install/agbot_full_nav2:/home/albert/rad_ws/install/agbot_full_msgs:/home/albert/rad_ws/install/agbot_full_moveit_setup:/home/albert/rad_ws/install/agbot_full_moveit:/home/albert/rad_ws/install/agbot_full_description:/home/albert/rad_ws/install/agbot_full_cpp:/home/albert/rad_ws/install/agbot_full_controller:/home/albert/rad_ws/install/agbot_full_cartogropher:/home/albert/dev_ws/install/my_bot:/home/albert/ag_car_ws/install/car_nav2:/home/albert/ag_car_ws/install/car_description:/home/albert/ag_car_ws/install/car_controller:/home/albert/ag_car_ws/install/car_cartographer:/home/albert/ws_moveit2/install/moveit_configs_utils:/home/albert/ws_moveit2/install/launch_param_builder:/home/albert/umov_ws/install/arduino_py_examples:/home/albert/udem2_ws/install/actions_py:/home/albert/udem2_ws/install/lifecycle_py:/home/albert/udem2_ws/install/executors_py:/home/albert/udem2_ws/install/components_py:/home/albert/udem_ws/install/turtlesim_catcher:/home/albert/udem_ws/install/my_py_pkg:/home/albert/udem_ws/install/lifecycle_py:/home/albert/bcdc_ws/install/agbot_teleop:/home/albert/bcdc_ws/install/agbot_py:/home/albert/arduinobot_ws/install/arduinobot_py_examples:/opt/ros/humble /home/albert/.local/bin/cmake --build /home/albert/umov_ws/build/MoveitAssistant -- -j8 -l8
[1.140s] DEBUG:colcon.colcon_core.event_handler.log_command:Invoking command in '/home/albert/umov_ws/build/MoveitAssistant': CMAKE_PREFIX_PATH=/home/albert/umov_ws/install/description:/home/albert/ag_arm_ws/install/arm_setup_moveit:/home/albert/ag_arm_ws/install/arm_moveit:/home/albert/ag_arm_ws/install/arm_description:/home/albert/ag_arm_ws/install/arm_cpp:/home/albert/ag_arm_ws/install/arm_controller:/home/albert/ws_moveit2/install/pilz_industrial_motion_planner_testutils:/home/albert/ws_moveit2/install/moveit_runtime:/home/albert/ws_moveit2/install/moveit2_tutorials:/home/albert/ws_moveit2/install/moveit:/home/albert/ws_moveit2/install/moveit_planners:/home/albert/ws_moveit2/install/pilz_industrial_motion_planner:/home/albert/ws_moveit2/install/moveit_visual_tools:/home/albert/ws_moveit2/install/moveit_task_constructor_visualization:/home/albert/ws_moveit2/install/moveit_task_constructor_demo:/home/albert/ws_moveit2/install/moveit_task_constructor_capabilities:/home/albert/ws_moveit2/install/moveit_task_constructor_core:/home/albert/ws_moveit2/install/moveit_ros_control_interface:/home/albert/ws_moveit2/install/moveit_plugins:/home/albert/ws_moveit2/install/moveit_simple_controller_manager:/home/albert/ws_moveit2/install/moveit_setup_assistant:/home/albert/ws_moveit2/install/moveit_setup_srdf_plugins:/home/albert/ws_moveit2/install/moveit_setup_core_plugins:/home/albert/ws_moveit2/install/moveit_setup_controllers:/home/albert/ws_moveit2/install/moveit_setup_app_plugins:/home/albert/ws_moveit2/install/moveit_setup_framework:/home/albert/ws_moveit2/install/moveit_servo:/home/albert/ws_moveit2/install/moveit_ros:/home/albert/ws_moveit2/install/moveit_ros_visualization:/home/albert/ws_moveit2/install/moveit_hybrid_planning:/home/albert/ws_moveit2/install/moveit_ros_planning_interface:/home/albert/ws_moveit2/install/moveit_ros_benchmarks:/home/albert/ws_moveit2/install/moveit_ros_warehouse:/home/albert/ws_moveit2/install/moveit_ros_robot_interaction:/home/albert/ws_moveit2/install/moveit_ros_perception:/home/albert/ws_moveit2/install/moveit_resources_prbt_pg70_support:/home/albert/ws_moveit2/install/moveit_resources_prbt_moveit_config:/home/albert/ws_moveit2/install/moveit_ros_move_group:/home/albert/ws_moveit2/install/moveit_planners_ompl:/home/albert/ws_moveit2/install/moveit_ros_planning:/home/albert/ws_moveit2/install/moveit_ros_occupancy_map_monitor:/home/albert/ws_moveit2/install/moveit_resources_prbt_ikfast_manipulator_plugin:/home/albert/ws_moveit2/install/moveit_planners_chomp:/home/albert/ws_moveit2/install/moveit_kinematics:/home/albert/ws_moveit2/install/moveit_chomp_optimizer_adapter:/home/albert/ws_moveit2/install/chomp_motion_planner:/home/albert/ws_moveit2/install/moveit_core:/home/albert/ws_moveit2/install/srdfdom:/home/albert/ws_moveit2/install/rviz_marker_tools:/home/albert/ws_moveit2/install/rosparam_shortcuts:/home/albert/ws_moveit2/install/moveit_task_constructor_msgs:/home/albert/ws_moveit2/install/moveit_resources_prbt_support:/home/albert/ws_moveit2/install/moveit_resources:/home/albert/ws_moveit2/install/moveit_resources_pr2_description:/home/albert/ws_moveit2/install/moveit_resources_panda_moveit_config:/home/albert/ws_moveit2/install/moveit_resources_panda_description:/home/albert/ws_moveit2/install/moveit_resources_fanuc_moveit_config:/home/albert/ws_moveit2/install/moveit_resources_fanuc_description:/home/albert/ws_moveit2/install/moveit_common:/home/albert/umov_ws/install/MoveitAssistant:/home/albert/umov_ws/install/arduinobot_utils:/home/albert/umov_ws/install/arduinobot_remote:/home/albert/umov_ws/install/arduino_cpp_examples:/home/albert/umov_ws/install/arduinobot_msgs:/home/albert/umov_ws/install/arduinobot_moveit:/home/albert/umov_ws/install/arduinobot_firmware:/home/albert/umov_ws/install/arduinobot_controller:/home/albert/umov_ws/install/arduinobot_bringup:/home/albert/unav_ws/install/turtlebot3_fake_node:/home/albert/unav_ws/install/robot_bringup:/home/albert/unav_ws/install/nav2_robot_description:/home/albert/udem2_ws/install/robot_bringup:/home/albert/udem2_ws/install/my_robot_bringup:/home/albert/udem2_ws/install/lifecycle_cpp:/home/albert/udem2_ws/install/final_project_cpp:/home/albert/udem2_ws/install/actions_cpp:/home/albert/udem2_ws/install/robot_interfaces:/home/albert/udem2_ws/install/executors_cpp:/home/albert/udem2_ws/install/components_cpp:/home/albert/udem_ws/install/my_robot_bringup:/home/albert/udem_ws/install/my_cpp_pkg:/home/albert/udem_ws/install/my_robot_interfaces:/home/albert/udem_ws/install/my_robot_description:/home/albert/udem_ws/install/lifecycle_cpp:/home/albert/bcdc_ws/install/aggiebot_cpp:/home/albert/bcdc_ws/install/aggiebot_msgs:/home/albert/bcdc_ws/install/aggiebot_description:/home/albert/bcdc_ws/install/aggiebot_controller:/home/albert/bcdc_ws/install/aggiebot_bringup:/home/albert/bcdc_ws/install/aggiebot_arm_moveit:/home/albert/bcdc_ws/install/aggiebot_arm_description:/home/albert/bcdc_ws/install/aggiebot_arm_controller:/home/albert/bcdc_ws/install/agbot_setup_moveit:/home/albert/bcdc_ws/install/agbot_cpp:/home/albert/bcdc_ws/install/agbot_msgs:/home/albert/bcdc_ws/install/agbot_moveit:/home/albert/bcdc_ws/install/agbot_description:/home/albert/bcdc_ws/install/agbot_controller:/home/albert/bcdc_ws/install/agbot_bringup:/home/albert/bcdc_ws/install/agbot_arm_controller:/home/albert/arduinobot_ws/install/arduinobot_utils:/home/albert/arduinobot_ws/install/arduinobot_remote:/home/albert/arduinobot_ws/install/arduinobot_cpp_examples:/home/albert/arduinobot_ws/install/arduinobot_msgs:/home/albert/arduinobot_ws/install/arduinobot_moveit_setup:/home/albert/arduinobot_ws/install/arduinobot_moveit:/home/albert/arduinobot_ws/install/arduinobot_description:/home/albert/arduinobot_ws/install/arduinobot_controller:/home/albert/rad_ws/install/agbot_full_nav2:/home/albert/rad_ws/install/agbot_full_msgs:/home/albert/rad_ws/install/agbot_full_moveit_setup:/home/albert/rad_ws/install/agbot_full_moveit:/home/albert/rad_ws/install/agbot_full_description:/home/albert/rad_ws/install/agbot_full_cpp:/home/albert/rad_ws/install/agbot_full_controller:/home/albert/rad_ws/install/agbot_full_cartogropher:/home/albert/dev_ws/install/my_bot:/home/albert/ag_car_ws/install/car_nav2:/home/albert/ag_car_ws/install/car_description:/home/albert/ag_car_ws/install/car_controller:/home/albert/ag_car_ws/install/car_cartographer:/home/albert/ws_moveit2/install/moveit_configs_utils:/home/albert/ws_moveit2/install/launch_param_builder:/home/albert/umov_ws/install/arduino_py_examples:/home/albert/udem2_ws/install/actions_py:/home/albert/udem2_ws/install/lifecycle_py:/home/albert/udem2_ws/install/executors_py:/home/albert/udem2_ws/install/components_py:/home/albert/udem_ws/install/turtlesim_catcher:/home/albert/udem_ws/install/my_py_pkg:/home/albert/udem_ws/install/lifecycle_py:/home/albert/bcdc_ws/install/agbot_teleop:/home/albert/bcdc_ws/install/agbot_py:/home/albert/arduinobot_ws/install/arduinobot_py_examples:/opt/ros/humble /home/albert/.local/bin/cmake --install /home/albert/umov_ws/build/MoveitAssistant
[1.153s] Level 1:colcon.colcon_core.environment:create_environment_scripts_only(MoveitAssistant)
[1.153s] Level 1:colcon.colcon_core.environment:checking '/home/albert/umov_ws/install/MoveitAssistant' for CMake module files
[1.156s] DEBUG:colcon.colcon_core.event_handler.log_command:Invoked command in '/home/albert/umov_ws/build/MoveitAssistant' returned '0': CMAKE_PREFIX_PATH=/home/albert/umov_ws/install/description:/home/albert/ag_arm_ws/install/arm_setup_moveit:/home/albert/ag_arm_ws/install/arm_moveit:/home/albert/ag_arm_ws/install/arm_description:/home/albert/ag_arm_ws/install/arm_cpp:/home/albert/ag_arm_ws/install/arm_controller:/home/albert/ws_moveit2/install/pilz_industrial_motion_planner_testutils:/home/albert/ws_moveit2/install/moveit_runtime:/home/albert/ws_moveit2/install/moveit2_tutorials:/home/albert/ws_moveit2/install/moveit:/home/albert/ws_moveit2/install/moveit_planners:/home/albert/ws_moveit2/install/pilz_industrial_motion_planner:/home/albert/ws_moveit2/install/moveit_visual_tools:/home/albert/ws_moveit2/install/moveit_task_constructor_visualization:/home/albert/ws_moveit2/install/moveit_task_constructor_demo:/home/albert/ws_moveit2/install/moveit_task_constructor_capabilities:/home/albert/ws_moveit2/install/moveit_task_constructor_core:/home/albert/ws_moveit2/install/moveit_ros_control_interface:/home/albert/ws_moveit2/install/moveit_plugins:/home/albert/ws_moveit2/install/moveit_simple_controller_manager:/home/albert/ws_moveit2/install/moveit_setup_assistant:/home/albert/ws_moveit2/install/moveit_setup_srdf_plugins:/home/albert/ws_moveit2/install/moveit_setup_core_plugins:/home/albert/ws_moveit2/install/moveit_setup_controllers:/home/albert/ws_moveit2/install/moveit_setup_app_plugins:/home/albert/ws_moveit2/install/moveit_setup_framework:/home/albert/ws_moveit2/install/moveit_servo:/home/albert/ws_moveit2/install/moveit_ros:/home/albert/ws_moveit2/install/moveit_ros_visualization:/home/albert/ws_moveit2/install/moveit_hybrid_planning:/home/albert/ws_moveit2/install/moveit_ros_planning_interface:/home/albert/ws_moveit2/install/moveit_ros_benchmarks:/home/albert/ws_moveit2/install/moveit_ros_warehouse:/home/albert/ws_moveit2/install/moveit_ros_robot_interaction:/home/albert/ws_moveit2/install/moveit_ros_perception:/home/albert/ws_moveit2/install/moveit_resources_prbt_pg70_support:/home/albert/ws_moveit2/install/moveit_resources_prbt_moveit_config:/home/albert/ws_moveit2/install/moveit_ros_move_group:/home/albert/ws_moveit2/install/moveit_planners_ompl:/home/albert/ws_moveit2/install/moveit_ros_planning:/home/albert/ws_moveit2/install/moveit_ros_occupancy_map_monitor:/home/albert/ws_moveit2/install/moveit_resources_prbt_ikfast_manipulator_plugin:/home/albert/ws_moveit2/install/moveit_planners_chomp:/home/albert/ws_moveit2/install/moveit_kinematics:/home/albert/ws_moveit2/install/moveit_chomp_optimizer_adapter:/home/albert/ws_moveit2/install/chomp_motion_planner:/home/albert/ws_moveit2/install/moveit_core:/home/albert/ws_moveit2/install/srdfdom:/home/albert/ws_moveit2/install/rviz_marker_tools:/home/albert/ws_moveit2/install/rosparam_shortcuts:/home/albert/ws_moveit2/install/moveit_task_constructor_msgs:/home/albert/ws_moveit2/install/moveit_resources_prbt_support:/home/albert/ws_moveit2/install/moveit_resources:/home/albert/ws_moveit2/install/moveit_resources_pr2_description:/home/albert/ws_moveit2/install/moveit_resources_panda_moveit_config:/home/albert/ws_moveit2/install/moveit_resources_panda_description:/home/albert/ws_moveit2/install/moveit_resources_fanuc_moveit_config:/home/albert/ws_moveit2/install/moveit_resources_fanuc_description:/home/albert/ws_moveit2/install/moveit_common:/home/albert/umov_ws/install/MoveitAssistant:/home/albert/umov_ws/install/arduinobot_utils:/home/albert/umov_ws/install/arduinobot_remote:/home/albert/umov_ws/install/arduino_cpp_examples:/home/albert/umov_ws/install/arduinobot_msgs:/home/albert/umov_ws/install/arduinobot_moveit:/home/albert/umov_ws/install/arduinobot_firmware:/home/albert/umov_ws/install/arduinobot_controller:/home/albert/umov_ws/install/arduinobot_bringup:/home/albert/unav_ws/install/turtlebot3_fake_node:/home/albert/unav_ws/install/robot_bringup:/home/albert/unav_ws/install/nav2_robot_description:/home/albert/udem2_ws/install/robot_bringup:/home/albert/udem2_ws/install/my_robot_bringup:/home/albert/udem2_ws/install/lifecycle_cpp:/home/albert/udem2_ws/install/final_project_cpp:/home/albert/udem2_ws/install/actions_cpp:/home/albert/udem2_ws/install/robot_interfaces:/home/albert/udem2_ws/install/executors_cpp:/home/albert/udem2_ws/install/components_cpp:/home/albert/udem_ws/install/my_robot_bringup:/home/albert/udem_ws/install/my_cpp_pkg:/home/albert/udem_ws/install/my_robot_interfaces:/home/albert/udem_ws/install/my_robot_description:/home/albert/udem_ws/install/lifecycle_cpp:/home/albert/bcdc_ws/install/aggiebot_cpp:/home/albert/bcdc_ws/install/aggiebot_msgs:/home/albert/bcdc_ws/install/aggiebot_description:/home/albert/bcdc_ws/install/aggiebot_controller:/home/albert/bcdc_ws/install/aggiebot_bringup:/home/albert/bcdc_ws/install/aggiebot_arm_moveit:/home/albert/bcdc_ws/install/aggiebot_arm_description:/home/albert/bcdc_ws/install/aggiebot_arm_controller:/home/albert/bcdc_ws/install/agbot_setup_moveit:/home/albert/bcdc_ws/install/agbot_cpp:/home/albert/bcdc_ws/install/agbot_msgs:/home/albert/bcdc_ws/install/agbot_moveit:/home/albert/bcdc_ws/install/agbot_description:/home/albert/bcdc_ws/install/agbot_controller:/home/albert/bcdc_ws/install/agbot_bringup:/home/albert/bcdc_ws/install/agbot_arm_controller:/home/albert/arduinobot_ws/install/arduinobot_utils:/home/albert/arduinobot_ws/install/arduinobot_remote:/home/albert/arduinobot_ws/install/arduinobot_cpp_examples:/home/albert/arduinobot_ws/install/arduinobot_msgs:/home/albert/arduinobot_ws/install/arduinobot_moveit_setup:/home/albert/arduinobot_ws/install/arduinobot_moveit:/home/albert/arduinobot_ws/install/arduinobot_description:/home/albert/arduinobot_ws/install/arduinobot_controller:/home/albert/rad_ws/install/agbot_full_nav2:/home/albert/rad_ws/install/agbot_full_msgs:/home/albert/rad_ws/install/agbot_full_moveit_setup:/home/albert/rad_ws/install/agbot_full_moveit:/home/albert/rad_ws/install/agbot_full_description:/home/albert/rad_ws/install/agbot_full_cpp:/home/albert/rad_ws/install/agbot_full_controller:/home/albert/rad_ws/install/agbot_full_cartogropher:/home/albert/dev_ws/install/my_bot:/home/albert/ag_car_ws/install/car_nav2:/home/albert/ag_car_ws/install/car_description:/home/albert/ag_car_ws/install/car_controller:/home/albert/ag_car_ws/install/car_cartographer:/home/albert/ws_moveit2/install/moveit_configs_utils:/home/albert/ws_moveit2/install/launch_param_builder:/home/albert/umov_ws/install/arduino_py_examples:/home/albert/udem2_ws/install/actions_py:/home/albert/udem2_ws/install/lifecycle_py:/home/albert/udem2_ws/install/executors_py:/home/albert/udem2_ws/install/components_py:/home/albert/udem_ws/install/turtlesim_catcher:/home/albert/udem_ws/install/my_py_pkg:/home/albert/udem_ws/install/lifecycle_py:/home/albert/bcdc_ws/install/agbot_teleop:/home/albert/bcdc_ws/install/agbot_py:/home/albert/arduinobot_ws/install/arduinobot_py_examples:/opt/ros/humble /home/albert/.local/bin/cmake --install /home/albert/umov_ws/build/MoveitAssistant
[1.157s] Level 1:colcon.colcon_core.environment:checking '/home/albert/umov_ws/install/MoveitAssistant' for CMake config files
[1.157s] Level 1:colcon.colcon_core.shell:create_environment_hook('MoveitAssistant', 'cmake_prefix_path')
[1.158s] INFO:colcon.colcon_core.shell:Creating environment hook '/home/albert/umov_ws/install/MoveitAssistant/share/MoveitAssistant/hook/cmake_prefix_path.ps1'
[1.158s] INFO:colcon.colcon_core.shell:Creating environment descriptor '/home/albert/umov_ws/install/MoveitAssistant/share/MoveitAssistant/hook/cmake_prefix_path.dsv'
[1.159s] INFO:colcon.colcon_core.shell:Creating environment hook '/home/albert/umov_ws/install/MoveitAssistant/share/MoveitAssistant/hook/cmake_prefix_path.sh'
[1.160s] Level 1:colcon.colcon_core.environment:checking '/home/albert/umov_ws/install/MoveitAssistant/bin'
[1.160s] Level 1:colcon.colcon_core.environment:checking '/home/albert/umov_ws/install/MoveitAssistant/lib/pkgconfig/MoveitAssistant.pc'
[1.160s] Level 1:colcon.colcon_core.environment:checking '/home/albert/umov_ws/install/MoveitAssistant/lib/python3.10/site-packages'
[1.161s] Level 1:colcon.colcon_core.environment:checking '/home/albert/umov_ws/install/MoveitAssistant/bin'
[1.161s] INFO:colcon.colcon_core.shell:Creating package script '/home/albert/umov_ws/install/MoveitAssistant/share/MoveitAssistant/package.ps1'
[1.162s] INFO:colcon.colcon_core.shell:Creating package descriptor '/home/albert/umov_ws/install/MoveitAssistant/share/MoveitAssistant/package.dsv'
[1.163s] INFO:colcon.colcon_core.shell:Creating package script '/home/albert/umov_ws/install/MoveitAssistant/share/MoveitAssistant/package.sh'
[1.163s] INFO:colcon.colcon_core.shell:Creating package script '/home/albert/umov_ws/install/MoveitAssistant/share/MoveitAssistant/package.bash'
[1.164s] INFO:colcon.colcon_core.shell:Creating package script '/home/albert/umov_ws/install/MoveitAssistant/share/MoveitAssistant/package.zsh'
[1.164s] Level 1:colcon.colcon_core.environment:create_file_with_runtime_dependencies(/home/albert/umov_ws/install/MoveitAssistant/share/colcon-core/packages/MoveitAssistant)
[1.165s] Level 1:colcon.colcon_core.environment:create_environment_scripts_only(MoveitAssistant)
[1.165s] Level 1:colcon.colcon_core.environment:checking '/home/albert/umov_ws/install/MoveitAssistant' for CMake module files
[1.165s] Level 1:colcon.colcon_core.environment:checking '/home/albert/umov_ws/install/MoveitAssistant' for CMake config files
[1.166s] Level 1:colcon.colcon_core.shell:create_environment_hook('MoveitAssistant', 'cmake_prefix_path')
[1.166s] INFO:colcon.colcon_core.shell:Creating environment hook '/home/albert/umov_ws/install/MoveitAssistant/share/MoveitAssistant/hook/cmake_prefix_path.ps1'
[1.167s] INFO:colcon.colcon_core.shell:Creating environment descriptor '/home/albert/umov_ws/install/MoveitAssistant/share/MoveitAssistant/hook/cmake_prefix_path.dsv'
[1.167s] INFO:colcon.colcon_core.shell:Creating environment hook '/home/albert/umov_ws/install/MoveitAssistant/share/MoveitAssistant/hook/cmake_prefix_path.sh'
[1.168s] Level 1:colcon.colcon_core.environment:checking '/home/albert/umov_ws/install/MoveitAssistant/bin'
[1.168s] Level 1:colcon.colcon_core.environment:checking '/home/albert/umov_ws/install/MoveitAssistant/lib/pkgconfig/MoveitAssistant.pc'
[1.168s] Level 1:colcon.colcon_core.environment:checking '/home/albert/umov_ws/install/MoveitAssistant/lib/python3.10/site-packages'
[1.168s] Level 1:colcon.colcon_core.environment:checking '/home/albert/umov_ws/install/MoveitAssistant/bin'
[1.169s] INFO:colcon.colcon_core.shell:Creating package script '/home/albert/umov_ws/install/MoveitAssistant/share/MoveitAssistant/package.ps1'
[1.170s] INFO:colcon.colcon_core.shell:Creating package descriptor '/home/albert/umov_ws/install/MoveitAssistant/share/MoveitAssistant/package.dsv'
[1.170s] INFO:colcon.colcon_core.shell:Creating package script '/home/albert/umov_ws/install/MoveitAssistant/share/MoveitAssistant/package.sh'
[1.171s] INFO:colcon.colcon_core.shell:Creating package script '/home/albert/umov_ws/install/MoveitAssistant/share/MoveitAssistant/package.bash'
[1.171s] INFO:colcon.colcon_core.shell:Creating package script '/home/albert/umov_ws/install/MoveitAssistant/share/MoveitAssistant/package.zsh'
[1.171s] Level 1:colcon.colcon_core.environment:create_file_with_runtime_dependencies(/home/albert/umov_ws/install/MoveitAssistant/share/colcon-core/packages/MoveitAssistant)
[1.559s] DEBUG:colcon.colcon_core.event_handler.log_command:Invoked command in '/home/albert/umov_ws/build/arduinobot_msgs' returned '0': CMAKE_PREFIX_PATH=${CMAKE_PREFIX_PATH}:/home/albert/ws_moveit2/install/moveit_configs_utils:/home/albert/ws_moveit2/install/launch_param_builder:/home/albert/umov_ws/install/arduino_py_examples:/home/albert/udem2_ws/install/actions_py:/home/albert/udem2_ws/install/lifecycle_py:/home/albert/udem2_ws/install/executors_py:/home/albert/udem2_ws/install/components_py:/home/albert/udem_ws/install/turtlesim_catcher:/home/albert/udem_ws/install/my_py_pkg:/home/albert/udem_ws/install/lifecycle_py:/home/albert/bcdc_ws/install/agbot_teleop:/home/albert/bcdc_ws/install/agbot_py:/home/albert/arduinobot_ws/install/arduinobot_py_examples:/opt/ros/humble /home/albert/.local/bin/cmake --build /home/albert/umov_ws/build/arduinobot_msgs -- -j8 -l8
[1.562s] DEBUG:colcon.colcon_core.event_handler.log_command:Invoking command in '/home/albert/umov_ws/build/arduinobot_msgs': CMAKE_PREFIX_PATH=${CMAKE_PREFIX_PATH}:/home/albert/ws_moveit2/install/moveit_configs_utils:/home/albert/ws_moveit2/install/launch_param_builder:/home/albert/umov_ws/install/arduino_py_examples:/home/albert/udem2_ws/install/actions_py:/home/albert/udem2_ws/install/lifecycle_py:/home/albert/udem2_ws/install/executors_py:/home/albert/udem2_ws/install/components_py:/home/albert/udem_ws/install/turtlesim_catcher:/home/albert/udem_ws/install/my_py_pkg:/home/albert/udem_ws/install/lifecycle_py:/home/albert/bcdc_ws/install/agbot_teleop:/home/albert/bcdc_ws/install/agbot_py:/home/albert/arduinobot_ws/install/arduinobot_py_examples:/opt/ros/humble /home/albert/.local/bin/cmake --install /home/albert/umov_ws/build/arduinobot_msgs
[1.599s] DEBUG:colcon.colcon_core.event_handler.log_command:Invoked command in '/home/albert/umov_ws/build/arduinobot_firmware' returned '0': CMAKE_PREFIX_PATH=${CMAKE_PREFIX_PATH}:/home/albert/ws_moveit2/install/moveit_configs_utils:/home/albert/ws_moveit2/install/launch_param_builder:/home/albert/umov_ws/install/arduino_py_examples:/home/albert/udem2_ws/install/actions_py:/home/albert/udem2_ws/install/lifecycle_py:/home/albert/udem2_ws/install/executors_py:/home/albert/udem2_ws/install/components_py:/home/albert/udem_ws/install/turtlesim_catcher:/home/albert/udem_ws/install/my_py_pkg:/home/albert/udem_ws/install/lifecycle_py:/home/albert/bcdc_ws/install/agbot_teleop:/home/albert/bcdc_ws/install/agbot_py:/home/albert/arduinobot_ws/install/arduinobot_py_examples:/opt/ros/humble /home/albert/.local/bin/cmake --build /home/albert/umov_ws/build/arduinobot_firmware -- -j8 -l8
[1.603s] DEBUG:colcon.colcon_core.event_handler.log_command:Invoking command in '/home/albert/umov_ws/build/arduinobot_firmware': CMAKE_PREFIX_PATH=${CMAKE_PREFIX_PATH}:/home/albert/ws_moveit2/install/moveit_configs_utils:/home/albert/ws_moveit2/install/launch_param_builder:/home/albert/umov_ws/install/arduino_py_examples:/home/albert/udem2_ws/install/actions_py:/home/albert/udem2_ws/install/lifecycle_py:/home/albert/udem2_ws/install/executors_py:/home/albert/udem2_ws/install/components_py:/home/albert/udem_ws/install/turtlesim_catcher:/home/albert/udem_ws/install/my_py_pkg:/home/albert/udem_ws/install/lifecycle_py:/home/albert/bcdc_ws/install/agbot_teleop:/home/albert/bcdc_ws/install/agbot_py:/home/albert/arduinobot_ws/install/arduinobot_py_examples:/opt/ros/humble /home/albert/.local/bin/cmake --install /home/albert/umov_ws/build/arduinobot_firmware
[1.689s] Level 1:colcon.colcon_core.environment:create_environment_scripts_only(arduinobot_msgs)
[1.689s] Level 1:colcon.colcon_core.environment:checking '/home/albert/umov_ws/install/arduinobot_msgs' for CMake module files
[1.692s] Level 1:colcon.colcon_core.environment:checking '/home/albert/umov_ws/install/arduinobot_msgs' for CMake config files
[1.694s] Level 1:colcon.colcon_core.shell:create_environment_hook('arduinobot_msgs', 'cmake_prefix_path')
[1.694s] INFO:colcon.colcon_core.shell:Creating environment hook '/home/albert/umov_ws/install/arduinobot_msgs/share/arduinobot_msgs/hook/cmake_prefix_path.ps1'
[1.691s] DEBUG:colcon.colcon_core.event_handler.log_command:Invoked command in '/home/albert/umov_ws/build/arduinobot_msgs' returned '0': CMAKE_PREFIX_PATH=${CMAKE_PREFIX_PATH}:/home/albert/ws_moveit2/install/moveit_configs_utils:/home/albert/ws_moveit2/install/launch_param_builder:/home/albert/umov_ws/install/arduino_py_examples:/home/albert/udem2_ws/install/actions_py:/home/albert/udem2_ws/install/lifecycle_py:/home/albert/udem2_ws/install/executors_py:/home/albert/udem2_ws/install/components_py:/home/albert/udem_ws/install/turtlesim_catcher:/home/albert/udem_ws/install/my_py_pkg:/home/albert/udem_ws/install/lifecycle_py:/home/albert/bcdc_ws/install/agbot_teleop:/home/albert/bcdc_ws/install/agbot_py:/home/albert/arduinobot_ws/install/arduinobot_py_examples:/opt/ros/humble /home/albert/.local/bin/cmake --install /home/albert/umov_ws/build/arduinobot_msgs
[1.699s] INFO:colcon.colcon_core.shell:Creating environment descriptor '/home/albert/umov_ws/install/arduinobot_msgs/share/arduinobot_msgs/hook/cmake_prefix_path.dsv'
[1.700s] INFO:colcon.colcon_core.shell:Creating environment hook '/home/albert/umov_ws/install/arduinobot_msgs/share/arduinobot_msgs/hook/cmake_prefix_path.sh'
[1.701s] Level 1:colcon.colcon_core.environment:checking '/home/albert/umov_ws/install/arduinobot_msgs/lib'
[1.701s] Level 1:colcon.colcon_core.shell:create_environment_hook('arduinobot_msgs', 'ld_library_path_lib')
[1.702s] INFO:colcon.colcon_core.shell:Creating environment hook '/home/albert/umov_ws/install/arduinobot_msgs/share/arduinobot_msgs/hook/ld_library_path_lib.ps1'
[1.702s] INFO:colcon.colcon_core.shell:Creating environment descriptor '/home/albert/umov_ws/install/arduinobot_msgs/share/arduinobot_msgs/hook/ld_library_path_lib.dsv'
[1.703s] INFO:colcon.colcon_core.shell:Creating environment hook '/home/albert/umov_ws/install/arduinobot_msgs/share/arduinobot_msgs/hook/ld_library_path_lib.sh'
[1.703s] Level 1:colcon.colcon_core.environment:checking '/home/albert/umov_ws/install/arduinobot_msgs/bin'
[1.704s] Level 1:colcon.colcon_core.environment:checking '/home/albert/umov_ws/install/arduinobot_msgs/lib/pkgconfig/arduinobot_msgs.pc'
[1.704s] Level 1:colcon.colcon_core.environment:checking '/home/albert/umov_ws/install/arduinobot_msgs/lib/python3.10/site-packages'
[1.704s] Level 1:colcon.colcon_core.environment:checking '/home/albert/umov_ws/install/arduinobot_msgs/bin'
[1.705s] INFO:colcon.colcon_core.shell:Creating package script '/home/albert/umov_ws/install/arduinobot_msgs/share/arduinobot_msgs/package.ps1'
[1.707s] INFO:colcon.colcon_core.shell:Creating package descriptor '/home/albert/umov_ws/install/arduinobot_msgs/share/arduinobot_msgs/package.dsv'
[1.709s] INFO:colcon.colcon_core.shell:Creating package script '/home/albert/umov_ws/install/arduinobot_msgs/share/arduinobot_msgs/package.sh'
[1.710s] INFO:colcon.colcon_core.shell:Creating package script '/home/albert/umov_ws/install/arduinobot_msgs/share/arduinobot_msgs/package.bash'
[1.711s] INFO:colcon.colcon_core.shell:Creating package script '/home/albert/umov_ws/install/arduinobot_msgs/share/arduinobot_msgs/package.zsh'
[1.711s] Level 1:colcon.colcon_core.environment:create_file_with_runtime_dependencies(/home/albert/umov_ws/install/arduinobot_msgs/share/colcon-core/packages/arduinobot_msgs)
[1.712s] Level 1:colcon.colcon_core.environment:create_environment_scripts_only(arduinobot_msgs)
[1.713s] Level 1:colcon.colcon_core.environment:checking '/home/albert/umov_ws/install/arduinobot_msgs' for CMake module files
[1.714s] Level 1:colcon.colcon_core.environment:checking '/home/albert/umov_ws/install/arduinobot_msgs' for CMake config files
[1.715s] Level 1:colcon.colcon_core.shell:create_environment_hook('arduinobot_msgs', 'cmake_prefix_path')
[1.716s] INFO:colcon.colcon_core.shell:Creating environment hook '/home/albert/umov_ws/install/arduinobot_msgs/share/arduinobot_msgs/hook/cmake_prefix_path.ps1'
[1.717s] INFO:colcon.colcon_core.shell:Creating environment descriptor '/home/albert/umov_ws/install/arduinobot_msgs/share/arduinobot_msgs/hook/cmake_prefix_path.dsv'
[1.718s] INFO:colcon.colcon_core.shell:Creating environment hook '/home/albert/umov_ws/install/arduinobot_msgs/share/arduinobot_msgs/hook/cmake_prefix_path.sh'
[1.719s] Level 1:colcon.colcon_core.environment:checking '/home/albert/umov_ws/install/arduinobot_msgs/lib'
[1.719s] Level 1:colcon.colcon_core.shell:create_environment_hook('arduinobot_msgs', 'ld_library_path_lib')
[1.719s] INFO:colcon.colcon_core.shell:Creating environment hook '/home/albert/umov_ws/install/arduinobot_msgs/share/arduinobot_msgs/hook/ld_library_path_lib.ps1'
[1.720s] INFO:colcon.colcon_core.shell:Creating environment descriptor '/home/albert/umov_ws/install/arduinobot_msgs/share/arduinobot_msgs/hook/ld_library_path_lib.dsv'
[1.721s] INFO:colcon.colcon_core.shell:Creating environment hook '/home/albert/umov_ws/install/arduinobot_msgs/share/arduinobot_msgs/hook/ld_library_path_lib.sh'
[1.721s] Level 1:colcon.colcon_core.environment:checking '/home/albert/umov_ws/install/arduinobot_msgs/bin'
[1.721s] Level 1:colcon.colcon_core.environment:checking '/home/albert/umov_ws/install/arduinobot_msgs/lib/pkgconfig/arduinobot_msgs.pc'
[1.722s] Level 1:colcon.colcon_core.environment:checking '/home/albert/umov_ws/install/arduinobot_msgs/lib/python3.10/site-packages'
[1.722s] Level 1:colcon.colcon_core.environment:checking '/home/albert/umov_ws/install/arduinobot_msgs/bin'
[1.723s] INFO:colcon.colcon_core.shell:Creating package script '/home/albert/umov_ws/install/arduinobot_msgs/share/arduinobot_msgs/package.ps1'
[1.724s] INFO:colcon.colcon_core.shell:Creating package descriptor '/home/albert/umov_ws/install/arduinobot_msgs/share/arduinobot_msgs/package.dsv'
[1.725s] INFO:colcon.colcon_core.shell:Creating package script '/home/albert/umov_ws/install/arduinobot_msgs/share/arduinobot_msgs/package.sh'
[1.726s] INFO:colcon.colcon_core.shell:Creating package script '/home/albert/umov_ws/install/arduinobot_msgs/share/arduinobot_msgs/package.bash'
[1.727s] INFO:colcon.colcon_core.shell:Creating package script '/home/albert/umov_ws/install/arduinobot_msgs/share/arduinobot_msgs/package.zsh'
[1.727s] Level 1:colcon.colcon_core.environment:create_file_with_runtime_dependencies(/home/albert/umov_ws/install/arduinobot_msgs/share/colcon-core/packages/arduinobot_msgs)
[1.729s] INFO:colcon.colcon_ros.task.ament_cmake.build:Building ROS package in '/home/albert/umov_ws/src/arduino_cpp_examples' with build type 'ament_cmake'
[1.729s] INFO:colcon.colcon_cmake.task.cmake.build:Building CMake package in '/home/albert/umov_ws/src/arduino_cpp_examples'
[1.729s] INFO:colcon.colcon_core.shell:Skip shell extension 'powershell' for command environment: Not usable outside of PowerShell
[1.729s] DEBUG:colcon.colcon_core.shell:Skip shell extension 'dsv' for command environment
[1.761s] INFO:colcon.colcon_ros.task.ament_python.build:Building ROS package in '/home/albert/umov_ws/src/arduino_py_examples' with build type 'ament_python'
[1.761s] Level 1:colcon.colcon_core.shell:create_environment_hook('arduino_py_examples', 'ament_prefix_path')
[1.761s] INFO:colcon.colcon_core.shell:Creating environment hook '/home/albert/umov_ws/install/arduino_py_examples/share/arduino_py_examples/hook/ament_prefix_path.ps1'
[1.762s] INFO:colcon.colcon_core.shell:Creating environment descriptor '/home/albert/umov_ws/install/arduino_py_examples/share/arduino_py_examples/hook/ament_prefix_path.dsv'
[1.763s] INFO:colcon.colcon_core.shell:Creating environment hook '/home/albert/umov_ws/install/arduino_py_examples/share/arduino_py_examples/hook/ament_prefix_path.sh'
[1.764s] INFO:colcon.colcon_core.shell:Skip shell extension 'powershell' for command environment: Not usable outside of PowerShell
[1.764s] DEBUG:colcon.colcon_core.shell:Skip shell extension 'dsv' for command environment
[1.794s] INFO:colcon.colcon_ros.task.ament_cmake.build:Building ROS package in '/home/albert/umov_ws/src/arduinobot_remote' with build type 'ament_cmake'
[1.794s] INFO:colcon.colcon_cmake.task.cmake.build:Building CMake package in '/home/albert/umov_ws/src/arduinobot_remote'
[1.794s] INFO:colcon.colcon_core.shell:Skip shell extension 'powershell' for command environment: Not usable outside of PowerShell
[1.795s] DEBUG:colcon.colcon_core.shell:Skip shell extension 'dsv' for command environment
[1.825s] INFO:colcon.colcon_ros.task.ament_cmake.build:Building ROS package in '/home/albert/umov_ws/src/arduinobot_utils' with build type 'ament_cmake'
[1.825s] INFO:colcon.colcon_cmake.task.cmake.build:Building CMake package in '/home/albert/umov_ws/src/arduinobot_utils'
[1.826s] INFO:colcon.colcon_core.shell:Skip shell extension 'powershell' for command environment: Not usable outside of PowerShell
[1.826s] DEBUG:colcon.colcon_core.shell:Skip shell extension 'dsv' for command environment
[1.857s] Level 1:colcon.colcon_core.environment:create_environment_scripts_only(arduinobot_firmware)
[1.858s] Level 1:colcon.colcon_core.environment:checking '/home/albert/umov_ws/install/arduinobot_firmware' for CMake module files
[1.859s] DEBUG:colcon.colcon_core.event_handler.log_command:Invoked command in '/home/albert/umov_ws/build/arduinobot_firmware' returned '0': CMAKE_PREFIX_PATH=${CMAKE_PREFIX_PATH}:/home/albert/ws_moveit2/install/moveit_configs_utils:/home/albert/ws_moveit2/install/launch_param_builder:/home/albert/umov_ws/install/arduino_py_examples:/home/albert/udem2_ws/install/actions_py:/home/albert/udem2_ws/install/lifecycle_py:/home/albert/udem2_ws/install/executors_py:/home/albert/udem2_ws/install/components_py:/home/albert/udem_ws/install/turtlesim_catcher:/home/albert/udem_ws/install/my_py_pkg:/home/albert/udem_ws/install/lifecycle_py:/home/albert/bcdc_ws/install/agbot_teleop:/home/albert/bcdc_ws/install/agbot_py:/home/albert/arduinobot_ws/install/arduinobot_py_examples:/opt/ros/humble /home/albert/.local/bin/cmake --install /home/albert/umov_ws/build/arduinobot_firmware
[1.859s] Level 1:colcon.colcon_core.environment:checking '/home/albert/umov_ws/install/arduinobot_firmware' for CMake config files
[1.860s] Level 1:colcon.colcon_core.shell:create_environment_hook('arduinobot_firmware', 'cmake_prefix_path')
[1.860s] INFO:colcon.colcon_core.shell:Creating environment hook '/home/albert/umov_ws/install/arduinobot_firmware/share/arduinobot_firmware/hook/cmake_prefix_path.ps1'
[1.861s] INFO:colcon.colcon_core.shell:Creating environment descriptor '/home/albert/umov_ws/install/arduinobot_firmware/share/arduinobot_firmware/hook/cmake_prefix_path.dsv'
[1.862s] INFO:colcon.colcon_core.shell:Creating environment hook '/home/albert/umov_ws/install/arduinobot_firmware/share/arduinobot_firmware/hook/cmake_prefix_path.sh'
[1.863s] Level 1:colcon.colcon_core.environment:checking '/home/albert/umov_ws/install/arduinobot_firmware/lib'
[1.863s] Level 1:colcon.colcon_core.environment:checking '/home/albert/umov_ws/install/arduinobot_firmware/bin'
[1.863s] Level 1:colcon.colcon_core.environment:checking '/home/albert/umov_ws/install/arduinobot_firmware/lib/pkgconfig/arduinobot_firmware.pc'
[1.863s] Level 1:colcon.colcon_core.environment:checking '/home/albert/umov_ws/install/arduinobot_firmware/lib/python3.10/site-packages'
[1.864s] Level 1:colcon.colcon_core.environment:checking '/home/albert/umov_ws/install/arduinobot_firmware/bin'
[1.864s] INFO:colcon.colcon_core.shell:Creating package script '/home/albert/umov_ws/install/arduinobot_firmware/share/arduinobot_firmware/package.ps1'
[1.865s] INFO:colcon.colcon_core.shell:Creating package descriptor '/home/albert/umov_ws/install/arduinobot_firmware/share/arduinobot_firmware/package.dsv'
[1.866s] INFO:colcon.colcon_core.shell:Creating package script '/home/albert/umov_ws/install/arduinobot_firmware/share/arduinobot_firmware/package.sh'
[1.867s] INFO:colcon.colcon_core.shell:Creating package script '/home/albert/umov_ws/install/arduinobot_firmware/share/arduinobot_firmware/package.bash'
[1.868s] INFO:colcon.colcon_core.shell:Creating package script '/home/albert/umov_ws/install/arduinobot_firmware/share/arduinobot_firmware/package.zsh'
[1.868s] Level 1:colcon.colcon_core.environment:create_file_with_runtime_dependencies(/home/albert/umov_ws/install/arduinobot_firmware/share/colcon-core/packages/arduinobot_firmware)
[1.869s] Level 1:colcon.colcon_core.environment:create_environment_scripts_only(arduinobot_firmware)
[1.870s] Level 1:colcon.colcon_core.environment:checking '/home/albert/umov_ws/install/arduinobot_firmware' for CMake module files
[1.871s] Level 1:colcon.colcon_core.environment:checking '/home/albert/umov_ws/install/arduinobot_firmware' for CMake config files
[1.872s] Level 1:colcon.colcon_core.shell:create_environment_hook('arduinobot_firmware', 'cmake_prefix_path')
[1.872s] INFO:colcon.colcon_core.shell:Creating environment hook '/home/albert/umov_ws/install/arduinobot_firmware/share/arduinobot_firmware/hook/cmake_prefix_path.ps1'
[1.873s] INFO:colcon.colcon_core.shell:Creating environment descriptor '/home/albert/umov_ws/install/arduinobot_firmware/share/arduinobot_firmware/hook/cmake_prefix_path.dsv'
[1.874s] INFO:colcon.colcon_core.shell:Creating environment hook '/home/albert/umov_ws/install/arduinobot_firmware/share/arduinobot_firmware/hook/cmake_prefix_path.sh'
[1.875s] Level 1:colcon.colcon_core.environment:checking '/home/albert/umov_ws/install/arduinobot_firmware/lib'
[1.875s] Level 1:colcon.colcon_core.environment:checking '/home/albert/umov_ws/install/arduinobot_firmware/bin'
[1.875s] Level 1:colcon.colcon_core.environment:checking '/home/albert/umov_ws/install/arduinobot_firmware/lib/pkgconfig/arduinobot_firmware.pc'
[1.875s] Level 1:colcon.colcon_core.environment:checking '/home/albert/umov_ws/install/arduinobot_firmware/lib/python3.10/site-packages'
[1.876s] Level 1:colcon.colcon_core.environment:checking '/home/albert/umov_ws/install/arduinobot_firmware/bin'
[1.876s] INFO:colcon.colcon_core.shell:Creating package script '/home/albert/umov_ws/install/arduinobot_firmware/share/arduinobot_firmware/package.ps1'
[1.877s] INFO:colcon.colcon_core.shell:Creating package descriptor '/home/albert/umov_ws/install/arduinobot_firmware/share/arduinobot_firmware/package.dsv'
[1.878s] INFO:colcon.colcon_core.shell:Creating package script '/home/albert/umov_ws/install/arduinobot_firmware/share/arduinobot_firmware/package.sh'
[1.879s] INFO:colcon.colcon_core.shell:Creating package script '/home/albert/umov_ws/install/arduinobot_firmware/share/arduinobot_firmware/package.bash'
[1.880s] INFO:colcon.colcon_core.shell:Creating package script '/home/albert/umov_ws/install/arduinobot_firmware/share/arduinobot_firmware/package.zsh'
[1.880s] Level 1:colcon.colcon_core.environment:create_file_with_runtime_dependencies(/home/albert/umov_ws/install/arduinobot_firmware/share/colcon-core/packages/arduinobot_firmware)
[1.890s] DEBUG:colcon.colcon_core.event_handler.log_command:Invoking command in '/home/albert/umov_ws/build/arduino_cpp_examples': CMAKE_PREFIX_PATH=/home/albert/umov_ws/install/arduinobot_msgs:/home/albert/ag_arm_ws/install/arm_setup_moveit:/home/albert/ag_arm_ws/install/arm_moveit:/home/albert/ag_arm_ws/install/arm_description:/home/albert/ag_arm_ws/install/arm_cpp:/home/albert/ag_arm_ws/install/arm_controller:/home/albert/ws_moveit2/install/pilz_industrial_motion_planner_testutils:/home/albert/ws_moveit2/install/moveit_runtime:/home/albert/ws_moveit2/install/moveit2_tutorials:/home/albert/ws_moveit2/install/moveit:/home/albert/ws_moveit2/install/moveit_planners:/home/albert/ws_moveit2/install/pilz_industrial_motion_planner:/home/albert/ws_moveit2/install/moveit_visual_tools:/home/albert/ws_moveit2/install/moveit_task_constructor_visualization:/home/albert/ws_moveit2/install/moveit_task_constructor_demo:/home/albert/ws_moveit2/install/moveit_task_constructor_capabilities:/home/albert/ws_moveit2/install/moveit_task_constructor_core:/home/albert/ws_moveit2/install/moveit_ros_control_interface:/home/albert/ws_moveit2/install/moveit_plugins:/home/albert/ws_moveit2/install/moveit_simple_controller_manager:/home/albert/ws_moveit2/install/moveit_setup_assistant:/home/albert/ws_moveit2/install/moveit_setup_srdf_plugins:/home/albert/ws_moveit2/install/moveit_setup_core_plugins:/home/albert/ws_moveit2/install/moveit_setup_controllers:/home/albert/ws_moveit2/install/moveit_setup_app_plugins:/home/albert/ws_moveit2/install/moveit_setup_framework:/home/albert/ws_moveit2/install/moveit_servo:/home/albert/ws_moveit2/install/moveit_ros:/home/albert/ws_moveit2/install/moveit_ros_visualization:/home/albert/ws_moveit2/install/moveit_hybrid_planning:/home/albert/ws_moveit2/install/moveit_ros_planning_interface:/home/albert/ws_moveit2/install/moveit_ros_benchmarks:/home/albert/ws_moveit2/install/moveit_ros_warehouse:/home/albert/ws_moveit2/install/moveit_ros_robot_interaction:/home/albert/ws_moveit2/install/moveit_ros_perception:/home/albert/ws_moveit2/install/moveit_resources_prbt_pg70_support:/home/albert/ws_moveit2/install/moveit_resources_prbt_moveit_config:/home/albert/ws_moveit2/install/moveit_ros_move_group:/home/albert/ws_moveit2/install/moveit_planners_ompl:/home/albert/ws_moveit2/install/moveit_ros_planning:/home/albert/ws_moveit2/install/moveit_ros_occupancy_map_monitor:/home/albert/ws_moveit2/install/moveit_resources_prbt_ikfast_manipulator_plugin:/home/albert/ws_moveit2/install/moveit_planners_chomp:/home/albert/ws_moveit2/install/moveit_kinematics:/home/albert/ws_moveit2/install/moveit_chomp_optimizer_adapter:/home/albert/ws_moveit2/install/chomp_motion_planner:/home/albert/ws_moveit2/install/moveit_core:/home/albert/ws_moveit2/install/srdfdom:/home/albert/ws_moveit2/install/rviz_marker_tools:/home/albert/ws_moveit2/install/rosparam_shortcuts:/home/albert/ws_moveit2/install/moveit_task_constructor_msgs:/home/albert/ws_moveit2/install/moveit_resources_prbt_support:/home/albert/ws_moveit2/install/moveit_resources:/home/albert/ws_moveit2/install/moveit_resources_pr2_description:/home/albert/ws_moveit2/install/moveit_resources_panda_moveit_config:/home/albert/ws_moveit2/install/moveit_resources_panda_description:/home/albert/ws_moveit2/install/moveit_resources_fanuc_moveit_config:/home/albert/ws_moveit2/install/moveit_resources_fanuc_description:/home/albert/ws_moveit2/install/moveit_common:/home/albert/umov_ws/install/MoveitAssistant:/home/albert/umov_ws/install/description:/home/albert/umov_ws/install/arduinobot_utils:/home/albert/umov_ws/install/arduinobot_remote:/home/albert/umov_ws/install/arduino_cpp_examples:/home/albert/umov_ws/install/arduinobot_moveit:/home/albert/umov_ws/install/arduinobot_firmware:/home/albert/umov_ws/install/arduinobot_controller:/home/albert/umov_ws/install/arduinobot_bringup:/home/albert/unav_ws/install/turtlebot3_fake_node:/home/albert/unav_ws/install/robot_bringup:/home/albert/unav_ws/install/nav2_robot_description:/home/albert/udem2_ws/install/robot_bringup:/home/albert/udem2_ws/install/my_robot_bringup:/home/albert/udem2_ws/install/lifecycle_cpp:/home/albert/udem2_ws/install/final_project_cpp:/home/albert/udem2_ws/install/actions_cpp:/home/albert/udem2_ws/install/robot_interfaces:/home/albert/udem2_ws/install/executors_cpp:/home/albert/udem2_ws/install/components_cpp:/home/albert/udem_ws/install/my_robot_bringup:/home/albert/udem_ws/install/my_cpp_pkg:/home/albert/udem_ws/install/my_robot_interfaces:/home/albert/udem_ws/install/my_robot_description:/home/albert/udem_ws/install/lifecycle_cpp:/home/albert/bcdc_ws/install/aggiebot_cpp:/home/albert/bcdc_ws/install/aggiebot_msgs:/home/albert/bcdc_ws/install/aggiebot_description:/home/albert/bcdc_ws/install/aggiebot_controller:/home/albert/bcdc_ws/install/aggiebot_bringup:/home/albert/bcdc_ws/install/aggiebot_arm_moveit:/home/albert/bcdc_ws/install/aggiebot_arm_description:/home/albert/bcdc_ws/install/aggiebot_arm_controller:/home/albert/bcdc_ws/install/agbot_setup_moveit:/home/albert/bcdc_ws/install/agbot_cpp:/home/albert/bcdc_ws/install/agbot_msgs:/home/albert/bcdc_ws/install/agbot_moveit:/home/albert/bcdc_ws/install/agbot_description:/home/albert/bcdc_ws/install/agbot_controller:/home/albert/bcdc_ws/install/agbot_bringup:/home/albert/bcdc_ws/install/agbot_arm_controller:/home/albert/arduinobot_ws/install/arduinobot_utils:/home/albert/arduinobot_ws/install/arduinobot_remote:/home/albert/arduinobot_ws/install/arduinobot_cpp_examples:/home/albert/arduinobot_ws/install/arduinobot_msgs:/home/albert/arduinobot_ws/install/arduinobot_moveit_setup:/home/albert/arduinobot_ws/install/arduinobot_moveit:/home/albert/arduinobot_ws/install/arduinobot_description:/home/albert/arduinobot_ws/install/arduinobot_controller:/home/albert/rad_ws/install/agbot_full_nav2:/home/albert/rad_ws/install/agbot_full_msgs:/home/albert/rad_ws/install/agbot_full_moveit_setup:/home/albert/rad_ws/install/agbot_full_moveit:/home/albert/rad_ws/install/agbot_full_description:/home/albert/rad_ws/install/agbot_full_cpp:/home/albert/rad_ws/install/agbot_full_controller:/home/albert/rad_ws/install/agbot_full_cartogropher:/home/albert/dev_ws/install/my_bot:/home/albert/ag_car_ws/install/car_nav2:/home/albert/ag_car_ws/install/car_description:/home/albert/ag_car_ws/install/car_controller:/home/albert/ag_car_ws/install/car_cartographer:/home/albert/ws_moveit2/install/moveit_configs_utils:/home/albert/ws_moveit2/install/launch_param_builder:/home/albert/umov_ws/install/arduino_py_examples:/home/albert/udem2_ws/install/actions_py:/home/albert/udem2_ws/install/lifecycle_py:/home/albert/udem2_ws/install/executors_py:/home/albert/udem2_ws/install/components_py:/home/albert/udem_ws/install/turtlesim_catcher:/home/albert/udem_ws/install/my_py_pkg:/home/albert/udem_ws/install/lifecycle_py:/home/albert/bcdc_ws/install/agbot_teleop:/home/albert/bcdc_ws/install/agbot_py:/home/albert/arduinobot_ws/install/arduinobot_py_examples:/opt/ros/humble LD_LIBRARY_PATH=/home/albert/umov_ws/install/arduinobot_msgs/lib:/home/albert/ws_moveit2/install/pilz_industrial_motion_planner_testutils/lib:/home/albert/ws_moveit2/install/pilz_industrial_motion_planner/lib:/home/albert/ws_moveit2/install/moveit_visual_tools/lib:/home/albert/ws_moveit2/install/moveit_task_constructor_visualization/lib:/home/albert/ws_moveit2/install/moveit_task_constructor_demo/lib:/home/albert/ws_moveit2/install/moveit_task_constructor_capabilities/lib:/home/albert/ws_moveit2/install/moveit_task_constructor_core/lib:/home/albert/ws_moveit2/install/moveit_ros_control_interface/lib:/home/albert/ws_moveit2/install/moveit_simple_controller_manager/lib:/home/albert/ws_moveit2/install/moveit_setup_assistant/lib:/home/albert/ws_moveit2/install/moveit_setup_srdf_plugins/lib:/home/albert/ws_moveit2/install/moveit_setup_core_plugins/lib:/home/albert/ws_moveit2/install/moveit_setup_controllers/lib:/home/albert/ws_moveit2/install/moveit_setup_app_plugins/lib:/home/albert/ws_moveit2/install/moveit_setup_framework/lib:/home/albert/ws_moveit2/install/moveit_servo/lib:/home/albert/ws_moveit2/install/moveit_ros_visualization/lib:/home/albert/ws_moveit2/install/moveit_hybrid_planning/lib:/home/albert/ws_moveit2/install/moveit_ros_planning_interface/lib:/home/albert/ws_moveit2/install/moveit_ros_benchmarks/lib:/home/albert/ws_moveit2/install/moveit_ros_warehouse/lib:/home/albert/ws_moveit2/install/moveit_ros_robot_interaction/lib:/home/albert/ws_moveit2/install/moveit_ros_perception/lib:/home/albert/ws_moveit2/install/moveit_ros_move_group/lib:/home/albert/ws_moveit2/install/moveit_planners_ompl/lib:/home/albert/ws_moveit2/install/moveit_ros_planning/lib:/home/albert/ws_moveit2/install/moveit_ros_occupancy_map_monitor/lib:/home/albert/ws_moveit2/install/moveit_resources_prbt_ikfast_manipulator_plugin/lib:/home/albert/ws_moveit2/install/moveit_planners_chomp/lib:/home/albert/ws_moveit2/install/moveit_kinematics/lib:/home/albert/ws_moveit2/install/moveit_chomp_optimizer_adapter/lib:/home/albert/ws_moveit2/install/chomp_motion_planner/lib:/home/albert/ws_moveit2/install/moveit_core/lib:/home/albert/ws_moveit2/install/srdfdom/lib:/home/albert/ws_moveit2/install/rviz_marker_tools/lib:/home/albert/ws_moveit2/install/rosparam_shortcuts/lib:/home/albert/ws_moveit2/install/moveit_task_constructor_msgs/lib:/home/albert/umov_ws/install/arduinobot_remote/lib:/home/albert/umov_ws/install/arduino_cpp_examples/lib:/home/albert/umov_ws/install/arduinobot_controller/lib:/home/albert/udem2_ws/install/final_project_cpp/lib:/home/albert/udem2_ws/install/robot_interfaces/lib:/home/albert/udem2_ws/install/components_cpp/lib:/home/albert/udem_ws/install/my_robot_interfaces/lib:/home/albert/bcdc_ws/install/aggiebot_msgs/lib:/home/albert/bcdc_ws/install/agbot_msgs/lib:/home/albert/arduinobot_ws/install/arduinobot_remote/lib:/home/albert/arduinobot_ws/install/arduinobot_cpp_examples/lib:/home/albert/arduinobot_ws/install/arduinobot_msgs/lib:/usr/lib/x86_64-linux-gnu/gazebo-11/plugins:/opt/ros/humble/opt/rviz_ogre_vendor/lib:/opt/ros/humble/lib/x86_64-linux-gnu:/opt/ros/humble/lib:/usr/share/gazebo/../../lib/x86_64-linux-gnu/gazebo-11/plugins /home/albert/.local/bin/cmake --build /home/albert/umov_ws/build/arduino_cpp_examples -- -j8 -l8
[2.577s] INFO:colcon.colcon_core.task.python.build:Building Python package in '/home/albert/umov_ws/src/arduino_py_examples'
[2.578s] INFO:colcon.colcon_core.shell:Skip shell extension 'powershell' for command environment: Not usable outside of PowerShell
[2.578s] DEBUG:colcon.colcon_core.shell:Skip shell extension 'dsv' for command environment
[2.612s] DEBUG:colcon.colcon_core.event_handler.log_command:Invoking command in '/home/albert/umov_ws/build/arduinobot_remote': CMAKE_PREFIX_PATH=/home/albert/umov_ws/install/arduinobot_msgs:/home/albert/umov_ws/install/arduinobot_moveit:/home/albert/ag_arm_ws/install/arm_setup_moveit:/home/albert/ag_arm_ws/install/arm_moveit:/home/albert/ag_arm_ws/install/arm_description:/home/albert/ag_arm_ws/install/arm_cpp:/home/albert/ag_arm_ws/install/arm_controller:/home/albert/ws_moveit2/install/pilz_industrial_motion_planner_testutils:/home/albert/ws_moveit2/install/moveit_runtime:/home/albert/ws_moveit2/install/moveit2_tutorials:/home/albert/ws_moveit2/install/moveit:/home/albert/ws_moveit2/install/moveit_planners:/home/albert/ws_moveit2/install/pilz_industrial_motion_planner:/home/albert/ws_moveit2/install/moveit_visual_tools:/home/albert/ws_moveit2/install/moveit_task_constructor_visualization:/home/albert/ws_moveit2/install/moveit_task_constructor_demo:/home/albert/ws_moveit2/install/moveit_task_constructor_capabilities:/home/albert/ws_moveit2/install/moveit_task_constructor_core:/home/albert/ws_moveit2/install/moveit_ros_control_interface:/home/albert/ws_moveit2/install/moveit_plugins:/home/albert/ws_moveit2/install/moveit_simple_controller_manager:/home/albert/ws_moveit2/install/moveit_setup_assistant:/home/albert/ws_moveit2/install/moveit_setup_srdf_plugins:/home/albert/ws_moveit2/install/moveit_setup_core_plugins:/home/albert/ws_moveit2/install/moveit_setup_controllers:/home/albert/ws_moveit2/install/moveit_setup_app_plugins:/home/albert/ws_moveit2/install/moveit_setup_framework:/home/albert/ws_moveit2/install/moveit_servo:/home/albert/ws_moveit2/install/moveit_ros:/home/albert/ws_moveit2/install/moveit_ros_visualization:/home/albert/ws_moveit2/install/moveit_hybrid_planning:/home/albert/ws_moveit2/install/moveit_ros_planning_interface:/home/albert/ws_moveit2/install/moveit_ros_benchmarks:/home/albert/ws_moveit2/install/moveit_ros_warehouse:/home/albert/ws_moveit2/install/moveit_ros_robot_interaction:/home/albert/ws_moveit2/install/moveit_ros_perception:/home/albert/ws_moveit2/install/moveit_resources_prbt_pg70_support:/home/albert/ws_moveit2/install/moveit_resources_prbt_moveit_config:/home/albert/ws_moveit2/install/moveit_ros_move_group:/home/albert/ws_moveit2/install/moveit_planners_ompl:/home/albert/ws_moveit2/install/moveit_ros_planning:/home/albert/ws_moveit2/install/moveit_ros_occupancy_map_monitor:/home/albert/ws_moveit2/install/moveit_resources_prbt_ikfast_manipulator_plugin:/home/albert/ws_moveit2/install/moveit_planners_chomp:/home/albert/ws_moveit2/install/moveit_kinematics:/home/albert/ws_moveit2/install/moveit_chomp_optimizer_adapter:/home/albert/ws_moveit2/install/chomp_motion_planner:/home/albert/ws_moveit2/install/moveit_core:/home/albert/ws_moveit2/install/srdfdom:/home/albert/ws_moveit2/install/rviz_marker_tools:/home/albert/ws_moveit2/install/rosparam_shortcuts:/home/albert/ws_moveit2/install/moveit_task_constructor_msgs:/home/albert/ws_moveit2/install/moveit_resources_prbt_support:/home/albert/ws_moveit2/install/moveit_resources:/home/albert/ws_moveit2/install/moveit_resources_pr2_description:/home/albert/ws_moveit2/install/moveit_resources_panda_moveit_config:/home/albert/ws_moveit2/install/moveit_resources_panda_description:/home/albert/ws_moveit2/install/moveit_resources_fanuc_moveit_config:/home/albert/ws_moveit2/install/moveit_resources_fanuc_description:/home/albert/ws_moveit2/install/moveit_common:/home/albert/umov_ws/install/MoveitAssistant:/home/albert/umov_ws/install/description:/home/albert/umov_ws/install/arduinobot_utils:/home/albert/umov_ws/install/arduinobot_remote:/home/albert/umov_ws/install/arduino_cpp_examples:/home/albert/umov_ws/install/arduinobot_firmware:/home/albert/umov_ws/install/arduinobot_controller:/home/albert/umov_ws/install/arduinobot_bringup:/home/albert/unav_ws/install/turtlebot3_fake_node:/home/albert/unav_ws/install/robot_bringup:/home/albert/unav_ws/install/nav2_robot_description:/home/albert/udem2_ws/install/robot_bringup:/home/albert/udem2_ws/install/my_robot_bringup:/home/albert/udem2_ws/install/lifecycle_cpp:/home/albert/udem2_ws/install/final_project_cpp:/home/albert/udem2_ws/install/actions_cpp:/home/albert/udem2_ws/install/robot_interfaces:/home/albert/udem2_ws/install/executors_cpp:/home/albert/udem2_ws/install/components_cpp:/home/albert/udem_ws/install/my_robot_bringup:/home/albert/udem_ws/install/my_cpp_pkg:/home/albert/udem_ws/install/my_robot_interfaces:/home/albert/udem_ws/install/my_robot_description:/home/albert/udem_ws/install/lifecycle_cpp:/home/albert/bcdc_ws/install/aggiebot_cpp:/home/albert/bcdc_ws/install/aggiebot_msgs:/home/albert/bcdc_ws/install/aggiebot_description:/home/albert/bcdc_ws/install/aggiebot_controller:/home/albert/bcdc_ws/install/aggiebot_bringup:/home/albert/bcdc_ws/install/aggiebot_arm_moveit:/home/albert/bcdc_ws/install/aggiebot_arm_description:/home/albert/bcdc_ws/install/aggiebot_arm_controller:/home/albert/bcdc_ws/install/agbot_setup_moveit:/home/albert/bcdc_ws/install/agbot_cpp:/home/albert/bcdc_ws/install/agbot_msgs:/home/albert/bcdc_ws/install/agbot_moveit:/home/albert/bcdc_ws/install/agbot_description:/home/albert/bcdc_ws/install/agbot_controller:/home/albert/bcdc_ws/install/agbot_bringup:/home/albert/bcdc_ws/install/agbot_arm_controller:/home/albert/arduinobot_ws/install/arduinobot_utils:/home/albert/arduinobot_ws/install/arduinobot_remote:/home/albert/arduinobot_ws/install/arduinobot_cpp_examples:/home/albert/arduinobot_ws/install/arduinobot_msgs:/home/albert/arduinobot_ws/install/arduinobot_moveit_setup:/home/albert/arduinobot_ws/install/arduinobot_moveit:/home/albert/arduinobot_ws/install/arduinobot_description:/home/albert/arduinobot_ws/install/arduinobot_controller:/home/albert/rad_ws/install/agbot_full_nav2:/home/albert/rad_ws/install/agbot_full_msgs:/home/albert/rad_ws/install/agbot_full_moveit_setup:/home/albert/rad_ws/install/agbot_full_moveit:/home/albert/rad_ws/install/agbot_full_description:/home/albert/rad_ws/install/agbot_full_cpp:/home/albert/rad_ws/install/agbot_full_controller:/home/albert/rad_ws/install/agbot_full_cartogropher:/home/albert/dev_ws/install/my_bot:/home/albert/ag_car_ws/install/car_nav2:/home/albert/ag_car_ws/install/car_description:/home/albert/ag_car_ws/install/car_controller:/home/albert/ag_car_ws/install/car_cartographer:/home/albert/ws_moveit2/install/moveit_configs_utils:/home/albert/ws_moveit2/install/launch_param_builder:/home/albert/umov_ws/install/arduino_py_examples:/home/albert/udem2_ws/install/actions_py:/home/albert/udem2_ws/install/lifecycle_py:/home/albert/udem2_ws/install/executors_py:/home/albert/udem2_ws/install/components_py:/home/albert/udem_ws/install/turtlesim_catcher:/home/albert/udem_ws/install/my_py_pkg:/home/albert/udem_ws/install/lifecycle_py:/home/albert/bcdc_ws/install/agbot_teleop:/home/albert/bcdc_ws/install/agbot_py:/home/albert/arduinobot_ws/install/arduinobot_py_examples:/opt/ros/humble LD_LIBRARY_PATH=/home/albert/umov_ws/install/arduinobot_msgs/lib:/home/albert/ws_moveit2/install/pilz_industrial_motion_planner_testutils/lib:/home/albert/ws_moveit2/install/pilz_industrial_motion_planner/lib:/home/albert/ws_moveit2/install/moveit_visual_tools/lib:/home/albert/ws_moveit2/install/moveit_task_constructor_visualization/lib:/home/albert/ws_moveit2/install/moveit_task_constructor_demo/lib:/home/albert/ws_moveit2/install/moveit_task_constructor_capabilities/lib:/home/albert/ws_moveit2/install/moveit_task_constructor_core/lib:/home/albert/ws_moveit2/install/moveit_ros_control_interface/lib:/home/albert/ws_moveit2/install/moveit_simple_controller_manager/lib:/home/albert/ws_moveit2/install/moveit_setup_assistant/lib:/home/albert/ws_moveit2/install/moveit_setup_srdf_plugins/lib:/home/albert/ws_moveit2/install/moveit_setup_core_plugins/lib:/home/albert/ws_moveit2/install/moveit_setup_controllers/lib:/home/albert/ws_moveit2/install/moveit_setup_app_plugins/lib:/home/albert/ws_moveit2/install/moveit_setup_framework/lib:/home/albert/ws_moveit2/install/moveit_servo/lib:/home/albert/ws_moveit2/install/moveit_ros_visualization/lib:/home/albert/ws_moveit2/install/moveit_hybrid_planning/lib:/home/albert/ws_moveit2/install/moveit_ros_planning_interface/lib:/home/albert/ws_moveit2/install/moveit_ros_benchmarks/lib:/home/albert/ws_moveit2/install/moveit_ros_warehouse/lib:/home/albert/ws_moveit2/install/moveit_ros_robot_interaction/lib:/home/albert/ws_moveit2/install/moveit_ros_perception/lib:/home/albert/ws_moveit2/install/moveit_ros_move_group/lib:/home/albert/ws_moveit2/install/moveit_planners_ompl/lib:/home/albert/ws_moveit2/install/moveit_ros_planning/lib:/home/albert/ws_moveit2/install/moveit_ros_occupancy_map_monitor/lib:/home/albert/ws_moveit2/install/moveit_resources_prbt_ikfast_manipulator_plugin/lib:/home/albert/ws_moveit2/install/moveit_planners_chomp/lib:/home/albert/ws_moveit2/install/moveit_kinematics/lib:/home/albert/ws_moveit2/install/moveit_chomp_optimizer_adapter/lib:/home/albert/ws_moveit2/install/chomp_motion_planner/lib:/home/albert/ws_moveit2/install/moveit_core/lib:/home/albert/ws_moveit2/install/srdfdom/lib:/home/albert/ws_moveit2/install/rviz_marker_tools/lib:/home/albert/ws_moveit2/install/rosparam_shortcuts/lib:/home/albert/ws_moveit2/install/moveit_task_constructor_msgs/lib:/home/albert/umov_ws/install/arduinobot_remote/lib:/home/albert/umov_ws/install/arduino_cpp_examples/lib:/home/albert/umov_ws/install/arduinobot_controller/lib:/home/albert/udem2_ws/install/final_project_cpp/lib:/home/albert/udem2_ws/install/robot_interfaces/lib:/home/albert/udem2_ws/install/components_cpp/lib:/home/albert/udem_ws/install/my_robot_interfaces/lib:/home/albert/bcdc_ws/install/aggiebot_msgs/lib:/home/albert/bcdc_ws/install/agbot_msgs/lib:/home/albert/arduinobot_ws/install/arduinobot_remote/lib:/home/albert/arduinobot_ws/install/arduinobot_cpp_examples/lib:/home/albert/arduinobot_ws/install/arduinobot_msgs/lib:/usr/lib/x86_64-linux-gnu/gazebo-11/plugins:/opt/ros/humble/opt/rviz_ogre_vendor/lib:/opt/ros/humble/lib/x86_64-linux-gnu:/opt/ros/humble/lib:/usr/share/gazebo/../../lib/x86_64-linux-gnu/gazebo-11/plugins /home/albert/.local/bin/cmake --build /home/albert/umov_ws/build/arduinobot_remote -- -j8 -l8
[2.618s] DEBUG:colcon.colcon_core.event_handler.log_command:Invoking command in '/home/albert/umov_ws/build/arduinobot_utils': CMAKE_PREFIX_PATH=/home/albert/umov_ws/install/arduinobot_msgs:/home/albert/ag_arm_ws/install/arm_setup_moveit:/home/albert/ag_arm_ws/install/arm_moveit:/home/albert/ag_arm_ws/install/arm_description:/home/albert/ag_arm_ws/install/arm_cpp:/home/albert/ag_arm_ws/install/arm_controller:/home/albert/ws_moveit2/install/pilz_industrial_motion_planner_testutils:/home/albert/ws_moveit2/install/moveit_runtime:/home/albert/ws_moveit2/install/moveit2_tutorials:/home/albert/ws_moveit2/install/moveit:/home/albert/ws_moveit2/install/moveit_planners:/home/albert/ws_moveit2/install/pilz_industrial_motion_planner:/home/albert/ws_moveit2/install/moveit_visual_tools:/home/albert/ws_moveit2/install/moveit_task_constructor_visualization:/home/albert/ws_moveit2/install/moveit_task_constructor_demo:/home/albert/ws_moveit2/install/moveit_task_constructor_capabilities:/home/albert/ws_moveit2/install/moveit_task_constructor_core:/home/albert/ws_moveit2/install/moveit_ros_control_interface:/home/albert/ws_moveit2/install/moveit_plugins:/home/albert/ws_moveit2/install/moveit_simple_controller_manager:/home/albert/ws_moveit2/install/moveit_setup_assistant:/home/albert/ws_moveit2/install/moveit_setup_srdf_plugins:/home/albert/ws_moveit2/install/moveit_setup_core_plugins:/home/albert/ws_moveit2/install/moveit_setup_controllers:/home/albert/ws_moveit2/install/moveit_setup_app_plugins:/home/albert/ws_moveit2/install/moveit_setup_framework:/home/albert/ws_moveit2/install/moveit_servo:/home/albert/ws_moveit2/install/moveit_ros:/home/albert/ws_moveit2/install/moveit_ros_visualization:/home/albert/ws_moveit2/install/moveit_hybrid_planning:/home/albert/ws_moveit2/install/moveit_ros_planning_interface:/home/albert/ws_moveit2/install/moveit_ros_benchmarks:/home/albert/ws_moveit2/install/moveit_ros_warehouse:/home/albert/ws_moveit2/install/moveit_ros_robot_interaction:/home/albert/ws_moveit2/install/moveit_ros_perception:/home/albert/ws_moveit2/install/moveit_resources_prbt_pg70_support:/home/albert/ws_moveit2/install/moveit_resources_prbt_moveit_config:/home/albert/ws_moveit2/install/moveit_ros_move_group:/home/albert/ws_moveit2/install/moveit_planners_ompl:/home/albert/ws_moveit2/install/moveit_ros_planning:/home/albert/ws_moveit2/install/moveit_ros_occupancy_map_monitor:/home/albert/ws_moveit2/install/moveit_resources_prbt_ikfast_manipulator_plugin:/home/albert/ws_moveit2/install/moveit_planners_chomp:/home/albert/ws_moveit2/install/moveit_kinematics:/home/albert/ws_moveit2/install/moveit_chomp_optimizer_adapter:/home/albert/ws_moveit2/install/chomp_motion_planner:/home/albert/ws_moveit2/install/moveit_core:/home/albert/ws_moveit2/install/srdfdom:/home/albert/ws_moveit2/install/rviz_marker_tools:/home/albert/ws_moveit2/install/rosparam_shortcuts:/home/albert/ws_moveit2/install/moveit_task_constructor_msgs:/home/albert/ws_moveit2/install/moveit_resources_prbt_support:/home/albert/ws_moveit2/install/moveit_resources:/home/albert/ws_moveit2/install/moveit_resources_pr2_description:/home/albert/ws_moveit2/install/moveit_resources_panda_moveit_config:/home/albert/ws_moveit2/install/moveit_resources_panda_description:/home/albert/ws_moveit2/install/moveit_resources_fanuc_moveit_config:/home/albert/ws_moveit2/install/moveit_resources_fanuc_description:/home/albert/ws_moveit2/install/moveit_common:/home/albert/umov_ws/install/MoveitAssistant:/home/albert/umov_ws/install/description:/home/albert/umov_ws/install/arduinobot_utils:/home/albert/umov_ws/install/arduinobot_remote:/home/albert/umov_ws/install/arduino_cpp_examples:/home/albert/umov_ws/install/arduinobot_moveit:/home/albert/umov_ws/install/arduinobot_firmware:/home/albert/umov_ws/install/arduinobot_controller:/home/albert/umov_ws/install/arduinobot_bringup:/home/albert/unav_ws/install/turtlebot3_fake_node:/home/albert/unav_ws/install/robot_bringup:/home/albert/unav_ws/install/nav2_robot_description:/home/albert/udem2_ws/install/robot_bringup:/home/albert/udem2_ws/install/my_robot_bringup:/home/albert/udem2_ws/install/lifecycle_cpp:/home/albert/udem2_ws/install/final_project_cpp:/home/albert/udem2_ws/install/actions_cpp:/home/albert/udem2_ws/install/robot_interfaces:/home/albert/udem2_ws/install/executors_cpp:/home/albert/udem2_ws/install/components_cpp:/home/albert/udem_ws/install/my_robot_bringup:/home/albert/udem_ws/install/my_cpp_pkg:/home/albert/udem_ws/install/my_robot_interfaces:/home/albert/udem_ws/install/my_robot_description:/home/albert/udem_ws/install/lifecycle_cpp:/home/albert/bcdc_ws/install/aggiebot_cpp:/home/albert/bcdc_ws/install/aggiebot_msgs:/home/albert/bcdc_ws/install/aggiebot_description:/home/albert/bcdc_ws/install/aggiebot_controller:/home/albert/bcdc_ws/install/aggiebot_bringup:/home/albert/bcdc_ws/install/aggiebot_arm_moveit:/home/albert/bcdc_ws/install/aggiebot_arm_description:/home/albert/bcdc_ws/install/aggiebot_arm_controller:/home/albert/bcdc_ws/install/agbot_setup_moveit:/home/albert/bcdc_ws/install/agbot_cpp:/home/albert/bcdc_ws/install/agbot_msgs:/home/albert/bcdc_ws/install/agbot_moveit:/home/albert/bcdc_ws/install/agbot_description:/home/albert/bcdc_ws/install/agbot_controller:/home/albert/bcdc_ws/install/agbot_bringup:/home/albert/bcdc_ws/install/agbot_arm_controller:/home/albert/arduinobot_ws/install/arduinobot_utils:/home/albert/arduinobot_ws/install/arduinobot_remote:/home/albert/arduinobot_ws/install/arduinobot_cpp_examples:/home/albert/arduinobot_ws/install/arduinobot_msgs:/home/albert/arduinobot_ws/install/arduinobot_moveit_setup:/home/albert/arduinobot_ws/install/arduinobot_moveit:/home/albert/arduinobot_ws/install/arduinobot_description:/home/albert/arduinobot_ws/install/arduinobot_controller:/home/albert/rad_ws/install/agbot_full_nav2:/home/albert/rad_ws/install/agbot_full_msgs:/home/albert/rad_ws/install/agbot_full_moveit_setup:/home/albert/rad_ws/install/agbot_full_moveit:/home/albert/rad_ws/install/agbot_full_description:/home/albert/rad_ws/install/agbot_full_cpp:/home/albert/rad_ws/install/agbot_full_controller:/home/albert/rad_ws/install/agbot_full_cartogropher:/home/albert/dev_ws/install/my_bot:/home/albert/ag_car_ws/install/car_nav2:/home/albert/ag_car_ws/install/car_description:/home/albert/ag_car_ws/install/car_controller:/home/albert/ag_car_ws/install/car_cartographer:/home/albert/ws_moveit2/install/moveit_configs_utils:/home/albert/ws_moveit2/install/launch_param_builder:/home/albert/umov_ws/install/arduino_py_examples:/home/albert/udem2_ws/install/actions_py:/home/albert/udem2_ws/install/lifecycle_py:/home/albert/udem2_ws/install/executors_py:/home/albert/udem2_ws/install/components_py:/home/albert/udem_ws/install/turtlesim_catcher:/home/albert/udem_ws/install/my_py_pkg:/home/albert/udem_ws/install/lifecycle_py:/home/albert/bcdc_ws/install/agbot_teleop:/home/albert/bcdc_ws/install/agbot_py:/home/albert/arduinobot_ws/install/arduinobot_py_examples:/opt/ros/humble LD_LIBRARY_PATH=/home/albert/umov_ws/install/arduinobot_msgs/lib:/home/albert/ws_moveit2/install/pilz_industrial_motion_planner_testutils/lib:/home/albert/ws_moveit2/install/pilz_industrial_motion_planner/lib:/home/albert/ws_moveit2/install/moveit_visual_tools/lib:/home/albert/ws_moveit2/install/moveit_task_constructor_visualization/lib:/home/albert/ws_moveit2/install/moveit_task_constructor_demo/lib:/home/albert/ws_moveit2/install/moveit_task_constructor_capabilities/lib:/home/albert/ws_moveit2/install/moveit_task_constructor_core/lib:/home/albert/ws_moveit2/install/moveit_ros_control_interface/lib:/home/albert/ws_moveit2/install/moveit_simple_controller_manager/lib:/home/albert/ws_moveit2/install/moveit_setup_assistant/lib:/home/albert/ws_moveit2/install/moveit_setup_srdf_plugins/lib:/home/albert/ws_moveit2/install/moveit_setup_core_plugins/lib:/home/albert/ws_moveit2/install/moveit_setup_controllers/lib:/home/albert/ws_moveit2/install/moveit_setup_app_plugins/lib:/home/albert/ws_moveit2/install/moveit_setup_framework/lib:/home/albert/ws_moveit2/install/moveit_servo/lib:/home/albert/ws_moveit2/install/moveit_ros_visualization/lib:/home/albert/ws_moveit2/install/moveit_hybrid_planning/lib:/home/albert/ws_moveit2/install/moveit_ros_planning_interface/lib:/home/albert/ws_moveit2/install/moveit_ros_benchmarks/lib:/home/albert/ws_moveit2/install/moveit_ros_warehouse/lib:/home/albert/ws_moveit2/install/moveit_ros_robot_interaction/lib:/home/albert/ws_moveit2/install/moveit_ros_perception/lib:/home/albert/ws_moveit2/install/moveit_ros_move_group/lib:/home/albert/ws_moveit2/install/moveit_planners_ompl/lib:/home/albert/ws_moveit2/install/moveit_ros_planning/lib:/home/albert/ws_moveit2/install/moveit_ros_occupancy_map_monitor/lib:/home/albert/ws_moveit2/install/moveit_resources_prbt_ikfast_manipulator_plugin/lib:/home/albert/ws_moveit2/install/moveit_planners_chomp/lib:/home/albert/ws_moveit2/install/moveit_kinematics/lib:/home/albert/ws_moveit2/install/moveit_chomp_optimizer_adapter/lib:/home/albert/ws_moveit2/install/chomp_motion_planner/lib:/home/albert/ws_moveit2/install/moveit_core/lib:/home/albert/ws_moveit2/install/srdfdom/lib:/home/albert/ws_moveit2/install/rviz_marker_tools/lib:/home/albert/ws_moveit2/install/rosparam_shortcuts/lib:/home/albert/ws_moveit2/install/moveit_task_constructor_msgs/lib:/home/albert/umov_ws/install/arduinobot_remote/lib:/home/albert/umov_ws/install/arduino_cpp_examples/lib:/home/albert/umov_ws/install/arduinobot_controller/lib:/home/albert/udem2_ws/install/final_project_cpp/lib:/home/albert/udem2_ws/install/robot_interfaces/lib:/home/albert/udem2_ws/install/components_cpp/lib:/home/albert/udem_ws/install/my_robot_interfaces/lib:/home/albert/bcdc_ws/install/aggiebot_msgs/lib:/home/albert/bcdc_ws/install/agbot_msgs/lib:/home/albert/arduinobot_ws/install/arduinobot_remote/lib:/home/albert/arduinobot_ws/install/arduinobot_cpp_examples/lib:/home/albert/arduinobot_ws/install/arduinobot_msgs/lib:/usr/lib/x86_64-linux-gnu/gazebo-11/plugins:/opt/ros/humble/opt/rviz_ogre_vendor/lib:/opt/ros/humble/lib/x86_64-linux-gnu:/opt/ros/humble/lib:/usr/share/gazebo/../../lib/x86_64-linux-gnu/gazebo-11/plugins /home/albert/.local/bin/cmake --build /home/albert/umov_ws/build/arduinobot_utils -- -j8 -l8
[3.556s] DEBUG:colcon.colcon_core.event_handler.log_command:Invoked command in '/home/albert/umov_ws/build/arduinobot_utils' returned '0': CMAKE_PREFIX_PATH=/home/albert/umov_ws/install/arduinobot_msgs:/home/albert/ag_arm_ws/install/arm_setup_moveit:/home/albert/ag_arm_ws/install/arm_moveit:/home/albert/ag_arm_ws/install/arm_description:/home/albert/ag_arm_ws/install/arm_cpp:/home/albert/ag_arm_ws/install/arm_controller:/home/albert/ws_moveit2/install/pilz_industrial_motion_planner_testutils:/home/albert/ws_moveit2/install/moveit_runtime:/home/albert/ws_moveit2/install/moveit2_tutorials:/home/albert/ws_moveit2/install/moveit:/home/albert/ws_moveit2/install/moveit_planners:/home/albert/ws_moveit2/install/pilz_industrial_motion_planner:/home/albert/ws_moveit2/install/moveit_visual_tools:/home/albert/ws_moveit2/install/moveit_task_constructor_visualization:/home/albert/ws_moveit2/install/moveit_task_constructor_demo:/home/albert/ws_moveit2/install/moveit_task_constructor_capabilities:/home/albert/ws_moveit2/install/moveit_task_constructor_core:/home/albert/ws_moveit2/install/moveit_ros_control_interface:/home/albert/ws_moveit2/install/moveit_plugins:/home/albert/ws_moveit2/install/moveit_simple_controller_manager:/home/albert/ws_moveit2/install/moveit_setup_assistant:/home/albert/ws_moveit2/install/moveit_setup_srdf_plugins:/home/albert/ws_moveit2/install/moveit_setup_core_plugins:/home/albert/ws_moveit2/install/moveit_setup_controllers:/home/albert/ws_moveit2/install/moveit_setup_app_plugins:/home/albert/ws_moveit2/install/moveit_setup_framework:/home/albert/ws_moveit2/install/moveit_servo:/home/albert/ws_moveit2/install/moveit_ros:/home/albert/ws_moveit2/install/moveit_ros_visualization:/home/albert/ws_moveit2/install/moveit_hybrid_planning:/home/albert/ws_moveit2/install/moveit_ros_planning_interface:/home/albert/ws_moveit2/install/moveit_ros_benchmarks:/home/albert/ws_moveit2/install/moveit_ros_warehouse:/home/albert/ws_moveit2/install/moveit_ros_robot_interaction:/home/albert/ws_moveit2/install/moveit_ros_perception:/home/albert/ws_moveit2/install/moveit_resources_prbt_pg70_support:/home/albert/ws_moveit2/install/moveit_resources_prbt_moveit_config:/home/albert/ws_moveit2/install/moveit_ros_move_group:/home/albert/ws_moveit2/install/moveit_planners_ompl:/home/albert/ws_moveit2/install/moveit_ros_planning:/home/albert/ws_moveit2/install/moveit_ros_occupancy_map_monitor:/home/albert/ws_moveit2/install/moveit_resources_prbt_ikfast_manipulator_plugin:/home/albert/ws_moveit2/install/moveit_planners_chomp:/home/albert/ws_moveit2/install/moveit_kinematics:/home/albert/ws_moveit2/install/moveit_chomp_optimizer_adapter:/home/albert/ws_moveit2/install/chomp_motion_planner:/home/albert/ws_moveit2/install/moveit_core:/home/albert/ws_moveit2/install/srdfdom:/home/albert/ws_moveit2/install/rviz_marker_tools:/home/albert/ws_moveit2/install/rosparam_shortcuts:/home/albert/ws_moveit2/install/moveit_task_constructor_msgs:/home/albert/ws_moveit2/install/moveit_resources_prbt_support:/home/albert/ws_moveit2/install/moveit_resources:/home/albert/ws_moveit2/install/moveit_resources_pr2_description:/home/albert/ws_moveit2/install/moveit_resources_panda_moveit_config:/home/albert/ws_moveit2/install/moveit_resources_panda_description:/home/albert/ws_moveit2/install/moveit_resources_fanuc_moveit_config:/home/albert/ws_moveit2/install/moveit_resources_fanuc_description:/home/albert/ws_moveit2/install/moveit_common:/home/albert/umov_ws/install/MoveitAssistant:/home/albert/umov_ws/install/description:/home/albert/umov_ws/install/arduinobot_utils:/home/albert/umov_ws/install/arduinobot_remote:/home/albert/umov_ws/install/arduino_cpp_examples:/home/albert/umov_ws/install/arduinobot_moveit:/home/albert/umov_ws/install/arduinobot_firmware:/home/albert/umov_ws/install/arduinobot_controller:/home/albert/umov_ws/install/arduinobot_bringup:/home/albert/unav_ws/install/turtlebot3_fake_node:/home/albert/unav_ws/install/robot_bringup:/home/albert/unav_ws/install/nav2_robot_description:/home/albert/udem2_ws/install/robot_bringup:/home/albert/udem2_ws/install/my_robot_bringup:/home/albert/udem2_ws/install/lifecycle_cpp:/home/albert/udem2_ws/install/final_project_cpp:/home/albert/udem2_ws/install/actions_cpp:/home/albert/udem2_ws/install/robot_interfaces:/home/albert/udem2_ws/install/executors_cpp:/home/albert/udem2_ws/install/components_cpp:/home/albert/udem_ws/install/my_robot_bringup:/home/albert/udem_ws/install/my_cpp_pkg:/home/albert/udem_ws/install/my_robot_interfaces:/home/albert/udem_ws/install/my_robot_description:/home/albert/udem_ws/install/lifecycle_cpp:/home/albert/bcdc_ws/install/aggiebot_cpp:/home/albert/bcdc_ws/install/aggiebot_msgs:/home/albert/bcdc_ws/install/aggiebot_description:/home/albert/bcdc_ws/install/aggiebot_controller:/home/albert/bcdc_ws/install/aggiebot_bringup:/home/albert/bcdc_ws/install/aggiebot_arm_moveit:/home/albert/bcdc_ws/install/aggiebot_arm_description:/home/albert/bcdc_ws/install/aggiebot_arm_controller:/home/albert/bcdc_ws/install/agbot_setup_moveit:/home/albert/bcdc_ws/install/agbot_cpp:/home/albert/bcdc_ws/install/agbot_msgs:/home/albert/bcdc_ws/install/agbot_moveit:/home/albert/bcdc_ws/install/agbot_description:/home/albert/bcdc_ws/install/agbot_controller:/home/albert/bcdc_ws/install/agbot_bringup:/home/albert/bcdc_ws/install/agbot_arm_controller:/home/albert/arduinobot_ws/install/arduinobot_utils:/home/albert/arduinobot_ws/install/arduinobot_remote:/home/albert/arduinobot_ws/install/arduinobot_cpp_examples:/home/albert/arduinobot_ws/install/arduinobot_msgs:/home/albert/arduinobot_ws/install/arduinobot_moveit_setup:/home/albert/arduinobot_ws/install/arduinobot_moveit:/home/albert/arduinobot_ws/install/arduinobot_description:/home/albert/arduinobot_ws/install/arduinobot_controller:/home/albert/rad_ws/install/agbot_full_nav2:/home/albert/rad_ws/install/agbot_full_msgs:/home/albert/rad_ws/install/agbot_full_moveit_setup:/home/albert/rad_ws/install/agbot_full_moveit:/home/albert/rad_ws/install/agbot_full_description:/home/albert/rad_ws/install/agbot_full_cpp:/home/albert/rad_ws/install/agbot_full_controller:/home/albert/rad_ws/install/agbot_full_cartogropher:/home/albert/dev_ws/install/my_bot:/home/albert/ag_car_ws/install/car_nav2:/home/albert/ag_car_ws/install/car_description:/home/albert/ag_car_ws/install/car_controller:/home/albert/ag_car_ws/install/car_cartographer:/home/albert/ws_moveit2/install/moveit_configs_utils:/home/albert/ws_moveit2/install/launch_param_builder:/home/albert/umov_ws/install/arduino_py_examples:/home/albert/udem2_ws/install/actions_py:/home/albert/udem2_ws/install/lifecycle_py:/home/albert/udem2_ws/install/executors_py:/home/albert/udem2_ws/install/components_py:/home/albert/udem_ws/install/turtlesim_catcher:/home/albert/udem_ws/install/my_py_pkg:/home/albert/udem_ws/install/lifecycle_py:/home/albert/bcdc_ws/install/agbot_teleop:/home/albert/bcdc_ws/install/agbot_py:/home/albert/arduinobot_ws/install/arduinobot_py_examples:/opt/ros/humble LD_LIBRARY_PATH=/home/albert/umov_ws/install/arduinobot_msgs/lib:/home/albert/ws_moveit2/install/pilz_industrial_motion_planner_testutils/lib:/home/albert/ws_moveit2/install/pilz_industrial_motion_planner/lib:/home/albert/ws_moveit2/install/moveit_visual_tools/lib:/home/albert/ws_moveit2/install/moveit_task_constructor_visualization/lib:/home/albert/ws_moveit2/install/moveit_task_constructor_demo/lib:/home/albert/ws_moveit2/install/moveit_task_constructor_capabilities/lib:/home/albert/ws_moveit2/install/moveit_task_constructor_core/lib:/home/albert/ws_moveit2/install/moveit_ros_control_interface/lib:/home/albert/ws_moveit2/install/moveit_simple_controller_manager/lib:/home/albert/ws_moveit2/install/moveit_setup_assistant/lib:/home/albert/ws_moveit2/install/moveit_setup_srdf_plugins/lib:/home/albert/ws_moveit2/install/moveit_setup_core_plugins/lib:/home/albert/ws_moveit2/install/moveit_setup_controllers/lib:/home/albert/ws_moveit2/install/moveit_setup_app_plugins/lib:/home/albert/ws_moveit2/install/moveit_setup_framework/lib:/home/albert/ws_moveit2/install/moveit_servo/lib:/home/albert/ws_moveit2/install/moveit_ros_visualization/lib:/home/albert/ws_moveit2/install/moveit_hybrid_planning/lib:/home/albert/ws_moveit2/install/moveit_ros_planning_interface/lib:/home/albert/ws_moveit2/install/moveit_ros_benchmarks/lib:/home/albert/ws_moveit2/install/moveit_ros_warehouse/lib:/home/albert/ws_moveit2/install/moveit_ros_robot_interaction/lib:/home/albert/ws_moveit2/install/moveit_ros_perception/lib:/home/albert/ws_moveit2/install/moveit_ros_move_group/lib:/home/albert/ws_moveit2/install/moveit_planners_ompl/lib:/home/albert/ws_moveit2/install/moveit_ros_planning/lib:/home/albert/ws_moveit2/install/moveit_ros_occupancy_map_monitor/lib:/home/albert/ws_moveit2/install/moveit_resources_prbt_ikfast_manipulator_plugin/lib:/home/albert/ws_moveit2/install/moveit_planners_chomp/lib:/home/albert/ws_moveit2/install/moveit_kinematics/lib:/home/albert/ws_moveit2/install/moveit_chomp_optimizer_adapter/lib:/home/albert/ws_moveit2/install/chomp_motion_planner/lib:/home/albert/ws_moveit2/install/moveit_core/lib:/home/albert/ws_moveit2/install/srdfdom/lib:/home/albert/ws_moveit2/install/rviz_marker_tools/lib:/home/albert/ws_moveit2/install/rosparam_shortcuts/lib:/home/albert/ws_moveit2/install/moveit_task_constructor_msgs/lib:/home/albert/umov_ws/install/arduinobot_remote/lib:/home/albert/umov_ws/install/arduino_cpp_examples/lib:/home/albert/umov_ws/install/arduinobot_controller/lib:/home/albert/udem2_ws/install/final_project_cpp/lib:/home/albert/udem2_ws/install/robot_interfaces/lib:/home/albert/udem2_ws/install/components_cpp/lib:/home/albert/udem_ws/install/my_robot_interfaces/lib:/home/albert/bcdc_ws/install/aggiebot_msgs/lib:/home/albert/bcdc_ws/install/agbot_msgs/lib:/home/albert/arduinobot_ws/install/arduinobot_remote/lib:/home/albert/arduinobot_ws/install/arduinobot_cpp_examples/lib:/home/albert/arduinobot_ws/install/arduinobot_msgs/lib:/usr/lib/x86_64-linux-gnu/gazebo-11/plugins:/opt/ros/humble/opt/rviz_ogre_vendor/lib:/opt/ros/humble/lib/x86_64-linux-gnu:/opt/ros/humble/lib:/usr/share/gazebo/../../lib/x86_64-linux-gnu/gazebo-11/plugins /home/albert/.local/bin/cmake --build /home/albert/umov_ws/build/arduinobot_utils -- -j8 -l8
[3.559s] DEBUG:colcon.colcon_core.event_handler.log_command:Invoking command in '/home/albert/umov_ws/build/arduinobot_utils': CMAKE_PREFIX_PATH=/home/albert/umov_ws/install/arduinobot_msgs:/home/albert/ag_arm_ws/install/arm_setup_moveit:/home/albert/ag_arm_ws/install/arm_moveit:/home/albert/ag_arm_ws/install/arm_description:/home/albert/ag_arm_ws/install/arm_cpp:/home/albert/ag_arm_ws/install/arm_controller:/home/albert/ws_moveit2/install/pilz_industrial_motion_planner_testutils:/home/albert/ws_moveit2/install/moveit_runtime:/home/albert/ws_moveit2/install/moveit2_tutorials:/home/albert/ws_moveit2/install/moveit:/home/albert/ws_moveit2/install/moveit_planners:/home/albert/ws_moveit2/install/pilz_industrial_motion_planner:/home/albert/ws_moveit2/install/moveit_visual_tools:/home/albert/ws_moveit2/install/moveit_task_constructor_visualization:/home/albert/ws_moveit2/install/moveit_task_constructor_demo:/home/albert/ws_moveit2/install/moveit_task_constructor_capabilities:/home/albert/ws_moveit2/install/moveit_task_constructor_core:/home/albert/ws_moveit2/install/moveit_ros_control_interface:/home/albert/ws_moveit2/install/moveit_plugins:/home/albert/ws_moveit2/install/moveit_simple_controller_manager:/home/albert/ws_moveit2/install/moveit_setup_assistant:/home/albert/ws_moveit2/install/moveit_setup_srdf_plugins:/home/albert/ws_moveit2/install/moveit_setup_core_plugins:/home/albert/ws_moveit2/install/moveit_setup_controllers:/home/albert/ws_moveit2/install/moveit_setup_app_plugins:/home/albert/ws_moveit2/install/moveit_setup_framework:/home/albert/ws_moveit2/install/moveit_servo:/home/albert/ws_moveit2/install/moveit_ros:/home/albert/ws_moveit2/install/moveit_ros_visualization:/home/albert/ws_moveit2/install/moveit_hybrid_planning:/home/albert/ws_moveit2/install/moveit_ros_planning_interface:/home/albert/ws_moveit2/install/moveit_ros_benchmarks:/home/albert/ws_moveit2/install/moveit_ros_warehouse:/home/albert/ws_moveit2/install/moveit_ros_robot_interaction:/home/albert/ws_moveit2/install/moveit_ros_perception:/home/albert/ws_moveit2/install/moveit_resources_prbt_pg70_support:/home/albert/ws_moveit2/install/moveit_resources_prbt_moveit_config:/home/albert/ws_moveit2/install/moveit_ros_move_group:/home/albert/ws_moveit2/install/moveit_planners_ompl:/home/albert/ws_moveit2/install/moveit_ros_planning:/home/albert/ws_moveit2/install/moveit_ros_occupancy_map_monitor:/home/albert/ws_moveit2/install/moveit_resources_prbt_ikfast_manipulator_plugin:/home/albert/ws_moveit2/install/moveit_planners_chomp:/home/albert/ws_moveit2/install/moveit_kinematics:/home/albert/ws_moveit2/install/moveit_chomp_optimizer_adapter:/home/albert/ws_moveit2/install/chomp_motion_planner:/home/albert/ws_moveit2/install/moveit_core:/home/albert/ws_moveit2/install/srdfdom:/home/albert/ws_moveit2/install/rviz_marker_tools:/home/albert/ws_moveit2/install/rosparam_shortcuts:/home/albert/ws_moveit2/install/moveit_task_constructor_msgs:/home/albert/ws_moveit2/install/moveit_resources_prbt_support:/home/albert/ws_moveit2/install/moveit_resources:/home/albert/ws_moveit2/install/moveit_resources_pr2_description:/home/albert/ws_moveit2/install/moveit_resources_panda_moveit_config:/home/albert/ws_moveit2/install/moveit_resources_panda_description:/home/albert/ws_moveit2/install/moveit_resources_fanuc_moveit_config:/home/albert/ws_moveit2/install/moveit_resources_fanuc_description:/home/albert/ws_moveit2/install/moveit_common:/home/albert/umov_ws/install/MoveitAssistant:/home/albert/umov_ws/install/description:/home/albert/umov_ws/install/arduinobot_utils:/home/albert/umov_ws/install/arduinobot_remote:/home/albert/umov_ws/install/arduino_cpp_examples:/home/albert/umov_ws/install/arduinobot_moveit:/home/albert/umov_ws/install/arduinobot_firmware:/home/albert/umov_ws/install/arduinobot_controller:/home/albert/umov_ws/install/arduinobot_bringup:/home/albert/unav_ws/install/turtlebot3_fake_node:/home/albert/unav_ws/install/robot_bringup:/home/albert/unav_ws/install/nav2_robot_description:/home/albert/udem2_ws/install/robot_bringup:/home/albert/udem2_ws/install/my_robot_bringup:/home/albert/udem2_ws/install/lifecycle_cpp:/home/albert/udem2_ws/install/final_project_cpp:/home/albert/udem2_ws/install/actions_cpp:/home/albert/udem2_ws/install/robot_interfaces:/home/albert/udem2_ws/install/executors_cpp:/home/albert/udem2_ws/install/components_cpp:/home/albert/udem_ws/install/my_robot_bringup:/home/albert/udem_ws/install/my_cpp_pkg:/home/albert/udem_ws/install/my_robot_interfaces:/home/albert/udem_ws/install/my_robot_description:/home/albert/udem_ws/install/lifecycle_cpp:/home/albert/bcdc_ws/install/aggiebot_cpp:/home/albert/bcdc_ws/install/aggiebot_msgs:/home/albert/bcdc_ws/install/aggiebot_description:/home/albert/bcdc_ws/install/aggiebot_controller:/home/albert/bcdc_ws/install/aggiebot_bringup:/home/albert/bcdc_ws/install/aggiebot_arm_moveit:/home/albert/bcdc_ws/install/aggiebot_arm_description:/home/albert/bcdc_ws/install/aggiebot_arm_controller:/home/albert/bcdc_ws/install/agbot_setup_moveit:/home/albert/bcdc_ws/install/agbot_cpp:/home/albert/bcdc_ws/install/agbot_msgs:/home/albert/bcdc_ws/install/agbot_moveit:/home/albert/bcdc_ws/install/agbot_description:/home/albert/bcdc_ws/install/agbot_controller:/home/albert/bcdc_ws/install/agbot_bringup:/home/albert/bcdc_ws/install/agbot_arm_controller:/home/albert/arduinobot_ws/install/arduinobot_utils:/home/albert/arduinobot_ws/install/arduinobot_remote:/home/albert/arduinobot_ws/install/arduinobot_cpp_examples:/home/albert/arduinobot_ws/install/arduinobot_msgs:/home/albert/arduinobot_ws/install/arduinobot_moveit_setup:/home/albert/arduinobot_ws/install/arduinobot_moveit:/home/albert/arduinobot_ws/install/arduinobot_description:/home/albert/arduinobot_ws/install/arduinobot_controller:/home/albert/rad_ws/install/agbot_full_nav2:/home/albert/rad_ws/install/agbot_full_msgs:/home/albert/rad_ws/install/agbot_full_moveit_setup:/home/albert/rad_ws/install/agbot_full_moveit:/home/albert/rad_ws/install/agbot_full_description:/home/albert/rad_ws/install/agbot_full_cpp:/home/albert/rad_ws/install/agbot_full_controller:/home/albert/rad_ws/install/agbot_full_cartogropher:/home/albert/dev_ws/install/my_bot:/home/albert/ag_car_ws/install/car_nav2:/home/albert/ag_car_ws/install/car_description:/home/albert/ag_car_ws/install/car_controller:/home/albert/ag_car_ws/install/car_cartographer:/home/albert/ws_moveit2/install/moveit_configs_utils:/home/albert/ws_moveit2/install/launch_param_builder:/home/albert/umov_ws/install/arduino_py_examples:/home/albert/udem2_ws/install/actions_py:/home/albert/udem2_ws/install/lifecycle_py:/home/albert/udem2_ws/install/executors_py:/home/albert/udem2_ws/install/components_py:/home/albert/udem_ws/install/turtlesim_catcher:/home/albert/udem_ws/install/my_py_pkg:/home/albert/udem_ws/install/lifecycle_py:/home/albert/bcdc_ws/install/agbot_teleop:/home/albert/bcdc_ws/install/agbot_py:/home/albert/arduinobot_ws/install/arduinobot_py_examples:/opt/ros/humble LD_LIBRARY_PATH=/home/albert/umov_ws/install/arduinobot_msgs/lib:/home/albert/ws_moveit2/install/pilz_industrial_motion_planner_testutils/lib:/home/albert/ws_moveit2/install/pilz_industrial_motion_planner/lib:/home/albert/ws_moveit2/install/moveit_visual_tools/lib:/home/albert/ws_moveit2/install/moveit_task_constructor_visualization/lib:/home/albert/ws_moveit2/install/moveit_task_constructor_demo/lib:/home/albert/ws_moveit2/install/moveit_task_constructor_capabilities/lib:/home/albert/ws_moveit2/install/moveit_task_constructor_core/lib:/home/albert/ws_moveit2/install/moveit_ros_control_interface/lib:/home/albert/ws_moveit2/install/moveit_simple_controller_manager/lib:/home/albert/ws_moveit2/install/moveit_setup_assistant/lib:/home/albert/ws_moveit2/install/moveit_setup_srdf_plugins/lib:/home/albert/ws_moveit2/install/moveit_setup_core_plugins/lib:/home/albert/ws_moveit2/install/moveit_setup_controllers/lib:/home/albert/ws_moveit2/install/moveit_setup_app_plugins/lib:/home/albert/ws_moveit2/install/moveit_setup_framework/lib:/home/albert/ws_moveit2/install/moveit_servo/lib:/home/albert/ws_moveit2/install/moveit_ros_visualization/lib:/home/albert/ws_moveit2/install/moveit_hybrid_planning/lib:/home/albert/ws_moveit2/install/moveit_ros_planning_interface/lib:/home/albert/ws_moveit2/install/moveit_ros_benchmarks/lib:/home/albert/ws_moveit2/install/moveit_ros_warehouse/lib:/home/albert/ws_moveit2/install/moveit_ros_robot_interaction/lib:/home/albert/ws_moveit2/install/moveit_ros_perception/lib:/home/albert/ws_moveit2/install/moveit_ros_move_group/lib:/home/albert/ws_moveit2/install/moveit_planners_ompl/lib:/home/albert/ws_moveit2/install/moveit_ros_planning/lib:/home/albert/ws_moveit2/install/moveit_ros_occupancy_map_monitor/lib:/home/albert/ws_moveit2/install/moveit_resources_prbt_ikfast_manipulator_plugin/lib:/home/albert/ws_moveit2/install/moveit_planners_chomp/lib:/home/albert/ws_moveit2/install/moveit_kinematics/lib:/home/albert/ws_moveit2/install/moveit_chomp_optimizer_adapter/lib:/home/albert/ws_moveit2/install/chomp_motion_planner/lib:/home/albert/ws_moveit2/install/moveit_core/lib:/home/albert/ws_moveit2/install/srdfdom/lib:/home/albert/ws_moveit2/install/rviz_marker_tools/lib:/home/albert/ws_moveit2/install/rosparam_shortcuts/lib:/home/albert/ws_moveit2/install/moveit_task_constructor_msgs/lib:/home/albert/umov_ws/install/arduinobot_remote/lib:/home/albert/umov_ws/install/arduino_cpp_examples/lib:/home/albert/umov_ws/install/arduinobot_controller/lib:/home/albert/udem2_ws/install/final_project_cpp/lib:/home/albert/udem2_ws/install/robot_interfaces/lib:/home/albert/udem2_ws/install/components_cpp/lib:/home/albert/udem_ws/install/my_robot_interfaces/lib:/home/albert/bcdc_ws/install/aggiebot_msgs/lib:/home/albert/bcdc_ws/install/agbot_msgs/lib:/home/albert/arduinobot_ws/install/arduinobot_remote/lib:/home/albert/arduinobot_ws/install/arduinobot_cpp_examples/lib:/home/albert/arduinobot_ws/install/arduinobot_msgs/lib:/usr/lib/x86_64-linux-gnu/gazebo-11/plugins:/opt/ros/humble/opt/rviz_ogre_vendor/lib:/opt/ros/humble/lib/x86_64-linux-gnu:/opt/ros/humble/lib:/usr/share/gazebo/../../lib/x86_64-linux-gnu/gazebo-11/plugins /home/albert/.local/bin/cmake --install /home/albert/umov_ws/build/arduinobot_utils
[3.611s] DEBUG:colcon.colcon_core.event_handler.log_command:Invoked command in '/home/albert/umov_ws/build/arduino_cpp_examples' returned '2': CMAKE_PREFIX_PATH=/home/albert/umov_ws/install/arduinobot_msgs:/home/albert/ag_arm_ws/install/arm_setup_moveit:/home/albert/ag_arm_ws/install/arm_moveit:/home/albert/ag_arm_ws/install/arm_description:/home/albert/ag_arm_ws/install/arm_cpp:/home/albert/ag_arm_ws/install/arm_controller:/home/albert/ws_moveit2/install/pilz_industrial_motion_planner_testutils:/home/albert/ws_moveit2/install/moveit_runtime:/home/albert/ws_moveit2/install/moveit2_tutorials:/home/albert/ws_moveit2/install/moveit:/home/albert/ws_moveit2/install/moveit_planners:/home/albert/ws_moveit2/install/pilz_industrial_motion_planner:/home/albert/ws_moveit2/install/moveit_visual_tools:/home/albert/ws_moveit2/install/moveit_task_constructor_visualization:/home/albert/ws_moveit2/install/moveit_task_constructor_demo:/home/albert/ws_moveit2/install/moveit_task_constructor_capabilities:/home/albert/ws_moveit2/install/moveit_task_constructor_core:/home/albert/ws_moveit2/install/moveit_ros_control_interface:/home/albert/ws_moveit2/install/moveit_plugins:/home/albert/ws_moveit2/install/moveit_simple_controller_manager:/home/albert/ws_moveit2/install/moveit_setup_assistant:/home/albert/ws_moveit2/install/moveit_setup_srdf_plugins:/home/albert/ws_moveit2/install/moveit_setup_core_plugins:/home/albert/ws_moveit2/install/moveit_setup_controllers:/home/albert/ws_moveit2/install/moveit_setup_app_plugins:/home/albert/ws_moveit2/install/moveit_setup_framework:/home/albert/ws_moveit2/install/moveit_servo:/home/albert/ws_moveit2/install/moveit_ros:/home/albert/ws_moveit2/install/moveit_ros_visualization:/home/albert/ws_moveit2/install/moveit_hybrid_planning:/home/albert/ws_moveit2/install/moveit_ros_planning_interface:/home/albert/ws_moveit2/install/moveit_ros_benchmarks:/home/albert/ws_moveit2/install/moveit_ros_warehouse:/home/albert/ws_moveit2/install/moveit_ros_robot_interaction:/home/albert/ws_moveit2/install/moveit_ros_perception:/home/albert/ws_moveit2/install/moveit_resources_prbt_pg70_support:/home/albert/ws_moveit2/install/moveit_resources_prbt_moveit_config:/home/albert/ws_moveit2/install/moveit_ros_move_group:/home/albert/ws_moveit2/install/moveit_planners_ompl:/home/albert/ws_moveit2/install/moveit_ros_planning:/home/albert/ws_moveit2/install/moveit_ros_occupancy_map_monitor:/home/albert/ws_moveit2/install/moveit_resources_prbt_ikfast_manipulator_plugin:/home/albert/ws_moveit2/install/moveit_planners_chomp:/home/albert/ws_moveit2/install/moveit_kinematics:/home/albert/ws_moveit2/install/moveit_chomp_optimizer_adapter:/home/albert/ws_moveit2/install/chomp_motion_planner:/home/albert/ws_moveit2/install/moveit_core:/home/albert/ws_moveit2/install/srdfdom:/home/albert/ws_moveit2/install/rviz_marker_tools:/home/albert/ws_moveit2/install/rosparam_shortcuts:/home/albert/ws_moveit2/install/moveit_task_constructor_msgs:/home/albert/ws_moveit2/install/moveit_resources_prbt_support:/home/albert/ws_moveit2/install/moveit_resources:/home/albert/ws_moveit2/install/moveit_resources_pr2_description:/home/albert/ws_moveit2/install/moveit_resources_panda_moveit_config:/home/albert/ws_moveit2/install/moveit_resources_panda_description:/home/albert/ws_moveit2/install/moveit_resources_fanuc_moveit_config:/home/albert/ws_moveit2/install/moveit_resources_fanuc_description:/home/albert/ws_moveit2/install/moveit_common:/home/albert/umov_ws/install/MoveitAssistant:/home/albert/umov_ws/install/description:/home/albert/umov_ws/install/arduinobot_utils:/home/albert/umov_ws/install/arduinobot_remote:/home/albert/umov_ws/install/arduino_cpp_examples:/home/albert/umov_ws/install/arduinobot_moveit:/home/albert/umov_ws/install/arduinobot_firmware:/home/albert/umov_ws/install/arduinobot_controller:/home/albert/umov_ws/install/arduinobot_bringup:/home/albert/unav_ws/install/turtlebot3_fake_node:/home/albert/unav_ws/install/robot_bringup:/home/albert/unav_ws/install/nav2_robot_description:/home/albert/udem2_ws/install/robot_bringup:/home/albert/udem2_ws/install/my_robot_bringup:/home/albert/udem2_ws/install/lifecycle_cpp:/home/albert/udem2_ws/install/final_project_cpp:/home/albert/udem2_ws/install/actions_cpp:/home/albert/udem2_ws/install/robot_interfaces:/home/albert/udem2_ws/install/executors_cpp:/home/albert/udem2_ws/install/components_cpp:/home/albert/udem_ws/install/my_robot_bringup:/home/albert/udem_ws/install/my_cpp_pkg:/home/albert/udem_ws/install/my_robot_interfaces:/home/albert/udem_ws/install/my_robot_description:/home/albert/udem_ws/install/lifecycle_cpp:/home/albert/bcdc_ws/install/aggiebot_cpp:/home/albert/bcdc_ws/install/aggiebot_msgs:/home/albert/bcdc_ws/install/aggiebot_description:/home/albert/bcdc_ws/install/aggiebot_controller:/home/albert/bcdc_ws/install/aggiebot_bringup:/home/albert/bcdc_ws/install/aggiebot_arm_moveit:/home/albert/bcdc_ws/install/aggiebot_arm_description:/home/albert/bcdc_ws/install/aggiebot_arm_controller:/home/albert/bcdc_ws/install/agbot_setup_moveit:/home/albert/bcdc_ws/install/agbot_cpp:/home/albert/bcdc_ws/install/agbot_msgs:/home/albert/bcdc_ws/install/agbot_moveit:/home/albert/bcdc_ws/install/agbot_description:/home/albert/bcdc_ws/install/agbot_controller:/home/albert/bcdc_ws/install/agbot_bringup:/home/albert/bcdc_ws/install/agbot_arm_controller:/home/albert/arduinobot_ws/install/arduinobot_utils:/home/albert/arduinobot_ws/install/arduinobot_remote:/home/albert/arduinobot_ws/install/arduinobot_cpp_examples:/home/albert/arduinobot_ws/install/arduinobot_msgs:/home/albert/arduinobot_ws/install/arduinobot_moveit_setup:/home/albert/arduinobot_ws/install/arduinobot_moveit:/home/albert/arduinobot_ws/install/arduinobot_description:/home/albert/arduinobot_ws/install/arduinobot_controller:/home/albert/rad_ws/install/agbot_full_nav2:/home/albert/rad_ws/install/agbot_full_msgs:/home/albert/rad_ws/install/agbot_full_moveit_setup:/home/albert/rad_ws/install/agbot_full_moveit:/home/albert/rad_ws/install/agbot_full_description:/home/albert/rad_ws/install/agbot_full_cpp:/home/albert/rad_ws/install/agbot_full_controller:/home/albert/rad_ws/install/agbot_full_cartogropher:/home/albert/dev_ws/install/my_bot:/home/albert/ag_car_ws/install/car_nav2:/home/albert/ag_car_ws/install/car_description:/home/albert/ag_car_ws/install/car_controller:/home/albert/ag_car_ws/install/car_cartographer:/home/albert/ws_moveit2/install/moveit_configs_utils:/home/albert/ws_moveit2/install/launch_param_builder:/home/albert/umov_ws/install/arduino_py_examples:/home/albert/udem2_ws/install/actions_py:/home/albert/udem2_ws/install/lifecycle_py:/home/albert/udem2_ws/install/executors_py:/home/albert/udem2_ws/install/components_py:/home/albert/udem_ws/install/turtlesim_catcher:/home/albert/udem_ws/install/my_py_pkg:/home/albert/udem_ws/install/lifecycle_py:/home/albert/bcdc_ws/install/agbot_teleop:/home/albert/bcdc_ws/install/agbot_py:/home/albert/arduinobot_ws/install/arduinobot_py_examples:/opt/ros/humble LD_LIBRARY_PATH=/home/albert/umov_ws/install/arduinobot_msgs/lib:/home/albert/ws_moveit2/install/pilz_industrial_motion_planner_testutils/lib:/home/albert/ws_moveit2/install/pilz_industrial_motion_planner/lib:/home/albert/ws_moveit2/install/moveit_visual_tools/lib:/home/albert/ws_moveit2/install/moveit_task_constructor_visualization/lib:/home/albert/ws_moveit2/install/moveit_task_constructor_demo/lib:/home/albert/ws_moveit2/install/moveit_task_constructor_capabilities/lib:/home/albert/ws_moveit2/install/moveit_task_constructor_core/lib:/home/albert/ws_moveit2/install/moveit_ros_control_interface/lib:/home/albert/ws_moveit2/install/moveit_simple_controller_manager/lib:/home/albert/ws_moveit2/install/moveit_setup_assistant/lib:/home/albert/ws_moveit2/install/moveit_setup_srdf_plugins/lib:/home/albert/ws_moveit2/install/moveit_setup_core_plugins/lib:/home/albert/ws_moveit2/install/moveit_setup_controllers/lib:/home/albert/ws_moveit2/install/moveit_setup_app_plugins/lib:/home/albert/ws_moveit2/install/moveit_setup_framework/lib:/home/albert/ws_moveit2/install/moveit_servo/lib:/home/albert/ws_moveit2/install/moveit_ros_visualization/lib:/home/albert/ws_moveit2/install/moveit_hybrid_planning/lib:/home/albert/ws_moveit2/install/moveit_ros_planning_interface/lib:/home/albert/ws_moveit2/install/moveit_ros_benchmarks/lib:/home/albert/ws_moveit2/install/moveit_ros_warehouse/lib:/home/albert/ws_moveit2/install/moveit_ros_robot_interaction/lib:/home/albert/ws_moveit2/install/moveit_ros_perception/lib:/home/albert/ws_moveit2/install/moveit_ros_move_group/lib:/home/albert/ws_moveit2/install/moveit_planners_ompl/lib:/home/albert/ws_moveit2/install/moveit_ros_planning/lib:/home/albert/ws_moveit2/install/moveit_ros_occupancy_map_monitor/lib:/home/albert/ws_moveit2/install/moveit_resources_prbt_ikfast_manipulator_plugin/lib:/home/albert/ws_moveit2/install/moveit_planners_chomp/lib:/home/albert/ws_moveit2/install/moveit_kinematics/lib:/home/albert/ws_moveit2/install/moveit_chomp_optimizer_adapter/lib:/home/albert/ws_moveit2/install/chomp_motion_planner/lib:/home/albert/ws_moveit2/install/moveit_core/lib:/home/albert/ws_moveit2/install/srdfdom/lib:/home/albert/ws_moveit2/install/rviz_marker_tools/lib:/home/albert/ws_moveit2/install/rosparam_shortcuts/lib:/home/albert/ws_moveit2/install/moveit_task_constructor_msgs/lib:/home/albert/umov_ws/install/arduinobot_remote/lib:/home/albert/umov_ws/install/arduino_cpp_examples/lib:/home/albert/umov_ws/install/arduinobot_controller/lib:/home/albert/udem2_ws/install/final_project_cpp/lib:/home/albert/udem2_ws/install/robot_interfaces/lib:/home/albert/udem2_ws/install/components_cpp/lib:/home/albert/udem_ws/install/my_robot_interfaces/lib:/home/albert/bcdc_ws/install/aggiebot_msgs/lib:/home/albert/bcdc_ws/install/agbot_msgs/lib:/home/albert/arduinobot_ws/install/arduinobot_remote/lib:/home/albert/arduinobot_ws/install/arduinobot_cpp_examples/lib:/home/albert/arduinobot_ws/install/arduinobot_msgs/lib:/usr/lib/x86_64-linux-gnu/gazebo-11/plugins:/opt/ros/humble/opt/rviz_ogre_vendor/lib:/opt/ros/humble/lib/x86_64-linux-gnu:/opt/ros/humble/lib:/usr/share/gazebo/../../lib/x86_64-linux-gnu/gazebo-11/plugins /home/albert/.local/bin/cmake --build /home/albert/umov_ws/build/arduino_cpp_examples -- -j8 -l8
[3.612s] Level 1:colcon.colcon_core.environment:create_environment_scripts_only(arduino_cpp_examples)
[3.613s] Level 1:colcon.colcon_core.environment:checking '/home/albert/umov_ws/install/arduino_cpp_examples' for CMake module files
[3.614s] Level 1:colcon.colcon_core.environment:checking '/home/albert/umov_ws/install/arduino_cpp_examples' for CMake config files
[3.614s] Level 1:colcon.colcon_core.shell:create_environment_hook('arduino_cpp_examples', 'cmake_prefix_path')
[3.615s] INFO:colcon.colcon_core.shell:Creating environment hook '/home/albert/umov_ws/install/arduino_cpp_examples/share/arduino_cpp_examples/hook/cmake_prefix_path.ps1'
[3.616s] INFO:colcon.colcon_core.shell:Creating environment descriptor '/home/albert/umov_ws/install/arduino_cpp_examples/share/arduino_cpp_examples/hook/cmake_prefix_path.dsv'
[3.616s] INFO:colcon.colcon_core.shell:Creating environment hook '/home/albert/umov_ws/install/arduino_cpp_examples/share/arduino_cpp_examples/hook/cmake_prefix_path.sh'
[3.617s] Level 1:colcon.colcon_core.environment:checking '/home/albert/umov_ws/install/arduino_cpp_examples/lib'
[3.617s] Level 1:colcon.colcon_core.shell:create_environment_hook('arduino_cpp_examples', 'ld_library_path_lib')
[3.618s] INFO:colcon.colcon_core.shell:Creating environment hook '/home/albert/umov_ws/install/arduino_cpp_examples/share/arduino_cpp_examples/hook/ld_library_path_lib.ps1'
[3.618s] INFO:colcon.colcon_core.shell:Creating environment descriptor '/home/albert/umov_ws/install/arduino_cpp_examples/share/arduino_cpp_examples/hook/ld_library_path_lib.dsv'
[3.619s] INFO:colcon.colcon_core.shell:Creating environment hook '/home/albert/umov_ws/install/arduino_cpp_examples/share/arduino_cpp_examples/hook/ld_library_path_lib.sh'
[3.619s] Level 1:colcon.colcon_core.environment:checking '/home/albert/umov_ws/install/arduino_cpp_examples/bin'
[3.619s] Level 1:colcon.colcon_core.environment:checking '/home/albert/umov_ws/install/arduino_cpp_examples/lib/pkgconfig/arduino_cpp_examples.pc'
[3.619s] Level 1:colcon.colcon_core.environment:checking '/home/albert/umov_ws/install/arduino_cpp_examples/lib/python3.10/site-packages'
[3.619s] Level 1:colcon.colcon_core.environment:checking '/home/albert/umov_ws/install/arduino_cpp_examples/bin'
[3.620s] INFO:colcon.colcon_core.shell:Creating package script '/home/albert/umov_ws/install/arduino_cpp_examples/share/arduino_cpp_examples/package.ps1'
[3.620s] INFO:colcon.colcon_core.shell:Creating package descriptor '/home/albert/umov_ws/install/arduino_cpp_examples/share/arduino_cpp_examples/package.dsv'
[3.621s] INFO:colcon.colcon_core.shell:Creating package script '/home/albert/umov_ws/install/arduino_cpp_examples/share/arduino_cpp_examples/package.sh'
[3.621s] INFO:colcon.colcon_core.shell:Creating package script '/home/albert/umov_ws/install/arduino_cpp_examples/share/arduino_cpp_examples/package.bash'
[3.622s] INFO:colcon.colcon_core.shell:Creating package script '/home/albert/umov_ws/install/arduino_cpp_examples/share/arduino_cpp_examples/package.zsh'
[3.622s] Level 1:colcon.colcon_core.environment:create_file_with_runtime_dependencies(/home/albert/umov_ws/install/arduino_cpp_examples/share/colcon-core/packages/arduino_cpp_examples)
[4.016s] DEBUG:colcon.colcon_parallel_executor.executor.parallel:closing loop
[4.016s] DEBUG:colcon.colcon_parallel_executor.executor.parallel:loop closed
[4.016s] DEBUG:colcon.colcon_parallel_executor.executor.parallel:run_until_complete finished with '2'
[4.016s] DEBUG:colcon.colcon_core.event_reactor:joining thread
[4.031s] INFO:colcon.colcon_core.plugin_system:Skipping extension 'colcon_notification.desktop_notification.terminal_notifier': Not used on non-Darwin systems
[4.031s] INFO:colcon.colcon_core.plugin_system:Skipping extension 'colcon_notification.desktop_notification.win32': Not used on non-Windows systems
[4.031s] INFO:colcon.colcon_notification.desktop_notification:Sending desktop notification using 'notify2'
[4.058s] DEBUG:colcon.colcon_core.event_reactor:joined thread
[4.059s] INFO:colcon.colcon_core.shell:Creating prefix script '/home/albert/umov_ws/install/local_setup.ps1'
[4.062s] INFO:colcon.colcon_core.shell:Creating prefix util module '/home/albert/umov_ws/install/_local_setup_util_ps1.py'
[4.067s] INFO:colcon.colcon_core.shell:Creating prefix chain script '/home/albert/umov_ws/install/setup.ps1'
[4.087s] INFO:colcon.colcon_core.shell:Creating prefix script '/home/albert/umov_ws/install/local_setup.sh'
[4.091s] INFO:colcon.colcon_core.shell:Creating prefix util module '/home/albert/umov_ws/install/_local_setup_util_sh.py'
[4.092s] INFO:colcon.colcon_core.shell:Creating prefix chain script '/home/albert/umov_ws/install/setup.sh'
[4.113s] INFO:colcon.colcon_core.shell:Creating prefix script '/home/albert/umov_ws/install/local_setup.bash'
[4.117s] INFO:colcon.colcon_core.shell:Creating prefix chain script '/home/albert/umov_ws/install/setup.bash'
[4.133s] INFO:colcon.colcon_core.shell:Creating prefix script '/home/albert/umov_ws/install/local_setup.zsh'
[4.135s] INFO:colcon.colcon_core.shell:Creating prefix chain script '/home/albert/umov_ws/install/setup.zsh'
