[0.627s] DEBUG:colcon:Command line arguments: ['/usr/bin/colcon', 'build']
[0.628s] DEBUG:colcon:Parsed command line arguments: Namespace(log_base=None, log_level=None, verb_name='build', build_base='build', install_base='install', merge_install=False, symlink_install=False, test_result_base=None, continue_on_error=False, executor='parallel', parallel_workers=8, event_handlers=None, ignore_user_meta=False, metas=['./colcon.meta'], base_paths=['.'], packages_ignore=None, packages_ignore_regex=None, paths=None, packages_up_to=None, packages_up_to_regex=None, packages_above=None, packages_above_and_dependencies=None, packages_above_depth=None, packages_select_by_dep=None, packages_skip_by_dep=None, packages_skip_up_to=None, packages_select_build_failed=False, packages_skip_build_finished=False, packages_select_test_failures=False, packages_skip_test_passed=False, packages_select=None, packages_skip=None, packages_select_regex=None, packages_skip_regex=None, packages_start=None, packages_end=None, allow_overriding=[], cmake_args=None, cmake_target=None, cmake_target_skip_unavailable=False, cmake_clean_cache=False, cmake_clean_first=False, cmake_force_configure=False, ament_cmake_args=None, catkin_cmake_args=None, catkin_skip_building_tests=False, mixin_files=None, mixin=None, verb_parser=<colcon_mixin.mixin.mixin_argument.MixinArgumentDecorator object at 0x78d2f6f5b460>, verb_extension=<colcon_core.verb.build.BuildVerb object at 0x78d2f70a83a0>, main=<bound method BuildVerb.main of <colcon_core.verb.build.BuildVerb object at 0x78d2f70a83a0>>, mixin_verb=('build',))
[1.775s] Level 1:colcon.colcon_core.package_discovery:discover_packages(colcon_meta) check parameters
[1.776s] Level 1:colcon.colcon_core.package_discovery:discover_packages(recursive) check parameters
[1.776s] Level 1:colcon.colcon_core.package_discovery:discover_packages(ignore) check parameters
[1.776s] Level 1:colcon.colcon_core.package_discovery:discover_packages(path) check parameters
[1.776s] Level 1:colcon.colcon_core.package_discovery:discover_packages(colcon_meta) discover
[1.776s] Level 1:colcon.colcon_core.package_discovery:discover_packages(recursive) discover
[1.777s] INFO:colcon.colcon_core.package_discovery:Crawling recursively for packages in '/home/albert/umov_ws'
[1.777s] Level 1:colcon.colcon_core.package_identification:_identify(.) by extensions ['ignore', 'ignore_ament_install']
[1.777s] Level 1:colcon.colcon_core.package_identification:_identify(.) by extension 'ignore'
[1.777s] Level 1:colcon.colcon_core.package_identification:_identify(.) by extension 'ignore_ament_install'
[1.778s] Level 1:colcon.colcon_core.package_identification:_identify(.) by extensions ['colcon_pkg']
[1.778s] Level 1:colcon.colcon_core.package_identification:_identify(.) by extension 'colcon_pkg'
[1.778s] Level 1:colcon.colcon_core.package_identification:_identify(.) by extensions ['colcon_meta']
[1.778s] Level 1:colcon.colcon_core.package_identification:_identify(.) by extension 'colcon_meta'
[1.778s] Level 1:colcon.colcon_core.package_identification:_identify(.) by extensions ['ros']
[1.778s] Level 1:colcon.colcon_core.package_identification:_identify(.) by extension 'ros'
[1.846s] Level 1:colcon.colcon_core.package_identification:_identify(.) by extensions ['cmake', 'python']
[1.846s] Level 1:colcon.colcon_core.package_identification:_identify(.) by extension 'cmake'
[1.847s] Level 1:colcon.colcon_core.package_identification:_identify(.) by extension 'python'
[1.847s] Level 1:colcon.colcon_core.package_identification:_identify(.) by extensions ['python_setup_py']
[1.847s] Level 1:colcon.colcon_core.package_identification:_identify(.) by extension 'python_setup_py'
[1.848s] Level 1:colcon.colcon_core.package_identification:_identify(CAD of Robot) by extensions ['ignore', 'ignore_ament_install']
[1.848s] Level 1:colcon.colcon_core.package_identification:_identify(CAD of Robot) by extension 'ignore'
[1.849s] Level 1:colcon.colcon_core.package_identification:_identify(CAD of Robot) by extension 'ignore_ament_install'
[1.849s] Level 1:colcon.colcon_core.package_identification:_identify(CAD of Robot) by extensions ['colcon_pkg']
[1.849s] Level 1:colcon.colcon_core.package_identification:_identify(CAD of Robot) by extension 'colcon_pkg'
[1.849s] Level 1:colcon.colcon_core.package_identification:_identify(CAD of Robot) by extensions ['colcon_meta']
[1.849s] Level 1:colcon.colcon_core.package_identification:_identify(CAD of Robot) by extension 'colcon_meta'
[1.849s] Level 1:colcon.colcon_core.package_identification:_identify(CAD of Robot) by extensions ['ros']
[1.850s] Level 1:colcon.colcon_core.package_identification:_identify(CAD of Robot) by extension 'ros'
[1.850s] Level 1:colcon.colcon_core.package_identification:_identify(CAD of Robot) by extensions ['cmake', 'python']
[1.850s] Level 1:colcon.colcon_core.package_identification:_identify(CAD of Robot) by extension 'cmake'
[1.850s] Level 1:colcon.colcon_core.package_identification:_identify(CAD of Robot) by extension 'python'
[1.851s] Level 1:colcon.colcon_core.package_identification:_identify(CAD of Robot) by extensions ['python_setup_py']
[1.851s] Level 1:colcon.colcon_core.package_identification:_identify(CAD of Robot) by extension 'python_setup_py'
[1.851s] Level 1:colcon.colcon_core.package_identification:_identify(STL 3D Print) by extensions ['ignore', 'ignore_ament_install']
[1.851s] Level 1:colcon.colcon_core.package_identification:_identify(STL 3D Print) by extension 'ignore'
[1.852s] Level 1:colcon.colcon_core.package_identification:_identify(STL 3D Print) by extension 'ignore_ament_install'
[1.852s] Level 1:colcon.colcon_core.package_identification:_identify(STL 3D Print) by extensions ['colcon_pkg']
[1.852s] Level 1:colcon.colcon_core.package_identification:_identify(STL 3D Print) by extension 'colcon_pkg'
[1.852s] Level 1:colcon.colcon_core.package_identification:_identify(STL 3D Print) by extensions ['colcon_meta']
[1.852s] Level 1:colcon.colcon_core.package_identification:_identify(STL 3D Print) by extension 'colcon_meta'
[1.853s] Level 1:colcon.colcon_core.package_identification:_identify(STL 3D Print) by extensions ['ros']
[1.853s] Level 1:colcon.colcon_core.package_identification:_identify(STL 3D Print) by extension 'ros'
[1.854s] Level 1:colcon.colcon_core.package_identification:_identify(STL 3D Print) by extensions ['cmake', 'python']
[1.854s] Level 1:colcon.colcon_core.package_identification:_identify(STL 3D Print) by extension 'cmake'
[1.855s] Level 1:colcon.colcon_core.package_identification:_identify(STL 3D Print) by extension 'python'
[1.855s] Level 1:colcon.colcon_core.package_identification:_identify(STL 3D Print) by extensions ['python_setup_py']
[1.856s] Level 1:colcon.colcon_core.package_identification:_identify(STL 3D Print) by extension 'python_setup_py'
[1.856s] Level 1:colcon.colcon_core.package_identification:_identify(STL Gazebo) by extensions ['ignore', 'ignore_ament_install']
[1.856s] Level 1:colcon.colcon_core.package_identification:_identify(STL Gazebo) by extension 'ignore'
[1.856s] Level 1:colcon.colcon_core.package_identification:_identify(STL Gazebo) by extension 'ignore_ament_install'
[1.857s] Level 1:colcon.colcon_core.package_identification:_identify(STL Gazebo) by extensions ['colcon_pkg']
[1.857s] Level 1:colcon.colcon_core.package_identification:_identify(STL Gazebo) by extension 'colcon_pkg'
[1.857s] Level 1:colcon.colcon_core.package_identification:_identify(STL Gazebo) by extensions ['colcon_meta']
[1.857s] Level 1:colcon.colcon_core.package_identification:_identify(STL Gazebo) by extension 'colcon_meta'
[1.857s] Level 1:colcon.colcon_core.package_identification:_identify(STL Gazebo) by extensions ['ros']
[1.857s] Level 1:colcon.colcon_core.package_identification:_identify(STL Gazebo) by extension 'ros'
[1.858s] Level 1:colcon.colcon_core.package_identification:_identify(STL Gazebo) by extensions ['cmake', 'python']
[1.858s] Level 1:colcon.colcon_core.package_identification:_identify(STL Gazebo) by extension 'cmake'
[1.858s] Level 1:colcon.colcon_core.package_identification:_identify(STL Gazebo) by extension 'python'
[1.858s] Level 1:colcon.colcon_core.package_identification:_identify(STL Gazebo) by extensions ['python_setup_py']
[1.858s] Level 1:colcon.colcon_core.package_identification:_identify(STL Gazebo) by extension 'python_setup_py'
[1.859s] Level 1:colcon.colcon_core.package_identification:_identify(build) by extensions ['ignore', 'ignore_ament_install']
[1.859s] Level 1:colcon.colcon_core.package_identification:_identify(build) by extension 'ignore'
[1.859s] Level 1:colcon.colcon_core.package_identification:_identify(build) ignored
[1.859s] Level 1:colcon.colcon_core.package_identification:_identify(install) by extensions ['ignore', 'ignore_ament_install']
[1.860s] Level 1:colcon.colcon_core.package_identification:_identify(install) by extension 'ignore'
[1.860s] Level 1:colcon.colcon_core.package_identification:_identify(install) ignored
[1.861s] Level 1:colcon.colcon_core.package_identification:_identify(log) by extensions ['ignore', 'ignore_ament_install']
[1.861s] Level 1:colcon.colcon_core.package_identification:_identify(log) by extension 'ignore'
[1.861s] Level 1:colcon.colcon_core.package_identification:_identify(log) ignored
[1.861s] Level 1:colcon.colcon_core.package_identification:_identify(src) by extensions ['ignore', 'ignore_ament_install']
[1.862s] Level 1:colcon.colcon_core.package_identification:_identify(src) by extension 'ignore'
[1.862s] Level 1:colcon.colcon_core.package_identification:_identify(src) by extension 'ignore_ament_install'
[1.862s] Level 1:colcon.colcon_core.package_identification:_identify(src) by extensions ['colcon_pkg']
[1.862s] Level 1:colcon.colcon_core.package_identification:_identify(src) by extension 'colcon_pkg'
[1.862s] Level 1:colcon.colcon_core.package_identification:_identify(src) by extensions ['colcon_meta']
[1.862s] Level 1:colcon.colcon_core.package_identification:_identify(src) by extension 'colcon_meta'
[1.863s] Level 1:colcon.colcon_core.package_identification:_identify(src) by extensions ['ros']
[1.863s] Level 1:colcon.colcon_core.package_identification:_identify(src) by extension 'ros'
[1.863s] Level 1:colcon.colcon_core.package_identification:_identify(src) by extensions ['cmake', 'python']
[1.863s] Level 1:colcon.colcon_core.package_identification:_identify(src) by extension 'cmake'
[1.863s] Level 1:colcon.colcon_core.package_identification:_identify(src) by extension 'python'
[1.863s] Level 1:colcon.colcon_core.package_identification:_identify(src) by extensions ['python_setup_py']
[1.863s] Level 1:colcon.colcon_core.package_identification:_identify(src) by extension 'python_setup_py'
[1.864s] Level 1:colcon.colcon_core.package_identification:_identify(src/arduino_cpp_examples) by extensions ['ignore', 'ignore_ament_install']
[1.864s] Level 1:colcon.colcon_core.package_identification:_identify(src/arduino_cpp_examples) by extension 'ignore'
[1.864s] Level 1:colcon.colcon_core.package_identification:_identify(src/arduino_cpp_examples) by extension 'ignore_ament_install'
[1.865s] Level 1:colcon.colcon_core.package_identification:_identify(src/arduino_cpp_examples) by extensions ['colcon_pkg']
[1.865s] Level 1:colcon.colcon_core.package_identification:_identify(src/arduino_cpp_examples) by extension 'colcon_pkg'
[1.865s] Level 1:colcon.colcon_core.package_identification:_identify(src/arduino_cpp_examples) by extensions ['colcon_meta']
[1.865s] Level 1:colcon.colcon_core.package_identification:_identify(src/arduino_cpp_examples) by extension 'colcon_meta'
[1.865s] Level 1:colcon.colcon_core.package_identification:_identify(src/arduino_cpp_examples) by extensions ['ros']
[1.865s] Level 1:colcon.colcon_core.package_identification:_identify(src/arduino_cpp_examples) by extension 'ros'
[1.877s] DEBUG:colcon.colcon_core.package_identification:Package 'src/arduino_cpp_examples' with type 'ros.ament_cmake' and name 'arduino_cpp_examples'
[1.877s] Level 1:colcon.colcon_core.package_identification:_identify(src/arduino_py_examples) by extensions ['ignore', 'ignore_ament_install']
[1.877s] Level 1:colcon.colcon_core.package_identification:_identify(src/arduino_py_examples) by extension 'ignore'
[1.877s] Level 1:colcon.colcon_core.package_identification:_identify(src/arduino_py_examples) by extension 'ignore_ament_install'
[1.878s] Level 1:colcon.colcon_core.package_identification:_identify(src/arduino_py_examples) by extensions ['colcon_pkg']
[1.878s] Level 1:colcon.colcon_core.package_identification:_identify(src/arduino_py_examples) by extension 'colcon_pkg'
[1.879s] Level 1:colcon.colcon_core.package_identification:_identify(src/arduino_py_examples) by extensions ['colcon_meta']
[1.879s] Level 1:colcon.colcon_core.package_identification:_identify(src/arduino_py_examples) by extension 'colcon_meta'
[1.880s] Level 1:colcon.colcon_core.package_identification:_identify(src/arduino_py_examples) by extensions ['ros']
[1.880s] Level 1:colcon.colcon_core.package_identification:_identify(src/arduino_py_examples) by extension 'ros'
[1.889s] DEBUG:colcon.colcon_core.package_identification:Package 'src/arduino_py_examples' with type 'ros.ament_python' and name 'arduino_py_examples'
[1.890s] Level 1:colcon.colcon_core.package_identification:_identify(src/arduinobot_bringup) by extensions ['ignore', 'ignore_ament_install']
[1.890s] Level 1:colcon.colcon_core.package_identification:_identify(src/arduinobot_bringup) by extension 'ignore'
[1.891s] Level 1:colcon.colcon_core.package_identification:_identify(src/arduinobot_bringup) by extension 'ignore_ament_install'
[1.891s] Level 1:colcon.colcon_core.package_identification:_identify(src/arduinobot_bringup) by extensions ['colcon_pkg']
[1.891s] Level 1:colcon.colcon_core.package_identification:_identify(src/arduinobot_bringup) by extension 'colcon_pkg'
[1.891s] Level 1:colcon.colcon_core.package_identification:_identify(src/arduinobot_bringup) by extensions ['colcon_meta']
[1.891s] Level 1:colcon.colcon_core.package_identification:_identify(src/arduinobot_bringup) by extension 'colcon_meta'
[1.891s] Level 1:colcon.colcon_core.package_identification:_identify(src/arduinobot_bringup) by extensions ['ros']
[1.891s] Level 1:colcon.colcon_core.package_identification:_identify(src/arduinobot_bringup) by extension 'ros'
[1.893s] DEBUG:colcon.colcon_core.package_identification:Package 'src/arduinobot_bringup' with type 'ros.ament_cmake' and name 'arduinobot_bringup'
[1.894s] Level 1:colcon.colcon_core.package_identification:_identify(src/arduinobot_controller) by extensions ['ignore', 'ignore_ament_install']
[1.894s] Level 1:colcon.colcon_core.package_identification:_identify(src/arduinobot_controller) by extension 'ignore'
[1.894s] Level 1:colcon.colcon_core.package_identification:_identify(src/arduinobot_controller) by extension 'ignore_ament_install'
[1.894s] Level 1:colcon.colcon_core.package_identification:_identify(src/arduinobot_controller) by extensions ['colcon_pkg']
[1.894s] Level 1:colcon.colcon_core.package_identification:_identify(src/arduinobot_controller) by extension 'colcon_pkg'
[1.895s] Level 1:colcon.colcon_core.package_identification:_identify(src/arduinobot_controller) by extensions ['colcon_meta']
[1.895s] Level 1:colcon.colcon_core.package_identification:_identify(src/arduinobot_controller) by extension 'colcon_meta'
[1.895s] Level 1:colcon.colcon_core.package_identification:_identify(src/arduinobot_controller) by extensions ['ros']
[1.895s] Level 1:colcon.colcon_core.package_identification:_identify(src/arduinobot_controller) by extension 'ros'
[1.902s] DEBUG:colcon.colcon_core.package_identification:Package 'src/arduinobot_controller' with type 'ros.ament_cmake' and name 'arduinobot_controller'
[1.902s] Level 1:colcon.colcon_core.package_identification:_identify(src/arduinobot_firmware) by extensions ['ignore', 'ignore_ament_install']
[1.903s] Level 1:colcon.colcon_core.package_identification:_identify(src/arduinobot_firmware) by extension 'ignore'
[1.903s] Level 1:colcon.colcon_core.package_identification:_identify(src/arduinobot_firmware) by extension 'ignore_ament_install'
[1.903s] Level 1:colcon.colcon_core.package_identification:_identify(src/arduinobot_firmware) by extensions ['colcon_pkg']
[1.903s] Level 1:colcon.colcon_core.package_identification:_identify(src/arduinobot_firmware) by extension 'colcon_pkg'
[1.903s] Level 1:colcon.colcon_core.package_identification:_identify(src/arduinobot_firmware) by extensions ['colcon_meta']
[1.903s] Level 1:colcon.colcon_core.package_identification:_identify(src/arduinobot_firmware) by extension 'colcon_meta'
[1.903s] Level 1:colcon.colcon_core.package_identification:_identify(src/arduinobot_firmware) by extensions ['ros']
[1.904s] Level 1:colcon.colcon_core.package_identification:_identify(src/arduinobot_firmware) by extension 'ros'
[1.907s] DEBUG:colcon.colcon_core.package_identification:Package 'src/arduinobot_firmware' with type 'ros.ament_cmake' and name 'arduinobot_firmware'
[1.907s] Level 1:colcon.colcon_core.package_identification:_identify(src/arduinobot_moveit) by extensions ['ignore', 'ignore_ament_install']
[1.908s] Level 1:colcon.colcon_core.package_identification:_identify(src/arduinobot_moveit) by extension 'ignore'
[1.908s] Level 1:colcon.colcon_core.package_identification:_identify(src/arduinobot_moveit) by extension 'ignore_ament_install'
[1.908s] Level 1:colcon.colcon_core.package_identification:_identify(src/arduinobot_moveit) by extensions ['colcon_pkg']
[1.908s] Level 1:colcon.colcon_core.package_identification:_identify(src/arduinobot_moveit) by extension 'colcon_pkg'
[1.908s] Level 1:colcon.colcon_core.package_identification:_identify(src/arduinobot_moveit) by extensions ['colcon_meta']
[1.908s] Level 1:colcon.colcon_core.package_identification:_identify(src/arduinobot_moveit) by extension 'colcon_meta'
[1.908s] Level 1:colcon.colcon_core.package_identification:_identify(src/arduinobot_moveit) by extensions ['ros']
[1.908s] Level 1:colcon.colcon_core.package_identification:_identify(src/arduinobot_moveit) by extension 'ros'
[1.910s] DEBUG:colcon.colcon_core.package_identification:Package 'src/arduinobot_moveit' with type 'ros.ament_cmake' and name 'arduinobot_moveit'
[1.911s] Level 1:colcon.colcon_core.package_identification:_identify(src/arduinobot_msgs) by extensions ['ignore', 'ignore_ament_install']
[1.911s] Level 1:colcon.colcon_core.package_identification:_identify(src/arduinobot_msgs) by extension 'ignore'
[1.911s] Level 1:colcon.colcon_core.package_identification:_identify(src/arduinobot_msgs) by extension 'ignore_ament_install'
[1.911s] Level 1:colcon.colcon_core.package_identification:_identify(src/arduinobot_msgs) by extensions ['colcon_pkg']
[1.912s] Level 1:colcon.colcon_core.package_identification:_identify(src/arduinobot_msgs) by extension 'colcon_pkg'
[1.912s] Level 1:colcon.colcon_core.package_identification:_identify(src/arduinobot_msgs) by extensions ['colcon_meta']
[1.912s] Level 1:colcon.colcon_core.package_identification:_identify(src/arduinobot_msgs) by extension 'colcon_meta'
[1.912s] Level 1:colcon.colcon_core.package_identification:_identify(src/arduinobot_msgs) by extensions ['ros']
[1.912s] Level 1:colcon.colcon_core.package_identification:_identify(src/arduinobot_msgs) by extension 'ros'
[1.916s] DEBUG:colcon.colcon_core.package_identification:Package 'src/arduinobot_msgs' with type 'ros.ament_cmake' and name 'arduinobot_msgs'
[1.916s] Level 1:colcon.colcon_core.package_identification:_identify(src/arduinobot_remote) by extensions ['ignore', 'ignore_ament_install']
[1.917s] Level 1:colcon.colcon_core.package_identification:_identify(src/arduinobot_remote) by extension 'ignore'
[1.917s] Level 1:colcon.colcon_core.package_identification:_identify(src/arduinobot_remote) by extension 'ignore_ament_install'
[1.917s] Level 1:colcon.colcon_core.package_identification:_identify(src/arduinobot_remote) by extensions ['colcon_pkg']
[1.917s] Level 1:colcon.colcon_core.package_identification:_identify(src/arduinobot_remote) by extension 'colcon_pkg'
[1.918s] Level 1:colcon.colcon_core.package_identification:_identify(src/arduinobot_remote) by extensions ['colcon_meta']
[1.919s] Level 1:colcon.colcon_core.package_identification:_identify(src/arduinobot_remote) by extension 'colcon_meta'
[1.919s] Level 1:colcon.colcon_core.package_identification:_identify(src/arduinobot_remote) by extensions ['ros']
[1.919s] Level 1:colcon.colcon_core.package_identification:_identify(src/arduinobot_remote) by extension 'ros'
[1.924s] DEBUG:colcon.colcon_core.package_identification:Package 'src/arduinobot_remote' with type 'ros.ament_cmake' and name 'arduinobot_remote'
[1.924s] Level 1:colcon.colcon_core.package_identification:_identify(src/arduinobot_utils) by extensions ['ignore', 'ignore_ament_install']
[1.924s] Level 1:colcon.colcon_core.package_identification:_identify(src/arduinobot_utils) by extension 'ignore'
[1.925s] Level 1:colcon.colcon_core.package_identification:_identify(src/arduinobot_utils) by extension 'ignore_ament_install'
[1.925s] Level 1:colcon.colcon_core.package_identification:_identify(src/arduinobot_utils) by extensions ['colcon_pkg']
[1.925s] Level 1:colcon.colcon_core.package_identification:_identify(src/arduinobot_utils) by extension 'colcon_pkg'
[1.925s] Level 1:colcon.colcon_core.package_identification:_identify(src/arduinobot_utils) by extensions ['colcon_meta']
[1.926s] Level 1:colcon.colcon_core.package_identification:_identify(src/arduinobot_utils) by extension 'colcon_meta'
[1.926s] Level 1:colcon.colcon_core.package_identification:_identify(src/arduinobot_utils) by extensions ['ros']
[1.926s] Level 1:colcon.colcon_core.package_identification:_identify(src/arduinobot_utils) by extension 'ros'
[1.930s] DEBUG:colcon.colcon_core.package_identification:Package 'src/arduinobot_utils' with type 'ros.ament_cmake' and name 'arduinobot_utils'
[1.930s] Level 1:colcon.colcon_core.package_identification:_identify(src/description) by extensions ['ignore', 'ignore_ament_install']
[1.931s] Level 1:colcon.colcon_core.package_identification:_identify(src/description) by extension 'ignore'
[1.932s] Level 1:colcon.colcon_core.package_identification:_identify(src/description) by extension 'ignore_ament_install'
[1.933s] Level 1:colcon.colcon_core.package_identification:_identify(src/description) by extensions ['colcon_pkg']
[1.933s] Level 1:colcon.colcon_core.package_identification:_identify(src/description) by extension 'colcon_pkg'
[1.933s] Level 1:colcon.colcon_core.package_identification:_identify(src/description) by extensions ['colcon_meta']
[1.933s] Level 1:colcon.colcon_core.package_identification:_identify(src/description) by extension 'colcon_meta'
[1.934s] Level 1:colcon.colcon_core.package_identification:_identify(src/description) by extensions ['ros']
[1.934s] Level 1:colcon.colcon_core.package_identification:_identify(src/description) by extension 'ros'
[1.937s] DEBUG:colcon.colcon_core.package_identification:Package 'src/description' with type 'ros.ament_cmake' and name 'description'
[1.937s] Level 1:colcon.colcon_core.package_identification:_identify(src/moveitAssistant) by extensions ['ignore', 'ignore_ament_install']
[1.938s] Level 1:colcon.colcon_core.package_identification:_identify(src/moveitAssistant) by extension 'ignore'
[1.938s] Level 1:colcon.colcon_core.package_identification:_identify(src/moveitAssistant) by extension 'ignore_ament_install'
[1.938s] Level 1:colcon.colcon_core.package_identification:_identify(src/moveitAssistant) by extensions ['colcon_pkg']
[1.938s] Level 1:colcon.colcon_core.package_identification:_identify(src/moveitAssistant) by extension 'colcon_pkg'
[1.938s] Level 1:colcon.colcon_core.package_identification:_identify(src/moveitAssistant) by extensions ['colcon_meta']
[1.938s] Level 1:colcon.colcon_core.package_identification:_identify(src/moveitAssistant) by extension 'colcon_meta'
[1.938s] Level 1:colcon.colcon_core.package_identification:_identify(src/moveitAssistant) by extensions ['ros']
[1.939s] Level 1:colcon.colcon_core.package_identification:_identify(src/moveitAssistant) by extension 'ros'
[1.942s] DEBUG:colcon.colcon_core.package_identification:Package 'src/moveitAssistant' with type 'ros.ament_cmake' and name 'MoveitAssistant'
[1.942s] Level 1:colcon.colcon_core.package_discovery:discover_packages(recursive) using defaults
[1.942s] Level 1:colcon.colcon_core.package_discovery:discover_packages(ignore) discover
[1.942s] Level 1:colcon.colcon_core.package_discovery:discover_packages(ignore) using defaults
[1.942s] Level 1:colcon.colcon_core.package_discovery:discover_packages(path) discover
[1.942s] Level 1:colcon.colcon_core.package_discovery:discover_packages(path) using defaults
[2.044s] Level 1:colcon.colcon_core.package_discovery:discover_packages(prefix_path) check parameters
[2.044s] Level 1:colcon.colcon_core.package_discovery:discover_packages(prefix_path) discover
[2.069s] DEBUG:colcon.colcon_installed_package_information.package_discovery:Found 11 installed packages in /home/albert/umov_ws/install
[2.073s] DEBUG:colcon.colcon_installed_package_information.package_discovery:Found 12 installed packages in /home/albert/udem2_ws/install
[2.077s] DEBUG:colcon.colcon_installed_package_information.package_discovery:Found 18 installed packages in /home/albert/bcdc_ws/install
[2.084s] DEBUG:colcon.colcon_installed_package_information.package_discovery:Found 55 installed packages in /home/albert/ws_moveit2/install
[2.086s] DEBUG:colcon.colcon_installed_package_information.package_discovery:Found 3 installed packages in /home/albert/unav_ws/install
[2.088s] DEBUG:colcon.colcon_installed_package_information.package_discovery:Found 8 installed packages in /home/albert/udem_ws/install
[2.091s] DEBUG:colcon.colcon_installed_package_information.package_discovery:Found 9 installed packages in /home/albert/arduinobot_ws/install
[2.096s] DEBUG:colcon.colcon_installed_package_information.package_discovery:Found 5 installed packages in /home/albert/ag_arm_ws/install
[2.098s] DEBUG:colcon.colcon_installed_package_information.package_discovery:Found 8 installed packages in /home/albert/rad_ws/install
[2.100s] DEBUG:colcon.colcon_installed_package_information.package_discovery:Found 1 installed packages in /home/albert/dev_ws/install
[2.101s] DEBUG:colcon.colcon_installed_package_information.package_discovery:Found 4 installed packages in /home/albert/ag_car_ws/install
[2.108s] DEBUG:colcon.colcon_installed_package_information.package_discovery:Found 436 installed packages in /opt/ros/humble
[2.118s] Level 1:colcon.colcon_core.package_discovery:discover_packages(prefix_path) using defaults
[2.385s] WARNING:colcon.colcon_core.package_selection:Some selected packages are already built in one or more underlay workspaces:
	'arduinobot_msgs' is in: /home/albert/umov_ws/install/arduinobot_msgs, /home/albert/arduinobot_ws/install/arduinobot_msgs
If a package in a merged underlay workspace is overridden and it installs headers, then all packages in the overlay must sort their include directories by workspace order. Failure to do so may result in build failures or undefined behavior at run time.
If the overridden package is used by another package in any underlay, then the overriding package in the overlay must be API and ABI compatible or undefined behavior at run time may occur.

If you understand the risks and want to override a package anyways, add the following to the command line:
	--allow-overriding arduinobot_msgs

This may be promoted to an error in a future release of colcon-override-check.
[2.388s] Level 5:colcon.colcon_core.verb:set package 'arduinobot_bringup' build argument 'cmake_args' from command line to 'None'
[2.388s] Level 5:colcon.colcon_core.verb:set package 'arduinobot_bringup' build argument 'cmake_target' from command line to 'None'
[2.388s] Level 5:colcon.colcon_core.verb:set package 'arduinobot_bringup' build argument 'cmake_target_skip_unavailable' from command line to 'False'
[2.389s] Level 5:colcon.colcon_core.verb:set package 'arduinobot_bringup' build argument 'cmake_clean_cache' from command line to 'False'
[2.389s] Level 5:colcon.colcon_core.verb:set package 'arduinobot_bringup' build argument 'cmake_clean_first' from command line to 'False'
[2.389s] Level 5:colcon.colcon_core.verb:set package 'arduinobot_bringup' build argument 'cmake_force_configure' from command line to 'False'
[2.389s] Level 5:colcon.colcon_core.verb:set package 'arduinobot_bringup' build argument 'ament_cmake_args' from command line to 'None'
[2.389s] Level 5:colcon.colcon_core.verb:set package 'arduinobot_bringup' build argument 'catkin_cmake_args' from command line to 'None'
[2.389s] Level 5:colcon.colcon_core.verb:set package 'arduinobot_bringup' build argument 'catkin_skip_building_tests' from command line to 'False'
[2.389s] DEBUG:colcon.colcon_core.verb:Building package 'arduinobot_bringup' with the following arguments: {'ament_cmake_args': None, 'build_base': '/home/albert/umov_ws/build/arduinobot_bringup', 'catkin_cmake_args': None, 'catkin_skip_building_tests': False, 'cmake_args': None, 'cmake_clean_cache': False, 'cmake_clean_first': False, 'cmake_force_configure': False, 'cmake_target': None, 'cmake_target_skip_unavailable': False, 'install_base': '/home/albert/umov_ws/install/arduinobot_bringup', 'merge_install': False, 'path': '/home/albert/umov_ws/src/arduinobot_bringup', 'symlink_install': False, 'test_result_base': None}
[2.391s] Level 5:colcon.colcon_core.verb:set package 'arduinobot_controller' build argument 'cmake_args' from command line to 'None'
[2.392s] Level 5:colcon.colcon_core.verb:set package 'arduinobot_controller' build argument 'cmake_target' from command line to 'None'
[2.392s] Level 5:colcon.colcon_core.verb:set package 'arduinobot_controller' build argument 'cmake_target_skip_unavailable' from command line to 'False'
[2.392s] Level 5:colcon.colcon_core.verb:set package 'arduinobot_controller' build argument 'cmake_clean_cache' from command line to 'False'
[2.392s] Level 5:colcon.colcon_core.verb:set package 'arduinobot_controller' build argument 'cmake_clean_first' from command line to 'False'
[2.392s] Level 5:colcon.colcon_core.verb:set package 'arduinobot_controller' build argument 'cmake_force_configure' from command line to 'False'
[2.392s] Level 5:colcon.colcon_core.verb:set package 'arduinobot_controller' build argument 'ament_cmake_args' from command line to 'None'
[2.392s] Level 5:colcon.colcon_core.verb:set package 'arduinobot_controller' build argument 'catkin_cmake_args' from command line to 'None'
[2.392s] Level 5:colcon.colcon_core.verb:set package 'arduinobot_controller' build argument 'catkin_skip_building_tests' from command line to 'False'
[2.392s] DEBUG:colcon.colcon_core.verb:Building package 'arduinobot_controller' with the following arguments: {'ament_cmake_args': None, 'build_base': '/home/albert/umov_ws/build/arduinobot_controller', 'catkin_cmake_args': None, 'catkin_skip_building_tests': False, 'cmake_args': None, 'cmake_clean_cache': False, 'cmake_clean_first': False, 'cmake_force_configure': False, 'cmake_target': None, 'cmake_target_skip_unavailable': False, 'install_base': '/home/albert/umov_ws/install/arduinobot_controller', 'merge_install': False, 'path': '/home/albert/umov_ws/src/arduinobot_controller', 'symlink_install': False, 'test_result_base': None}
[2.394s] Level 5:colcon.colcon_core.verb:set package 'arduinobot_firmware' build argument 'cmake_args' from command line to 'None'
[2.394s] Level 5:colcon.colcon_core.verb:set package 'arduinobot_firmware' build argument 'cmake_target' from command line to 'None'
[2.394s] Level 5:colcon.colcon_core.verb:set package 'arduinobot_firmware' build argument 'cmake_target_skip_unavailable' from command line to 'False'
[2.394s] Level 5:colcon.colcon_core.verb:set package 'arduinobot_firmware' build argument 'cmake_clean_cache' from command line to 'False'
[2.394s] Level 5:colcon.colcon_core.verb:set package 'arduinobot_firmware' build argument 'cmake_clean_first' from command line to 'False'
[2.394s] Level 5:colcon.colcon_core.verb:set package 'arduinobot_firmware' build argument 'cmake_force_configure' from command line to 'False'
[2.394s] Level 5:colcon.colcon_core.verb:set package 'arduinobot_firmware' build argument 'ament_cmake_args' from command line to 'None'
[2.394s] Level 5:colcon.colcon_core.verb:set package 'arduinobot_firmware' build argument 'catkin_cmake_args' from command line to 'None'
[2.395s] Level 5:colcon.colcon_core.verb:set package 'arduinobot_firmware' build argument 'catkin_skip_building_tests' from command line to 'False'
[2.395s] DEBUG:colcon.colcon_core.verb:Building package 'arduinobot_firmware' with the following arguments: {'ament_cmake_args': None, 'build_base': '/home/albert/umov_ws/build/arduinobot_firmware', 'catkin_cmake_args': None, 'catkin_skip_building_tests': False, 'cmake_args': None, 'cmake_clean_cache': False, 'cmake_clean_first': False, 'cmake_force_configure': False, 'cmake_target': None, 'cmake_target_skip_unavailable': False, 'install_base': '/home/albert/umov_ws/install/arduinobot_firmware', 'merge_install': False, 'path': '/home/albert/umov_ws/src/arduinobot_firmware', 'symlink_install': False, 'test_result_base': None}
[2.398s] Level 5:colcon.colcon_core.verb:set package 'arduinobot_moveit' build argument 'cmake_args' from command line to 'None'
[2.398s] Level 5:colcon.colcon_core.verb:set package 'arduinobot_moveit' build argument 'cmake_target' from command line to 'None'
[2.398s] Level 5:colcon.colcon_core.verb:set package 'arduinobot_moveit' build argument 'cmake_target_skip_unavailable' from command line to 'False'
[2.398s] Level 5:colcon.colcon_core.verb:set package 'arduinobot_moveit' build argument 'cmake_clean_cache' from command line to 'False'
[2.399s] Level 5:colcon.colcon_core.verb:set package 'arduinobot_moveit' build argument 'cmake_clean_first' from command line to 'False'
[2.399s] Level 5:colcon.colcon_core.verb:set package 'arduinobot_moveit' build argument 'cmake_force_configure' from command line to 'False'
[2.399s] Level 5:colcon.colcon_core.verb:set package 'arduinobot_moveit' build argument 'ament_cmake_args' from command line to 'None'
[2.399s] Level 5:colcon.colcon_core.verb:set package 'arduinobot_moveit' build argument 'catkin_cmake_args' from command line to 'None'
[2.399s] Level 5:colcon.colcon_core.verb:set package 'arduinobot_moveit' build argument 'catkin_skip_building_tests' from command line to 'False'
[2.399s] DEBUG:colcon.colcon_core.verb:Building package 'arduinobot_moveit' with the following arguments: {'ament_cmake_args': None, 'build_base': '/home/albert/umov_ws/build/arduinobot_moveit', 'catkin_cmake_args': None, 'catkin_skip_building_tests': False, 'cmake_args': None, 'cmake_clean_cache': False, 'cmake_clean_first': False, 'cmake_force_configure': False, 'cmake_target': None, 'cmake_target_skip_unavailable': False, 'install_base': '/home/albert/umov_ws/install/arduinobot_moveit', 'merge_install': False, 'path': '/home/albert/umov_ws/src/arduinobot_moveit', 'symlink_install': False, 'test_result_base': None}
[2.400s] Level 5:colcon.colcon_core.verb:set package 'arduinobot_msgs' build argument 'cmake_args' from command line to 'None'
[2.401s] Level 5:colcon.colcon_core.verb:set package 'arduinobot_msgs' build argument 'cmake_target' from command line to 'None'
[2.401s] Level 5:colcon.colcon_core.verb:set package 'arduinobot_msgs' build argument 'cmake_target_skip_unavailable' from command line to 'False'
[2.401s] Level 5:colcon.colcon_core.verb:set package 'arduinobot_msgs' build argument 'cmake_clean_cache' from command line to 'False'
[2.401s] Level 5:colcon.colcon_core.verb:set package 'arduinobot_msgs' build argument 'cmake_clean_first' from command line to 'False'
[2.401s] Level 5:colcon.colcon_core.verb:set package 'arduinobot_msgs' build argument 'cmake_force_configure' from command line to 'False'
[2.401s] Level 5:colcon.colcon_core.verb:set package 'arduinobot_msgs' build argument 'ament_cmake_args' from command line to 'None'
[2.401s] Level 5:colcon.colcon_core.verb:set package 'arduinobot_msgs' build argument 'catkin_cmake_args' from command line to 'None'
[2.401s] Level 5:colcon.colcon_core.verb:set package 'arduinobot_msgs' build argument 'catkin_skip_building_tests' from command line to 'False'
[2.401s] DEBUG:colcon.colcon_core.verb:Building package 'arduinobot_msgs' with the following arguments: {'ament_cmake_args': None, 'build_base': '/home/albert/umov_ws/build/arduinobot_msgs', 'catkin_cmake_args': None, 'catkin_skip_building_tests': False, 'cmake_args': None, 'cmake_clean_cache': False, 'cmake_clean_first': False, 'cmake_force_configure': False, 'cmake_target': None, 'cmake_target_skip_unavailable': False, 'install_base': '/home/albert/umov_ws/install/arduinobot_msgs', 'merge_install': False, 'path': '/home/albert/umov_ws/src/arduinobot_msgs', 'symlink_install': False, 'test_result_base': None}
[2.403s] Level 5:colcon.colcon_core.verb:set package 'description' build argument 'cmake_args' from command line to 'None'
[2.403s] Level 5:colcon.colcon_core.verb:set package 'description' build argument 'cmake_target' from command line to 'None'
[2.403s] Level 5:colcon.colcon_core.verb:set package 'description' build argument 'cmake_target_skip_unavailable' from command line to 'False'
[2.403s] Level 5:colcon.colcon_core.verb:set package 'description' build argument 'cmake_clean_cache' from command line to 'False'
[2.403s] Level 5:colcon.colcon_core.verb:set package 'description' build argument 'cmake_clean_first' from command line to 'False'
[2.403s] Level 5:colcon.colcon_core.verb:set package 'description' build argument 'cmake_force_configure' from command line to 'False'
[2.403s] Level 5:colcon.colcon_core.verb:set package 'description' build argument 'ament_cmake_args' from command line to 'None'
[2.403s] Level 5:colcon.colcon_core.verb:set package 'description' build argument 'catkin_cmake_args' from command line to 'None'
[2.403s] Level 5:colcon.colcon_core.verb:set package 'description' build argument 'catkin_skip_building_tests' from command line to 'False'
[2.403s] DEBUG:colcon.colcon_core.verb:Building package 'description' with the following arguments: {'ament_cmake_args': None, 'build_base': '/home/albert/umov_ws/build/description', 'catkin_cmake_args': None, 'catkin_skip_building_tests': False, 'cmake_args': None, 'cmake_clean_cache': False, 'cmake_clean_first': False, 'cmake_force_configure': False, 'cmake_target': None, 'cmake_target_skip_unavailable': False, 'install_base': '/home/albert/umov_ws/install/description', 'merge_install': False, 'path': '/home/albert/umov_ws/src/description', 'symlink_install': False, 'test_result_base': None}
[2.404s] Level 5:colcon.colcon_core.verb:set package 'MoveitAssistant' build argument 'cmake_args' from command line to 'None'
[2.404s] Level 5:colcon.colcon_core.verb:set package 'MoveitAssistant' build argument 'cmake_target' from command line to 'None'
[2.405s] Level 5:colcon.colcon_core.verb:set package 'MoveitAssistant' build argument 'cmake_target_skip_unavailable' from command line to 'False'
[2.405s] Level 5:colcon.colcon_core.verb:set package 'MoveitAssistant' build argument 'cmake_clean_cache' from command line to 'False'
[2.405s] Level 5:colcon.colcon_core.verb:set package 'MoveitAssistant' build argument 'cmake_clean_first' from command line to 'False'
[2.405s] Level 5:colcon.colcon_core.verb:set package 'MoveitAssistant' build argument 'cmake_force_configure' from command line to 'False'
[2.405s] Level 5:colcon.colcon_core.verb:set package 'MoveitAssistant' build argument 'ament_cmake_args' from command line to 'None'
[2.405s] Level 5:colcon.colcon_core.verb:set package 'MoveitAssistant' build argument 'catkin_cmake_args' from command line to 'None'
[2.405s] Level 5:colcon.colcon_core.verb:set package 'MoveitAssistant' build argument 'catkin_skip_building_tests' from command line to 'False'
[2.405s] DEBUG:colcon.colcon_core.verb:Building package 'MoveitAssistant' with the following arguments: {'ament_cmake_args': None, 'build_base': '/home/albert/umov_ws/build/MoveitAssistant', 'catkin_cmake_args': None, 'catkin_skip_building_tests': False, 'cmake_args': None, 'cmake_clean_cache': False, 'cmake_clean_first': False, 'cmake_force_configure': False, 'cmake_target': None, 'cmake_target_skip_unavailable': False, 'install_base': '/home/albert/umov_ws/install/MoveitAssistant', 'merge_install': False, 'path': '/home/albert/umov_ws/src/moveitAssistant', 'symlink_install': False, 'test_result_base': None}
[2.407s] Level 5:colcon.colcon_core.verb:set package 'arduino_cpp_examples' build argument 'cmake_args' from command line to 'None'
[2.407s] Level 5:colcon.colcon_core.verb:set package 'arduino_cpp_examples' build argument 'cmake_target' from command line to 'None'
[2.407s] Level 5:colcon.colcon_core.verb:set package 'arduino_cpp_examples' build argument 'cmake_target_skip_unavailable' from command line to 'False'
[2.407s] Level 5:colcon.colcon_core.verb:set package 'arduino_cpp_examples' build argument 'cmake_clean_cache' from command line to 'False'
[2.407s] Level 5:colcon.colcon_core.verb:set package 'arduino_cpp_examples' build argument 'cmake_clean_first' from command line to 'False'
[2.407s] Level 5:colcon.colcon_core.verb:set package 'arduino_cpp_examples' build argument 'cmake_force_configure' from command line to 'False'
[2.407s] Level 5:colcon.colcon_core.verb:set package 'arduino_cpp_examples' build argument 'ament_cmake_args' from command line to 'None'
[2.407s] Level 5:colcon.colcon_core.verb:set package 'arduino_cpp_examples' build argument 'catkin_cmake_args' from command line to 'None'
[2.408s] Level 5:colcon.colcon_core.verb:set package 'arduino_cpp_examples' build argument 'catkin_skip_building_tests' from command line to 'False'
[2.408s] DEBUG:colcon.colcon_core.verb:Building package 'arduino_cpp_examples' with the following arguments: {'ament_cmake_args': None, 'build_base': '/home/albert/umov_ws/build/arduino_cpp_examples', 'catkin_cmake_args': None, 'catkin_skip_building_tests': False, 'cmake_args': None, 'cmake_clean_cache': False, 'cmake_clean_first': False, 'cmake_force_configure': False, 'cmake_target': None, 'cmake_target_skip_unavailable': False, 'install_base': '/home/albert/umov_ws/install/arduino_cpp_examples', 'merge_install': False, 'path': '/home/albert/umov_ws/src/arduino_cpp_examples', 'symlink_install': False, 'test_result_base': None}
[2.409s] Level 5:colcon.colcon_core.verb:set package 'arduino_py_examples' build argument 'cmake_args' from command line to 'None'
[2.409s] Level 5:colcon.colcon_core.verb:set package 'arduino_py_examples' build argument 'cmake_target' from command line to 'None'
[2.409s] Level 5:colcon.colcon_core.verb:set package 'arduino_py_examples' build argument 'cmake_target_skip_unavailable' from command line to 'False'
[2.409s] Level 5:colcon.colcon_core.verb:set package 'arduino_py_examples' build argument 'cmake_clean_cache' from command line to 'False'
[2.410s] Level 5:colcon.colcon_core.verb:set package 'arduino_py_examples' build argument 'cmake_clean_first' from command line to 'False'
[2.410s] Level 5:colcon.colcon_core.verb:set package 'arduino_py_examples' build argument 'cmake_force_configure' from command line to 'False'
[2.410s] Level 5:colcon.colcon_core.verb:set package 'arduino_py_examples' build argument 'ament_cmake_args' from command line to 'None'
[2.410s] Level 5:colcon.colcon_core.verb:set package 'arduino_py_examples' build argument 'catkin_cmake_args' from command line to 'None'
[2.410s] Level 5:colcon.colcon_core.verb:set package 'arduino_py_examples' build argument 'catkin_skip_building_tests' from command line to 'False'
[2.410s] DEBUG:colcon.colcon_core.verb:Building package 'arduino_py_examples' with the following arguments: {'ament_cmake_args': None, 'build_base': '/home/albert/umov_ws/build/arduino_py_examples', 'catkin_cmake_args': None, 'catkin_skip_building_tests': False, 'cmake_args': None, 'cmake_clean_cache': False, 'cmake_clean_first': False, 'cmake_force_configure': False, 'cmake_target': None, 'cmake_target_skip_unavailable': False, 'install_base': '/home/albert/umov_ws/install/arduino_py_examples', 'merge_install': False, 'path': '/home/albert/umov_ws/src/arduino_py_examples', 'symlink_install': False, 'test_result_base': None}
[2.413s] Level 5:colcon.colcon_core.verb:set package 'arduinobot_remote' build argument 'cmake_args' from command line to 'None'
[2.413s] Level 5:colcon.colcon_core.verb:set package 'arduinobot_remote' build argument 'cmake_target' from command line to 'None'
[2.414s] Level 5:colcon.colcon_core.verb:set package 'arduinobot_remote' build argument 'cmake_target_skip_unavailable' from command line to 'False'
[2.414s] Level 5:colcon.colcon_core.verb:set package 'arduinobot_remote' build argument 'cmake_clean_cache' from command line to 'False'
[2.414s] Level 5:colcon.colcon_core.verb:set package 'arduinobot_remote' build argument 'cmake_clean_first' from command line to 'False'
[2.414s] Level 5:colcon.colcon_core.verb:set package 'arduinobot_remote' build argument 'cmake_force_configure' from command line to 'False'
[2.414s] Level 5:colcon.colcon_core.verb:set package 'arduinobot_remote' build argument 'ament_cmake_args' from command line to 'None'
[2.415s] Level 5:colcon.colcon_core.verb:set package 'arduinobot_remote' build argument 'catkin_cmake_args' from command line to 'None'
[2.415s] Level 5:colcon.colcon_core.verb:set package 'arduinobot_remote' build argument 'catkin_skip_building_tests' from command line to 'False'
[2.415s] DEBUG:colcon.colcon_core.verb:Building package 'arduinobot_remote' with the following arguments: {'ament_cmake_args': None, 'build_base': '/home/albert/umov_ws/build/arduinobot_remote', 'catkin_cmake_args': None, 'catkin_skip_building_tests': False, 'cmake_args': None, 'cmake_clean_cache': False, 'cmake_clean_first': False, 'cmake_force_configure': False, 'cmake_target': None, 'cmake_target_skip_unavailable': False, 'install_base': '/home/albert/umov_ws/install/arduinobot_remote', 'merge_install': False, 'path': '/home/albert/umov_ws/src/arduinobot_remote', 'symlink_install': False, 'test_result_base': None}
[2.416s] Level 5:colcon.colcon_core.verb:set package 'arduinobot_utils' build argument 'cmake_args' from command line to 'None'
[2.416s] Level 5:colcon.colcon_core.verb:set package 'arduinobot_utils' build argument 'cmake_target' from command line to 'None'
[2.417s] Level 5:colcon.colcon_core.verb:set package 'arduinobot_utils' build argument 'cmake_target_skip_unavailable' from command line to 'False'
[2.417s] Level 5:colcon.colcon_core.verb:set package 'arduinobot_utils' build argument 'cmake_clean_cache' from command line to 'False'
[2.417s] Level 5:colcon.colcon_core.verb:set package 'arduinobot_utils' build argument 'cmake_clean_first' from command line to 'False'
[2.417s] Level 5:colcon.colcon_core.verb:set package 'arduinobot_utils' build argument 'cmake_force_configure' from command line to 'False'
[2.417s] Level 5:colcon.colcon_core.verb:set package 'arduinobot_utils' build argument 'ament_cmake_args' from command line to 'None'
[2.417s] Level 5:colcon.colcon_core.verb:set package 'arduinobot_utils' build argument 'catkin_cmake_args' from command line to 'None'
[2.417s] Level 5:colcon.colcon_core.verb:set package 'arduinobot_utils' build argument 'catkin_skip_building_tests' from command line to 'False'
[2.417s] DEBUG:colcon.colcon_core.verb:Building package 'arduinobot_utils' with the following arguments: {'ament_cmake_args': None, 'build_base': '/home/albert/umov_ws/build/arduinobot_utils', 'catkin_cmake_args': None, 'catkin_skip_building_tests': False, 'cmake_args': None, 'cmake_clean_cache': False, 'cmake_clean_first': False, 'cmake_force_configure': False, 'cmake_target': None, 'cmake_target_skip_unavailable': False, 'install_base': '/home/albert/umov_ws/install/arduinobot_utils', 'merge_install': False, 'path': '/home/albert/umov_ws/src/arduinobot_utils', 'symlink_install': False, 'test_result_base': None}
[2.418s] INFO:colcon.colcon_core.executor:Executing jobs using 'parallel' executor
[2.420s] DEBUG:colcon.colcon_parallel_executor.executor.parallel:run_until_complete
[2.421s] INFO:colcon.colcon_ros.task.ament_cmake.build:Building ROS package in '/home/albert/umov_ws/src/arduinobot_msgs' with build type 'ament_cmake'
[2.421s] INFO:colcon.colcon_cmake.task.cmake.build:Building CMake package in '/home/albert/umov_ws/src/arduinobot_msgs'
[2.435s] INFO:colcon.colcon_core.plugin_system:Skipping extension 'colcon_core.shell.bat': Not used on non-Windows systems
[2.436s] INFO:colcon.colcon_core.shell:Skip shell extension 'powershell' for command environment: Not usable outside of PowerShell
[2.436s] DEBUG:colcon.colcon_core.shell:Skip shell extension 'dsv' for command environment
[2.508s] INFO:colcon.colcon_ros.task.ament_cmake.build:Building ROS package in '/home/albert/umov_ws/src/arduinobot_moveit' with build type 'ament_cmake'
[2.511s] INFO:colcon.colcon_cmake.task.cmake.build:Building CMake package in '/home/albert/umov_ws/src/arduinobot_moveit'
[2.512s] INFO:colcon.colcon_core.shell:Skip shell extension 'powershell' for command environment: Not usable outside of PowerShell
[2.513s] DEBUG:colcon.colcon_core.shell:Skip shell extension 'dsv' for command environment
[2.584s] INFO:colcon.colcon_ros.task.ament_cmake.build:Building ROS package in '/home/albert/umov_ws/src/description' with build type 'ament_cmake'
[2.585s] INFO:colcon.colcon_cmake.task.cmake.build:Building CMake package in '/home/albert/umov_ws/src/description'
[2.586s] INFO:colcon.colcon_core.shell:Skip shell extension 'powershell' for command environment: Not usable outside of PowerShell
[2.586s] DEBUG:colcon.colcon_core.shell:Skip shell extension 'dsv' for command environment
[2.654s] INFO:colcon.colcon_ros.task.ament_cmake.build:Building ROS package in '/home/albert/umov_ws/src/arduinobot_bringup' with build type 'ament_cmake'
[2.655s] INFO:colcon.colcon_cmake.task.cmake.build:Building CMake package in '/home/albert/umov_ws/src/arduinobot_bringup'
[2.656s] INFO:colcon.colcon_core.shell:Skip shell extension 'powershell' for command environment: Not usable outside of PowerShell
[2.656s] DEBUG:colcon.colcon_core.shell:Skip shell extension 'dsv' for command environment
[2.719s] INFO:colcon.colcon_ros.task.ament_cmake.build:Building ROS package in '/home/albert/umov_ws/src/arduinobot_controller' with build type 'ament_cmake'
[2.719s] INFO:colcon.colcon_cmake.task.cmake.build:Building CMake package in '/home/albert/umov_ws/src/arduinobot_controller'
[2.720s] INFO:colcon.colcon_core.shell:Skip shell extension 'powershell' for command environment: Not usable outside of PowerShell
[2.721s] DEBUG:colcon.colcon_core.shell:Skip shell extension 'dsv' for command environment
[2.784s] INFO:colcon.colcon_ros.task.ament_cmake.build:Building ROS package in '/home/albert/umov_ws/src/arduinobot_firmware' with build type 'ament_cmake'
[2.785s] INFO:colcon.colcon_cmake.task.cmake.build:Building CMake package in '/home/albert/umov_ws/src/arduinobot_firmware'
[2.786s] INFO:colcon.colcon_core.shell:Skip shell extension 'powershell' for command environment: Not usable outside of PowerShell
[2.787s] DEBUG:colcon.colcon_core.shell:Skip shell extension 'dsv' for command environment
[2.870s] DEBUG:colcon.colcon_core.event_handler.log_command:Invoking command in '/home/albert/umov_ws/build/arduinobot_msgs': CMAKE_PREFIX_PATH=${CMAKE_PREFIX_PATH}:/home/albert/ws_moveit2/install/moveit_configs_utils:/home/albert/ws_moveit2/install/launch_param_builder:/home/albert/umov_ws/install/arduino_py_examples:/home/albert/udem2_ws/install/actions_py:/home/albert/udem2_ws/install/lifecycle_py:/home/albert/udem2_ws/install/executors_py:/home/albert/udem2_ws/install/components_py:/home/albert/udem_ws/install/turtlesim_catcher:/home/albert/udem_ws/install/my_py_pkg:/home/albert/udem_ws/install/lifecycle_py:/home/albert/bcdc_ws/install/agbot_teleop:/home/albert/bcdc_ws/install/agbot_py:/home/albert/arduinobot_ws/install/arduinobot_py_examples:/opt/ros/humble /home/albert/.local/bin/cmake --build /home/albert/umov_ws/build/arduinobot_msgs -- -j8 -l8
[2.900s] DEBUG:colcon.colcon_core.event_handler.log_command:Invoking command in '/home/albert/umov_ws/build/arduinobot_moveit': CMAKE_PREFIX_PATH=${CMAKE_PREFIX_PATH}:/home/albert/ws_moveit2/install/moveit_configs_utils:/home/albert/ws_moveit2/install/launch_param_builder:/home/albert/umov_ws/install/arduino_py_examples:/home/albert/udem2_ws/install/actions_py:/home/albert/udem2_ws/install/lifecycle_py:/home/albert/udem2_ws/install/executors_py:/home/albert/udem2_ws/install/components_py:/home/albert/udem_ws/install/turtlesim_catcher:/home/albert/udem_ws/install/my_py_pkg:/home/albert/udem_ws/install/lifecycle_py:/home/albert/bcdc_ws/install/agbot_teleop:/home/albert/bcdc_ws/install/agbot_py:/home/albert/arduinobot_ws/install/arduinobot_py_examples:/opt/ros/humble /home/albert/.local/bin/cmake --build /home/albert/umov_ws/build/arduinobot_moveit -- -j8 -l8
[2.917s] DEBUG:colcon.colcon_core.event_handler.log_command:Invoking command in '/home/albert/umov_ws/build/description': CMAKE_PREFIX_PATH=${CMAKE_PREFIX_PATH}:/home/albert/ws_moveit2/install/moveit_configs_utils:/home/albert/ws_moveit2/install/launch_param_builder:/home/albert/umov_ws/install/arduino_py_examples:/home/albert/udem2_ws/install/actions_py:/home/albert/udem2_ws/install/lifecycle_py:/home/albert/udem2_ws/install/executors_py:/home/albert/udem2_ws/install/components_py:/home/albert/udem_ws/install/turtlesim_catcher:/home/albert/udem_ws/install/my_py_pkg:/home/albert/udem_ws/install/lifecycle_py:/home/albert/bcdc_ws/install/agbot_teleop:/home/albert/bcdc_ws/install/agbot_py:/home/albert/arduinobot_ws/install/arduinobot_py_examples:/opt/ros/humble /home/albert/.local/bin/cmake --build /home/albert/umov_ws/build/description -- -j8 -l8
[2.950s] DEBUG:colcon.colcon_core.event_handler.log_command:Invoking command in '/home/albert/umov_ws/build/arduinobot_bringup': CMAKE_PREFIX_PATH=${CMAKE_PREFIX_PATH}:/home/albert/ws_moveit2/install/moveit_configs_utils:/home/albert/ws_moveit2/install/launch_param_builder:/home/albert/umov_ws/install/arduino_py_examples:/home/albert/udem2_ws/install/actions_py:/home/albert/udem2_ws/install/lifecycle_py:/home/albert/udem2_ws/install/executors_py:/home/albert/udem2_ws/install/components_py:/home/albert/udem_ws/install/turtlesim_catcher:/home/albert/udem_ws/install/my_py_pkg:/home/albert/udem_ws/install/lifecycle_py:/home/albert/bcdc_ws/install/agbot_teleop:/home/albert/bcdc_ws/install/agbot_py:/home/albert/arduinobot_ws/install/arduinobot_py_examples:/opt/ros/humble /home/albert/.local/bin/cmake --build /home/albert/umov_ws/build/arduinobot_bringup -- -j8 -l8
[2.973s] DEBUG:colcon.colcon_core.event_handler.log_command:Invoking command in '/home/albert/umov_ws/build/arduinobot_controller': CMAKE_PREFIX_PATH=${CMAKE_PREFIX_PATH}:/home/albert/ws_moveit2/install/moveit_configs_utils:/home/albert/ws_moveit2/install/launch_param_builder:/home/albert/umov_ws/install/arduino_py_examples:/home/albert/udem2_ws/install/actions_py:/home/albert/udem2_ws/install/lifecycle_py:/home/albert/udem2_ws/install/executors_py:/home/albert/udem2_ws/install/components_py:/home/albert/udem_ws/install/turtlesim_catcher:/home/albert/udem_ws/install/my_py_pkg:/home/albert/udem_ws/install/lifecycle_py:/home/albert/bcdc_ws/install/agbot_teleop:/home/albert/bcdc_ws/install/agbot_py:/home/albert/arduinobot_ws/install/arduinobot_py_examples:/opt/ros/humble /home/albert/.local/bin/cmake --build /home/albert/umov_ws/build/arduinobot_controller -- -j8 -l8
[3.033s] DEBUG:colcon.colcon_core.event_handler.log_command:Invoking command in '/home/albert/umov_ws/build/arduinobot_firmware': CMAKE_PREFIX_PATH=${CMAKE_PREFIX_PATH}:/home/albert/ws_moveit2/install/moveit_configs_utils:/home/albert/ws_moveit2/install/launch_param_builder:/home/albert/umov_ws/install/arduino_py_examples:/home/albert/udem2_ws/install/actions_py:/home/albert/udem2_ws/install/lifecycle_py:/home/albert/udem2_ws/install/executors_py:/home/albert/udem2_ws/install/components_py:/home/albert/udem_ws/install/turtlesim_catcher:/home/albert/udem_ws/install/my_py_pkg:/home/albert/udem_ws/install/lifecycle_py:/home/albert/bcdc_ws/install/agbot_teleop:/home/albert/bcdc_ws/install/agbot_py:/home/albert/arduinobot_ws/install/arduinobot_py_examples:/opt/ros/humble /home/albert/.local/bin/cmake --build /home/albert/umov_ws/build/arduinobot_firmware -- -j8 -l8
[3.042s] DEBUG:colcon.colcon_core.event_handler.log_command:Invoked command in '/home/albert/umov_ws/build/arduinobot_moveit' returned '0': CMAKE_PREFIX_PATH=${CMAKE_PREFIX_PATH}:/home/albert/ws_moveit2/install/moveit_configs_utils:/home/albert/ws_moveit2/install/launch_param_builder:/home/albert/umov_ws/install/arduino_py_examples:/home/albert/udem2_ws/install/actions_py:/home/albert/udem2_ws/install/lifecycle_py:/home/albert/udem2_ws/install/executors_py:/home/albert/udem2_ws/install/components_py:/home/albert/udem_ws/install/turtlesim_catcher:/home/albert/udem_ws/install/my_py_pkg:/home/albert/udem_ws/install/lifecycle_py:/home/albert/bcdc_ws/install/agbot_teleop:/home/albert/bcdc_ws/install/agbot_py:/home/albert/arduinobot_ws/install/arduinobot_py_examples:/opt/ros/humble /home/albert/.local/bin/cmake --build /home/albert/umov_ws/build/arduinobot_moveit -- -j8 -l8
[3.084s] DEBUG:colcon.colcon_core.event_handler.log_command:Invoking command in '/home/albert/umov_ws/build/arduinobot_moveit': CMAKE_PREFIX_PATH=${CMAKE_PREFIX_PATH}:/home/albert/ws_moveit2/install/moveit_configs_utils:/home/albert/ws_moveit2/install/launch_param_builder:/home/albert/umov_ws/install/arduino_py_examples:/home/albert/udem2_ws/install/actions_py:/home/albert/udem2_ws/install/lifecycle_py:/home/albert/udem2_ws/install/executors_py:/home/albert/udem2_ws/install/components_py:/home/albert/udem_ws/install/turtlesim_catcher:/home/albert/udem_ws/install/my_py_pkg:/home/albert/udem_ws/install/lifecycle_py:/home/albert/bcdc_ws/install/agbot_teleop:/home/albert/bcdc_ws/install/agbot_py:/home/albert/arduinobot_ws/install/arduinobot_py_examples:/opt/ros/humble /home/albert/.local/bin/cmake --install /home/albert/umov_ws/build/arduinobot_moveit
[3.146s] Level 1:colcon.colcon_core.environment:create_environment_scripts_only(arduinobot_moveit)
[3.149s] DEBUG:colcon.colcon_core.event_handler.log_command:Invoked command in '/home/albert/umov_ws/build/description' returned '0': CMAKE_PREFIX_PATH=${CMAKE_PREFIX_PATH}:/home/albert/ws_moveit2/install/moveit_configs_utils:/home/albert/ws_moveit2/install/launch_param_builder:/home/albert/umov_ws/install/arduino_py_examples:/home/albert/udem2_ws/install/actions_py:/home/albert/udem2_ws/install/lifecycle_py:/home/albert/udem2_ws/install/executors_py:/home/albert/udem2_ws/install/components_py:/home/albert/udem_ws/install/turtlesim_catcher:/home/albert/udem_ws/install/my_py_pkg:/home/albert/udem_ws/install/lifecycle_py:/home/albert/bcdc_ws/install/agbot_teleop:/home/albert/bcdc_ws/install/agbot_py:/home/albert/arduinobot_ws/install/arduinobot_py_examples:/opt/ros/humble /home/albert/.local/bin/cmake --build /home/albert/umov_ws/build/description -- -j8 -l8
[3.161s] DEBUG:colcon.colcon_core.event_handler.log_command:Invoking command in '/home/albert/umov_ws/build/description': CMAKE_PREFIX_PATH=${CMAKE_PREFIX_PATH}:/home/albert/ws_moveit2/install/moveit_configs_utils:/home/albert/ws_moveit2/install/launch_param_builder:/home/albert/umov_ws/install/arduino_py_examples:/home/albert/udem2_ws/install/actions_py:/home/albert/udem2_ws/install/lifecycle_py:/home/albert/udem2_ws/install/executors_py:/home/albert/udem2_ws/install/components_py:/home/albert/udem_ws/install/turtlesim_catcher:/home/albert/udem_ws/install/my_py_pkg:/home/albert/udem_ws/install/lifecycle_py:/home/albert/bcdc_ws/install/agbot_teleop:/home/albert/bcdc_ws/install/agbot_py:/home/albert/arduinobot_ws/install/arduinobot_py_examples:/opt/ros/humble /home/albert/.local/bin/cmake --install /home/albert/umov_ws/build/description
[3.164s] DEBUG:colcon.colcon_core.event_handler.log_command:Invoked command in '/home/albert/umov_ws/build/arduinobot_bringup' returned '0': CMAKE_PREFIX_PATH=${CMAKE_PREFIX_PATH}:/home/albert/ws_moveit2/install/moveit_configs_utils:/home/albert/ws_moveit2/install/launch_param_builder:/home/albert/umov_ws/install/arduino_py_examples:/home/albert/udem2_ws/install/actions_py:/home/albert/udem2_ws/install/lifecycle_py:/home/albert/udem2_ws/install/executors_py:/home/albert/udem2_ws/install/components_py:/home/albert/udem_ws/install/turtlesim_catcher:/home/albert/udem_ws/install/my_py_pkg:/home/albert/udem_ws/install/lifecycle_py:/home/albert/bcdc_ws/install/agbot_teleop:/home/albert/bcdc_ws/install/agbot_py:/home/albert/arduinobot_ws/install/arduinobot_py_examples:/opt/ros/humble /home/albert/.local/bin/cmake --build /home/albert/umov_ws/build/arduinobot_bringup -- -j8 -l8
[3.178s] DEBUG:colcon.colcon_core.event_handler.log_command:Invoking command in '/home/albert/umov_ws/build/arduinobot_bringup': CMAKE_PREFIX_PATH=${CMAKE_PREFIX_PATH}:/home/albert/ws_moveit2/install/moveit_configs_utils:/home/albert/ws_moveit2/install/launch_param_builder:/home/albert/umov_ws/install/arduino_py_examples:/home/albert/udem2_ws/install/actions_py:/home/albert/udem2_ws/install/lifecycle_py:/home/albert/udem2_ws/install/executors_py:/home/albert/udem2_ws/install/components_py:/home/albert/udem_ws/install/turtlesim_catcher:/home/albert/udem_ws/install/my_py_pkg:/home/albert/udem_ws/install/lifecycle_py:/home/albert/bcdc_ws/install/agbot_teleop:/home/albert/bcdc_ws/install/agbot_py:/home/albert/arduinobot_ws/install/arduinobot_py_examples:/opt/ros/humble /home/albert/.local/bin/cmake --install /home/albert/umov_ws/build/arduinobot_bringup
[3.189s] DEBUG:colcon.colcon_core.event_handler.log_command:Invoked command in '/home/albert/umov_ws/build/arduinobot_moveit' returned '0': CMAKE_PREFIX_PATH=${CMAKE_PREFIX_PATH}:/home/albert/ws_moveit2/install/moveit_configs_utils:/home/albert/ws_moveit2/install/launch_param_builder:/home/albert/umov_ws/install/arduino_py_examples:/home/albert/udem2_ws/install/actions_py:/home/albert/udem2_ws/install/lifecycle_py:/home/albert/udem2_ws/install/executors_py:/home/albert/udem2_ws/install/components_py:/home/albert/udem_ws/install/turtlesim_catcher:/home/albert/udem_ws/install/my_py_pkg:/home/albert/udem_ws/install/lifecycle_py:/home/albert/bcdc_ws/install/agbot_teleop:/home/albert/bcdc_ws/install/agbot_py:/home/albert/arduinobot_ws/install/arduinobot_py_examples:/opt/ros/humble /home/albert/.local/bin/cmake --install /home/albert/umov_ws/build/arduinobot_moveit
[3.246s] Level 1:colcon.colcon_core.environment:checking '/home/albert/umov_ws/install/arduinobot_moveit' for CMake module files
[3.254s] Level 1:colcon.colcon_core.environment:checking '/home/albert/umov_ws/install/arduinobot_moveit' for CMake config files
[3.255s] Level 1:colcon.colcon_core.shell:create_environment_hook('arduinobot_moveit', 'cmake_prefix_path')
[3.287s] INFO:colcon.colcon_core.shell:Creating environment hook '/home/albert/umov_ws/install/arduinobot_moveit/share/arduinobot_moveit/hook/cmake_prefix_path.ps1'
[3.290s] INFO:colcon.colcon_core.shell:Creating environment descriptor '/home/albert/umov_ws/install/arduinobot_moveit/share/arduinobot_moveit/hook/cmake_prefix_path.dsv'
[3.300s] INFO:colcon.colcon_core.shell:Creating environment hook '/home/albert/umov_ws/install/arduinobot_moveit/share/arduinobot_moveit/hook/cmake_prefix_path.sh'
[3.313s] Level 1:colcon.colcon_core.environment:checking '/home/albert/umov_ws/install/arduinobot_moveit/bin'
[3.313s] Level 1:colcon.colcon_core.environment:checking '/home/albert/umov_ws/install/arduinobot_moveit/lib/pkgconfig/arduinobot_moveit.pc'
[3.315s] Level 1:colcon.colcon_core.environment:checking '/home/albert/umov_ws/install/arduinobot_moveit/lib/python3.10/site-packages'
[3.316s] Level 1:colcon.colcon_core.environment:checking '/home/albert/umov_ws/install/arduinobot_moveit/bin'
[3.320s] INFO:colcon.colcon_core.shell:Creating package script '/home/albert/umov_ws/install/arduinobot_moveit/share/arduinobot_moveit/package.ps1'
[3.328s] INFO:colcon.colcon_core.shell:Creating package descriptor '/home/albert/umov_ws/install/arduinobot_moveit/share/arduinobot_moveit/package.dsv'
[3.331s] INFO:colcon.colcon_core.shell:Creating package script '/home/albert/umov_ws/install/arduinobot_moveit/share/arduinobot_moveit/package.sh'
[3.335s] INFO:colcon.colcon_core.shell:Creating package script '/home/albert/umov_ws/install/arduinobot_moveit/share/arduinobot_moveit/package.bash'
[3.339s] INFO:colcon.colcon_core.shell:Creating package script '/home/albert/umov_ws/install/arduinobot_moveit/share/arduinobot_moveit/package.zsh'
[3.342s] Level 1:colcon.colcon_core.environment:create_file_with_runtime_dependencies(/home/albert/umov_ws/install/arduinobot_moveit/share/colcon-core/packages/arduinobot_moveit)
[3.344s] Level 1:colcon.colcon_core.environment:create_environment_scripts_only(arduinobot_moveit)
[3.345s] Level 1:colcon.colcon_core.environment:checking '/home/albert/umov_ws/install/arduinobot_moveit' for CMake module files
[3.346s] Level 1:colcon.colcon_core.environment:checking '/home/albert/umov_ws/install/arduinobot_moveit' for CMake config files
[3.347s] Level 1:colcon.colcon_core.shell:create_environment_hook('arduinobot_moveit', 'cmake_prefix_path')
[3.348s] INFO:colcon.colcon_core.shell:Creating environment hook '/home/albert/umov_ws/install/arduinobot_moveit/share/arduinobot_moveit/hook/cmake_prefix_path.ps1'
[3.350s] INFO:colcon.colcon_core.shell:Creating environment descriptor '/home/albert/umov_ws/install/arduinobot_moveit/share/arduinobot_moveit/hook/cmake_prefix_path.dsv'
[3.351s] INFO:colcon.colcon_core.shell:Creating environment hook '/home/albert/umov_ws/install/arduinobot_moveit/share/arduinobot_moveit/hook/cmake_prefix_path.sh'
[3.359s] Level 1:colcon.colcon_core.environment:checking '/home/albert/umov_ws/install/arduinobot_moveit/bin'
[3.359s] Level 1:colcon.colcon_core.environment:checking '/home/albert/umov_ws/install/arduinobot_moveit/lib/pkgconfig/arduinobot_moveit.pc'
[3.360s] Level 1:colcon.colcon_core.environment:checking '/home/albert/umov_ws/install/arduinobot_moveit/lib/python3.10/site-packages'
[3.361s] Level 1:colcon.colcon_core.environment:checking '/home/albert/umov_ws/install/arduinobot_moveit/bin'
[3.362s] INFO:colcon.colcon_core.shell:Creating package script '/home/albert/umov_ws/install/arduinobot_moveit/share/arduinobot_moveit/package.ps1'
[3.368s] INFO:colcon.colcon_core.shell:Creating package descriptor '/home/albert/umov_ws/install/arduinobot_moveit/share/arduinobot_moveit/package.dsv'
[3.370s] INFO:colcon.colcon_core.shell:Creating package script '/home/albert/umov_ws/install/arduinobot_moveit/share/arduinobot_moveit/package.sh'
[3.375s] INFO:colcon.colcon_core.shell:Creating package script '/home/albert/umov_ws/install/arduinobot_moveit/share/arduinobot_moveit/package.bash'
[3.384s] INFO:colcon.colcon_core.shell:Creating package script '/home/albert/umov_ws/install/arduinobot_moveit/share/arduinobot_moveit/package.zsh'
[3.387s] Level 1:colcon.colcon_core.environment:create_file_with_runtime_dependencies(/home/albert/umov_ws/install/arduinobot_moveit/share/colcon-core/packages/arduinobot_moveit)
[3.393s] Level 1:colcon.colcon_core.environment:create_environment_scripts_only(description)
[3.398s] Level 1:colcon.colcon_core.environment:checking '/home/albert/umov_ws/install/description' for CMake module files
[3.400s] Level 1:colcon.colcon_core.environment:checking '/home/albert/umov_ws/install/description' for CMake config files
[3.400s] Level 1:colcon.colcon_core.shell:create_environment_hook('description', 'cmake_prefix_path')
[3.402s] INFO:colcon.colcon_core.shell:Creating environment hook '/home/albert/umov_ws/install/description/share/description/hook/cmake_prefix_path.ps1'
[3.406s] DEBUG:colcon.colcon_core.event_handler.log_command:Invoked command in '/home/albert/umov_ws/build/description' returned '0': CMAKE_PREFIX_PATH=${CMAKE_PREFIX_PATH}:/home/albert/ws_moveit2/install/moveit_configs_utils:/home/albert/ws_moveit2/install/launch_param_builder:/home/albert/umov_ws/install/arduino_py_examples:/home/albert/udem2_ws/install/actions_py:/home/albert/udem2_ws/install/lifecycle_py:/home/albert/udem2_ws/install/executors_py:/home/albert/udem2_ws/install/components_py:/home/albert/udem_ws/install/turtlesim_catcher:/home/albert/udem_ws/install/my_py_pkg:/home/albert/udem_ws/install/lifecycle_py:/home/albert/bcdc_ws/install/agbot_teleop:/home/albert/bcdc_ws/install/agbot_py:/home/albert/arduinobot_ws/install/arduinobot_py_examples:/opt/ros/humble /home/albert/.local/bin/cmake --install /home/albert/umov_ws/build/description
[3.410s] INFO:colcon.colcon_core.shell:Creating environment descriptor '/home/albert/umov_ws/install/description/share/description/hook/cmake_prefix_path.dsv'
[3.412s] INFO:colcon.colcon_core.shell:Creating environment hook '/home/albert/umov_ws/install/description/share/description/hook/cmake_prefix_path.sh'
[3.414s] Level 1:colcon.colcon_core.environment:checking '/home/albert/umov_ws/install/description/bin'
[3.415s] Level 1:colcon.colcon_core.environment:checking '/home/albert/umov_ws/install/description/lib/pkgconfig/description.pc'
[3.416s] Level 1:colcon.colcon_core.environment:checking '/home/albert/umov_ws/install/description/lib/python3.10/site-packages'
[3.418s] Level 1:colcon.colcon_core.environment:checking '/home/albert/umov_ws/install/description/bin'
[3.420s] INFO:colcon.colcon_core.shell:Creating package script '/home/albert/umov_ws/install/description/share/description/package.ps1'
[3.422s] INFO:colcon.colcon_core.shell:Creating package descriptor '/home/albert/umov_ws/install/description/share/description/package.dsv'
[3.424s] INFO:colcon.colcon_core.shell:Creating package script '/home/albert/umov_ws/install/description/share/description/package.sh'
[3.426s] INFO:colcon.colcon_core.shell:Creating package script '/home/albert/umov_ws/install/description/share/description/package.bash'
[3.429s] INFO:colcon.colcon_core.shell:Creating package script '/home/albert/umov_ws/install/description/share/description/package.zsh'
[3.431s] Level 1:colcon.colcon_core.environment:create_file_with_runtime_dependencies(/home/albert/umov_ws/install/description/share/colcon-core/packages/description)
[3.434s] Level 1:colcon.colcon_core.environment:create_environment_scripts_only(description)
[3.436s] Level 1:colcon.colcon_core.environment:checking '/home/albert/umov_ws/install/description' for CMake module files
[3.439s] Level 1:colcon.colcon_core.environment:checking '/home/albert/umov_ws/install/description' for CMake config files
[3.439s] Level 1:colcon.colcon_core.shell:create_environment_hook('description', 'cmake_prefix_path')
[3.440s] INFO:colcon.colcon_core.shell:Creating environment hook '/home/albert/umov_ws/install/description/share/description/hook/cmake_prefix_path.ps1'
[3.442s] INFO:colcon.colcon_core.shell:Creating environment descriptor '/home/albert/umov_ws/install/description/share/description/hook/cmake_prefix_path.dsv'
[3.444s] INFO:colcon.colcon_core.shell:Creating environment hook '/home/albert/umov_ws/install/description/share/description/hook/cmake_prefix_path.sh'
[3.448s] Level 1:colcon.colcon_core.environment:checking '/home/albert/umov_ws/install/description/bin'
[3.449s] Level 1:colcon.colcon_core.environment:checking '/home/albert/umov_ws/install/description/lib/pkgconfig/description.pc'
[3.449s] Level 1:colcon.colcon_core.environment:checking '/home/albert/umov_ws/install/description/lib/python3.10/site-packages'
[3.451s] Level 1:colcon.colcon_core.environment:checking '/home/albert/umov_ws/install/description/bin'
[3.452s] INFO:colcon.colcon_core.shell:Creating package script '/home/albert/umov_ws/install/description/share/description/package.ps1'
[3.456s] INFO:colcon.colcon_core.shell:Creating package descriptor '/home/albert/umov_ws/install/description/share/description/package.dsv'
[3.459s] INFO:colcon.colcon_core.shell:Creating package script '/home/albert/umov_ws/install/description/share/description/package.sh'
[3.462s] INFO:colcon.colcon_core.shell:Creating package script '/home/albert/umov_ws/install/description/share/description/package.bash'
[3.464s] INFO:colcon.colcon_core.shell:Creating package script '/home/albert/umov_ws/install/description/share/description/package.zsh'
[3.466s] Level 1:colcon.colcon_core.environment:create_file_with_runtime_dependencies(/home/albert/umov_ws/install/description/share/colcon-core/packages/description)
[3.467s] Level 1:colcon.colcon_core.environment:create_environment_scripts_only(arduinobot_bringup)
[3.472s] Level 1:colcon.colcon_core.environment:checking '/home/albert/umov_ws/install/arduinobot_bringup' for CMake module files
[3.479s] DEBUG:colcon.colcon_core.event_handler.log_command:Invoked command in '/home/albert/umov_ws/build/arduinobot_bringup' returned '0': CMAKE_PREFIX_PATH=${CMAKE_PREFIX_PATH}:/home/albert/ws_moveit2/install/moveit_configs_utils:/home/albert/ws_moveit2/install/launch_param_builder:/home/albert/umov_ws/install/arduino_py_examples:/home/albert/udem2_ws/install/actions_py:/home/albert/udem2_ws/install/lifecycle_py:/home/albert/udem2_ws/install/executors_py:/home/albert/udem2_ws/install/components_py:/home/albert/udem_ws/install/turtlesim_catcher:/home/albert/udem_ws/install/my_py_pkg:/home/albert/udem_ws/install/lifecycle_py:/home/albert/bcdc_ws/install/agbot_teleop:/home/albert/bcdc_ws/install/agbot_py:/home/albert/arduinobot_ws/install/arduinobot_py_examples:/opt/ros/humble /home/albert/.local/bin/cmake --install /home/albert/umov_ws/build/arduinobot_bringup
[3.481s] Level 1:colcon.colcon_core.environment:checking '/home/albert/umov_ws/install/arduinobot_bringup' for CMake config files
[3.484s] Level 1:colcon.colcon_core.shell:create_environment_hook('arduinobot_bringup', 'cmake_prefix_path')
[3.488s] INFO:colcon.colcon_core.shell:Creating environment hook '/home/albert/umov_ws/install/arduinobot_bringup/share/arduinobot_bringup/hook/cmake_prefix_path.ps1'
[3.493s] INFO:colcon.colcon_core.shell:Creating environment descriptor '/home/albert/umov_ws/install/arduinobot_bringup/share/arduinobot_bringup/hook/cmake_prefix_path.dsv'
[3.494s] INFO:colcon.colcon_core.shell:Creating environment hook '/home/albert/umov_ws/install/arduinobot_bringup/share/arduinobot_bringup/hook/cmake_prefix_path.sh'
[3.500s] Level 1:colcon.colcon_core.environment:checking '/home/albert/umov_ws/install/arduinobot_bringup/bin'
[3.500s] Level 1:colcon.colcon_core.environment:checking '/home/albert/umov_ws/install/arduinobot_bringup/lib/pkgconfig/arduinobot_bringup.pc'
[3.501s] Level 1:colcon.colcon_core.environment:checking '/home/albert/umov_ws/install/arduinobot_bringup/lib/python3.10/site-packages'
[3.502s] Level 1:colcon.colcon_core.environment:checking '/home/albert/umov_ws/install/arduinobot_bringup/bin'
[3.504s] INFO:colcon.colcon_core.shell:Creating package script '/home/albert/umov_ws/install/arduinobot_bringup/share/arduinobot_bringup/package.ps1'
[3.507s] INFO:colcon.colcon_core.shell:Creating package descriptor '/home/albert/umov_ws/install/arduinobot_bringup/share/arduinobot_bringup/package.dsv'
[3.511s] INFO:colcon.colcon_core.shell:Creating package script '/home/albert/umov_ws/install/arduinobot_bringup/share/arduinobot_bringup/package.sh'
[3.513s] INFO:colcon.colcon_core.shell:Creating package script '/home/albert/umov_ws/install/arduinobot_bringup/share/arduinobot_bringup/package.bash'
[3.515s] INFO:colcon.colcon_core.shell:Creating package script '/home/albert/umov_ws/install/arduinobot_bringup/share/arduinobot_bringup/package.zsh'
[3.516s] Level 1:colcon.colcon_core.environment:create_file_with_runtime_dependencies(/home/albert/umov_ws/install/arduinobot_bringup/share/colcon-core/packages/arduinobot_bringup)
[3.518s] Level 1:colcon.colcon_core.environment:create_environment_scripts_only(arduinobot_bringup)
[3.520s] Level 1:colcon.colcon_core.environment:checking '/home/albert/umov_ws/install/arduinobot_bringup' for CMake module files
[3.523s] Level 1:colcon.colcon_core.environment:checking '/home/albert/umov_ws/install/arduinobot_bringup' for CMake config files
[3.524s] Level 1:colcon.colcon_core.shell:create_environment_hook('arduinobot_bringup', 'cmake_prefix_path')
[3.525s] INFO:colcon.colcon_core.shell:Creating environment hook '/home/albert/umov_ws/install/arduinobot_bringup/share/arduinobot_bringup/hook/cmake_prefix_path.ps1'
[3.527s] INFO:colcon.colcon_core.shell:Creating environment descriptor '/home/albert/umov_ws/install/arduinobot_bringup/share/arduinobot_bringup/hook/cmake_prefix_path.dsv'
[3.529s] INFO:colcon.colcon_core.shell:Creating environment hook '/home/albert/umov_ws/install/arduinobot_bringup/share/arduinobot_bringup/hook/cmake_prefix_path.sh'
[3.532s] Level 1:colcon.colcon_core.environment:checking '/home/albert/umov_ws/install/arduinobot_bringup/bin'
[3.533s] Level 1:colcon.colcon_core.environment:checking '/home/albert/umov_ws/install/arduinobot_bringup/lib/pkgconfig/arduinobot_bringup.pc'
[3.533s] Level 1:colcon.colcon_core.environment:checking '/home/albert/umov_ws/install/arduinobot_bringup/lib/python3.10/site-packages'
[3.534s] Level 1:colcon.colcon_core.environment:checking '/home/albert/umov_ws/install/arduinobot_bringup/bin'
[3.535s] INFO:colcon.colcon_core.shell:Creating package script '/home/albert/umov_ws/install/arduinobot_bringup/share/arduinobot_bringup/package.ps1'
[3.537s] INFO:colcon.colcon_core.shell:Creating package descriptor '/home/albert/umov_ws/install/arduinobot_bringup/share/arduinobot_bringup/package.dsv'
[3.539s] INFO:colcon.colcon_core.shell:Creating package script '/home/albert/umov_ws/install/arduinobot_bringup/share/arduinobot_bringup/package.sh'
[3.542s] INFO:colcon.colcon_core.shell:Creating package script '/home/albert/umov_ws/install/arduinobot_bringup/share/arduinobot_bringup/package.bash'
[3.544s] INFO:colcon.colcon_core.shell:Creating package script '/home/albert/umov_ws/install/arduinobot_bringup/share/arduinobot_bringup/package.zsh'
[3.549s] Level 1:colcon.colcon_core.environment:create_file_with_runtime_dependencies(/home/albert/umov_ws/install/arduinobot_bringup/share/colcon-core/packages/arduinobot_bringup)
[3.565s] INFO:colcon.colcon_ros.task.ament_cmake.build:Building ROS package in '/home/albert/umov_ws/src/moveitAssistant' with build type 'ament_cmake'
[3.565s] INFO:colcon.colcon_cmake.task.cmake.build:Building CMake package in '/home/albert/umov_ws/src/moveitAssistant'
[3.566s] INFO:colcon.colcon_core.shell:Skip shell extension 'powershell' for command environment: Not usable outside of PowerShell
[3.566s] DEBUG:colcon.colcon_core.shell:Skip shell extension 'dsv' for command environment
[3.570s] DEBUG:colcon.colcon_core.event_handler.log_command:Invoked command in '/home/albert/umov_ws/build/arduinobot_controller' returned '0': CMAKE_PREFIX_PATH=${CMAKE_PREFIX_PATH}:/home/albert/ws_moveit2/install/moveit_configs_utils:/home/albert/ws_moveit2/install/launch_param_builder:/home/albert/umov_ws/install/arduino_py_examples:/home/albert/udem2_ws/install/actions_py:/home/albert/udem2_ws/install/lifecycle_py:/home/albert/udem2_ws/install/executors_py:/home/albert/udem2_ws/install/components_py:/home/albert/udem_ws/install/turtlesim_catcher:/home/albert/udem_ws/install/my_py_pkg:/home/albert/udem_ws/install/lifecycle_py:/home/albert/bcdc_ws/install/agbot_teleop:/home/albert/bcdc_ws/install/agbot_py:/home/albert/arduinobot_ws/install/arduinobot_py_examples:/opt/ros/humble /home/albert/.local/bin/cmake --build /home/albert/umov_ws/build/arduinobot_controller -- -j8 -l8
[3.576s] DEBUG:colcon.colcon_core.event_handler.log_command:Invoking command in '/home/albert/umov_ws/build/arduinobot_controller': CMAKE_PREFIX_PATH=${CMAKE_PREFIX_PATH}:/home/albert/ws_moveit2/install/moveit_configs_utils:/home/albert/ws_moveit2/install/launch_param_builder:/home/albert/umov_ws/install/arduino_py_examples:/home/albert/udem2_ws/install/actions_py:/home/albert/udem2_ws/install/lifecycle_py:/home/albert/udem2_ws/install/executors_py:/home/albert/udem2_ws/install/components_py:/home/albert/udem_ws/install/turtlesim_catcher:/home/albert/udem_ws/install/my_py_pkg:/home/albert/udem_ws/install/lifecycle_py:/home/albert/bcdc_ws/install/agbot_teleop:/home/albert/bcdc_ws/install/agbot_py:/home/albert/arduinobot_ws/install/arduinobot_py_examples:/opt/ros/humble /home/albert/.local/bin/cmake --install /home/albert/umov_ws/build/arduinobot_controller
[3.712s] Level 1:colcon.colcon_core.environment:create_environment_scripts_only(arduinobot_controller)
[3.713s] Level 1:colcon.colcon_core.environment:checking '/home/albert/umov_ws/install/arduinobot_controller' for CMake module files
[3.723s] Level 1:colcon.colcon_core.environment:checking '/home/albert/umov_ws/install/arduinobot_controller' for CMake config files
[3.725s] Level 1:colcon.colcon_core.shell:create_environment_hook('arduinobot_controller', 'cmake_prefix_path')
[3.726s] INFO:colcon.colcon_core.shell:Creating environment hook '/home/albert/umov_ws/install/arduinobot_controller/share/arduinobot_controller/hook/cmake_prefix_path.ps1'
[3.729s] INFO:colcon.colcon_core.shell:Creating environment descriptor '/home/albert/umov_ws/install/arduinobot_controller/share/arduinobot_controller/hook/cmake_prefix_path.dsv'
[3.740s] INFO:colcon.colcon_core.shell:Creating environment hook '/home/albert/umov_ws/install/arduinobot_controller/share/arduinobot_controller/hook/cmake_prefix_path.sh'
[3.744s] DEBUG:colcon.colcon_core.event_handler.log_command:Invoked command in '/home/albert/umov_ws/build/arduinobot_controller' returned '0': CMAKE_PREFIX_PATH=${CMAKE_PREFIX_PATH}:/home/albert/ws_moveit2/install/moveit_configs_utils:/home/albert/ws_moveit2/install/launch_param_builder:/home/albert/umov_ws/install/arduino_py_examples:/home/albert/udem2_ws/install/actions_py:/home/albert/udem2_ws/install/lifecycle_py:/home/albert/udem2_ws/install/executors_py:/home/albert/udem2_ws/install/components_py:/home/albert/udem_ws/install/turtlesim_catcher:/home/albert/udem_ws/install/my_py_pkg:/home/albert/udem_ws/install/lifecycle_py:/home/albert/bcdc_ws/install/agbot_teleop:/home/albert/bcdc_ws/install/agbot_py:/home/albert/arduinobot_ws/install/arduinobot_py_examples:/opt/ros/humble /home/albert/.local/bin/cmake --install /home/albert/umov_ws/build/arduinobot_controller
[3.750s] Level 1:colcon.colcon_core.environment:checking '/home/albert/umov_ws/install/arduinobot_controller/lib'
[3.751s] Level 1:colcon.colcon_core.shell:create_environment_hook('arduinobot_controller', 'ld_library_path_lib')
[3.752s] INFO:colcon.colcon_core.shell:Creating environment hook '/home/albert/umov_ws/install/arduinobot_controller/share/arduinobot_controller/hook/ld_library_path_lib.ps1'
[3.754s] INFO:colcon.colcon_core.shell:Creating environment descriptor '/home/albert/umov_ws/install/arduinobot_controller/share/arduinobot_controller/hook/ld_library_path_lib.dsv'
[3.755s] INFO:colcon.colcon_core.shell:Creating environment hook '/home/albert/umov_ws/install/arduinobot_controller/share/arduinobot_controller/hook/ld_library_path_lib.sh'
[3.761s] Level 1:colcon.colcon_core.environment:checking '/home/albert/umov_ws/install/arduinobot_controller/bin'
[3.762s] Level 1:colcon.colcon_core.environment:checking '/home/albert/umov_ws/install/arduinobot_controller/lib/pkgconfig/arduinobot_controller.pc'
[3.762s] Level 1:colcon.colcon_core.environment:checking '/home/albert/umov_ws/install/arduinobot_controller/lib/python3.10/site-packages'
[3.763s] Level 1:colcon.colcon_core.environment:checking '/home/albert/umov_ws/install/arduinobot_controller/bin'
[3.765s] INFO:colcon.colcon_core.shell:Creating package script '/home/albert/umov_ws/install/arduinobot_controller/share/arduinobot_controller/package.ps1'
[3.767s] INFO:colcon.colcon_core.shell:Creating package descriptor '/home/albert/umov_ws/install/arduinobot_controller/share/arduinobot_controller/package.dsv'
[3.772s] INFO:colcon.colcon_core.shell:Creating package script '/home/albert/umov_ws/install/arduinobot_controller/share/arduinobot_controller/package.sh'
[3.774s] INFO:colcon.colcon_core.shell:Creating package script '/home/albert/umov_ws/install/arduinobot_controller/share/arduinobot_controller/package.bash'
[3.776s] INFO:colcon.colcon_core.shell:Creating package script '/home/albert/umov_ws/install/arduinobot_controller/share/arduinobot_controller/package.zsh'
[3.779s] Level 1:colcon.colcon_core.environment:create_file_with_runtime_dependencies(/home/albert/umov_ws/install/arduinobot_controller/share/colcon-core/packages/arduinobot_controller)
[3.783s] Level 1:colcon.colcon_core.environment:create_environment_scripts_only(arduinobot_controller)
[3.784s] Level 1:colcon.colcon_core.environment:checking '/home/albert/umov_ws/install/arduinobot_controller' for CMake module files
[3.785s] Level 1:colcon.colcon_core.environment:checking '/home/albert/umov_ws/install/arduinobot_controller' for CMake config files
[3.788s] Level 1:colcon.colcon_core.shell:create_environment_hook('arduinobot_controller', 'cmake_prefix_path')
[3.789s] INFO:colcon.colcon_core.shell:Creating environment hook '/home/albert/umov_ws/install/arduinobot_controller/share/arduinobot_controller/hook/cmake_prefix_path.ps1'
[3.790s] INFO:colcon.colcon_core.shell:Creating environment descriptor '/home/albert/umov_ws/install/arduinobot_controller/share/arduinobot_controller/hook/cmake_prefix_path.dsv'
[3.795s] INFO:colcon.colcon_core.shell:Creating environment hook '/home/albert/umov_ws/install/arduinobot_controller/share/arduinobot_controller/hook/cmake_prefix_path.sh'
[3.798s] Level 1:colcon.colcon_core.environment:checking '/home/albert/umov_ws/install/arduinobot_controller/lib'
[3.799s] Level 1:colcon.colcon_core.shell:create_environment_hook('arduinobot_controller', 'ld_library_path_lib')
[3.800s] INFO:colcon.colcon_core.shell:Creating environment hook '/home/albert/umov_ws/install/arduinobot_controller/share/arduinobot_controller/hook/ld_library_path_lib.ps1'
[3.802s] INFO:colcon.colcon_core.shell:Creating environment descriptor '/home/albert/umov_ws/install/arduinobot_controller/share/arduinobot_controller/hook/ld_library_path_lib.dsv'
[3.803s] INFO:colcon.colcon_core.shell:Creating environment hook '/home/albert/umov_ws/install/arduinobot_controller/share/arduinobot_controller/hook/ld_library_path_lib.sh'
[3.804s] Level 1:colcon.colcon_core.environment:checking '/home/albert/umov_ws/install/arduinobot_controller/bin'
[3.805s] Level 1:colcon.colcon_core.environment:checking '/home/albert/umov_ws/install/arduinobot_controller/lib/pkgconfig/arduinobot_controller.pc'
[3.806s] Level 1:colcon.colcon_core.environment:checking '/home/albert/umov_ws/install/arduinobot_controller/lib/python3.10/site-packages'
[3.807s] Level 1:colcon.colcon_core.environment:checking '/home/albert/umov_ws/install/arduinobot_controller/bin'
[3.809s] INFO:colcon.colcon_core.shell:Creating package script '/home/albert/umov_ws/install/arduinobot_controller/share/arduinobot_controller/package.ps1'
[3.812s] INFO:colcon.colcon_core.shell:Creating package descriptor '/home/albert/umov_ws/install/arduinobot_controller/share/arduinobot_controller/package.dsv'
[3.815s] INFO:colcon.colcon_core.shell:Creating package script '/home/albert/umov_ws/install/arduinobot_controller/share/arduinobot_controller/package.sh'
[3.817s] INFO:colcon.colcon_core.shell:Creating package script '/home/albert/umov_ws/install/arduinobot_controller/share/arduinobot_controller/package.bash'
[3.819s] INFO:colcon.colcon_core.shell:Creating package script '/home/albert/umov_ws/install/arduinobot_controller/share/arduinobot_controller/package.zsh'
[3.822s] Level 1:colcon.colcon_core.environment:create_file_with_runtime_dependencies(/home/albert/umov_ws/install/arduinobot_controller/share/colcon-core/packages/arduinobot_controller)
[3.847s] DEBUG:colcon.colcon_core.event_handler.log_command:Invoking command in '/home/albert/umov_ws/build/MoveitAssistant': CMAKE_PREFIX_PATH=/home/albert/umov_ws/install/description:/home/albert/ag_arm_ws/install/arm_setup_moveit:/home/albert/ag_arm_ws/install/arm_moveit:/home/albert/ag_arm_ws/install/arm_description:/home/albert/ag_arm_ws/install/arm_cpp:/home/albert/ag_arm_ws/install/arm_controller:/home/albert/ws_moveit2/install/pilz_industrial_motion_planner_testutils:/home/albert/ws_moveit2/install/moveit_runtime:/home/albert/ws_moveit2/install/moveit2_tutorials:/home/albert/ws_moveit2/install/moveit:/home/albert/ws_moveit2/install/moveit_planners:/home/albert/ws_moveit2/install/pilz_industrial_motion_planner:/home/albert/ws_moveit2/install/moveit_visual_tools:/home/albert/ws_moveit2/install/moveit_task_constructor_visualization:/home/albert/ws_moveit2/install/moveit_task_constructor_demo:/home/albert/ws_moveit2/install/moveit_task_constructor_capabilities:/home/albert/ws_moveit2/install/moveit_task_constructor_core:/home/albert/ws_moveit2/install/moveit_ros_control_interface:/home/albert/ws_moveit2/install/moveit_plugins:/home/albert/ws_moveit2/install/moveit_simple_controller_manager:/home/albert/ws_moveit2/install/moveit_setup_assistant:/home/albert/ws_moveit2/install/moveit_setup_srdf_plugins:/home/albert/ws_moveit2/install/moveit_setup_core_plugins:/home/albert/ws_moveit2/install/moveit_setup_controllers:/home/albert/ws_moveit2/install/moveit_setup_app_plugins:/home/albert/ws_moveit2/install/moveit_setup_framework:/home/albert/ws_moveit2/install/moveit_servo:/home/albert/ws_moveit2/install/moveit_ros:/home/albert/ws_moveit2/install/moveit_ros_visualization:/home/albert/ws_moveit2/install/moveit_hybrid_planning:/home/albert/ws_moveit2/install/moveit_ros_planning_interface:/home/albert/ws_moveit2/install/moveit_ros_benchmarks:/home/albert/ws_moveit2/install/moveit_ros_warehouse:/home/albert/ws_moveit2/install/moveit_ros_robot_interaction:/home/albert/ws_moveit2/install/moveit_ros_perception:/home/albert/ws_moveit2/install/moveit_resources_prbt_pg70_support:/home/albert/ws_moveit2/install/moveit_resources_prbt_moveit_config:/home/albert/ws_moveit2/install/moveit_ros_move_group:/home/albert/ws_moveit2/install/moveit_planners_ompl:/home/albert/ws_moveit2/install/moveit_ros_planning:/home/albert/ws_moveit2/install/moveit_ros_occupancy_map_monitor:/home/albert/ws_moveit2/install/moveit_resources_prbt_ikfast_manipulator_plugin:/home/albert/ws_moveit2/install/moveit_planners_chomp:/home/albert/ws_moveit2/install/moveit_kinematics:/home/albert/ws_moveit2/install/moveit_chomp_optimizer_adapter:/home/albert/ws_moveit2/install/chomp_motion_planner:/home/albert/ws_moveit2/install/moveit_core:/home/albert/ws_moveit2/install/srdfdom:/home/albert/ws_moveit2/install/rviz_marker_tools:/home/albert/ws_moveit2/install/rosparam_shortcuts:/home/albert/ws_moveit2/install/moveit_task_constructor_msgs:/home/albert/ws_moveit2/install/moveit_resources_prbt_support:/home/albert/ws_moveit2/install/moveit_resources:/home/albert/ws_moveit2/install/moveit_resources_pr2_description:/home/albert/ws_moveit2/install/moveit_resources_panda_moveit_config:/home/albert/ws_moveit2/install/moveit_resources_panda_description:/home/albert/ws_moveit2/install/moveit_resources_fanuc_moveit_config:/home/albert/ws_moveit2/install/moveit_resources_fanuc_description:/home/albert/ws_moveit2/install/moveit_common:/home/albert/umov_ws/install/MoveitAssistant:/home/albert/umov_ws/install/arduinobot_utils:/home/albert/umov_ws/install/arduinobot_remote:/home/albert/umov_ws/install/arduino_cpp_examples:/home/albert/umov_ws/install/arduinobot_msgs:/home/albert/umov_ws/install/arduinobot_moveit:/home/albert/umov_ws/install/arduinobot_firmware:/home/albert/umov_ws/install/arduinobot_controller:/home/albert/umov_ws/install/arduinobot_bringup:/home/albert/unav_ws/install/turtlebot3_fake_node:/home/albert/unav_ws/install/robot_bringup:/home/albert/unav_ws/install/nav2_robot_description:/home/albert/udem2_ws/install/robot_bringup:/home/albert/udem2_ws/install/my_robot_bringup:/home/albert/udem2_ws/install/lifecycle_cpp:/home/albert/udem2_ws/install/final_project_cpp:/home/albert/udem2_ws/install/actions_cpp:/home/albert/udem2_ws/install/robot_interfaces:/home/albert/udem2_ws/install/executors_cpp:/home/albert/udem2_ws/install/components_cpp:/home/albert/udem_ws/install/my_robot_bringup:/home/albert/udem_ws/install/my_cpp_pkg:/home/albert/udem_ws/install/my_robot_interfaces:/home/albert/udem_ws/install/my_robot_description:/home/albert/udem_ws/install/lifecycle_cpp:/home/albert/bcdc_ws/install/aggiebot_cpp:/home/albert/bcdc_ws/install/aggiebot_msgs:/home/albert/bcdc_ws/install/aggiebot_description:/home/albert/bcdc_ws/install/aggiebot_controller:/home/albert/bcdc_ws/install/aggiebot_bringup:/home/albert/bcdc_ws/install/aggiebot_arm_moveit:/home/albert/bcdc_ws/install/aggiebot_arm_description:/home/albert/bcdc_ws/install/aggiebot_arm_controller:/home/albert/bcdc_ws/install/agbot_setup_moveit:/home/albert/bcdc_ws/install/agbot_cpp:/home/albert/bcdc_ws/install/agbot_msgs:/home/albert/bcdc_ws/install/agbot_moveit:/home/albert/bcdc_ws/install/agbot_description:/home/albert/bcdc_ws/install/agbot_controller:/home/albert/bcdc_ws/install/agbot_bringup:/home/albert/bcdc_ws/install/agbot_arm_controller:/home/albert/arduinobot_ws/install/arduinobot_utils:/home/albert/arduinobot_ws/install/arduinobot_remote:/home/albert/arduinobot_ws/install/arduinobot_cpp_examples:/home/albert/arduinobot_ws/install/arduinobot_msgs:/home/albert/arduinobot_ws/install/arduinobot_moveit_setup:/home/albert/arduinobot_ws/install/arduinobot_moveit:/home/albert/arduinobot_ws/install/arduinobot_description:/home/albert/arduinobot_ws/install/arduinobot_controller:/home/albert/rad_ws/install/agbot_full_nav2:/home/albert/rad_ws/install/agbot_full_msgs:/home/albert/rad_ws/install/agbot_full_moveit_setup:/home/albert/rad_ws/install/agbot_full_moveit:/home/albert/rad_ws/install/agbot_full_description:/home/albert/rad_ws/install/agbot_full_cpp:/home/albert/rad_ws/install/agbot_full_controller:/home/albert/rad_ws/install/agbot_full_cartogropher:/home/albert/dev_ws/install/my_bot:/home/albert/ag_car_ws/install/car_nav2:/home/albert/ag_car_ws/install/car_description:/home/albert/ag_car_ws/install/car_controller:/home/albert/ag_car_ws/install/car_cartographer:/home/albert/ws_moveit2/install/moveit_configs_utils:/home/albert/ws_moveit2/install/launch_param_builder:/home/albert/umov_ws/install/arduino_py_examples:/home/albert/udem2_ws/install/actions_py:/home/albert/udem2_ws/install/lifecycle_py:/home/albert/udem2_ws/install/executors_py:/home/albert/udem2_ws/install/components_py:/home/albert/udem_ws/install/turtlesim_catcher:/home/albert/udem_ws/install/my_py_pkg:/home/albert/udem_ws/install/lifecycle_py:/home/albert/bcdc_ws/install/agbot_teleop:/home/albert/bcdc_ws/install/agbot_py:/home/albert/arduinobot_ws/install/arduinobot_py_examples:/opt/ros/humble /home/albert/.local/bin/cmake --build /home/albert/umov_ws/build/MoveitAssistant -- -j8 -l8
[3.943s] DEBUG:colcon.colcon_core.event_handler.log_command:Invoked command in '/home/albert/umov_ws/build/MoveitAssistant' returned '0': CMAKE_PREFIX_PATH=/home/albert/umov_ws/install/description:/home/albert/ag_arm_ws/install/arm_setup_moveit:/home/albert/ag_arm_ws/install/arm_moveit:/home/albert/ag_arm_ws/install/arm_description:/home/albert/ag_arm_ws/install/arm_cpp:/home/albert/ag_arm_ws/install/arm_controller:/home/albert/ws_moveit2/install/pilz_industrial_motion_planner_testutils:/home/albert/ws_moveit2/install/moveit_runtime:/home/albert/ws_moveit2/install/moveit2_tutorials:/home/albert/ws_moveit2/install/moveit:/home/albert/ws_moveit2/install/moveit_planners:/home/albert/ws_moveit2/install/pilz_industrial_motion_planner:/home/albert/ws_moveit2/install/moveit_visual_tools:/home/albert/ws_moveit2/install/moveit_task_constructor_visualization:/home/albert/ws_moveit2/install/moveit_task_constructor_demo:/home/albert/ws_moveit2/install/moveit_task_constructor_capabilities:/home/albert/ws_moveit2/install/moveit_task_constructor_core:/home/albert/ws_moveit2/install/moveit_ros_control_interface:/home/albert/ws_moveit2/install/moveit_plugins:/home/albert/ws_moveit2/install/moveit_simple_controller_manager:/home/albert/ws_moveit2/install/moveit_setup_assistant:/home/albert/ws_moveit2/install/moveit_setup_srdf_plugins:/home/albert/ws_moveit2/install/moveit_setup_core_plugins:/home/albert/ws_moveit2/install/moveit_setup_controllers:/home/albert/ws_moveit2/install/moveit_setup_app_plugins:/home/albert/ws_moveit2/install/moveit_setup_framework:/home/albert/ws_moveit2/install/moveit_servo:/home/albert/ws_moveit2/install/moveit_ros:/home/albert/ws_moveit2/install/moveit_ros_visualization:/home/albert/ws_moveit2/install/moveit_hybrid_planning:/home/albert/ws_moveit2/install/moveit_ros_planning_interface:/home/albert/ws_moveit2/install/moveit_ros_benchmarks:/home/albert/ws_moveit2/install/moveit_ros_warehouse:/home/albert/ws_moveit2/install/moveit_ros_robot_interaction:/home/albert/ws_moveit2/install/moveit_ros_perception:/home/albert/ws_moveit2/install/moveit_resources_prbt_pg70_support:/home/albert/ws_moveit2/install/moveit_resources_prbt_moveit_config:/home/albert/ws_moveit2/install/moveit_ros_move_group:/home/albert/ws_moveit2/install/moveit_planners_ompl:/home/albert/ws_moveit2/install/moveit_ros_planning:/home/albert/ws_moveit2/install/moveit_ros_occupancy_map_monitor:/home/albert/ws_moveit2/install/moveit_resources_prbt_ikfast_manipulator_plugin:/home/albert/ws_moveit2/install/moveit_planners_chomp:/home/albert/ws_moveit2/install/moveit_kinematics:/home/albert/ws_moveit2/install/moveit_chomp_optimizer_adapter:/home/albert/ws_moveit2/install/chomp_motion_planner:/home/albert/ws_moveit2/install/moveit_core:/home/albert/ws_moveit2/install/srdfdom:/home/albert/ws_moveit2/install/rviz_marker_tools:/home/albert/ws_moveit2/install/rosparam_shortcuts:/home/albert/ws_moveit2/install/moveit_task_constructor_msgs:/home/albert/ws_moveit2/install/moveit_resources_prbt_support:/home/albert/ws_moveit2/install/moveit_resources:/home/albert/ws_moveit2/install/moveit_resources_pr2_description:/home/albert/ws_moveit2/install/moveit_resources_panda_moveit_config:/home/albert/ws_moveit2/install/moveit_resources_panda_description:/home/albert/ws_moveit2/install/moveit_resources_fanuc_moveit_config:/home/albert/ws_moveit2/install/moveit_resources_fanuc_description:/home/albert/ws_moveit2/install/moveit_common:/home/albert/umov_ws/install/MoveitAssistant:/home/albert/umov_ws/install/arduinobot_utils:/home/albert/umov_ws/install/arduinobot_remote:/home/albert/umov_ws/install/arduino_cpp_examples:/home/albert/umov_ws/install/arduinobot_msgs:/home/albert/umov_ws/install/arduinobot_moveit:/home/albert/umov_ws/install/arduinobot_firmware:/home/albert/umov_ws/install/arduinobot_controller:/home/albert/umov_ws/install/arduinobot_bringup:/home/albert/unav_ws/install/turtlebot3_fake_node:/home/albert/unav_ws/install/robot_bringup:/home/albert/unav_ws/install/nav2_robot_description:/home/albert/udem2_ws/install/robot_bringup:/home/albert/udem2_ws/install/my_robot_bringup:/home/albert/udem2_ws/install/lifecycle_cpp:/home/albert/udem2_ws/install/final_project_cpp:/home/albert/udem2_ws/install/actions_cpp:/home/albert/udem2_ws/install/robot_interfaces:/home/albert/udem2_ws/install/executors_cpp:/home/albert/udem2_ws/install/components_cpp:/home/albert/udem_ws/install/my_robot_bringup:/home/albert/udem_ws/install/my_cpp_pkg:/home/albert/udem_ws/install/my_robot_interfaces:/home/albert/udem_ws/install/my_robot_description:/home/albert/udem_ws/install/lifecycle_cpp:/home/albert/bcdc_ws/install/aggiebot_cpp:/home/albert/bcdc_ws/install/aggiebot_msgs:/home/albert/bcdc_ws/install/aggiebot_description:/home/albert/bcdc_ws/install/aggiebot_controller:/home/albert/bcdc_ws/install/aggiebot_bringup:/home/albert/bcdc_ws/install/aggiebot_arm_moveit:/home/albert/bcdc_ws/install/aggiebot_arm_description:/home/albert/bcdc_ws/install/aggiebot_arm_controller:/home/albert/bcdc_ws/install/agbot_setup_moveit:/home/albert/bcdc_ws/install/agbot_cpp:/home/albert/bcdc_ws/install/agbot_msgs:/home/albert/bcdc_ws/install/agbot_moveit:/home/albert/bcdc_ws/install/agbot_description:/home/albert/bcdc_ws/install/agbot_controller:/home/albert/bcdc_ws/install/agbot_bringup:/home/albert/bcdc_ws/install/agbot_arm_controller:/home/albert/arduinobot_ws/install/arduinobot_utils:/home/albert/arduinobot_ws/install/arduinobot_remote:/home/albert/arduinobot_ws/install/arduinobot_cpp_examples:/home/albert/arduinobot_ws/install/arduinobot_msgs:/home/albert/arduinobot_ws/install/arduinobot_moveit_setup:/home/albert/arduinobot_ws/install/arduinobot_moveit:/home/albert/arduinobot_ws/install/arduinobot_description:/home/albert/arduinobot_ws/install/arduinobot_controller:/home/albert/rad_ws/install/agbot_full_nav2:/home/albert/rad_ws/install/agbot_full_msgs:/home/albert/rad_ws/install/agbot_full_moveit_setup:/home/albert/rad_ws/install/agbot_full_moveit:/home/albert/rad_ws/install/agbot_full_description:/home/albert/rad_ws/install/agbot_full_cpp:/home/albert/rad_ws/install/agbot_full_controller:/home/albert/rad_ws/install/agbot_full_cartogropher:/home/albert/dev_ws/install/my_bot:/home/albert/ag_car_ws/install/car_nav2:/home/albert/ag_car_ws/install/car_description:/home/albert/ag_car_ws/install/car_controller:/home/albert/ag_car_ws/install/car_cartographer:/home/albert/ws_moveit2/install/moveit_configs_utils:/home/albert/ws_moveit2/install/launch_param_builder:/home/albert/umov_ws/install/arduino_py_examples:/home/albert/udem2_ws/install/actions_py:/home/albert/udem2_ws/install/lifecycle_py:/home/albert/udem2_ws/install/executors_py:/home/albert/udem2_ws/install/components_py:/home/albert/udem_ws/install/turtlesim_catcher:/home/albert/udem_ws/install/my_py_pkg:/home/albert/udem_ws/install/lifecycle_py:/home/albert/bcdc_ws/install/agbot_teleop:/home/albert/bcdc_ws/install/agbot_py:/home/albert/arduinobot_ws/install/arduinobot_py_examples:/opt/ros/humble /home/albert/.local/bin/cmake --build /home/albert/umov_ws/build/MoveitAssistant -- -j8 -l8
[3.958s] DEBUG:colcon.colcon_core.event_handler.log_command:Invoking command in '/home/albert/umov_ws/build/MoveitAssistant': CMAKE_PREFIX_PATH=/home/albert/umov_ws/install/description:/home/albert/ag_arm_ws/install/arm_setup_moveit:/home/albert/ag_arm_ws/install/arm_moveit:/home/albert/ag_arm_ws/install/arm_description:/home/albert/ag_arm_ws/install/arm_cpp:/home/albert/ag_arm_ws/install/arm_controller:/home/albert/ws_moveit2/install/pilz_industrial_motion_planner_testutils:/home/albert/ws_moveit2/install/moveit_runtime:/home/albert/ws_moveit2/install/moveit2_tutorials:/home/albert/ws_moveit2/install/moveit:/home/albert/ws_moveit2/install/moveit_planners:/home/albert/ws_moveit2/install/pilz_industrial_motion_planner:/home/albert/ws_moveit2/install/moveit_visual_tools:/home/albert/ws_moveit2/install/moveit_task_constructor_visualization:/home/albert/ws_moveit2/install/moveit_task_constructor_demo:/home/albert/ws_moveit2/install/moveit_task_constructor_capabilities:/home/albert/ws_moveit2/install/moveit_task_constructor_core:/home/albert/ws_moveit2/install/moveit_ros_control_interface:/home/albert/ws_moveit2/install/moveit_plugins:/home/albert/ws_moveit2/install/moveit_simple_controller_manager:/home/albert/ws_moveit2/install/moveit_setup_assistant:/home/albert/ws_moveit2/install/moveit_setup_srdf_plugins:/home/albert/ws_moveit2/install/moveit_setup_core_plugins:/home/albert/ws_moveit2/install/moveit_setup_controllers:/home/albert/ws_moveit2/install/moveit_setup_app_plugins:/home/albert/ws_moveit2/install/moveit_setup_framework:/home/albert/ws_moveit2/install/moveit_servo:/home/albert/ws_moveit2/install/moveit_ros:/home/albert/ws_moveit2/install/moveit_ros_visualization:/home/albert/ws_moveit2/install/moveit_hybrid_planning:/home/albert/ws_moveit2/install/moveit_ros_planning_interface:/home/albert/ws_moveit2/install/moveit_ros_benchmarks:/home/albert/ws_moveit2/install/moveit_ros_warehouse:/home/albert/ws_moveit2/install/moveit_ros_robot_interaction:/home/albert/ws_moveit2/install/moveit_ros_perception:/home/albert/ws_moveit2/install/moveit_resources_prbt_pg70_support:/home/albert/ws_moveit2/install/moveit_resources_prbt_moveit_config:/home/albert/ws_moveit2/install/moveit_ros_move_group:/home/albert/ws_moveit2/install/moveit_planners_ompl:/home/albert/ws_moveit2/install/moveit_ros_planning:/home/albert/ws_moveit2/install/moveit_ros_occupancy_map_monitor:/home/albert/ws_moveit2/install/moveit_resources_prbt_ikfast_manipulator_plugin:/home/albert/ws_moveit2/install/moveit_planners_chomp:/home/albert/ws_moveit2/install/moveit_kinematics:/home/albert/ws_moveit2/install/moveit_chomp_optimizer_adapter:/home/albert/ws_moveit2/install/chomp_motion_planner:/home/albert/ws_moveit2/install/moveit_core:/home/albert/ws_moveit2/install/srdfdom:/home/albert/ws_moveit2/install/rviz_marker_tools:/home/albert/ws_moveit2/install/rosparam_shortcuts:/home/albert/ws_moveit2/install/moveit_task_constructor_msgs:/home/albert/ws_moveit2/install/moveit_resources_prbt_support:/home/albert/ws_moveit2/install/moveit_resources:/home/albert/ws_moveit2/install/moveit_resources_pr2_description:/home/albert/ws_moveit2/install/moveit_resources_panda_moveit_config:/home/albert/ws_moveit2/install/moveit_resources_panda_description:/home/albert/ws_moveit2/install/moveit_resources_fanuc_moveit_config:/home/albert/ws_moveit2/install/moveit_resources_fanuc_description:/home/albert/ws_moveit2/install/moveit_common:/home/albert/umov_ws/install/MoveitAssistant:/home/albert/umov_ws/install/arduinobot_utils:/home/albert/umov_ws/install/arduinobot_remote:/home/albert/umov_ws/install/arduino_cpp_examples:/home/albert/umov_ws/install/arduinobot_msgs:/home/albert/umov_ws/install/arduinobot_moveit:/home/albert/umov_ws/install/arduinobot_firmware:/home/albert/umov_ws/install/arduinobot_controller:/home/albert/umov_ws/install/arduinobot_bringup:/home/albert/unav_ws/install/turtlebot3_fake_node:/home/albert/unav_ws/install/robot_bringup:/home/albert/unav_ws/install/nav2_robot_description:/home/albert/udem2_ws/install/robot_bringup:/home/albert/udem2_ws/install/my_robot_bringup:/home/albert/udem2_ws/install/lifecycle_cpp:/home/albert/udem2_ws/install/final_project_cpp:/home/albert/udem2_ws/install/actions_cpp:/home/albert/udem2_ws/install/robot_interfaces:/home/albert/udem2_ws/install/executors_cpp:/home/albert/udem2_ws/install/components_cpp:/home/albert/udem_ws/install/my_robot_bringup:/home/albert/udem_ws/install/my_cpp_pkg:/home/albert/udem_ws/install/my_robot_interfaces:/home/albert/udem_ws/install/my_robot_description:/home/albert/udem_ws/install/lifecycle_cpp:/home/albert/bcdc_ws/install/aggiebot_cpp:/home/albert/bcdc_ws/install/aggiebot_msgs:/home/albert/bcdc_ws/install/aggiebot_description:/home/albert/bcdc_ws/install/aggiebot_controller:/home/albert/bcdc_ws/install/aggiebot_bringup:/home/albert/bcdc_ws/install/aggiebot_arm_moveit:/home/albert/bcdc_ws/install/aggiebot_arm_description:/home/albert/bcdc_ws/install/aggiebot_arm_controller:/home/albert/bcdc_ws/install/agbot_setup_moveit:/home/albert/bcdc_ws/install/agbot_cpp:/home/albert/bcdc_ws/install/agbot_msgs:/home/albert/bcdc_ws/install/agbot_moveit:/home/albert/bcdc_ws/install/agbot_description:/home/albert/bcdc_ws/install/agbot_controller:/home/albert/bcdc_ws/install/agbot_bringup:/home/albert/bcdc_ws/install/agbot_arm_controller:/home/albert/arduinobot_ws/install/arduinobot_utils:/home/albert/arduinobot_ws/install/arduinobot_remote:/home/albert/arduinobot_ws/install/arduinobot_cpp_examples:/home/albert/arduinobot_ws/install/arduinobot_msgs:/home/albert/arduinobot_ws/install/arduinobot_moveit_setup:/home/albert/arduinobot_ws/install/arduinobot_moveit:/home/albert/arduinobot_ws/install/arduinobot_description:/home/albert/arduinobot_ws/install/arduinobot_controller:/home/albert/rad_ws/install/agbot_full_nav2:/home/albert/rad_ws/install/agbot_full_msgs:/home/albert/rad_ws/install/agbot_full_moveit_setup:/home/albert/rad_ws/install/agbot_full_moveit:/home/albert/rad_ws/install/agbot_full_description:/home/albert/rad_ws/install/agbot_full_cpp:/home/albert/rad_ws/install/agbot_full_controller:/home/albert/rad_ws/install/agbot_full_cartogropher:/home/albert/dev_ws/install/my_bot:/home/albert/ag_car_ws/install/car_nav2:/home/albert/ag_car_ws/install/car_description:/home/albert/ag_car_ws/install/car_controller:/home/albert/ag_car_ws/install/car_cartographer:/home/albert/ws_moveit2/install/moveit_configs_utils:/home/albert/ws_moveit2/install/launch_param_builder:/home/albert/umov_ws/install/arduino_py_examples:/home/albert/udem2_ws/install/actions_py:/home/albert/udem2_ws/install/lifecycle_py:/home/albert/udem2_ws/install/executors_py:/home/albert/udem2_ws/install/components_py:/home/albert/udem_ws/install/turtlesim_catcher:/home/albert/udem_ws/install/my_py_pkg:/home/albert/udem_ws/install/lifecycle_py:/home/albert/bcdc_ws/install/agbot_teleop:/home/albert/bcdc_ws/install/agbot_py:/home/albert/arduinobot_ws/install/arduinobot_py_examples:/opt/ros/humble /home/albert/.local/bin/cmake --install /home/albert/umov_ws/build/MoveitAssistant
[3.986s] Level 1:colcon.colcon_core.environment:create_environment_scripts_only(MoveitAssistant)
[3.987s] Level 1:colcon.colcon_core.environment:checking '/home/albert/umov_ws/install/MoveitAssistant' for CMake module files
[3.992s] Level 1:colcon.colcon_core.environment:checking '/home/albert/umov_ws/install/MoveitAssistant' for CMake config files
[3.994s] Level 1:colcon.colcon_core.shell:create_environment_hook('MoveitAssistant', 'cmake_prefix_path')
[3.996s] INFO:colcon.colcon_core.shell:Creating environment hook '/home/albert/umov_ws/install/MoveitAssistant/share/MoveitAssistant/hook/cmake_prefix_path.ps1'
[3.999s] INFO:colcon.colcon_core.shell:Creating environment descriptor '/home/albert/umov_ws/install/MoveitAssistant/share/MoveitAssistant/hook/cmake_prefix_path.dsv'
[4.004s] DEBUG:colcon.colcon_core.event_handler.log_command:Invoked command in '/home/albert/umov_ws/build/MoveitAssistant' returned '0': CMAKE_PREFIX_PATH=/home/albert/umov_ws/install/description:/home/albert/ag_arm_ws/install/arm_setup_moveit:/home/albert/ag_arm_ws/install/arm_moveit:/home/albert/ag_arm_ws/install/arm_description:/home/albert/ag_arm_ws/install/arm_cpp:/home/albert/ag_arm_ws/install/arm_controller:/home/albert/ws_moveit2/install/pilz_industrial_motion_planner_testutils:/home/albert/ws_moveit2/install/moveit_runtime:/home/albert/ws_moveit2/install/moveit2_tutorials:/home/albert/ws_moveit2/install/moveit:/home/albert/ws_moveit2/install/moveit_planners:/home/albert/ws_moveit2/install/pilz_industrial_motion_planner:/home/albert/ws_moveit2/install/moveit_visual_tools:/home/albert/ws_moveit2/install/moveit_task_constructor_visualization:/home/albert/ws_moveit2/install/moveit_task_constructor_demo:/home/albert/ws_moveit2/install/moveit_task_constructor_capabilities:/home/albert/ws_moveit2/install/moveit_task_constructor_core:/home/albert/ws_moveit2/install/moveit_ros_control_interface:/home/albert/ws_moveit2/install/moveit_plugins:/home/albert/ws_moveit2/install/moveit_simple_controller_manager:/home/albert/ws_moveit2/install/moveit_setup_assistant:/home/albert/ws_moveit2/install/moveit_setup_srdf_plugins:/home/albert/ws_moveit2/install/moveit_setup_core_plugins:/home/albert/ws_moveit2/install/moveit_setup_controllers:/home/albert/ws_moveit2/install/moveit_setup_app_plugins:/home/albert/ws_moveit2/install/moveit_setup_framework:/home/albert/ws_moveit2/install/moveit_servo:/home/albert/ws_moveit2/install/moveit_ros:/home/albert/ws_moveit2/install/moveit_ros_visualization:/home/albert/ws_moveit2/install/moveit_hybrid_planning:/home/albert/ws_moveit2/install/moveit_ros_planning_interface:/home/albert/ws_moveit2/install/moveit_ros_benchmarks:/home/albert/ws_moveit2/install/moveit_ros_warehouse:/home/albert/ws_moveit2/install/moveit_ros_robot_interaction:/home/albert/ws_moveit2/install/moveit_ros_perception:/home/albert/ws_moveit2/install/moveit_resources_prbt_pg70_support:/home/albert/ws_moveit2/install/moveit_resources_prbt_moveit_config:/home/albert/ws_moveit2/install/moveit_ros_move_group:/home/albert/ws_moveit2/install/moveit_planners_ompl:/home/albert/ws_moveit2/install/moveit_ros_planning:/home/albert/ws_moveit2/install/moveit_ros_occupancy_map_monitor:/home/albert/ws_moveit2/install/moveit_resources_prbt_ikfast_manipulator_plugin:/home/albert/ws_moveit2/install/moveit_planners_chomp:/home/albert/ws_moveit2/install/moveit_kinematics:/home/albert/ws_moveit2/install/moveit_chomp_optimizer_adapter:/home/albert/ws_moveit2/install/chomp_motion_planner:/home/albert/ws_moveit2/install/moveit_core:/home/albert/ws_moveit2/install/srdfdom:/home/albert/ws_moveit2/install/rviz_marker_tools:/home/albert/ws_moveit2/install/rosparam_shortcuts:/home/albert/ws_moveit2/install/moveit_task_constructor_msgs:/home/albert/ws_moveit2/install/moveit_resources_prbt_support:/home/albert/ws_moveit2/install/moveit_resources:/home/albert/ws_moveit2/install/moveit_resources_pr2_description:/home/albert/ws_moveit2/install/moveit_resources_panda_moveit_config:/home/albert/ws_moveit2/install/moveit_resources_panda_description:/home/albert/ws_moveit2/install/moveit_resources_fanuc_moveit_config:/home/albert/ws_moveit2/install/moveit_resources_fanuc_description:/home/albert/ws_moveit2/install/moveit_common:/home/albert/umov_ws/install/MoveitAssistant:/home/albert/umov_ws/install/arduinobot_utils:/home/albert/umov_ws/install/arduinobot_remote:/home/albert/umov_ws/install/arduino_cpp_examples:/home/albert/umov_ws/install/arduinobot_msgs:/home/albert/umov_ws/install/arduinobot_moveit:/home/albert/umov_ws/install/arduinobot_firmware:/home/albert/umov_ws/install/arduinobot_controller:/home/albert/umov_ws/install/arduinobot_bringup:/home/albert/unav_ws/install/turtlebot3_fake_node:/home/albert/unav_ws/install/robot_bringup:/home/albert/unav_ws/install/nav2_robot_description:/home/albert/udem2_ws/install/robot_bringup:/home/albert/udem2_ws/install/my_robot_bringup:/home/albert/udem2_ws/install/lifecycle_cpp:/home/albert/udem2_ws/install/final_project_cpp:/home/albert/udem2_ws/install/actions_cpp:/home/albert/udem2_ws/install/robot_interfaces:/home/albert/udem2_ws/install/executors_cpp:/home/albert/udem2_ws/install/components_cpp:/home/albert/udem_ws/install/my_robot_bringup:/home/albert/udem_ws/install/my_cpp_pkg:/home/albert/udem_ws/install/my_robot_interfaces:/home/albert/udem_ws/install/my_robot_description:/home/albert/udem_ws/install/lifecycle_cpp:/home/albert/bcdc_ws/install/aggiebot_cpp:/home/albert/bcdc_ws/install/aggiebot_msgs:/home/albert/bcdc_ws/install/aggiebot_description:/home/albert/bcdc_ws/install/aggiebot_controller:/home/albert/bcdc_ws/install/aggiebot_bringup:/home/albert/bcdc_ws/install/aggiebot_arm_moveit:/home/albert/bcdc_ws/install/aggiebot_arm_description:/home/albert/bcdc_ws/install/aggiebot_arm_controller:/home/albert/bcdc_ws/install/agbot_setup_moveit:/home/albert/bcdc_ws/install/agbot_cpp:/home/albert/bcdc_ws/install/agbot_msgs:/home/albert/bcdc_ws/install/agbot_moveit:/home/albert/bcdc_ws/install/agbot_description:/home/albert/bcdc_ws/install/agbot_controller:/home/albert/bcdc_ws/install/agbot_bringup:/home/albert/bcdc_ws/install/agbot_arm_controller:/home/albert/arduinobot_ws/install/arduinobot_utils:/home/albert/arduinobot_ws/install/arduinobot_remote:/home/albert/arduinobot_ws/install/arduinobot_cpp_examples:/home/albert/arduinobot_ws/install/arduinobot_msgs:/home/albert/arduinobot_ws/install/arduinobot_moveit_setup:/home/albert/arduinobot_ws/install/arduinobot_moveit:/home/albert/arduinobot_ws/install/arduinobot_description:/home/albert/arduinobot_ws/install/arduinobot_controller:/home/albert/rad_ws/install/agbot_full_nav2:/home/albert/rad_ws/install/agbot_full_msgs:/home/albert/rad_ws/install/agbot_full_moveit_setup:/home/albert/rad_ws/install/agbot_full_moveit:/home/albert/rad_ws/install/agbot_full_description:/home/albert/rad_ws/install/agbot_full_cpp:/home/albert/rad_ws/install/agbot_full_controller:/home/albert/rad_ws/install/agbot_full_cartogropher:/home/albert/dev_ws/install/my_bot:/home/albert/ag_car_ws/install/car_nav2:/home/albert/ag_car_ws/install/car_description:/home/albert/ag_car_ws/install/car_controller:/home/albert/ag_car_ws/install/car_cartographer:/home/albert/ws_moveit2/install/moveit_configs_utils:/home/albert/ws_moveit2/install/launch_param_builder:/home/albert/umov_ws/install/arduino_py_examples:/home/albert/udem2_ws/install/actions_py:/home/albert/udem2_ws/install/lifecycle_py:/home/albert/udem2_ws/install/executors_py:/home/albert/udem2_ws/install/components_py:/home/albert/udem_ws/install/turtlesim_catcher:/home/albert/udem_ws/install/my_py_pkg:/home/albert/udem_ws/install/lifecycle_py:/home/albert/bcdc_ws/install/agbot_teleop:/home/albert/bcdc_ws/install/agbot_py:/home/albert/arduinobot_ws/install/arduinobot_py_examples:/opt/ros/humble /home/albert/.local/bin/cmake --install /home/albert/umov_ws/build/MoveitAssistant
[4.005s] INFO:colcon.colcon_core.shell:Creating environment hook '/home/albert/umov_ws/install/MoveitAssistant/share/MoveitAssistant/hook/cmake_prefix_path.sh'
[4.009s] Level 1:colcon.colcon_core.environment:checking '/home/albert/umov_ws/install/MoveitAssistant/bin'
[4.009s] Level 1:colcon.colcon_core.environment:checking '/home/albert/umov_ws/install/MoveitAssistant/lib/pkgconfig/MoveitAssistant.pc'
[4.010s] Level 1:colcon.colcon_core.environment:checking '/home/albert/umov_ws/install/MoveitAssistant/lib/python3.10/site-packages'
[4.011s] Level 1:colcon.colcon_core.environment:checking '/home/albert/umov_ws/install/MoveitAssistant/bin'
[4.013s] INFO:colcon.colcon_core.shell:Creating package script '/home/albert/umov_ws/install/MoveitAssistant/share/MoveitAssistant/package.ps1'
[4.016s] INFO:colcon.colcon_core.shell:Creating package descriptor '/home/albert/umov_ws/install/MoveitAssistant/share/MoveitAssistant/package.dsv'
[4.018s] INFO:colcon.colcon_core.shell:Creating package script '/home/albert/umov_ws/install/MoveitAssistant/share/MoveitAssistant/package.sh'
[4.020s] INFO:colcon.colcon_core.shell:Creating package script '/home/albert/umov_ws/install/MoveitAssistant/share/MoveitAssistant/package.bash'
[4.022s] INFO:colcon.colcon_core.shell:Creating package script '/home/albert/umov_ws/install/MoveitAssistant/share/MoveitAssistant/package.zsh'
[4.024s] Level 1:colcon.colcon_core.environment:create_file_with_runtime_dependencies(/home/albert/umov_ws/install/MoveitAssistant/share/colcon-core/packages/MoveitAssistant)
[4.026s] Level 1:colcon.colcon_core.environment:create_environment_scripts_only(MoveitAssistant)
[4.027s] Level 1:colcon.colcon_core.environment:checking '/home/albert/umov_ws/install/MoveitAssistant' for CMake module files
[4.028s] Level 1:colcon.colcon_core.environment:checking '/home/albert/umov_ws/install/MoveitAssistant' for CMake config files
[4.029s] Level 1:colcon.colcon_core.shell:create_environment_hook('MoveitAssistant', 'cmake_prefix_path')
[4.030s] INFO:colcon.colcon_core.shell:Creating environment hook '/home/albert/umov_ws/install/MoveitAssistant/share/MoveitAssistant/hook/cmake_prefix_path.ps1'
[4.032s] INFO:colcon.colcon_core.shell:Creating environment descriptor '/home/albert/umov_ws/install/MoveitAssistant/share/MoveitAssistant/hook/cmake_prefix_path.dsv'
[4.034s] INFO:colcon.colcon_core.shell:Creating environment hook '/home/albert/umov_ws/install/MoveitAssistant/share/MoveitAssistant/hook/cmake_prefix_path.sh'
[4.038s] Level 1:colcon.colcon_core.environment:checking '/home/albert/umov_ws/install/MoveitAssistant/bin'
[4.038s] Level 1:colcon.colcon_core.environment:checking '/home/albert/umov_ws/install/MoveitAssistant/lib/pkgconfig/MoveitAssistant.pc'
[4.039s] Level 1:colcon.colcon_core.environment:checking '/home/albert/umov_ws/install/MoveitAssistant/lib/python3.10/site-packages'
[4.040s] Level 1:colcon.colcon_core.environment:checking '/home/albert/umov_ws/install/MoveitAssistant/bin'
[4.041s] INFO:colcon.colcon_core.shell:Creating package script '/home/albert/umov_ws/install/MoveitAssistant/share/MoveitAssistant/package.ps1'
[4.043s] INFO:colcon.colcon_core.shell:Creating package descriptor '/home/albert/umov_ws/install/MoveitAssistant/share/MoveitAssistant/package.dsv'
[4.045s] INFO:colcon.colcon_core.shell:Creating package script '/home/albert/umov_ws/install/MoveitAssistant/share/MoveitAssistant/package.sh'
[4.048s] INFO:colcon.colcon_core.shell:Creating package script '/home/albert/umov_ws/install/MoveitAssistant/share/MoveitAssistant/package.bash'
[4.050s] INFO:colcon.colcon_core.shell:Creating package script '/home/albert/umov_ws/install/MoveitAssistant/share/MoveitAssistant/package.zsh'
[4.052s] Level 1:colcon.colcon_core.environment:create_file_with_runtime_dependencies(/home/albert/umov_ws/install/MoveitAssistant/share/colcon-core/packages/MoveitAssistant)
[5.137s] DEBUG:colcon.colcon_core.event_handler.log_command:Invoked command in '/home/albert/umov_ws/build/arduinobot_msgs' returned '0': CMAKE_PREFIX_PATH=${CMAKE_PREFIX_PATH}:/home/albert/ws_moveit2/install/moveit_configs_utils:/home/albert/ws_moveit2/install/launch_param_builder:/home/albert/umov_ws/install/arduino_py_examples:/home/albert/udem2_ws/install/actions_py:/home/albert/udem2_ws/install/lifecycle_py:/home/albert/udem2_ws/install/executors_py:/home/albert/udem2_ws/install/components_py:/home/albert/udem_ws/install/turtlesim_catcher:/home/albert/udem_ws/install/my_py_pkg:/home/albert/udem_ws/install/lifecycle_py:/home/albert/bcdc_ws/install/agbot_teleop:/home/albert/bcdc_ws/install/agbot_py:/home/albert/arduinobot_ws/install/arduinobot_py_examples:/opt/ros/humble /home/albert/.local/bin/cmake --build /home/albert/umov_ws/build/arduinobot_msgs -- -j8 -l8
[5.146s] DEBUG:colcon.colcon_core.event_handler.log_command:Invoking command in '/home/albert/umov_ws/build/arduinobot_msgs': CMAKE_PREFIX_PATH=${CMAKE_PREFIX_PATH}:/home/albert/ws_moveit2/install/moveit_configs_utils:/home/albert/ws_moveit2/install/launch_param_builder:/home/albert/umov_ws/install/arduino_py_examples:/home/albert/udem2_ws/install/actions_py:/home/albert/udem2_ws/install/lifecycle_py:/home/albert/udem2_ws/install/executors_py:/home/albert/udem2_ws/install/components_py:/home/albert/udem_ws/install/turtlesim_catcher:/home/albert/udem_ws/install/my_py_pkg:/home/albert/udem_ws/install/lifecycle_py:/home/albert/bcdc_ws/install/agbot_teleop:/home/albert/bcdc_ws/install/agbot_py:/home/albert/arduinobot_ws/install/arduinobot_py_examples:/opt/ros/humble /home/albert/.local/bin/cmake --install /home/albert/umov_ws/build/arduinobot_msgs
[5.430s] DEBUG:colcon.colcon_core.event_handler.log_command:Invoked command in '/home/albert/umov_ws/build/arduinobot_firmware' returned '0': CMAKE_PREFIX_PATH=${CMAKE_PREFIX_PATH}:/home/albert/ws_moveit2/install/moveit_configs_utils:/home/albert/ws_moveit2/install/launch_param_builder:/home/albert/umov_ws/install/arduino_py_examples:/home/albert/udem2_ws/install/actions_py:/home/albert/udem2_ws/install/lifecycle_py:/home/albert/udem2_ws/install/executors_py:/home/albert/udem2_ws/install/components_py:/home/albert/udem_ws/install/turtlesim_catcher:/home/albert/udem_ws/install/my_py_pkg:/home/albert/udem_ws/install/lifecycle_py:/home/albert/bcdc_ws/install/agbot_teleop:/home/albert/bcdc_ws/install/agbot_py:/home/albert/arduinobot_ws/install/arduinobot_py_examples:/opt/ros/humble /home/albert/.local/bin/cmake --build /home/albert/umov_ws/build/arduinobot_firmware -- -j8 -l8
[5.434s] DEBUG:colcon.colcon_core.event_handler.log_command:Invoking command in '/home/albert/umov_ws/build/arduinobot_firmware': CMAKE_PREFIX_PATH=${CMAKE_PREFIX_PATH}:/home/albert/ws_moveit2/install/moveit_configs_utils:/home/albert/ws_moveit2/install/launch_param_builder:/home/albert/umov_ws/install/arduino_py_examples:/home/albert/udem2_ws/install/actions_py:/home/albert/udem2_ws/install/lifecycle_py:/home/albert/udem2_ws/install/executors_py:/home/albert/udem2_ws/install/components_py:/home/albert/udem_ws/install/turtlesim_catcher:/home/albert/udem_ws/install/my_py_pkg:/home/albert/udem_ws/install/lifecycle_py:/home/albert/bcdc_ws/install/agbot_teleop:/home/albert/bcdc_ws/install/agbot_py:/home/albert/arduinobot_ws/install/arduinobot_py_examples:/opt/ros/humble /home/albert/.local/bin/cmake --install /home/albert/umov_ws/build/arduinobot_firmware
[5.450s] Level 1:colcon.colcon_core.environment:create_environment_scripts_only(arduinobot_msgs)
[5.451s] Level 1:colcon.colcon_core.environment:checking '/home/albert/umov_ws/install/arduinobot_msgs' for CMake module files
[5.460s] Level 1:colcon.colcon_core.environment:checking '/home/albert/umov_ws/install/arduinobot_msgs' for CMake config files
[5.477s] DEBUG:colcon.colcon_core.event_handler.log_command:Invoked command in '/home/albert/umov_ws/build/arduinobot_msgs' returned '0': CMAKE_PREFIX_PATH=${CMAKE_PREFIX_PATH}:/home/albert/ws_moveit2/install/moveit_configs_utils:/home/albert/ws_moveit2/install/launch_param_builder:/home/albert/umov_ws/install/arduino_py_examples:/home/albert/udem2_ws/install/actions_py:/home/albert/udem2_ws/install/lifecycle_py:/home/albert/udem2_ws/install/executors_py:/home/albert/udem2_ws/install/components_py:/home/albert/udem_ws/install/turtlesim_catcher:/home/albert/udem_ws/install/my_py_pkg:/home/albert/udem_ws/install/lifecycle_py:/home/albert/bcdc_ws/install/agbot_teleop:/home/albert/bcdc_ws/install/agbot_py:/home/albert/arduinobot_ws/install/arduinobot_py_examples:/opt/ros/humble /home/albert/.local/bin/cmake --install /home/albert/umov_ws/build/arduinobot_msgs
[5.479s] Level 1:colcon.colcon_core.shell:create_environment_hook('arduinobot_msgs', 'cmake_prefix_path')
[5.480s] INFO:colcon.colcon_core.shell:Creating environment hook '/home/albert/umov_ws/install/arduinobot_msgs/share/arduinobot_msgs/hook/cmake_prefix_path.ps1'
[5.482s] INFO:colcon.colcon_core.shell:Creating environment descriptor '/home/albert/umov_ws/install/arduinobot_msgs/share/arduinobot_msgs/hook/cmake_prefix_path.dsv'
[5.483s] INFO:colcon.colcon_core.shell:Creating environment hook '/home/albert/umov_ws/install/arduinobot_msgs/share/arduinobot_msgs/hook/cmake_prefix_path.sh'
[5.486s] Level 1:colcon.colcon_core.environment:checking '/home/albert/umov_ws/install/arduinobot_msgs/lib'
[5.487s] Level 1:colcon.colcon_core.shell:create_environment_hook('arduinobot_msgs', 'ld_library_path_lib')
[5.489s] INFO:colcon.colcon_core.shell:Creating environment hook '/home/albert/umov_ws/install/arduinobot_msgs/share/arduinobot_msgs/hook/ld_library_path_lib.ps1'
[5.490s] INFO:colcon.colcon_core.shell:Creating environment descriptor '/home/albert/umov_ws/install/arduinobot_msgs/share/arduinobot_msgs/hook/ld_library_path_lib.dsv'
[5.492s] INFO:colcon.colcon_core.shell:Creating environment hook '/home/albert/umov_ws/install/arduinobot_msgs/share/arduinobot_msgs/hook/ld_library_path_lib.sh'
[5.494s] Level 1:colcon.colcon_core.environment:checking '/home/albert/umov_ws/install/arduinobot_msgs/bin'
[5.495s] Level 1:colcon.colcon_core.environment:checking '/home/albert/umov_ws/install/arduinobot_msgs/lib/pkgconfig/arduinobot_msgs.pc'
[5.496s] Level 1:colcon.colcon_core.environment:checking '/home/albert/umov_ws/install/arduinobot_msgs/lib/python3.10/site-packages'
[5.496s] Level 1:colcon.colcon_core.environment:checking '/home/albert/umov_ws/install/arduinobot_msgs/bin'
[5.498s] INFO:colcon.colcon_core.shell:Creating package script '/home/albert/umov_ws/install/arduinobot_msgs/share/arduinobot_msgs/package.ps1'
[5.500s] INFO:colcon.colcon_core.shell:Creating package descriptor '/home/albert/umov_ws/install/arduinobot_msgs/share/arduinobot_msgs/package.dsv'
[5.503s] INFO:colcon.colcon_core.shell:Creating package script '/home/albert/umov_ws/install/arduinobot_msgs/share/arduinobot_msgs/package.sh'
[5.505s] INFO:colcon.colcon_core.shell:Creating package script '/home/albert/umov_ws/install/arduinobot_msgs/share/arduinobot_msgs/package.bash'
[5.507s] INFO:colcon.colcon_core.shell:Creating package script '/home/albert/umov_ws/install/arduinobot_msgs/share/arduinobot_msgs/package.zsh'
[5.508s] Level 1:colcon.colcon_core.environment:create_file_with_runtime_dependencies(/home/albert/umov_ws/install/arduinobot_msgs/share/colcon-core/packages/arduinobot_msgs)
[5.511s] Level 1:colcon.colcon_core.environment:create_environment_scripts_only(arduinobot_msgs)
[5.512s] Level 1:colcon.colcon_core.environment:checking '/home/albert/umov_ws/install/arduinobot_msgs' for CMake module files
[5.515s] Level 1:colcon.colcon_core.environment:checking '/home/albert/umov_ws/install/arduinobot_msgs' for CMake config files
[5.517s] Level 1:colcon.colcon_core.shell:create_environment_hook('arduinobot_msgs', 'cmake_prefix_path')
[5.518s] INFO:colcon.colcon_core.shell:Creating environment hook '/home/albert/umov_ws/install/arduinobot_msgs/share/arduinobot_msgs/hook/cmake_prefix_path.ps1'
[5.519s] INFO:colcon.colcon_core.shell:Creating environment descriptor '/home/albert/umov_ws/install/arduinobot_msgs/share/arduinobot_msgs/hook/cmake_prefix_path.dsv'
[5.522s] INFO:colcon.colcon_core.shell:Creating environment hook '/home/albert/umov_ws/install/arduinobot_msgs/share/arduinobot_msgs/hook/cmake_prefix_path.sh'
[5.525s] Level 1:colcon.colcon_core.environment:checking '/home/albert/umov_ws/install/arduinobot_msgs/lib'
[5.525s] Level 1:colcon.colcon_core.shell:create_environment_hook('arduinobot_msgs', 'ld_library_path_lib')
[5.526s] INFO:colcon.colcon_core.shell:Creating environment hook '/home/albert/umov_ws/install/arduinobot_msgs/share/arduinobot_msgs/hook/ld_library_path_lib.ps1'
[5.528s] INFO:colcon.colcon_core.shell:Creating environment descriptor '/home/albert/umov_ws/install/arduinobot_msgs/share/arduinobot_msgs/hook/ld_library_path_lib.dsv'
[5.529s] INFO:colcon.colcon_core.shell:Creating environment hook '/home/albert/umov_ws/install/arduinobot_msgs/share/arduinobot_msgs/hook/ld_library_path_lib.sh'
[5.530s] Level 1:colcon.colcon_core.environment:checking '/home/albert/umov_ws/install/arduinobot_msgs/bin'
[5.531s] Level 1:colcon.colcon_core.environment:checking '/home/albert/umov_ws/install/arduinobot_msgs/lib/pkgconfig/arduinobot_msgs.pc'
[5.532s] Level 1:colcon.colcon_core.environment:checking '/home/albert/umov_ws/install/arduinobot_msgs/lib/python3.10/site-packages'
[5.533s] Level 1:colcon.colcon_core.environment:checking '/home/albert/umov_ws/install/arduinobot_msgs/bin'
[5.534s] INFO:colcon.colcon_core.shell:Creating package script '/home/albert/umov_ws/install/arduinobot_msgs/share/arduinobot_msgs/package.ps1'
[5.536s] INFO:colcon.colcon_core.shell:Creating package descriptor '/home/albert/umov_ws/install/arduinobot_msgs/share/arduinobot_msgs/package.dsv'
[5.538s] INFO:colcon.colcon_core.shell:Creating package script '/home/albert/umov_ws/install/arduinobot_msgs/share/arduinobot_msgs/package.sh'
[5.540s] INFO:colcon.colcon_core.shell:Creating package script '/home/albert/umov_ws/install/arduinobot_msgs/share/arduinobot_msgs/package.bash'
[5.541s] INFO:colcon.colcon_core.shell:Creating package script '/home/albert/umov_ws/install/arduinobot_msgs/share/arduinobot_msgs/package.zsh'
[5.545s] Level 1:colcon.colcon_core.environment:create_file_with_runtime_dependencies(/home/albert/umov_ws/install/arduinobot_msgs/share/colcon-core/packages/arduinobot_msgs)
[5.546s] INFO:colcon.colcon_ros.task.ament_cmake.build:Building ROS package in '/home/albert/umov_ws/src/arduino_cpp_examples' with build type 'ament_cmake'
[5.547s] INFO:colcon.colcon_cmake.task.cmake.build:Building CMake package in '/home/albert/umov_ws/src/arduino_cpp_examples'
[5.548s] INFO:colcon.colcon_core.shell:Skip shell extension 'powershell' for command environment: Not usable outside of PowerShell
[5.548s] DEBUG:colcon.colcon_core.shell:Skip shell extension 'dsv' for command environment
[5.619s] INFO:colcon.colcon_ros.task.ament_python.build:Building ROS package in '/home/albert/umov_ws/src/arduino_py_examples' with build type 'ament_python'
[5.619s] Level 1:colcon.colcon_core.shell:create_environment_hook('arduino_py_examples', 'ament_prefix_path')
[5.620s] INFO:colcon.colcon_core.shell:Creating environment hook '/home/albert/umov_ws/install/arduino_py_examples/share/arduino_py_examples/hook/ament_prefix_path.ps1'
[5.626s] INFO:colcon.colcon_core.shell:Creating environment descriptor '/home/albert/umov_ws/install/arduino_py_examples/share/arduino_py_examples/hook/ament_prefix_path.dsv'
[5.628s] INFO:colcon.colcon_core.shell:Creating environment hook '/home/albert/umov_ws/install/arduino_py_examples/share/arduino_py_examples/hook/ament_prefix_path.sh'
[5.632s] INFO:colcon.colcon_core.shell:Skip shell extension 'powershell' for command environment: Not usable outside of PowerShell
[5.632s] DEBUG:colcon.colcon_core.shell:Skip shell extension 'dsv' for command environment
[5.739s] INFO:colcon.colcon_ros.task.ament_cmake.build:Building ROS package in '/home/albert/umov_ws/src/arduinobot_remote' with build type 'ament_cmake'
[5.740s] INFO:colcon.colcon_cmake.task.cmake.build:Building CMake package in '/home/albert/umov_ws/src/arduinobot_remote'
[5.741s] INFO:colcon.colcon_core.shell:Skip shell extension 'powershell' for command environment: Not usable outside of PowerShell
[5.744s] DEBUG:colcon.colcon_core.shell:Skip shell extension 'dsv' for command environment
[5.834s] INFO:colcon.colcon_ros.task.ament_cmake.build:Building ROS package in '/home/albert/umov_ws/src/arduinobot_utils' with build type 'ament_cmake'
[5.835s] INFO:colcon.colcon_cmake.task.cmake.build:Building CMake package in '/home/albert/umov_ws/src/arduinobot_utils'
[5.836s] INFO:colcon.colcon_core.shell:Skip shell extension 'powershell' for command environment: Not usable outside of PowerShell
[5.836s] DEBUG:colcon.colcon_core.shell:Skip shell extension 'dsv' for command environment
[5.943s] Level 1:colcon.colcon_core.environment:create_environment_scripts_only(arduinobot_firmware)
[5.945s] DEBUG:colcon.colcon_core.event_handler.log_command:Invoked command in '/home/albert/umov_ws/build/arduinobot_firmware' returned '0': CMAKE_PREFIX_PATH=${CMAKE_PREFIX_PATH}:/home/albert/ws_moveit2/install/moveit_configs_utils:/home/albert/ws_moveit2/install/launch_param_builder:/home/albert/umov_ws/install/arduino_py_examples:/home/albert/udem2_ws/install/actions_py:/home/albert/udem2_ws/install/lifecycle_py:/home/albert/udem2_ws/install/executors_py:/home/albert/udem2_ws/install/components_py:/home/albert/udem_ws/install/turtlesim_catcher:/home/albert/udem_ws/install/my_py_pkg:/home/albert/udem_ws/install/lifecycle_py:/home/albert/bcdc_ws/install/agbot_teleop:/home/albert/bcdc_ws/install/agbot_py:/home/albert/arduinobot_ws/install/arduinobot_py_examples:/opt/ros/humble /home/albert/.local/bin/cmake --install /home/albert/umov_ws/build/arduinobot_firmware
[5.947s] Level 1:colcon.colcon_core.environment:checking '/home/albert/umov_ws/install/arduinobot_firmware' for CMake module files
[5.953s] Level 1:colcon.colcon_core.environment:checking '/home/albert/umov_ws/install/arduinobot_firmware' for CMake config files
[5.954s] Level 1:colcon.colcon_core.shell:create_environment_hook('arduinobot_firmware', 'cmake_prefix_path')
[5.957s] INFO:colcon.colcon_core.shell:Creating environment hook '/home/albert/umov_ws/install/arduinobot_firmware/share/arduinobot_firmware/hook/cmake_prefix_path.ps1'
[5.961s] INFO:colcon.colcon_core.shell:Creating environment descriptor '/home/albert/umov_ws/install/arduinobot_firmware/share/arduinobot_firmware/hook/cmake_prefix_path.dsv'
[5.962s] INFO:colcon.colcon_core.shell:Creating environment hook '/home/albert/umov_ws/install/arduinobot_firmware/share/arduinobot_firmware/hook/cmake_prefix_path.sh'
[5.964s] Level 1:colcon.colcon_core.environment:checking '/home/albert/umov_ws/install/arduinobot_firmware/lib'
[5.965s] Level 1:colcon.colcon_core.environment:checking '/home/albert/umov_ws/install/arduinobot_firmware/bin'
[5.965s] Level 1:colcon.colcon_core.environment:checking '/home/albert/umov_ws/install/arduinobot_firmware/lib/pkgconfig/arduinobot_firmware.pc'
[5.966s] Level 1:colcon.colcon_core.environment:checking '/home/albert/umov_ws/install/arduinobot_firmware/lib/python3.10/site-packages'
[5.967s] Level 1:colcon.colcon_core.environment:checking '/home/albert/umov_ws/install/arduinobot_firmware/bin'
[5.969s] INFO:colcon.colcon_core.shell:Creating package script '/home/albert/umov_ws/install/arduinobot_firmware/share/arduinobot_firmware/package.ps1'
[5.971s] INFO:colcon.colcon_core.shell:Creating package descriptor '/home/albert/umov_ws/install/arduinobot_firmware/share/arduinobot_firmware/package.dsv'
[5.973s] INFO:colcon.colcon_core.shell:Creating package script '/home/albert/umov_ws/install/arduinobot_firmware/share/arduinobot_firmware/package.sh'
[5.979s] INFO:colcon.colcon_core.shell:Creating package script '/home/albert/umov_ws/install/arduinobot_firmware/share/arduinobot_firmware/package.bash'
[5.983s] INFO:colcon.colcon_core.shell:Creating package script '/home/albert/umov_ws/install/arduinobot_firmware/share/arduinobot_firmware/package.zsh'
[5.985s] Level 1:colcon.colcon_core.environment:create_file_with_runtime_dependencies(/home/albert/umov_ws/install/arduinobot_firmware/share/colcon-core/packages/arduinobot_firmware)
[5.988s] Level 1:colcon.colcon_core.environment:create_environment_scripts_only(arduinobot_firmware)
[5.990s] Level 1:colcon.colcon_core.environment:checking '/home/albert/umov_ws/install/arduinobot_firmware' for CMake module files
[5.993s] Level 1:colcon.colcon_core.environment:checking '/home/albert/umov_ws/install/arduinobot_firmware' for CMake config files
[5.997s] Level 1:colcon.colcon_core.shell:create_environment_hook('arduinobot_firmware', 'cmake_prefix_path')
[5.998s] INFO:colcon.colcon_core.shell:Creating environment hook '/home/albert/umov_ws/install/arduinobot_firmware/share/arduinobot_firmware/hook/cmake_prefix_path.ps1'
[6.000s] INFO:colcon.colcon_core.shell:Creating environment descriptor '/home/albert/umov_ws/install/arduinobot_firmware/share/arduinobot_firmware/hook/cmake_prefix_path.dsv'
[6.002s] INFO:colcon.colcon_core.shell:Creating environment hook '/home/albert/umov_ws/install/arduinobot_firmware/share/arduinobot_firmware/hook/cmake_prefix_path.sh'
[6.006s] Level 1:colcon.colcon_core.environment:checking '/home/albert/umov_ws/install/arduinobot_firmware/lib'
[6.007s] Level 1:colcon.colcon_core.environment:checking '/home/albert/umov_ws/install/arduinobot_firmware/bin'
[6.008s] Level 1:colcon.colcon_core.environment:checking '/home/albert/umov_ws/install/arduinobot_firmware/lib/pkgconfig/arduinobot_firmware.pc'
[6.009s] Level 1:colcon.colcon_core.environment:checking '/home/albert/umov_ws/install/arduinobot_firmware/lib/python3.10/site-packages'
[6.012s] Level 1:colcon.colcon_core.environment:checking '/home/albert/umov_ws/install/arduinobot_firmware/bin'
[6.014s] INFO:colcon.colcon_core.shell:Creating package script '/home/albert/umov_ws/install/arduinobot_firmware/share/arduinobot_firmware/package.ps1'
[6.016s] INFO:colcon.colcon_core.shell:Creating package descriptor '/home/albert/umov_ws/install/arduinobot_firmware/share/arduinobot_firmware/package.dsv'
[6.019s] INFO:colcon.colcon_core.shell:Creating package script '/home/albert/umov_ws/install/arduinobot_firmware/share/arduinobot_firmware/package.sh'
[6.022s] INFO:colcon.colcon_core.shell:Creating package script '/home/albert/umov_ws/install/arduinobot_firmware/share/arduinobot_firmware/package.bash'
[6.024s] INFO:colcon.colcon_core.shell:Creating package script '/home/albert/umov_ws/install/arduinobot_firmware/share/arduinobot_firmware/package.zsh'
[6.026s] Level 1:colcon.colcon_core.environment:create_file_with_runtime_dependencies(/home/albert/umov_ws/install/arduinobot_firmware/share/colcon-core/packages/arduinobot_firmware)
[6.052s] DEBUG:colcon.colcon_core.event_handler.log_command:Invoking command in '/home/albert/umov_ws/build/arduino_cpp_examples': CMAKE_PREFIX_PATH=/home/albert/umov_ws/install/arduinobot_msgs:/home/albert/ag_arm_ws/install/arm_setup_moveit:/home/albert/ag_arm_ws/install/arm_moveit:/home/albert/ag_arm_ws/install/arm_description:/home/albert/ag_arm_ws/install/arm_cpp:/home/albert/ag_arm_ws/install/arm_controller:/home/albert/ws_moveit2/install/pilz_industrial_motion_planner_testutils:/home/albert/ws_moveit2/install/moveit_runtime:/home/albert/ws_moveit2/install/moveit2_tutorials:/home/albert/ws_moveit2/install/moveit:/home/albert/ws_moveit2/install/moveit_planners:/home/albert/ws_moveit2/install/pilz_industrial_motion_planner:/home/albert/ws_moveit2/install/moveit_visual_tools:/home/albert/ws_moveit2/install/moveit_task_constructor_visualization:/home/albert/ws_moveit2/install/moveit_task_constructor_demo:/home/albert/ws_moveit2/install/moveit_task_constructor_capabilities:/home/albert/ws_moveit2/install/moveit_task_constructor_core:/home/albert/ws_moveit2/install/moveit_ros_control_interface:/home/albert/ws_moveit2/install/moveit_plugins:/home/albert/ws_moveit2/install/moveit_simple_controller_manager:/home/albert/ws_moveit2/install/moveit_setup_assistant:/home/albert/ws_moveit2/install/moveit_setup_srdf_plugins:/home/albert/ws_moveit2/install/moveit_setup_core_plugins:/home/albert/ws_moveit2/install/moveit_setup_controllers:/home/albert/ws_moveit2/install/moveit_setup_app_plugins:/home/albert/ws_moveit2/install/moveit_setup_framework:/home/albert/ws_moveit2/install/moveit_servo:/home/albert/ws_moveit2/install/moveit_ros:/home/albert/ws_moveit2/install/moveit_ros_visualization:/home/albert/ws_moveit2/install/moveit_hybrid_planning:/home/albert/ws_moveit2/install/moveit_ros_planning_interface:/home/albert/ws_moveit2/install/moveit_ros_benchmarks:/home/albert/ws_moveit2/install/moveit_ros_warehouse:/home/albert/ws_moveit2/install/moveit_ros_robot_interaction:/home/albert/ws_moveit2/install/moveit_ros_perception:/home/albert/ws_moveit2/install/moveit_resources_prbt_pg70_support:/home/albert/ws_moveit2/install/moveit_resources_prbt_moveit_config:/home/albert/ws_moveit2/install/moveit_ros_move_group:/home/albert/ws_moveit2/install/moveit_planners_ompl:/home/albert/ws_moveit2/install/moveit_ros_planning:/home/albert/ws_moveit2/install/moveit_ros_occupancy_map_monitor:/home/albert/ws_moveit2/install/moveit_resources_prbt_ikfast_manipulator_plugin:/home/albert/ws_moveit2/install/moveit_planners_chomp:/home/albert/ws_moveit2/install/moveit_kinematics:/home/albert/ws_moveit2/install/moveit_chomp_optimizer_adapter:/home/albert/ws_moveit2/install/chomp_motion_planner:/home/albert/ws_moveit2/install/moveit_core:/home/albert/ws_moveit2/install/srdfdom:/home/albert/ws_moveit2/install/rviz_marker_tools:/home/albert/ws_moveit2/install/rosparam_shortcuts:/home/albert/ws_moveit2/install/moveit_task_constructor_msgs:/home/albert/ws_moveit2/install/moveit_resources_prbt_support:/home/albert/ws_moveit2/install/moveit_resources:/home/albert/ws_moveit2/install/moveit_resources_pr2_description:/home/albert/ws_moveit2/install/moveit_resources_panda_moveit_config:/home/albert/ws_moveit2/install/moveit_resources_panda_description:/home/albert/ws_moveit2/install/moveit_resources_fanuc_moveit_config:/home/albert/ws_moveit2/install/moveit_resources_fanuc_description:/home/albert/ws_moveit2/install/moveit_common:/home/albert/umov_ws/install/MoveitAssistant:/home/albert/umov_ws/install/description:/home/albert/umov_ws/install/arduinobot_utils:/home/albert/umov_ws/install/arduinobot_remote:/home/albert/umov_ws/install/arduino_cpp_examples:/home/albert/umov_ws/install/arduinobot_moveit:/home/albert/umov_ws/install/arduinobot_firmware:/home/albert/umov_ws/install/arduinobot_controller:/home/albert/umov_ws/install/arduinobot_bringup:/home/albert/unav_ws/install/turtlebot3_fake_node:/home/albert/unav_ws/install/robot_bringup:/home/albert/unav_ws/install/nav2_robot_description:/home/albert/udem2_ws/install/robot_bringup:/home/albert/udem2_ws/install/my_robot_bringup:/home/albert/udem2_ws/install/lifecycle_cpp:/home/albert/udem2_ws/install/final_project_cpp:/home/albert/udem2_ws/install/actions_cpp:/home/albert/udem2_ws/install/robot_interfaces:/home/albert/udem2_ws/install/executors_cpp:/home/albert/udem2_ws/install/components_cpp:/home/albert/udem_ws/install/my_robot_bringup:/home/albert/udem_ws/install/my_cpp_pkg:/home/albert/udem_ws/install/my_robot_interfaces:/home/albert/udem_ws/install/my_robot_description:/home/albert/udem_ws/install/lifecycle_cpp:/home/albert/bcdc_ws/install/aggiebot_cpp:/home/albert/bcdc_ws/install/aggiebot_msgs:/home/albert/bcdc_ws/install/aggiebot_description:/home/albert/bcdc_ws/install/aggiebot_controller:/home/albert/bcdc_ws/install/aggiebot_bringup:/home/albert/bcdc_ws/install/aggiebot_arm_moveit:/home/albert/bcdc_ws/install/aggiebot_arm_description:/home/albert/bcdc_ws/install/aggiebot_arm_controller:/home/albert/bcdc_ws/install/agbot_setup_moveit:/home/albert/bcdc_ws/install/agbot_cpp:/home/albert/bcdc_ws/install/agbot_msgs:/home/albert/bcdc_ws/install/agbot_moveit:/home/albert/bcdc_ws/install/agbot_description:/home/albert/bcdc_ws/install/agbot_controller:/home/albert/bcdc_ws/install/agbot_bringup:/home/albert/bcdc_ws/install/agbot_arm_controller:/home/albert/arduinobot_ws/install/arduinobot_utils:/home/albert/arduinobot_ws/install/arduinobot_remote:/home/albert/arduinobot_ws/install/arduinobot_cpp_examples:/home/albert/arduinobot_ws/install/arduinobot_msgs:/home/albert/arduinobot_ws/install/arduinobot_moveit_setup:/home/albert/arduinobot_ws/install/arduinobot_moveit:/home/albert/arduinobot_ws/install/arduinobot_description:/home/albert/arduinobot_ws/install/arduinobot_controller:/home/albert/rad_ws/install/agbot_full_nav2:/home/albert/rad_ws/install/agbot_full_msgs:/home/albert/rad_ws/install/agbot_full_moveit_setup:/home/albert/rad_ws/install/agbot_full_moveit:/home/albert/rad_ws/install/agbot_full_description:/home/albert/rad_ws/install/agbot_full_cpp:/home/albert/rad_ws/install/agbot_full_controller:/home/albert/rad_ws/install/agbot_full_cartogropher:/home/albert/dev_ws/install/my_bot:/home/albert/ag_car_ws/install/car_nav2:/home/albert/ag_car_ws/install/car_description:/home/albert/ag_car_ws/install/car_controller:/home/albert/ag_car_ws/install/car_cartographer:/home/albert/ws_moveit2/install/moveit_configs_utils:/home/albert/ws_moveit2/install/launch_param_builder:/home/albert/umov_ws/install/arduino_py_examples:/home/albert/udem2_ws/install/actions_py:/home/albert/udem2_ws/install/lifecycle_py:/home/albert/udem2_ws/install/executors_py:/home/albert/udem2_ws/install/components_py:/home/albert/udem_ws/install/turtlesim_catcher:/home/albert/udem_ws/install/my_py_pkg:/home/albert/udem_ws/install/lifecycle_py:/home/albert/bcdc_ws/install/agbot_teleop:/home/albert/bcdc_ws/install/agbot_py:/home/albert/arduinobot_ws/install/arduinobot_py_examples:/opt/ros/humble LD_LIBRARY_PATH=/home/albert/umov_ws/install/arduinobot_msgs/lib:/home/albert/ws_moveit2/install/pilz_industrial_motion_planner_testutils/lib:/home/albert/ws_moveit2/install/pilz_industrial_motion_planner/lib:/home/albert/ws_moveit2/install/moveit_visual_tools/lib:/home/albert/ws_moveit2/install/moveit_task_constructor_visualization/lib:/home/albert/ws_moveit2/install/moveit_task_constructor_demo/lib:/home/albert/ws_moveit2/install/moveit_task_constructor_capabilities/lib:/home/albert/ws_moveit2/install/moveit_task_constructor_core/lib:/home/albert/ws_moveit2/install/moveit_ros_control_interface/lib:/home/albert/ws_moveit2/install/moveit_simple_controller_manager/lib:/home/albert/ws_moveit2/install/moveit_setup_assistant/lib:/home/albert/ws_moveit2/install/moveit_setup_srdf_plugins/lib:/home/albert/ws_moveit2/install/moveit_setup_core_plugins/lib:/home/albert/ws_moveit2/install/moveit_setup_controllers/lib:/home/albert/ws_moveit2/install/moveit_setup_app_plugins/lib:/home/albert/ws_moveit2/install/moveit_setup_framework/lib:/home/albert/ws_moveit2/install/moveit_servo/lib:/home/albert/ws_moveit2/install/moveit_ros_visualization/lib:/home/albert/ws_moveit2/install/moveit_hybrid_planning/lib:/home/albert/ws_moveit2/install/moveit_ros_planning_interface/lib:/home/albert/ws_moveit2/install/moveit_ros_benchmarks/lib:/home/albert/ws_moveit2/install/moveit_ros_warehouse/lib:/home/albert/ws_moveit2/install/moveit_ros_robot_interaction/lib:/home/albert/ws_moveit2/install/moveit_ros_perception/lib:/home/albert/ws_moveit2/install/moveit_ros_move_group/lib:/home/albert/ws_moveit2/install/moveit_planners_ompl/lib:/home/albert/ws_moveit2/install/moveit_ros_planning/lib:/home/albert/ws_moveit2/install/moveit_ros_occupancy_map_monitor/lib:/home/albert/ws_moveit2/install/moveit_resources_prbt_ikfast_manipulator_plugin/lib:/home/albert/ws_moveit2/install/moveit_planners_chomp/lib:/home/albert/ws_moveit2/install/moveit_kinematics/lib:/home/albert/ws_moveit2/install/moveit_chomp_optimizer_adapter/lib:/home/albert/ws_moveit2/install/chomp_motion_planner/lib:/home/albert/ws_moveit2/install/moveit_core/lib:/home/albert/ws_moveit2/install/srdfdom/lib:/home/albert/ws_moveit2/install/rviz_marker_tools/lib:/home/albert/ws_moveit2/install/rosparam_shortcuts/lib:/home/albert/ws_moveit2/install/moveit_task_constructor_msgs/lib:/home/albert/umov_ws/install/arduinobot_remote/lib:/home/albert/umov_ws/install/arduino_cpp_examples/lib:/home/albert/umov_ws/install/arduinobot_controller/lib:/home/albert/udem2_ws/install/final_project_cpp/lib:/home/albert/udem2_ws/install/robot_interfaces/lib:/home/albert/udem2_ws/install/components_cpp/lib:/home/albert/udem_ws/install/my_robot_interfaces/lib:/home/albert/bcdc_ws/install/aggiebot_msgs/lib:/home/albert/bcdc_ws/install/agbot_msgs/lib:/home/albert/arduinobot_ws/install/arduinobot_remote/lib:/home/albert/arduinobot_ws/install/arduinobot_cpp_examples/lib:/home/albert/arduinobot_ws/install/arduinobot_msgs/lib:/usr/lib/x86_64-linux-gnu/gazebo-11/plugins:/opt/ros/humble/opt/rviz_ogre_vendor/lib:/opt/ros/humble/lib/x86_64-linux-gnu:/opt/ros/humble/lib:/usr/share/gazebo/../../lib/x86_64-linux-gnu/gazebo-11/plugins /home/albert/.local/bin/cmake --build /home/albert/umov_ws/build/arduino_cpp_examples -- -j8 -l8
[8.098s] INFO:colcon.colcon_core.task.python.build:Building Python package in '/home/albert/umov_ws/src/arduino_py_examples'
[8.099s] INFO:colcon.colcon_core.shell:Skip shell extension 'powershell' for command environment: Not usable outside of PowerShell
[8.099s] DEBUG:colcon.colcon_core.shell:Skip shell extension 'dsv' for command environment
[8.189s] DEBUG:colcon.colcon_core.event_handler.log_command:Invoking command in '/home/albert/umov_ws/build/arduinobot_remote': CMAKE_PREFIX_PATH=/home/albert/umov_ws/install/arduinobot_msgs:/home/albert/umov_ws/install/arduinobot_moveit:/home/albert/ag_arm_ws/install/arm_setup_moveit:/home/albert/ag_arm_ws/install/arm_moveit:/home/albert/ag_arm_ws/install/arm_description:/home/albert/ag_arm_ws/install/arm_cpp:/home/albert/ag_arm_ws/install/arm_controller:/home/albert/ws_moveit2/install/pilz_industrial_motion_planner_testutils:/home/albert/ws_moveit2/install/moveit_runtime:/home/albert/ws_moveit2/install/moveit2_tutorials:/home/albert/ws_moveit2/install/moveit:/home/albert/ws_moveit2/install/moveit_planners:/home/albert/ws_moveit2/install/pilz_industrial_motion_planner:/home/albert/ws_moveit2/install/moveit_visual_tools:/home/albert/ws_moveit2/install/moveit_task_constructor_visualization:/home/albert/ws_moveit2/install/moveit_task_constructor_demo:/home/albert/ws_moveit2/install/moveit_task_constructor_capabilities:/home/albert/ws_moveit2/install/moveit_task_constructor_core:/home/albert/ws_moveit2/install/moveit_ros_control_interface:/home/albert/ws_moveit2/install/moveit_plugins:/home/albert/ws_moveit2/install/moveit_simple_controller_manager:/home/albert/ws_moveit2/install/moveit_setup_assistant:/home/albert/ws_moveit2/install/moveit_setup_srdf_plugins:/home/albert/ws_moveit2/install/moveit_setup_core_plugins:/home/albert/ws_moveit2/install/moveit_setup_controllers:/home/albert/ws_moveit2/install/moveit_setup_app_plugins:/home/albert/ws_moveit2/install/moveit_setup_framework:/home/albert/ws_moveit2/install/moveit_servo:/home/albert/ws_moveit2/install/moveit_ros:/home/albert/ws_moveit2/install/moveit_ros_visualization:/home/albert/ws_moveit2/install/moveit_hybrid_planning:/home/albert/ws_moveit2/install/moveit_ros_planning_interface:/home/albert/ws_moveit2/install/moveit_ros_benchmarks:/home/albert/ws_moveit2/install/moveit_ros_warehouse:/home/albert/ws_moveit2/install/moveit_ros_robot_interaction:/home/albert/ws_moveit2/install/moveit_ros_perception:/home/albert/ws_moveit2/install/moveit_resources_prbt_pg70_support:/home/albert/ws_moveit2/install/moveit_resources_prbt_moveit_config:/home/albert/ws_moveit2/install/moveit_ros_move_group:/home/albert/ws_moveit2/install/moveit_planners_ompl:/home/albert/ws_moveit2/install/moveit_ros_planning:/home/albert/ws_moveit2/install/moveit_ros_occupancy_map_monitor:/home/albert/ws_moveit2/install/moveit_resources_prbt_ikfast_manipulator_plugin:/home/albert/ws_moveit2/install/moveit_planners_chomp:/home/albert/ws_moveit2/install/moveit_kinematics:/home/albert/ws_moveit2/install/moveit_chomp_optimizer_adapter:/home/albert/ws_moveit2/install/chomp_motion_planner:/home/albert/ws_moveit2/install/moveit_core:/home/albert/ws_moveit2/install/srdfdom:/home/albert/ws_moveit2/install/rviz_marker_tools:/home/albert/ws_moveit2/install/rosparam_shortcuts:/home/albert/ws_moveit2/install/moveit_task_constructor_msgs:/home/albert/ws_moveit2/install/moveit_resources_prbt_support:/home/albert/ws_moveit2/install/moveit_resources:/home/albert/ws_moveit2/install/moveit_resources_pr2_description:/home/albert/ws_moveit2/install/moveit_resources_panda_moveit_config:/home/albert/ws_moveit2/install/moveit_resources_panda_description:/home/albert/ws_moveit2/install/moveit_resources_fanuc_moveit_config:/home/albert/ws_moveit2/install/moveit_resources_fanuc_description:/home/albert/ws_moveit2/install/moveit_common:/home/albert/umov_ws/install/MoveitAssistant:/home/albert/umov_ws/install/description:/home/albert/umov_ws/install/arduinobot_utils:/home/albert/umov_ws/install/arduinobot_remote:/home/albert/umov_ws/install/arduino_cpp_examples:/home/albert/umov_ws/install/arduinobot_firmware:/home/albert/umov_ws/install/arduinobot_controller:/home/albert/umov_ws/install/arduinobot_bringup:/home/albert/unav_ws/install/turtlebot3_fake_node:/home/albert/unav_ws/install/robot_bringup:/home/albert/unav_ws/install/nav2_robot_description:/home/albert/udem2_ws/install/robot_bringup:/home/albert/udem2_ws/install/my_robot_bringup:/home/albert/udem2_ws/install/lifecycle_cpp:/home/albert/udem2_ws/install/final_project_cpp:/home/albert/udem2_ws/install/actions_cpp:/home/albert/udem2_ws/install/robot_interfaces:/home/albert/udem2_ws/install/executors_cpp:/home/albert/udem2_ws/install/components_cpp:/home/albert/udem_ws/install/my_robot_bringup:/home/albert/udem_ws/install/my_cpp_pkg:/home/albert/udem_ws/install/my_robot_interfaces:/home/albert/udem_ws/install/my_robot_description:/home/albert/udem_ws/install/lifecycle_cpp:/home/albert/bcdc_ws/install/aggiebot_cpp:/home/albert/bcdc_ws/install/aggiebot_msgs:/home/albert/bcdc_ws/install/aggiebot_description:/home/albert/bcdc_ws/install/aggiebot_controller:/home/albert/bcdc_ws/install/aggiebot_bringup:/home/albert/bcdc_ws/install/aggiebot_arm_moveit:/home/albert/bcdc_ws/install/aggiebot_arm_description:/home/albert/bcdc_ws/install/aggiebot_arm_controller:/home/albert/bcdc_ws/install/agbot_setup_moveit:/home/albert/bcdc_ws/install/agbot_cpp:/home/albert/bcdc_ws/install/agbot_msgs:/home/albert/bcdc_ws/install/agbot_moveit:/home/albert/bcdc_ws/install/agbot_description:/home/albert/bcdc_ws/install/agbot_controller:/home/albert/bcdc_ws/install/agbot_bringup:/home/albert/bcdc_ws/install/agbot_arm_controller:/home/albert/arduinobot_ws/install/arduinobot_utils:/home/albert/arduinobot_ws/install/arduinobot_remote:/home/albert/arduinobot_ws/install/arduinobot_cpp_examples:/home/albert/arduinobot_ws/install/arduinobot_msgs:/home/albert/arduinobot_ws/install/arduinobot_moveit_setup:/home/albert/arduinobot_ws/install/arduinobot_moveit:/home/albert/arduinobot_ws/install/arduinobot_description:/home/albert/arduinobot_ws/install/arduinobot_controller:/home/albert/rad_ws/install/agbot_full_nav2:/home/albert/rad_ws/install/agbot_full_msgs:/home/albert/rad_ws/install/agbot_full_moveit_setup:/home/albert/rad_ws/install/agbot_full_moveit:/home/albert/rad_ws/install/agbot_full_description:/home/albert/rad_ws/install/agbot_full_cpp:/home/albert/rad_ws/install/agbot_full_controller:/home/albert/rad_ws/install/agbot_full_cartogropher:/home/albert/dev_ws/install/my_bot:/home/albert/ag_car_ws/install/car_nav2:/home/albert/ag_car_ws/install/car_description:/home/albert/ag_car_ws/install/car_controller:/home/albert/ag_car_ws/install/car_cartographer:/home/albert/ws_moveit2/install/moveit_configs_utils:/home/albert/ws_moveit2/install/launch_param_builder:/home/albert/umov_ws/install/arduino_py_examples:/home/albert/udem2_ws/install/actions_py:/home/albert/udem2_ws/install/lifecycle_py:/home/albert/udem2_ws/install/executors_py:/home/albert/udem2_ws/install/components_py:/home/albert/udem_ws/install/turtlesim_catcher:/home/albert/udem_ws/install/my_py_pkg:/home/albert/udem_ws/install/lifecycle_py:/home/albert/bcdc_ws/install/agbot_teleop:/home/albert/bcdc_ws/install/agbot_py:/home/albert/arduinobot_ws/install/arduinobot_py_examples:/opt/ros/humble LD_LIBRARY_PATH=/home/albert/umov_ws/install/arduinobot_msgs/lib:/home/albert/ws_moveit2/install/pilz_industrial_motion_planner_testutils/lib:/home/albert/ws_moveit2/install/pilz_industrial_motion_planner/lib:/home/albert/ws_moveit2/install/moveit_visual_tools/lib:/home/albert/ws_moveit2/install/moveit_task_constructor_visualization/lib:/home/albert/ws_moveit2/install/moveit_task_constructor_demo/lib:/home/albert/ws_moveit2/install/moveit_task_constructor_capabilities/lib:/home/albert/ws_moveit2/install/moveit_task_constructor_core/lib:/home/albert/ws_moveit2/install/moveit_ros_control_interface/lib:/home/albert/ws_moveit2/install/moveit_simple_controller_manager/lib:/home/albert/ws_moveit2/install/moveit_setup_assistant/lib:/home/albert/ws_moveit2/install/moveit_setup_srdf_plugins/lib:/home/albert/ws_moveit2/install/moveit_setup_core_plugins/lib:/home/albert/ws_moveit2/install/moveit_setup_controllers/lib:/home/albert/ws_moveit2/install/moveit_setup_app_plugins/lib:/home/albert/ws_moveit2/install/moveit_setup_framework/lib:/home/albert/ws_moveit2/install/moveit_servo/lib:/home/albert/ws_moveit2/install/moveit_ros_visualization/lib:/home/albert/ws_moveit2/install/moveit_hybrid_planning/lib:/home/albert/ws_moveit2/install/moveit_ros_planning_interface/lib:/home/albert/ws_moveit2/install/moveit_ros_benchmarks/lib:/home/albert/ws_moveit2/install/moveit_ros_warehouse/lib:/home/albert/ws_moveit2/install/moveit_ros_robot_interaction/lib:/home/albert/ws_moveit2/install/moveit_ros_perception/lib:/home/albert/ws_moveit2/install/moveit_ros_move_group/lib:/home/albert/ws_moveit2/install/moveit_planners_ompl/lib:/home/albert/ws_moveit2/install/moveit_ros_planning/lib:/home/albert/ws_moveit2/install/moveit_ros_occupancy_map_monitor/lib:/home/albert/ws_moveit2/install/moveit_resources_prbt_ikfast_manipulator_plugin/lib:/home/albert/ws_moveit2/install/moveit_planners_chomp/lib:/home/albert/ws_moveit2/install/moveit_kinematics/lib:/home/albert/ws_moveit2/install/moveit_chomp_optimizer_adapter/lib:/home/albert/ws_moveit2/install/chomp_motion_planner/lib:/home/albert/ws_moveit2/install/moveit_core/lib:/home/albert/ws_moveit2/install/srdfdom/lib:/home/albert/ws_moveit2/install/rviz_marker_tools/lib:/home/albert/ws_moveit2/install/rosparam_shortcuts/lib:/home/albert/ws_moveit2/install/moveit_task_constructor_msgs/lib:/home/albert/umov_ws/install/arduinobot_remote/lib:/home/albert/umov_ws/install/arduino_cpp_examples/lib:/home/albert/umov_ws/install/arduinobot_controller/lib:/home/albert/udem2_ws/install/final_project_cpp/lib:/home/albert/udem2_ws/install/robot_interfaces/lib:/home/albert/udem2_ws/install/components_cpp/lib:/home/albert/udem_ws/install/my_robot_interfaces/lib:/home/albert/bcdc_ws/install/aggiebot_msgs/lib:/home/albert/bcdc_ws/install/agbot_msgs/lib:/home/albert/arduinobot_ws/install/arduinobot_remote/lib:/home/albert/arduinobot_ws/install/arduinobot_cpp_examples/lib:/home/albert/arduinobot_ws/install/arduinobot_msgs/lib:/usr/lib/x86_64-linux-gnu/gazebo-11/plugins:/opt/ros/humble/opt/rviz_ogre_vendor/lib:/opt/ros/humble/lib/x86_64-linux-gnu:/opt/ros/humble/lib:/usr/share/gazebo/../../lib/x86_64-linux-gnu/gazebo-11/plugins /home/albert/.local/bin/cmake --build /home/albert/umov_ws/build/arduinobot_remote -- -j8 -l8
[8.233s] DEBUG:colcon.colcon_core.event_handler.log_command:Invoking command in '/home/albert/umov_ws/build/arduinobot_utils': CMAKE_PREFIX_PATH=/home/albert/umov_ws/install/arduinobot_msgs:/home/albert/ag_arm_ws/install/arm_setup_moveit:/home/albert/ag_arm_ws/install/arm_moveit:/home/albert/ag_arm_ws/install/arm_description:/home/albert/ag_arm_ws/install/arm_cpp:/home/albert/ag_arm_ws/install/arm_controller:/home/albert/ws_moveit2/install/pilz_industrial_motion_planner_testutils:/home/albert/ws_moveit2/install/moveit_runtime:/home/albert/ws_moveit2/install/moveit2_tutorials:/home/albert/ws_moveit2/install/moveit:/home/albert/ws_moveit2/install/moveit_planners:/home/albert/ws_moveit2/install/pilz_industrial_motion_planner:/home/albert/ws_moveit2/install/moveit_visual_tools:/home/albert/ws_moveit2/install/moveit_task_constructor_visualization:/home/albert/ws_moveit2/install/moveit_task_constructor_demo:/home/albert/ws_moveit2/install/moveit_task_constructor_capabilities:/home/albert/ws_moveit2/install/moveit_task_constructor_core:/home/albert/ws_moveit2/install/moveit_ros_control_interface:/home/albert/ws_moveit2/install/moveit_plugins:/home/albert/ws_moveit2/install/moveit_simple_controller_manager:/home/albert/ws_moveit2/install/moveit_setup_assistant:/home/albert/ws_moveit2/install/moveit_setup_srdf_plugins:/home/albert/ws_moveit2/install/moveit_setup_core_plugins:/home/albert/ws_moveit2/install/moveit_setup_controllers:/home/albert/ws_moveit2/install/moveit_setup_app_plugins:/home/albert/ws_moveit2/install/moveit_setup_framework:/home/albert/ws_moveit2/install/moveit_servo:/home/albert/ws_moveit2/install/moveit_ros:/home/albert/ws_moveit2/install/moveit_ros_visualization:/home/albert/ws_moveit2/install/moveit_hybrid_planning:/home/albert/ws_moveit2/install/moveit_ros_planning_interface:/home/albert/ws_moveit2/install/moveit_ros_benchmarks:/home/albert/ws_moveit2/install/moveit_ros_warehouse:/home/albert/ws_moveit2/install/moveit_ros_robot_interaction:/home/albert/ws_moveit2/install/moveit_ros_perception:/home/albert/ws_moveit2/install/moveit_resources_prbt_pg70_support:/home/albert/ws_moveit2/install/moveit_resources_prbt_moveit_config:/home/albert/ws_moveit2/install/moveit_ros_move_group:/home/albert/ws_moveit2/install/moveit_planners_ompl:/home/albert/ws_moveit2/install/moveit_ros_planning:/home/albert/ws_moveit2/install/moveit_ros_occupancy_map_monitor:/home/albert/ws_moveit2/install/moveit_resources_prbt_ikfast_manipulator_plugin:/home/albert/ws_moveit2/install/moveit_planners_chomp:/home/albert/ws_moveit2/install/moveit_kinematics:/home/albert/ws_moveit2/install/moveit_chomp_optimizer_adapter:/home/albert/ws_moveit2/install/chomp_motion_planner:/home/albert/ws_moveit2/install/moveit_core:/home/albert/ws_moveit2/install/srdfdom:/home/albert/ws_moveit2/install/rviz_marker_tools:/home/albert/ws_moveit2/install/rosparam_shortcuts:/home/albert/ws_moveit2/install/moveit_task_constructor_msgs:/home/albert/ws_moveit2/install/moveit_resources_prbt_support:/home/albert/ws_moveit2/install/moveit_resources:/home/albert/ws_moveit2/install/moveit_resources_pr2_description:/home/albert/ws_moveit2/install/moveit_resources_panda_moveit_config:/home/albert/ws_moveit2/install/moveit_resources_panda_description:/home/albert/ws_moveit2/install/moveit_resources_fanuc_moveit_config:/home/albert/ws_moveit2/install/moveit_resources_fanuc_description:/home/albert/ws_moveit2/install/moveit_common:/home/albert/umov_ws/install/MoveitAssistant:/home/albert/umov_ws/install/description:/home/albert/umov_ws/install/arduinobot_utils:/home/albert/umov_ws/install/arduinobot_remote:/home/albert/umov_ws/install/arduino_cpp_examples:/home/albert/umov_ws/install/arduinobot_moveit:/home/albert/umov_ws/install/arduinobot_firmware:/home/albert/umov_ws/install/arduinobot_controller:/home/albert/umov_ws/install/arduinobot_bringup:/home/albert/unav_ws/install/turtlebot3_fake_node:/home/albert/unav_ws/install/robot_bringup:/home/albert/unav_ws/install/nav2_robot_description:/home/albert/udem2_ws/install/robot_bringup:/home/albert/udem2_ws/install/my_robot_bringup:/home/albert/udem2_ws/install/lifecycle_cpp:/home/albert/udem2_ws/install/final_project_cpp:/home/albert/udem2_ws/install/actions_cpp:/home/albert/udem2_ws/install/robot_interfaces:/home/albert/udem2_ws/install/executors_cpp:/home/albert/udem2_ws/install/components_cpp:/home/albert/udem_ws/install/my_robot_bringup:/home/albert/udem_ws/install/my_cpp_pkg:/home/albert/udem_ws/install/my_robot_interfaces:/home/albert/udem_ws/install/my_robot_description:/home/albert/udem_ws/install/lifecycle_cpp:/home/albert/bcdc_ws/install/aggiebot_cpp:/home/albert/bcdc_ws/install/aggiebot_msgs:/home/albert/bcdc_ws/install/aggiebot_description:/home/albert/bcdc_ws/install/aggiebot_controller:/home/albert/bcdc_ws/install/aggiebot_bringup:/home/albert/bcdc_ws/install/aggiebot_arm_moveit:/home/albert/bcdc_ws/install/aggiebot_arm_description:/home/albert/bcdc_ws/install/aggiebot_arm_controller:/home/albert/bcdc_ws/install/agbot_setup_moveit:/home/albert/bcdc_ws/install/agbot_cpp:/home/albert/bcdc_ws/install/agbot_msgs:/home/albert/bcdc_ws/install/agbot_moveit:/home/albert/bcdc_ws/install/agbot_description:/home/albert/bcdc_ws/install/agbot_controller:/home/albert/bcdc_ws/install/agbot_bringup:/home/albert/bcdc_ws/install/agbot_arm_controller:/home/albert/arduinobot_ws/install/arduinobot_utils:/home/albert/arduinobot_ws/install/arduinobot_remote:/home/albert/arduinobot_ws/install/arduinobot_cpp_examples:/home/albert/arduinobot_ws/install/arduinobot_msgs:/home/albert/arduinobot_ws/install/arduinobot_moveit_setup:/home/albert/arduinobot_ws/install/arduinobot_moveit:/home/albert/arduinobot_ws/install/arduinobot_description:/home/albert/arduinobot_ws/install/arduinobot_controller:/home/albert/rad_ws/install/agbot_full_nav2:/home/albert/rad_ws/install/agbot_full_msgs:/home/albert/rad_ws/install/agbot_full_moveit_setup:/home/albert/rad_ws/install/agbot_full_moveit:/home/albert/rad_ws/install/agbot_full_description:/home/albert/rad_ws/install/agbot_full_cpp:/home/albert/rad_ws/install/agbot_full_controller:/home/albert/rad_ws/install/agbot_full_cartogropher:/home/albert/dev_ws/install/my_bot:/home/albert/ag_car_ws/install/car_nav2:/home/albert/ag_car_ws/install/car_description:/home/albert/ag_car_ws/install/car_controller:/home/albert/ag_car_ws/install/car_cartographer:/home/albert/ws_moveit2/install/moveit_configs_utils:/home/albert/ws_moveit2/install/launch_param_builder:/home/albert/umov_ws/install/arduino_py_examples:/home/albert/udem2_ws/install/actions_py:/home/albert/udem2_ws/install/lifecycle_py:/home/albert/udem2_ws/install/executors_py:/home/albert/udem2_ws/install/components_py:/home/albert/udem_ws/install/turtlesim_catcher:/home/albert/udem_ws/install/my_py_pkg:/home/albert/udem_ws/install/lifecycle_py:/home/albert/bcdc_ws/install/agbot_teleop:/home/albert/bcdc_ws/install/agbot_py:/home/albert/arduinobot_ws/install/arduinobot_py_examples:/opt/ros/humble LD_LIBRARY_PATH=/home/albert/umov_ws/install/arduinobot_msgs/lib:/home/albert/ws_moveit2/install/pilz_industrial_motion_planner_testutils/lib:/home/albert/ws_moveit2/install/pilz_industrial_motion_planner/lib:/home/albert/ws_moveit2/install/moveit_visual_tools/lib:/home/albert/ws_moveit2/install/moveit_task_constructor_visualization/lib:/home/albert/ws_moveit2/install/moveit_task_constructor_demo/lib:/home/albert/ws_moveit2/install/moveit_task_constructor_capabilities/lib:/home/albert/ws_moveit2/install/moveit_task_constructor_core/lib:/home/albert/ws_moveit2/install/moveit_ros_control_interface/lib:/home/albert/ws_moveit2/install/moveit_simple_controller_manager/lib:/home/albert/ws_moveit2/install/moveit_setup_assistant/lib:/home/albert/ws_moveit2/install/moveit_setup_srdf_plugins/lib:/home/albert/ws_moveit2/install/moveit_setup_core_plugins/lib:/home/albert/ws_moveit2/install/moveit_setup_controllers/lib:/home/albert/ws_moveit2/install/moveit_setup_app_plugins/lib:/home/albert/ws_moveit2/install/moveit_setup_framework/lib:/home/albert/ws_moveit2/install/moveit_servo/lib:/home/albert/ws_moveit2/install/moveit_ros_visualization/lib:/home/albert/ws_moveit2/install/moveit_hybrid_planning/lib:/home/albert/ws_moveit2/install/moveit_ros_planning_interface/lib:/home/albert/ws_moveit2/install/moveit_ros_benchmarks/lib:/home/albert/ws_moveit2/install/moveit_ros_warehouse/lib:/home/albert/ws_moveit2/install/moveit_ros_robot_interaction/lib:/home/albert/ws_moveit2/install/moveit_ros_perception/lib:/home/albert/ws_moveit2/install/moveit_ros_move_group/lib:/home/albert/ws_moveit2/install/moveit_planners_ompl/lib:/home/albert/ws_moveit2/install/moveit_ros_planning/lib:/home/albert/ws_moveit2/install/moveit_ros_occupancy_map_monitor/lib:/home/albert/ws_moveit2/install/moveit_resources_prbt_ikfast_manipulator_plugin/lib:/home/albert/ws_moveit2/install/moveit_planners_chomp/lib:/home/albert/ws_moveit2/install/moveit_kinematics/lib:/home/albert/ws_moveit2/install/moveit_chomp_optimizer_adapter/lib:/home/albert/ws_moveit2/install/chomp_motion_planner/lib:/home/albert/ws_moveit2/install/moveit_core/lib:/home/albert/ws_moveit2/install/srdfdom/lib:/home/albert/ws_moveit2/install/rviz_marker_tools/lib:/home/albert/ws_moveit2/install/rosparam_shortcuts/lib:/home/albert/ws_moveit2/install/moveit_task_constructor_msgs/lib:/home/albert/umov_ws/install/arduinobot_remote/lib:/home/albert/umov_ws/install/arduino_cpp_examples/lib:/home/albert/umov_ws/install/arduinobot_controller/lib:/home/albert/udem2_ws/install/final_project_cpp/lib:/home/albert/udem2_ws/install/robot_interfaces/lib:/home/albert/udem2_ws/install/components_cpp/lib:/home/albert/udem_ws/install/my_robot_interfaces/lib:/home/albert/bcdc_ws/install/aggiebot_msgs/lib:/home/albert/bcdc_ws/install/agbot_msgs/lib:/home/albert/arduinobot_ws/install/arduinobot_remote/lib:/home/albert/arduinobot_ws/install/arduinobot_cpp_examples/lib:/home/albert/arduinobot_ws/install/arduinobot_msgs/lib:/usr/lib/x86_64-linux-gnu/gazebo-11/plugins:/opt/ros/humble/opt/rviz_ogre_vendor/lib:/opt/ros/humble/lib/x86_64-linux-gnu:/opt/ros/humble/lib:/usr/share/gazebo/../../lib/x86_64-linux-gnu/gazebo-11/plugins /home/albert/.local/bin/cmake --build /home/albert/umov_ws/build/arduinobot_utils -- -j8 -l8
[8.250s] DEBUG:colcon.colcon_core.event_handler.log_command:Invoked command in '/home/albert/umov_ws/build/arduino_cpp_examples' returned '0': CMAKE_PREFIX_PATH=/home/albert/umov_ws/install/arduinobot_msgs:/home/albert/ag_arm_ws/install/arm_setup_moveit:/home/albert/ag_arm_ws/install/arm_moveit:/home/albert/ag_arm_ws/install/arm_description:/home/albert/ag_arm_ws/install/arm_cpp:/home/albert/ag_arm_ws/install/arm_controller:/home/albert/ws_moveit2/install/pilz_industrial_motion_planner_testutils:/home/albert/ws_moveit2/install/moveit_runtime:/home/albert/ws_moveit2/install/moveit2_tutorials:/home/albert/ws_moveit2/install/moveit:/home/albert/ws_moveit2/install/moveit_planners:/home/albert/ws_moveit2/install/pilz_industrial_motion_planner:/home/albert/ws_moveit2/install/moveit_visual_tools:/home/albert/ws_moveit2/install/moveit_task_constructor_visualization:/home/albert/ws_moveit2/install/moveit_task_constructor_demo:/home/albert/ws_moveit2/install/moveit_task_constructor_capabilities:/home/albert/ws_moveit2/install/moveit_task_constructor_core:/home/albert/ws_moveit2/install/moveit_ros_control_interface:/home/albert/ws_moveit2/install/moveit_plugins:/home/albert/ws_moveit2/install/moveit_simple_controller_manager:/home/albert/ws_moveit2/install/moveit_setup_assistant:/home/albert/ws_moveit2/install/moveit_setup_srdf_plugins:/home/albert/ws_moveit2/install/moveit_setup_core_plugins:/home/albert/ws_moveit2/install/moveit_setup_controllers:/home/albert/ws_moveit2/install/moveit_setup_app_plugins:/home/albert/ws_moveit2/install/moveit_setup_framework:/home/albert/ws_moveit2/install/moveit_servo:/home/albert/ws_moveit2/install/moveit_ros:/home/albert/ws_moveit2/install/moveit_ros_visualization:/home/albert/ws_moveit2/install/moveit_hybrid_planning:/home/albert/ws_moveit2/install/moveit_ros_planning_interface:/home/albert/ws_moveit2/install/moveit_ros_benchmarks:/home/albert/ws_moveit2/install/moveit_ros_warehouse:/home/albert/ws_moveit2/install/moveit_ros_robot_interaction:/home/albert/ws_moveit2/install/moveit_ros_perception:/home/albert/ws_moveit2/install/moveit_resources_prbt_pg70_support:/home/albert/ws_moveit2/install/moveit_resources_prbt_moveit_config:/home/albert/ws_moveit2/install/moveit_ros_move_group:/home/albert/ws_moveit2/install/moveit_planners_ompl:/home/albert/ws_moveit2/install/moveit_ros_planning:/home/albert/ws_moveit2/install/moveit_ros_occupancy_map_monitor:/home/albert/ws_moveit2/install/moveit_resources_prbt_ikfast_manipulator_plugin:/home/albert/ws_moveit2/install/moveit_planners_chomp:/home/albert/ws_moveit2/install/moveit_kinematics:/home/albert/ws_moveit2/install/moveit_chomp_optimizer_adapter:/home/albert/ws_moveit2/install/chomp_motion_planner:/home/albert/ws_moveit2/install/moveit_core:/home/albert/ws_moveit2/install/srdfdom:/home/albert/ws_moveit2/install/rviz_marker_tools:/home/albert/ws_moveit2/install/rosparam_shortcuts:/home/albert/ws_moveit2/install/moveit_task_constructor_msgs:/home/albert/ws_moveit2/install/moveit_resources_prbt_support:/home/albert/ws_moveit2/install/moveit_resources:/home/albert/ws_moveit2/install/moveit_resources_pr2_description:/home/albert/ws_moveit2/install/moveit_resources_panda_moveit_config:/home/albert/ws_moveit2/install/moveit_resources_panda_description:/home/albert/ws_moveit2/install/moveit_resources_fanuc_moveit_config:/home/albert/ws_moveit2/install/moveit_resources_fanuc_description:/home/albert/ws_moveit2/install/moveit_common:/home/albert/umov_ws/install/MoveitAssistant:/home/albert/umov_ws/install/description:/home/albert/umov_ws/install/arduinobot_utils:/home/albert/umov_ws/install/arduinobot_remote:/home/albert/umov_ws/install/arduino_cpp_examples:/home/albert/umov_ws/install/arduinobot_moveit:/home/albert/umov_ws/install/arduinobot_firmware:/home/albert/umov_ws/install/arduinobot_controller:/home/albert/umov_ws/install/arduinobot_bringup:/home/albert/unav_ws/install/turtlebot3_fake_node:/home/albert/unav_ws/install/robot_bringup:/home/albert/unav_ws/install/nav2_robot_description:/home/albert/udem2_ws/install/robot_bringup:/home/albert/udem2_ws/install/my_robot_bringup:/home/albert/udem2_ws/install/lifecycle_cpp:/home/albert/udem2_ws/install/final_project_cpp:/home/albert/udem2_ws/install/actions_cpp:/home/albert/udem2_ws/install/robot_interfaces:/home/albert/udem2_ws/install/executors_cpp:/home/albert/udem2_ws/install/components_cpp:/home/albert/udem_ws/install/my_robot_bringup:/home/albert/udem_ws/install/my_cpp_pkg:/home/albert/udem_ws/install/my_robot_interfaces:/home/albert/udem_ws/install/my_robot_description:/home/albert/udem_ws/install/lifecycle_cpp:/home/albert/bcdc_ws/install/aggiebot_cpp:/home/albert/bcdc_ws/install/aggiebot_msgs:/home/albert/bcdc_ws/install/aggiebot_description:/home/albert/bcdc_ws/install/aggiebot_controller:/home/albert/bcdc_ws/install/aggiebot_bringup:/home/albert/bcdc_ws/install/aggiebot_arm_moveit:/home/albert/bcdc_ws/install/aggiebot_arm_description:/home/albert/bcdc_ws/install/aggiebot_arm_controller:/home/albert/bcdc_ws/install/agbot_setup_moveit:/home/albert/bcdc_ws/install/agbot_cpp:/home/albert/bcdc_ws/install/agbot_msgs:/home/albert/bcdc_ws/install/agbot_moveit:/home/albert/bcdc_ws/install/agbot_description:/home/albert/bcdc_ws/install/agbot_controller:/home/albert/bcdc_ws/install/agbot_bringup:/home/albert/bcdc_ws/install/agbot_arm_controller:/home/albert/arduinobot_ws/install/arduinobot_utils:/home/albert/arduinobot_ws/install/arduinobot_remote:/home/albert/arduinobot_ws/install/arduinobot_cpp_examples:/home/albert/arduinobot_ws/install/arduinobot_msgs:/home/albert/arduinobot_ws/install/arduinobot_moveit_setup:/home/albert/arduinobot_ws/install/arduinobot_moveit:/home/albert/arduinobot_ws/install/arduinobot_description:/home/albert/arduinobot_ws/install/arduinobot_controller:/home/albert/rad_ws/install/agbot_full_nav2:/home/albert/rad_ws/install/agbot_full_msgs:/home/albert/rad_ws/install/agbot_full_moveit_setup:/home/albert/rad_ws/install/agbot_full_moveit:/home/albert/rad_ws/install/agbot_full_description:/home/albert/rad_ws/install/agbot_full_cpp:/home/albert/rad_ws/install/agbot_full_controller:/home/albert/rad_ws/install/agbot_full_cartogropher:/home/albert/dev_ws/install/my_bot:/home/albert/ag_car_ws/install/car_nav2:/home/albert/ag_car_ws/install/car_description:/home/albert/ag_car_ws/install/car_controller:/home/albert/ag_car_ws/install/car_cartographer:/home/albert/ws_moveit2/install/moveit_configs_utils:/home/albert/ws_moveit2/install/launch_param_builder:/home/albert/umov_ws/install/arduino_py_examples:/home/albert/udem2_ws/install/actions_py:/home/albert/udem2_ws/install/lifecycle_py:/home/albert/udem2_ws/install/executors_py:/home/albert/udem2_ws/install/components_py:/home/albert/udem_ws/install/turtlesim_catcher:/home/albert/udem_ws/install/my_py_pkg:/home/albert/udem_ws/install/lifecycle_py:/home/albert/bcdc_ws/install/agbot_teleop:/home/albert/bcdc_ws/install/agbot_py:/home/albert/arduinobot_ws/install/arduinobot_py_examples:/opt/ros/humble LD_LIBRARY_PATH=/home/albert/umov_ws/install/arduinobot_msgs/lib:/home/albert/ws_moveit2/install/pilz_industrial_motion_planner_testutils/lib:/home/albert/ws_moveit2/install/pilz_industrial_motion_planner/lib:/home/albert/ws_moveit2/install/moveit_visual_tools/lib:/home/albert/ws_moveit2/install/moveit_task_constructor_visualization/lib:/home/albert/ws_moveit2/install/moveit_task_constructor_demo/lib:/home/albert/ws_moveit2/install/moveit_task_constructor_capabilities/lib:/home/albert/ws_moveit2/install/moveit_task_constructor_core/lib:/home/albert/ws_moveit2/install/moveit_ros_control_interface/lib:/home/albert/ws_moveit2/install/moveit_simple_controller_manager/lib:/home/albert/ws_moveit2/install/moveit_setup_assistant/lib:/home/albert/ws_moveit2/install/moveit_setup_srdf_plugins/lib:/home/albert/ws_moveit2/install/moveit_setup_core_plugins/lib:/home/albert/ws_moveit2/install/moveit_setup_controllers/lib:/home/albert/ws_moveit2/install/moveit_setup_app_plugins/lib:/home/albert/ws_moveit2/install/moveit_setup_framework/lib:/home/albert/ws_moveit2/install/moveit_servo/lib:/home/albert/ws_moveit2/install/moveit_ros_visualization/lib:/home/albert/ws_moveit2/install/moveit_hybrid_planning/lib:/home/albert/ws_moveit2/install/moveit_ros_planning_interface/lib:/home/albert/ws_moveit2/install/moveit_ros_benchmarks/lib:/home/albert/ws_moveit2/install/moveit_ros_warehouse/lib:/home/albert/ws_moveit2/install/moveit_ros_robot_interaction/lib:/home/albert/ws_moveit2/install/moveit_ros_perception/lib:/home/albert/ws_moveit2/install/moveit_ros_move_group/lib:/home/albert/ws_moveit2/install/moveit_planners_ompl/lib:/home/albert/ws_moveit2/install/moveit_ros_planning/lib:/home/albert/ws_moveit2/install/moveit_ros_occupancy_map_monitor/lib:/home/albert/ws_moveit2/install/moveit_resources_prbt_ikfast_manipulator_plugin/lib:/home/albert/ws_moveit2/install/moveit_planners_chomp/lib:/home/albert/ws_moveit2/install/moveit_kinematics/lib:/home/albert/ws_moveit2/install/moveit_chomp_optimizer_adapter/lib:/home/albert/ws_moveit2/install/chomp_motion_planner/lib:/home/albert/ws_moveit2/install/moveit_core/lib:/home/albert/ws_moveit2/install/srdfdom/lib:/home/albert/ws_moveit2/install/rviz_marker_tools/lib:/home/albert/ws_moveit2/install/rosparam_shortcuts/lib:/home/albert/ws_moveit2/install/moveit_task_constructor_msgs/lib:/home/albert/umov_ws/install/arduinobot_remote/lib:/home/albert/umov_ws/install/arduino_cpp_examples/lib:/home/albert/umov_ws/install/arduinobot_controller/lib:/home/albert/udem2_ws/install/final_project_cpp/lib:/home/albert/udem2_ws/install/robot_interfaces/lib:/home/albert/udem2_ws/install/components_cpp/lib:/home/albert/udem_ws/install/my_robot_interfaces/lib:/home/albert/bcdc_ws/install/aggiebot_msgs/lib:/home/albert/bcdc_ws/install/agbot_msgs/lib:/home/albert/arduinobot_ws/install/arduinobot_remote/lib:/home/albert/arduinobot_ws/install/arduinobot_cpp_examples/lib:/home/albert/arduinobot_ws/install/arduinobot_msgs/lib:/usr/lib/x86_64-linux-gnu/gazebo-11/plugins:/opt/ros/humble/opt/rviz_ogre_vendor/lib:/opt/ros/humble/lib/x86_64-linux-gnu:/opt/ros/humble/lib:/usr/share/gazebo/../../lib/x86_64-linux-gnu/gazebo-11/plugins /home/albert/.local/bin/cmake --build /home/albert/umov_ws/build/arduino_cpp_examples -- -j8 -l8
[8.252s] DEBUG:colcon.colcon_core.event_handler.log_command:Invoking command in '/home/albert/umov_ws/build/arduino_cpp_examples': CMAKE_PREFIX_PATH=/home/albert/umov_ws/install/arduinobot_msgs:/home/albert/ag_arm_ws/install/arm_setup_moveit:/home/albert/ag_arm_ws/install/arm_moveit:/home/albert/ag_arm_ws/install/arm_description:/home/albert/ag_arm_ws/install/arm_cpp:/home/albert/ag_arm_ws/install/arm_controller:/home/albert/ws_moveit2/install/pilz_industrial_motion_planner_testutils:/home/albert/ws_moveit2/install/moveit_runtime:/home/albert/ws_moveit2/install/moveit2_tutorials:/home/albert/ws_moveit2/install/moveit:/home/albert/ws_moveit2/install/moveit_planners:/home/albert/ws_moveit2/install/pilz_industrial_motion_planner:/home/albert/ws_moveit2/install/moveit_visual_tools:/home/albert/ws_moveit2/install/moveit_task_constructor_visualization:/home/albert/ws_moveit2/install/moveit_task_constructor_demo:/home/albert/ws_moveit2/install/moveit_task_constructor_capabilities:/home/albert/ws_moveit2/install/moveit_task_constructor_core:/home/albert/ws_moveit2/install/moveit_ros_control_interface:/home/albert/ws_moveit2/install/moveit_plugins:/home/albert/ws_moveit2/install/moveit_simple_controller_manager:/home/albert/ws_moveit2/install/moveit_setup_assistant:/home/albert/ws_moveit2/install/moveit_setup_srdf_plugins:/home/albert/ws_moveit2/install/moveit_setup_core_plugins:/home/albert/ws_moveit2/install/moveit_setup_controllers:/home/albert/ws_moveit2/install/moveit_setup_app_plugins:/home/albert/ws_moveit2/install/moveit_setup_framework:/home/albert/ws_moveit2/install/moveit_servo:/home/albert/ws_moveit2/install/moveit_ros:/home/albert/ws_moveit2/install/moveit_ros_visualization:/home/albert/ws_moveit2/install/moveit_hybrid_planning:/home/albert/ws_moveit2/install/moveit_ros_planning_interface:/home/albert/ws_moveit2/install/moveit_ros_benchmarks:/home/albert/ws_moveit2/install/moveit_ros_warehouse:/home/albert/ws_moveit2/install/moveit_ros_robot_interaction:/home/albert/ws_moveit2/install/moveit_ros_perception:/home/albert/ws_moveit2/install/moveit_resources_prbt_pg70_support:/home/albert/ws_moveit2/install/moveit_resources_prbt_moveit_config:/home/albert/ws_moveit2/install/moveit_ros_move_group:/home/albert/ws_moveit2/install/moveit_planners_ompl:/home/albert/ws_moveit2/install/moveit_ros_planning:/home/albert/ws_moveit2/install/moveit_ros_occupancy_map_monitor:/home/albert/ws_moveit2/install/moveit_resources_prbt_ikfast_manipulator_plugin:/home/albert/ws_moveit2/install/moveit_planners_chomp:/home/albert/ws_moveit2/install/moveit_kinematics:/home/albert/ws_moveit2/install/moveit_chomp_optimizer_adapter:/home/albert/ws_moveit2/install/chomp_motion_planner:/home/albert/ws_moveit2/install/moveit_core:/home/albert/ws_moveit2/install/srdfdom:/home/albert/ws_moveit2/install/rviz_marker_tools:/home/albert/ws_moveit2/install/rosparam_shortcuts:/home/albert/ws_moveit2/install/moveit_task_constructor_msgs:/home/albert/ws_moveit2/install/moveit_resources_prbt_support:/home/albert/ws_moveit2/install/moveit_resources:/home/albert/ws_moveit2/install/moveit_resources_pr2_description:/home/albert/ws_moveit2/install/moveit_resources_panda_moveit_config:/home/albert/ws_moveit2/install/moveit_resources_panda_description:/home/albert/ws_moveit2/install/moveit_resources_fanuc_moveit_config:/home/albert/ws_moveit2/install/moveit_resources_fanuc_description:/home/albert/ws_moveit2/install/moveit_common:/home/albert/umov_ws/install/MoveitAssistant:/home/albert/umov_ws/install/description:/home/albert/umov_ws/install/arduinobot_utils:/home/albert/umov_ws/install/arduinobot_remote:/home/albert/umov_ws/install/arduino_cpp_examples:/home/albert/umov_ws/install/arduinobot_moveit:/home/albert/umov_ws/install/arduinobot_firmware:/home/albert/umov_ws/install/arduinobot_controller:/home/albert/umov_ws/install/arduinobot_bringup:/home/albert/unav_ws/install/turtlebot3_fake_node:/home/albert/unav_ws/install/robot_bringup:/home/albert/unav_ws/install/nav2_robot_description:/home/albert/udem2_ws/install/robot_bringup:/home/albert/udem2_ws/install/my_robot_bringup:/home/albert/udem2_ws/install/lifecycle_cpp:/home/albert/udem2_ws/install/final_project_cpp:/home/albert/udem2_ws/install/actions_cpp:/home/albert/udem2_ws/install/robot_interfaces:/home/albert/udem2_ws/install/executors_cpp:/home/albert/udem2_ws/install/components_cpp:/home/albert/udem_ws/install/my_robot_bringup:/home/albert/udem_ws/install/my_cpp_pkg:/home/albert/udem_ws/install/my_robot_interfaces:/home/albert/udem_ws/install/my_robot_description:/home/albert/udem_ws/install/lifecycle_cpp:/home/albert/bcdc_ws/install/aggiebot_cpp:/home/albert/bcdc_ws/install/aggiebot_msgs:/home/albert/bcdc_ws/install/aggiebot_description:/home/albert/bcdc_ws/install/aggiebot_controller:/home/albert/bcdc_ws/install/aggiebot_bringup:/home/albert/bcdc_ws/install/aggiebot_arm_moveit:/home/albert/bcdc_ws/install/aggiebot_arm_description:/home/albert/bcdc_ws/install/aggiebot_arm_controller:/home/albert/bcdc_ws/install/agbot_setup_moveit:/home/albert/bcdc_ws/install/agbot_cpp:/home/albert/bcdc_ws/install/agbot_msgs:/home/albert/bcdc_ws/install/agbot_moveit:/home/albert/bcdc_ws/install/agbot_description:/home/albert/bcdc_ws/install/agbot_controller:/home/albert/bcdc_ws/install/agbot_bringup:/home/albert/bcdc_ws/install/agbot_arm_controller:/home/albert/arduinobot_ws/install/arduinobot_utils:/home/albert/arduinobot_ws/install/arduinobot_remote:/home/albert/arduinobot_ws/install/arduinobot_cpp_examples:/home/albert/arduinobot_ws/install/arduinobot_msgs:/home/albert/arduinobot_ws/install/arduinobot_moveit_setup:/home/albert/arduinobot_ws/install/arduinobot_moveit:/home/albert/arduinobot_ws/install/arduinobot_description:/home/albert/arduinobot_ws/install/arduinobot_controller:/home/albert/rad_ws/install/agbot_full_nav2:/home/albert/rad_ws/install/agbot_full_msgs:/home/albert/rad_ws/install/agbot_full_moveit_setup:/home/albert/rad_ws/install/agbot_full_moveit:/home/albert/rad_ws/install/agbot_full_description:/home/albert/rad_ws/install/agbot_full_cpp:/home/albert/rad_ws/install/agbot_full_controller:/home/albert/rad_ws/install/agbot_full_cartogropher:/home/albert/dev_ws/install/my_bot:/home/albert/ag_car_ws/install/car_nav2:/home/albert/ag_car_ws/install/car_description:/home/albert/ag_car_ws/install/car_controller:/home/albert/ag_car_ws/install/car_cartographer:/home/albert/ws_moveit2/install/moveit_configs_utils:/home/albert/ws_moveit2/install/launch_param_builder:/home/albert/umov_ws/install/arduino_py_examples:/home/albert/udem2_ws/install/actions_py:/home/albert/udem2_ws/install/lifecycle_py:/home/albert/udem2_ws/install/executors_py:/home/albert/udem2_ws/install/components_py:/home/albert/udem_ws/install/turtlesim_catcher:/home/albert/udem_ws/install/my_py_pkg:/home/albert/udem_ws/install/lifecycle_py:/home/albert/bcdc_ws/install/agbot_teleop:/home/albert/bcdc_ws/install/agbot_py:/home/albert/arduinobot_ws/install/arduinobot_py_examples:/opt/ros/humble LD_LIBRARY_PATH=/home/albert/umov_ws/install/arduinobot_msgs/lib:/home/albert/ws_moveit2/install/pilz_industrial_motion_planner_testutils/lib:/home/albert/ws_moveit2/install/pilz_industrial_motion_planner/lib:/home/albert/ws_moveit2/install/moveit_visual_tools/lib:/home/albert/ws_moveit2/install/moveit_task_constructor_visualization/lib:/home/albert/ws_moveit2/install/moveit_task_constructor_demo/lib:/home/albert/ws_moveit2/install/moveit_task_constructor_capabilities/lib:/home/albert/ws_moveit2/install/moveit_task_constructor_core/lib:/home/albert/ws_moveit2/install/moveit_ros_control_interface/lib:/home/albert/ws_moveit2/install/moveit_simple_controller_manager/lib:/home/albert/ws_moveit2/install/moveit_setup_assistant/lib:/home/albert/ws_moveit2/install/moveit_setup_srdf_plugins/lib:/home/albert/ws_moveit2/install/moveit_setup_core_plugins/lib:/home/albert/ws_moveit2/install/moveit_setup_controllers/lib:/home/albert/ws_moveit2/install/moveit_setup_app_plugins/lib:/home/albert/ws_moveit2/install/moveit_setup_framework/lib:/home/albert/ws_moveit2/install/moveit_servo/lib:/home/albert/ws_moveit2/install/moveit_ros_visualization/lib:/home/albert/ws_moveit2/install/moveit_hybrid_planning/lib:/home/albert/ws_moveit2/install/moveit_ros_planning_interface/lib:/home/albert/ws_moveit2/install/moveit_ros_benchmarks/lib:/home/albert/ws_moveit2/install/moveit_ros_warehouse/lib:/home/albert/ws_moveit2/install/moveit_ros_robot_interaction/lib:/home/albert/ws_moveit2/install/moveit_ros_perception/lib:/home/albert/ws_moveit2/install/moveit_ros_move_group/lib:/home/albert/ws_moveit2/install/moveit_planners_ompl/lib:/home/albert/ws_moveit2/install/moveit_ros_planning/lib:/home/albert/ws_moveit2/install/moveit_ros_occupancy_map_monitor/lib:/home/albert/ws_moveit2/install/moveit_resources_prbt_ikfast_manipulator_plugin/lib:/home/albert/ws_moveit2/install/moveit_planners_chomp/lib:/home/albert/ws_moveit2/install/moveit_kinematics/lib:/home/albert/ws_moveit2/install/moveit_chomp_optimizer_adapter/lib:/home/albert/ws_moveit2/install/chomp_motion_planner/lib:/home/albert/ws_moveit2/install/moveit_core/lib:/home/albert/ws_moveit2/install/srdfdom/lib:/home/albert/ws_moveit2/install/rviz_marker_tools/lib:/home/albert/ws_moveit2/install/rosparam_shortcuts/lib:/home/albert/ws_moveit2/install/moveit_task_constructor_msgs/lib:/home/albert/umov_ws/install/arduinobot_remote/lib:/home/albert/umov_ws/install/arduino_cpp_examples/lib:/home/albert/umov_ws/install/arduinobot_controller/lib:/home/albert/udem2_ws/install/final_project_cpp/lib:/home/albert/udem2_ws/install/robot_interfaces/lib:/home/albert/udem2_ws/install/components_cpp/lib:/home/albert/udem_ws/install/my_robot_interfaces/lib:/home/albert/bcdc_ws/install/aggiebot_msgs/lib:/home/albert/bcdc_ws/install/agbot_msgs/lib:/home/albert/arduinobot_ws/install/arduinobot_remote/lib:/home/albert/arduinobot_ws/install/arduinobot_cpp_examples/lib:/home/albert/arduinobot_ws/install/arduinobot_msgs/lib:/usr/lib/x86_64-linux-gnu/gazebo-11/plugins:/opt/ros/humble/opt/rviz_ogre_vendor/lib:/opt/ros/humble/lib/x86_64-linux-gnu:/opt/ros/humble/lib:/usr/share/gazebo/../../lib/x86_64-linux-gnu/gazebo-11/plugins /home/albert/.local/bin/cmake --install /home/albert/umov_ws/build/arduino_cpp_examples
[8.294s] Level 1:colcon.colcon_core.environment:create_environment_scripts_only(arduino_cpp_examples)
[8.296s] Level 1:colcon.colcon_core.environment:checking '/home/albert/umov_ws/install/arduino_cpp_examples' for CMake module files
[8.303s] Level 1:colcon.colcon_core.environment:checking '/home/albert/umov_ws/install/arduino_cpp_examples' for CMake config files
[8.305s] Level 1:colcon.colcon_core.shell:create_environment_hook('arduino_cpp_examples', 'cmake_prefix_path')
[8.306s] INFO:colcon.colcon_core.shell:Creating environment hook '/home/albert/umov_ws/install/arduino_cpp_examples/share/arduino_cpp_examples/hook/cmake_prefix_path.ps1'
[8.309s] INFO:colcon.colcon_core.shell:Creating environment descriptor '/home/albert/umov_ws/install/arduino_cpp_examples/share/arduino_cpp_examples/hook/cmake_prefix_path.dsv'
[8.312s] INFO:colcon.colcon_core.shell:Creating environment hook '/home/albert/umov_ws/install/arduino_cpp_examples/share/arduino_cpp_examples/hook/cmake_prefix_path.sh'
[8.324s] DEBUG:colcon.colcon_core.event_handler.log_command:Invoked command in '/home/albert/umov_ws/build/arduino_cpp_examples' returned '0': CMAKE_PREFIX_PATH=/home/albert/umov_ws/install/arduinobot_msgs:/home/albert/ag_arm_ws/install/arm_setup_moveit:/home/albert/ag_arm_ws/install/arm_moveit:/home/albert/ag_arm_ws/install/arm_description:/home/albert/ag_arm_ws/install/arm_cpp:/home/albert/ag_arm_ws/install/arm_controller:/home/albert/ws_moveit2/install/pilz_industrial_motion_planner_testutils:/home/albert/ws_moveit2/install/moveit_runtime:/home/albert/ws_moveit2/install/moveit2_tutorials:/home/albert/ws_moveit2/install/moveit:/home/albert/ws_moveit2/install/moveit_planners:/home/albert/ws_moveit2/install/pilz_industrial_motion_planner:/home/albert/ws_moveit2/install/moveit_visual_tools:/home/albert/ws_moveit2/install/moveit_task_constructor_visualization:/home/albert/ws_moveit2/install/moveit_task_constructor_demo:/home/albert/ws_moveit2/install/moveit_task_constructor_capabilities:/home/albert/ws_moveit2/install/moveit_task_constructor_core:/home/albert/ws_moveit2/install/moveit_ros_control_interface:/home/albert/ws_moveit2/install/moveit_plugins:/home/albert/ws_moveit2/install/moveit_simple_controller_manager:/home/albert/ws_moveit2/install/moveit_setup_assistant:/home/albert/ws_moveit2/install/moveit_setup_srdf_plugins:/home/albert/ws_moveit2/install/moveit_setup_core_plugins:/home/albert/ws_moveit2/install/moveit_setup_controllers:/home/albert/ws_moveit2/install/moveit_setup_app_plugins:/home/albert/ws_moveit2/install/moveit_setup_framework:/home/albert/ws_moveit2/install/moveit_servo:/home/albert/ws_moveit2/install/moveit_ros:/home/albert/ws_moveit2/install/moveit_ros_visualization:/home/albert/ws_moveit2/install/moveit_hybrid_planning:/home/albert/ws_moveit2/install/moveit_ros_planning_interface:/home/albert/ws_moveit2/install/moveit_ros_benchmarks:/home/albert/ws_moveit2/install/moveit_ros_warehouse:/home/albert/ws_moveit2/install/moveit_ros_robot_interaction:/home/albert/ws_moveit2/install/moveit_ros_perception:/home/albert/ws_moveit2/install/moveit_resources_prbt_pg70_support:/home/albert/ws_moveit2/install/moveit_resources_prbt_moveit_config:/home/albert/ws_moveit2/install/moveit_ros_move_group:/home/albert/ws_moveit2/install/moveit_planners_ompl:/home/albert/ws_moveit2/install/moveit_ros_planning:/home/albert/ws_moveit2/install/moveit_ros_occupancy_map_monitor:/home/albert/ws_moveit2/install/moveit_resources_prbt_ikfast_manipulator_plugin:/home/albert/ws_moveit2/install/moveit_planners_chomp:/home/albert/ws_moveit2/install/moveit_kinematics:/home/albert/ws_moveit2/install/moveit_chomp_optimizer_adapter:/home/albert/ws_moveit2/install/chomp_motion_planner:/home/albert/ws_moveit2/install/moveit_core:/home/albert/ws_moveit2/install/srdfdom:/home/albert/ws_moveit2/install/rviz_marker_tools:/home/albert/ws_moveit2/install/rosparam_shortcuts:/home/albert/ws_moveit2/install/moveit_task_constructor_msgs:/home/albert/ws_moveit2/install/moveit_resources_prbt_support:/home/albert/ws_moveit2/install/moveit_resources:/home/albert/ws_moveit2/install/moveit_resources_pr2_description:/home/albert/ws_moveit2/install/moveit_resources_panda_moveit_config:/home/albert/ws_moveit2/install/moveit_resources_panda_description:/home/albert/ws_moveit2/install/moveit_resources_fanuc_moveit_config:/home/albert/ws_moveit2/install/moveit_resources_fanuc_description:/home/albert/ws_moveit2/install/moveit_common:/home/albert/umov_ws/install/MoveitAssistant:/home/albert/umov_ws/install/description:/home/albert/umov_ws/install/arduinobot_utils:/home/albert/umov_ws/install/arduinobot_remote:/home/albert/umov_ws/install/arduino_cpp_examples:/home/albert/umov_ws/install/arduinobot_moveit:/home/albert/umov_ws/install/arduinobot_firmware:/home/albert/umov_ws/install/arduinobot_controller:/home/albert/umov_ws/install/arduinobot_bringup:/home/albert/unav_ws/install/turtlebot3_fake_node:/home/albert/unav_ws/install/robot_bringup:/home/albert/unav_ws/install/nav2_robot_description:/home/albert/udem2_ws/install/robot_bringup:/home/albert/udem2_ws/install/my_robot_bringup:/home/albert/udem2_ws/install/lifecycle_cpp:/home/albert/udem2_ws/install/final_project_cpp:/home/albert/udem2_ws/install/actions_cpp:/home/albert/udem2_ws/install/robot_interfaces:/home/albert/udem2_ws/install/executors_cpp:/home/albert/udem2_ws/install/components_cpp:/home/albert/udem_ws/install/my_robot_bringup:/home/albert/udem_ws/install/my_cpp_pkg:/home/albert/udem_ws/install/my_robot_interfaces:/home/albert/udem_ws/install/my_robot_description:/home/albert/udem_ws/install/lifecycle_cpp:/home/albert/bcdc_ws/install/aggiebot_cpp:/home/albert/bcdc_ws/install/aggiebot_msgs:/home/albert/bcdc_ws/install/aggiebot_description:/home/albert/bcdc_ws/install/aggiebot_controller:/home/albert/bcdc_ws/install/aggiebot_bringup:/home/albert/bcdc_ws/install/aggiebot_arm_moveit:/home/albert/bcdc_ws/install/aggiebot_arm_description:/home/albert/bcdc_ws/install/aggiebot_arm_controller:/home/albert/bcdc_ws/install/agbot_setup_moveit:/home/albert/bcdc_ws/install/agbot_cpp:/home/albert/bcdc_ws/install/agbot_msgs:/home/albert/bcdc_ws/install/agbot_moveit:/home/albert/bcdc_ws/install/agbot_description:/home/albert/bcdc_ws/install/agbot_controller:/home/albert/bcdc_ws/install/agbot_bringup:/home/albert/bcdc_ws/install/agbot_arm_controller:/home/albert/arduinobot_ws/install/arduinobot_utils:/home/albert/arduinobot_ws/install/arduinobot_remote:/home/albert/arduinobot_ws/install/arduinobot_cpp_examples:/home/albert/arduinobot_ws/install/arduinobot_msgs:/home/albert/arduinobot_ws/install/arduinobot_moveit_setup:/home/albert/arduinobot_ws/install/arduinobot_moveit:/home/albert/arduinobot_ws/install/arduinobot_description:/home/albert/arduinobot_ws/install/arduinobot_controller:/home/albert/rad_ws/install/agbot_full_nav2:/home/albert/rad_ws/install/agbot_full_msgs:/home/albert/rad_ws/install/agbot_full_moveit_setup:/home/albert/rad_ws/install/agbot_full_moveit:/home/albert/rad_ws/install/agbot_full_description:/home/albert/rad_ws/install/agbot_full_cpp:/home/albert/rad_ws/install/agbot_full_controller:/home/albert/rad_ws/install/agbot_full_cartogropher:/home/albert/dev_ws/install/my_bot:/home/albert/ag_car_ws/install/car_nav2:/home/albert/ag_car_ws/install/car_description:/home/albert/ag_car_ws/install/car_controller:/home/albert/ag_car_ws/install/car_cartographer:/home/albert/ws_moveit2/install/moveit_configs_utils:/home/albert/ws_moveit2/install/launch_param_builder:/home/albert/umov_ws/install/arduino_py_examples:/home/albert/udem2_ws/install/actions_py:/home/albert/udem2_ws/install/lifecycle_py:/home/albert/udem2_ws/install/executors_py:/home/albert/udem2_ws/install/components_py:/home/albert/udem_ws/install/turtlesim_catcher:/home/albert/udem_ws/install/my_py_pkg:/home/albert/udem_ws/install/lifecycle_py:/home/albert/bcdc_ws/install/agbot_teleop:/home/albert/bcdc_ws/install/agbot_py:/home/albert/arduinobot_ws/install/arduinobot_py_examples:/opt/ros/humble LD_LIBRARY_PATH=/home/albert/umov_ws/install/arduinobot_msgs/lib:/home/albert/ws_moveit2/install/pilz_industrial_motion_planner_testutils/lib:/home/albert/ws_moveit2/install/pilz_industrial_motion_planner/lib:/home/albert/ws_moveit2/install/moveit_visual_tools/lib:/home/albert/ws_moveit2/install/moveit_task_constructor_visualization/lib:/home/albert/ws_moveit2/install/moveit_task_constructor_demo/lib:/home/albert/ws_moveit2/install/moveit_task_constructor_capabilities/lib:/home/albert/ws_moveit2/install/moveit_task_constructor_core/lib:/home/albert/ws_moveit2/install/moveit_ros_control_interface/lib:/home/albert/ws_moveit2/install/moveit_simple_controller_manager/lib:/home/albert/ws_moveit2/install/moveit_setup_assistant/lib:/home/albert/ws_moveit2/install/moveit_setup_srdf_plugins/lib:/home/albert/ws_moveit2/install/moveit_setup_core_plugins/lib:/home/albert/ws_moveit2/install/moveit_setup_controllers/lib:/home/albert/ws_moveit2/install/moveit_setup_app_plugins/lib:/home/albert/ws_moveit2/install/moveit_setup_framework/lib:/home/albert/ws_moveit2/install/moveit_servo/lib:/home/albert/ws_moveit2/install/moveit_ros_visualization/lib:/home/albert/ws_moveit2/install/moveit_hybrid_planning/lib:/home/albert/ws_moveit2/install/moveit_ros_planning_interface/lib:/home/albert/ws_moveit2/install/moveit_ros_benchmarks/lib:/home/albert/ws_moveit2/install/moveit_ros_warehouse/lib:/home/albert/ws_moveit2/install/moveit_ros_robot_interaction/lib:/home/albert/ws_moveit2/install/moveit_ros_perception/lib:/home/albert/ws_moveit2/install/moveit_ros_move_group/lib:/home/albert/ws_moveit2/install/moveit_planners_ompl/lib:/home/albert/ws_moveit2/install/moveit_ros_planning/lib:/home/albert/ws_moveit2/install/moveit_ros_occupancy_map_monitor/lib:/home/albert/ws_moveit2/install/moveit_resources_prbt_ikfast_manipulator_plugin/lib:/home/albert/ws_moveit2/install/moveit_planners_chomp/lib:/home/albert/ws_moveit2/install/moveit_kinematics/lib:/home/albert/ws_moveit2/install/moveit_chomp_optimizer_adapter/lib:/home/albert/ws_moveit2/install/chomp_motion_planner/lib:/home/albert/ws_moveit2/install/moveit_core/lib:/home/albert/ws_moveit2/install/srdfdom/lib:/home/albert/ws_moveit2/install/rviz_marker_tools/lib:/home/albert/ws_moveit2/install/rosparam_shortcuts/lib:/home/albert/ws_moveit2/install/moveit_task_constructor_msgs/lib:/home/albert/umov_ws/install/arduinobot_remote/lib:/home/albert/umov_ws/install/arduino_cpp_examples/lib:/home/albert/umov_ws/install/arduinobot_controller/lib:/home/albert/udem2_ws/install/final_project_cpp/lib:/home/albert/udem2_ws/install/robot_interfaces/lib:/home/albert/udem2_ws/install/components_cpp/lib:/home/albert/udem_ws/install/my_robot_interfaces/lib:/home/albert/bcdc_ws/install/aggiebot_msgs/lib:/home/albert/bcdc_ws/install/agbot_msgs/lib:/home/albert/arduinobot_ws/install/arduinobot_remote/lib:/home/albert/arduinobot_ws/install/arduinobot_cpp_examples/lib:/home/albert/arduinobot_ws/install/arduinobot_msgs/lib:/usr/lib/x86_64-linux-gnu/gazebo-11/plugins:/opt/ros/humble/opt/rviz_ogre_vendor/lib:/opt/ros/humble/lib/x86_64-linux-gnu:/opt/ros/humble/lib:/usr/share/gazebo/../../lib/x86_64-linux-gnu/gazebo-11/plugins /home/albert/.local/bin/cmake --install /home/albert/umov_ws/build/arduino_cpp_examples
[8.324s] Level 1:colcon.colcon_core.environment:checking '/home/albert/umov_ws/install/arduino_cpp_examples/lib'
[8.325s] Level 1:colcon.colcon_core.shell:create_environment_hook('arduino_cpp_examples', 'ld_library_path_lib')
[8.326s] INFO:colcon.colcon_core.shell:Creating environment hook '/home/albert/umov_ws/install/arduino_cpp_examples/share/arduino_cpp_examples/hook/ld_library_path_lib.ps1'
[8.328s] INFO:colcon.colcon_core.shell:Creating environment descriptor '/home/albert/umov_ws/install/arduino_cpp_examples/share/arduino_cpp_examples/hook/ld_library_path_lib.dsv'
[8.329s] INFO:colcon.colcon_core.shell:Creating environment hook '/home/albert/umov_ws/install/arduino_cpp_examples/share/arduino_cpp_examples/hook/ld_library_path_lib.sh'
[8.332s] Level 1:colcon.colcon_core.environment:checking '/home/albert/umov_ws/install/arduino_cpp_examples/bin'
[8.332s] Level 1:colcon.colcon_core.environment:checking '/home/albert/umov_ws/install/arduino_cpp_examples/lib/pkgconfig/arduino_cpp_examples.pc'
[8.333s] Level 1:colcon.colcon_core.environment:checking '/home/albert/umov_ws/install/arduino_cpp_examples/lib/python3.10/site-packages'
[8.334s] Level 1:colcon.colcon_core.environment:checking '/home/albert/umov_ws/install/arduino_cpp_examples/bin'
[8.335s] INFO:colcon.colcon_core.shell:Creating package script '/home/albert/umov_ws/install/arduino_cpp_examples/share/arduino_cpp_examples/package.ps1'
[8.337s] INFO:colcon.colcon_core.shell:Creating package descriptor '/home/albert/umov_ws/install/arduino_cpp_examples/share/arduino_cpp_examples/package.dsv'
[8.338s] INFO:colcon.colcon_core.shell:Creating package script '/home/albert/umov_ws/install/arduino_cpp_examples/share/arduino_cpp_examples/package.sh'
[8.341s] INFO:colcon.colcon_core.shell:Creating package script '/home/albert/umov_ws/install/arduino_cpp_examples/share/arduino_cpp_examples/package.bash'
[8.344s] INFO:colcon.colcon_core.shell:Creating package script '/home/albert/umov_ws/install/arduino_cpp_examples/share/arduino_cpp_examples/package.zsh'
[8.345s] Level 1:colcon.colcon_core.environment:create_file_with_runtime_dependencies(/home/albert/umov_ws/install/arduino_cpp_examples/share/colcon-core/packages/arduino_cpp_examples)
[8.348s] Level 1:colcon.colcon_core.environment:create_environment_scripts_only(arduino_cpp_examples)
[8.349s] Level 1:colcon.colcon_core.environment:checking '/home/albert/umov_ws/install/arduino_cpp_examples' for CMake module files
[8.351s] Level 1:colcon.colcon_core.environment:checking '/home/albert/umov_ws/install/arduino_cpp_examples' for CMake config files
[8.352s] Level 1:colcon.colcon_core.shell:create_environment_hook('arduino_cpp_examples', 'cmake_prefix_path')
[8.353s] INFO:colcon.colcon_core.shell:Creating environment hook '/home/albert/umov_ws/install/arduino_cpp_examples/share/arduino_cpp_examples/hook/cmake_prefix_path.ps1'
[8.355s] INFO:colcon.colcon_core.shell:Creating environment descriptor '/home/albert/umov_ws/install/arduino_cpp_examples/share/arduino_cpp_examples/hook/cmake_prefix_path.dsv'
[8.356s] INFO:colcon.colcon_core.shell:Creating environment hook '/home/albert/umov_ws/install/arduino_cpp_examples/share/arduino_cpp_examples/hook/cmake_prefix_path.sh'
[8.358s] Level 1:colcon.colcon_core.environment:checking '/home/albert/umov_ws/install/arduino_cpp_examples/lib'
[8.359s] Level 1:colcon.colcon_core.shell:create_environment_hook('arduino_cpp_examples', 'ld_library_path_lib')
[8.360s] INFO:colcon.colcon_core.shell:Creating environment hook '/home/albert/umov_ws/install/arduino_cpp_examples/share/arduino_cpp_examples/hook/ld_library_path_lib.ps1'
[8.361s] INFO:colcon.colcon_core.shell:Creating environment descriptor '/home/albert/umov_ws/install/arduino_cpp_examples/share/arduino_cpp_examples/hook/ld_library_path_lib.dsv'
[8.363s] INFO:colcon.colcon_core.shell:Creating environment hook '/home/albert/umov_ws/install/arduino_cpp_examples/share/arduino_cpp_examples/hook/ld_library_path_lib.sh'
[8.365s] Level 1:colcon.colcon_core.environment:checking '/home/albert/umov_ws/install/arduino_cpp_examples/bin'
[8.365s] Level 1:colcon.colcon_core.environment:checking '/home/albert/umov_ws/install/arduino_cpp_examples/lib/pkgconfig/arduino_cpp_examples.pc'
[8.367s] Level 1:colcon.colcon_core.environment:checking '/home/albert/umov_ws/install/arduino_cpp_examples/lib/python3.10/site-packages'
[8.368s] Level 1:colcon.colcon_core.environment:checking '/home/albert/umov_ws/install/arduino_cpp_examples/bin'
[8.370s] INFO:colcon.colcon_core.shell:Creating package script '/home/albert/umov_ws/install/arduino_cpp_examples/share/arduino_cpp_examples/package.ps1'
[8.380s] INFO:colcon.colcon_core.shell:Creating package descriptor '/home/albert/umov_ws/install/arduino_cpp_examples/share/arduino_cpp_examples/package.dsv'
[8.385s] INFO:colcon.colcon_core.shell:Creating package script '/home/albert/umov_ws/install/arduino_cpp_examples/share/arduino_cpp_examples/package.sh'
[8.387s] INFO:colcon.colcon_core.shell:Creating package script '/home/albert/umov_ws/install/arduino_cpp_examples/share/arduino_cpp_examples/package.bash'
[8.389s] INFO:colcon.colcon_core.shell:Creating package script '/home/albert/umov_ws/install/arduino_cpp_examples/share/arduino_cpp_examples/package.zsh'
[8.391s] Level 1:colcon.colcon_core.environment:create_file_with_runtime_dependencies(/home/albert/umov_ws/install/arduino_cpp_examples/share/colcon-core/packages/arduino_cpp_examples)
[11.070s] DEBUG:colcon.colcon_core.event_handler.log_command:Invoked command in '/home/albert/umov_ws/build/arduinobot_utils' returned '0': CMAKE_PREFIX_PATH=/home/albert/umov_ws/install/arduinobot_msgs:/home/albert/ag_arm_ws/install/arm_setup_moveit:/home/albert/ag_arm_ws/install/arm_moveit:/home/albert/ag_arm_ws/install/arm_description:/home/albert/ag_arm_ws/install/arm_cpp:/home/albert/ag_arm_ws/install/arm_controller:/home/albert/ws_moveit2/install/pilz_industrial_motion_planner_testutils:/home/albert/ws_moveit2/install/moveit_runtime:/home/albert/ws_moveit2/install/moveit2_tutorials:/home/albert/ws_moveit2/install/moveit:/home/albert/ws_moveit2/install/moveit_planners:/home/albert/ws_moveit2/install/pilz_industrial_motion_planner:/home/albert/ws_moveit2/install/moveit_visual_tools:/home/albert/ws_moveit2/install/moveit_task_constructor_visualization:/home/albert/ws_moveit2/install/moveit_task_constructor_demo:/home/albert/ws_moveit2/install/moveit_task_constructor_capabilities:/home/albert/ws_moveit2/install/moveit_task_constructor_core:/home/albert/ws_moveit2/install/moveit_ros_control_interface:/home/albert/ws_moveit2/install/moveit_plugins:/home/albert/ws_moveit2/install/moveit_simple_controller_manager:/home/albert/ws_moveit2/install/moveit_setup_assistant:/home/albert/ws_moveit2/install/moveit_setup_srdf_plugins:/home/albert/ws_moveit2/install/moveit_setup_core_plugins:/home/albert/ws_moveit2/install/moveit_setup_controllers:/home/albert/ws_moveit2/install/moveit_setup_app_plugins:/home/albert/ws_moveit2/install/moveit_setup_framework:/home/albert/ws_moveit2/install/moveit_servo:/home/albert/ws_moveit2/install/moveit_ros:/home/albert/ws_moveit2/install/moveit_ros_visualization:/home/albert/ws_moveit2/install/moveit_hybrid_planning:/home/albert/ws_moveit2/install/moveit_ros_planning_interface:/home/albert/ws_moveit2/install/moveit_ros_benchmarks:/home/albert/ws_moveit2/install/moveit_ros_warehouse:/home/albert/ws_moveit2/install/moveit_ros_robot_interaction:/home/albert/ws_moveit2/install/moveit_ros_perception:/home/albert/ws_moveit2/install/moveit_resources_prbt_pg70_support:/home/albert/ws_moveit2/install/moveit_resources_prbt_moveit_config:/home/albert/ws_moveit2/install/moveit_ros_move_group:/home/albert/ws_moveit2/install/moveit_planners_ompl:/home/albert/ws_moveit2/install/moveit_ros_planning:/home/albert/ws_moveit2/install/moveit_ros_occupancy_map_monitor:/home/albert/ws_moveit2/install/moveit_resources_prbt_ikfast_manipulator_plugin:/home/albert/ws_moveit2/install/moveit_planners_chomp:/home/albert/ws_moveit2/install/moveit_kinematics:/home/albert/ws_moveit2/install/moveit_chomp_optimizer_adapter:/home/albert/ws_moveit2/install/chomp_motion_planner:/home/albert/ws_moveit2/install/moveit_core:/home/albert/ws_moveit2/install/srdfdom:/home/albert/ws_moveit2/install/rviz_marker_tools:/home/albert/ws_moveit2/install/rosparam_shortcuts:/home/albert/ws_moveit2/install/moveit_task_constructor_msgs:/home/albert/ws_moveit2/install/moveit_resources_prbt_support:/home/albert/ws_moveit2/install/moveit_resources:/home/albert/ws_moveit2/install/moveit_resources_pr2_description:/home/albert/ws_moveit2/install/moveit_resources_panda_moveit_config:/home/albert/ws_moveit2/install/moveit_resources_panda_description:/home/albert/ws_moveit2/install/moveit_resources_fanuc_moveit_config:/home/albert/ws_moveit2/install/moveit_resources_fanuc_description:/home/albert/ws_moveit2/install/moveit_common:/home/albert/umov_ws/install/MoveitAssistant:/home/albert/umov_ws/install/description:/home/albert/umov_ws/install/arduinobot_utils:/home/albert/umov_ws/install/arduinobot_remote:/home/albert/umov_ws/install/arduino_cpp_examples:/home/albert/umov_ws/install/arduinobot_moveit:/home/albert/umov_ws/install/arduinobot_firmware:/home/albert/umov_ws/install/arduinobot_controller:/home/albert/umov_ws/install/arduinobot_bringup:/home/albert/unav_ws/install/turtlebot3_fake_node:/home/albert/unav_ws/install/robot_bringup:/home/albert/unav_ws/install/nav2_robot_description:/home/albert/udem2_ws/install/robot_bringup:/home/albert/udem2_ws/install/my_robot_bringup:/home/albert/udem2_ws/install/lifecycle_cpp:/home/albert/udem2_ws/install/final_project_cpp:/home/albert/udem2_ws/install/actions_cpp:/home/albert/udem2_ws/install/robot_interfaces:/home/albert/udem2_ws/install/executors_cpp:/home/albert/udem2_ws/install/components_cpp:/home/albert/udem_ws/install/my_robot_bringup:/home/albert/udem_ws/install/my_cpp_pkg:/home/albert/udem_ws/install/my_robot_interfaces:/home/albert/udem_ws/install/my_robot_description:/home/albert/udem_ws/install/lifecycle_cpp:/home/albert/bcdc_ws/install/aggiebot_cpp:/home/albert/bcdc_ws/install/aggiebot_msgs:/home/albert/bcdc_ws/install/aggiebot_description:/home/albert/bcdc_ws/install/aggiebot_controller:/home/albert/bcdc_ws/install/aggiebot_bringup:/home/albert/bcdc_ws/install/aggiebot_arm_moveit:/home/albert/bcdc_ws/install/aggiebot_arm_description:/home/albert/bcdc_ws/install/aggiebot_arm_controller:/home/albert/bcdc_ws/install/agbot_setup_moveit:/home/albert/bcdc_ws/install/agbot_cpp:/home/albert/bcdc_ws/install/agbot_msgs:/home/albert/bcdc_ws/install/agbot_moveit:/home/albert/bcdc_ws/install/agbot_description:/home/albert/bcdc_ws/install/agbot_controller:/home/albert/bcdc_ws/install/agbot_bringup:/home/albert/bcdc_ws/install/agbot_arm_controller:/home/albert/arduinobot_ws/install/arduinobot_utils:/home/albert/arduinobot_ws/install/arduinobot_remote:/home/albert/arduinobot_ws/install/arduinobot_cpp_examples:/home/albert/arduinobot_ws/install/arduinobot_msgs:/home/albert/arduinobot_ws/install/arduinobot_moveit_setup:/home/albert/arduinobot_ws/install/arduinobot_moveit:/home/albert/arduinobot_ws/install/arduinobot_description:/home/albert/arduinobot_ws/install/arduinobot_controller:/home/albert/rad_ws/install/agbot_full_nav2:/home/albert/rad_ws/install/agbot_full_msgs:/home/albert/rad_ws/install/agbot_full_moveit_setup:/home/albert/rad_ws/install/agbot_full_moveit:/home/albert/rad_ws/install/agbot_full_description:/home/albert/rad_ws/install/agbot_full_cpp:/home/albert/rad_ws/install/agbot_full_controller:/home/albert/rad_ws/install/agbot_full_cartogropher:/home/albert/dev_ws/install/my_bot:/home/albert/ag_car_ws/install/car_nav2:/home/albert/ag_car_ws/install/car_description:/home/albert/ag_car_ws/install/car_controller:/home/albert/ag_car_ws/install/car_cartographer:/home/albert/ws_moveit2/install/moveit_configs_utils:/home/albert/ws_moveit2/install/launch_param_builder:/home/albert/umov_ws/install/arduino_py_examples:/home/albert/udem2_ws/install/actions_py:/home/albert/udem2_ws/install/lifecycle_py:/home/albert/udem2_ws/install/executors_py:/home/albert/udem2_ws/install/components_py:/home/albert/udem_ws/install/turtlesim_catcher:/home/albert/udem_ws/install/my_py_pkg:/home/albert/udem_ws/install/lifecycle_py:/home/albert/bcdc_ws/install/agbot_teleop:/home/albert/bcdc_ws/install/agbot_py:/home/albert/arduinobot_ws/install/arduinobot_py_examples:/opt/ros/humble LD_LIBRARY_PATH=/home/albert/umov_ws/install/arduinobot_msgs/lib:/home/albert/ws_moveit2/install/pilz_industrial_motion_planner_testutils/lib:/home/albert/ws_moveit2/install/pilz_industrial_motion_planner/lib:/home/albert/ws_moveit2/install/moveit_visual_tools/lib:/home/albert/ws_moveit2/install/moveit_task_constructor_visualization/lib:/home/albert/ws_moveit2/install/moveit_task_constructor_demo/lib:/home/albert/ws_moveit2/install/moveit_task_constructor_capabilities/lib:/home/albert/ws_moveit2/install/moveit_task_constructor_core/lib:/home/albert/ws_moveit2/install/moveit_ros_control_interface/lib:/home/albert/ws_moveit2/install/moveit_simple_controller_manager/lib:/home/albert/ws_moveit2/install/moveit_setup_assistant/lib:/home/albert/ws_moveit2/install/moveit_setup_srdf_plugins/lib:/home/albert/ws_moveit2/install/moveit_setup_core_plugins/lib:/home/albert/ws_moveit2/install/moveit_setup_controllers/lib:/home/albert/ws_moveit2/install/moveit_setup_app_plugins/lib:/home/albert/ws_moveit2/install/moveit_setup_framework/lib:/home/albert/ws_moveit2/install/moveit_servo/lib:/home/albert/ws_moveit2/install/moveit_ros_visualization/lib:/home/albert/ws_moveit2/install/moveit_hybrid_planning/lib:/home/albert/ws_moveit2/install/moveit_ros_planning_interface/lib:/home/albert/ws_moveit2/install/moveit_ros_benchmarks/lib:/home/albert/ws_moveit2/install/moveit_ros_warehouse/lib:/home/albert/ws_moveit2/install/moveit_ros_robot_interaction/lib:/home/albert/ws_moveit2/install/moveit_ros_perception/lib:/home/albert/ws_moveit2/install/moveit_ros_move_group/lib:/home/albert/ws_moveit2/install/moveit_planners_ompl/lib:/home/albert/ws_moveit2/install/moveit_ros_planning/lib:/home/albert/ws_moveit2/install/moveit_ros_occupancy_map_monitor/lib:/home/albert/ws_moveit2/install/moveit_resources_prbt_ikfast_manipulator_plugin/lib:/home/albert/ws_moveit2/install/moveit_planners_chomp/lib:/home/albert/ws_moveit2/install/moveit_kinematics/lib:/home/albert/ws_moveit2/install/moveit_chomp_optimizer_adapter/lib:/home/albert/ws_moveit2/install/chomp_motion_planner/lib:/home/albert/ws_moveit2/install/moveit_core/lib:/home/albert/ws_moveit2/install/srdfdom/lib:/home/albert/ws_moveit2/install/rviz_marker_tools/lib:/home/albert/ws_moveit2/install/rosparam_shortcuts/lib:/home/albert/ws_moveit2/install/moveit_task_constructor_msgs/lib:/home/albert/umov_ws/install/arduinobot_remote/lib:/home/albert/umov_ws/install/arduino_cpp_examples/lib:/home/albert/umov_ws/install/arduinobot_controller/lib:/home/albert/udem2_ws/install/final_project_cpp/lib:/home/albert/udem2_ws/install/robot_interfaces/lib:/home/albert/udem2_ws/install/components_cpp/lib:/home/albert/udem_ws/install/my_robot_interfaces/lib:/home/albert/bcdc_ws/install/aggiebot_msgs/lib:/home/albert/bcdc_ws/install/agbot_msgs/lib:/home/albert/arduinobot_ws/install/arduinobot_remote/lib:/home/albert/arduinobot_ws/install/arduinobot_cpp_examples/lib:/home/albert/arduinobot_ws/install/arduinobot_msgs/lib:/usr/lib/x86_64-linux-gnu/gazebo-11/plugins:/opt/ros/humble/opt/rviz_ogre_vendor/lib:/opt/ros/humble/lib/x86_64-linux-gnu:/opt/ros/humble/lib:/usr/share/gazebo/../../lib/x86_64-linux-gnu/gazebo-11/plugins /home/albert/.local/bin/cmake --build /home/albert/umov_ws/build/arduinobot_utils -- -j8 -l8
[11.082s] DEBUG:colcon.colcon_core.event_handler.log_command:Invoking command in '/home/albert/umov_ws/build/arduinobot_utils': CMAKE_PREFIX_PATH=/home/albert/umov_ws/install/arduinobot_msgs:/home/albert/ag_arm_ws/install/arm_setup_moveit:/home/albert/ag_arm_ws/install/arm_moveit:/home/albert/ag_arm_ws/install/arm_description:/home/albert/ag_arm_ws/install/arm_cpp:/home/albert/ag_arm_ws/install/arm_controller:/home/albert/ws_moveit2/install/pilz_industrial_motion_planner_testutils:/home/albert/ws_moveit2/install/moveit_runtime:/home/albert/ws_moveit2/install/moveit2_tutorials:/home/albert/ws_moveit2/install/moveit:/home/albert/ws_moveit2/install/moveit_planners:/home/albert/ws_moveit2/install/pilz_industrial_motion_planner:/home/albert/ws_moveit2/install/moveit_visual_tools:/home/albert/ws_moveit2/install/moveit_task_constructor_visualization:/home/albert/ws_moveit2/install/moveit_task_constructor_demo:/home/albert/ws_moveit2/install/moveit_task_constructor_capabilities:/home/albert/ws_moveit2/install/moveit_task_constructor_core:/home/albert/ws_moveit2/install/moveit_ros_control_interface:/home/albert/ws_moveit2/install/moveit_plugins:/home/albert/ws_moveit2/install/moveit_simple_controller_manager:/home/albert/ws_moveit2/install/moveit_setup_assistant:/home/albert/ws_moveit2/install/moveit_setup_srdf_plugins:/home/albert/ws_moveit2/install/moveit_setup_core_plugins:/home/albert/ws_moveit2/install/moveit_setup_controllers:/home/albert/ws_moveit2/install/moveit_setup_app_plugins:/home/albert/ws_moveit2/install/moveit_setup_framework:/home/albert/ws_moveit2/install/moveit_servo:/home/albert/ws_moveit2/install/moveit_ros:/home/albert/ws_moveit2/install/moveit_ros_visualization:/home/albert/ws_moveit2/install/moveit_hybrid_planning:/home/albert/ws_moveit2/install/moveit_ros_planning_interface:/home/albert/ws_moveit2/install/moveit_ros_benchmarks:/home/albert/ws_moveit2/install/moveit_ros_warehouse:/home/albert/ws_moveit2/install/moveit_ros_robot_interaction:/home/albert/ws_moveit2/install/moveit_ros_perception:/home/albert/ws_moveit2/install/moveit_resources_prbt_pg70_support:/home/albert/ws_moveit2/install/moveit_resources_prbt_moveit_config:/home/albert/ws_moveit2/install/moveit_ros_move_group:/home/albert/ws_moveit2/install/moveit_planners_ompl:/home/albert/ws_moveit2/install/moveit_ros_planning:/home/albert/ws_moveit2/install/moveit_ros_occupancy_map_monitor:/home/albert/ws_moveit2/install/moveit_resources_prbt_ikfast_manipulator_plugin:/home/albert/ws_moveit2/install/moveit_planners_chomp:/home/albert/ws_moveit2/install/moveit_kinematics:/home/albert/ws_moveit2/install/moveit_chomp_optimizer_adapter:/home/albert/ws_moveit2/install/chomp_motion_planner:/home/albert/ws_moveit2/install/moveit_core:/home/albert/ws_moveit2/install/srdfdom:/home/albert/ws_moveit2/install/rviz_marker_tools:/home/albert/ws_moveit2/install/rosparam_shortcuts:/home/albert/ws_moveit2/install/moveit_task_constructor_msgs:/home/albert/ws_moveit2/install/moveit_resources_prbt_support:/home/albert/ws_moveit2/install/moveit_resources:/home/albert/ws_moveit2/install/moveit_resources_pr2_description:/home/albert/ws_moveit2/install/moveit_resources_panda_moveit_config:/home/albert/ws_moveit2/install/moveit_resources_panda_description:/home/albert/ws_moveit2/install/moveit_resources_fanuc_moveit_config:/home/albert/ws_moveit2/install/moveit_resources_fanuc_description:/home/albert/ws_moveit2/install/moveit_common:/home/albert/umov_ws/install/MoveitAssistant:/home/albert/umov_ws/install/description:/home/albert/umov_ws/install/arduinobot_utils:/home/albert/umov_ws/install/arduinobot_remote:/home/albert/umov_ws/install/arduino_cpp_examples:/home/albert/umov_ws/install/arduinobot_moveit:/home/albert/umov_ws/install/arduinobot_firmware:/home/albert/umov_ws/install/arduinobot_controller:/home/albert/umov_ws/install/arduinobot_bringup:/home/albert/unav_ws/install/turtlebot3_fake_node:/home/albert/unav_ws/install/robot_bringup:/home/albert/unav_ws/install/nav2_robot_description:/home/albert/udem2_ws/install/robot_bringup:/home/albert/udem2_ws/install/my_robot_bringup:/home/albert/udem2_ws/install/lifecycle_cpp:/home/albert/udem2_ws/install/final_project_cpp:/home/albert/udem2_ws/install/actions_cpp:/home/albert/udem2_ws/install/robot_interfaces:/home/albert/udem2_ws/install/executors_cpp:/home/albert/udem2_ws/install/components_cpp:/home/albert/udem_ws/install/my_robot_bringup:/home/albert/udem_ws/install/my_cpp_pkg:/home/albert/udem_ws/install/my_robot_interfaces:/home/albert/udem_ws/install/my_robot_description:/home/albert/udem_ws/install/lifecycle_cpp:/home/albert/bcdc_ws/install/aggiebot_cpp:/home/albert/bcdc_ws/install/aggiebot_msgs:/home/albert/bcdc_ws/install/aggiebot_description:/home/albert/bcdc_ws/install/aggiebot_controller:/home/albert/bcdc_ws/install/aggiebot_bringup:/home/albert/bcdc_ws/install/aggiebot_arm_moveit:/home/albert/bcdc_ws/install/aggiebot_arm_description:/home/albert/bcdc_ws/install/aggiebot_arm_controller:/home/albert/bcdc_ws/install/agbot_setup_moveit:/home/albert/bcdc_ws/install/agbot_cpp:/home/albert/bcdc_ws/install/agbot_msgs:/home/albert/bcdc_ws/install/agbot_moveit:/home/albert/bcdc_ws/install/agbot_description:/home/albert/bcdc_ws/install/agbot_controller:/home/albert/bcdc_ws/install/agbot_bringup:/home/albert/bcdc_ws/install/agbot_arm_controller:/home/albert/arduinobot_ws/install/arduinobot_utils:/home/albert/arduinobot_ws/install/arduinobot_remote:/home/albert/arduinobot_ws/install/arduinobot_cpp_examples:/home/albert/arduinobot_ws/install/arduinobot_msgs:/home/albert/arduinobot_ws/install/arduinobot_moveit_setup:/home/albert/arduinobot_ws/install/arduinobot_moveit:/home/albert/arduinobot_ws/install/arduinobot_description:/home/albert/arduinobot_ws/install/arduinobot_controller:/home/albert/rad_ws/install/agbot_full_nav2:/home/albert/rad_ws/install/agbot_full_msgs:/home/albert/rad_ws/install/agbot_full_moveit_setup:/home/albert/rad_ws/install/agbot_full_moveit:/home/albert/rad_ws/install/agbot_full_description:/home/albert/rad_ws/install/agbot_full_cpp:/home/albert/rad_ws/install/agbot_full_controller:/home/albert/rad_ws/install/agbot_full_cartogropher:/home/albert/dev_ws/install/my_bot:/home/albert/ag_car_ws/install/car_nav2:/home/albert/ag_car_ws/install/car_description:/home/albert/ag_car_ws/install/car_controller:/home/albert/ag_car_ws/install/car_cartographer:/home/albert/ws_moveit2/install/moveit_configs_utils:/home/albert/ws_moveit2/install/launch_param_builder:/home/albert/umov_ws/install/arduino_py_examples:/home/albert/udem2_ws/install/actions_py:/home/albert/udem2_ws/install/lifecycle_py:/home/albert/udem2_ws/install/executors_py:/home/albert/udem2_ws/install/components_py:/home/albert/udem_ws/install/turtlesim_catcher:/home/albert/udem_ws/install/my_py_pkg:/home/albert/udem_ws/install/lifecycle_py:/home/albert/bcdc_ws/install/agbot_teleop:/home/albert/bcdc_ws/install/agbot_py:/home/albert/arduinobot_ws/install/arduinobot_py_examples:/opt/ros/humble LD_LIBRARY_PATH=/home/albert/umov_ws/install/arduinobot_msgs/lib:/home/albert/ws_moveit2/install/pilz_industrial_motion_planner_testutils/lib:/home/albert/ws_moveit2/install/pilz_industrial_motion_planner/lib:/home/albert/ws_moveit2/install/moveit_visual_tools/lib:/home/albert/ws_moveit2/install/moveit_task_constructor_visualization/lib:/home/albert/ws_moveit2/install/moveit_task_constructor_demo/lib:/home/albert/ws_moveit2/install/moveit_task_constructor_capabilities/lib:/home/albert/ws_moveit2/install/moveit_task_constructor_core/lib:/home/albert/ws_moveit2/install/moveit_ros_control_interface/lib:/home/albert/ws_moveit2/install/moveit_simple_controller_manager/lib:/home/albert/ws_moveit2/install/moveit_setup_assistant/lib:/home/albert/ws_moveit2/install/moveit_setup_srdf_plugins/lib:/home/albert/ws_moveit2/install/moveit_setup_core_plugins/lib:/home/albert/ws_moveit2/install/moveit_setup_controllers/lib:/home/albert/ws_moveit2/install/moveit_setup_app_plugins/lib:/home/albert/ws_moveit2/install/moveit_setup_framework/lib:/home/albert/ws_moveit2/install/moveit_servo/lib:/home/albert/ws_moveit2/install/moveit_ros_visualization/lib:/home/albert/ws_moveit2/install/moveit_hybrid_planning/lib:/home/albert/ws_moveit2/install/moveit_ros_planning_interface/lib:/home/albert/ws_moveit2/install/moveit_ros_benchmarks/lib:/home/albert/ws_moveit2/install/moveit_ros_warehouse/lib:/home/albert/ws_moveit2/install/moveit_ros_robot_interaction/lib:/home/albert/ws_moveit2/install/moveit_ros_perception/lib:/home/albert/ws_moveit2/install/moveit_ros_move_group/lib:/home/albert/ws_moveit2/install/moveit_planners_ompl/lib:/home/albert/ws_moveit2/install/moveit_ros_planning/lib:/home/albert/ws_moveit2/install/moveit_ros_occupancy_map_monitor/lib:/home/albert/ws_moveit2/install/moveit_resources_prbt_ikfast_manipulator_plugin/lib:/home/albert/ws_moveit2/install/moveit_planners_chomp/lib:/home/albert/ws_moveit2/install/moveit_kinematics/lib:/home/albert/ws_moveit2/install/moveit_chomp_optimizer_adapter/lib:/home/albert/ws_moveit2/install/chomp_motion_planner/lib:/home/albert/ws_moveit2/install/moveit_core/lib:/home/albert/ws_moveit2/install/srdfdom/lib:/home/albert/ws_moveit2/install/rviz_marker_tools/lib:/home/albert/ws_moveit2/install/rosparam_shortcuts/lib:/home/albert/ws_moveit2/install/moveit_task_constructor_msgs/lib:/home/albert/umov_ws/install/arduinobot_remote/lib:/home/albert/umov_ws/install/arduino_cpp_examples/lib:/home/albert/umov_ws/install/arduinobot_controller/lib:/home/albert/udem2_ws/install/final_project_cpp/lib:/home/albert/udem2_ws/install/robot_interfaces/lib:/home/albert/udem2_ws/install/components_cpp/lib:/home/albert/udem_ws/install/my_robot_interfaces/lib:/home/albert/bcdc_ws/install/aggiebot_msgs/lib:/home/albert/bcdc_ws/install/agbot_msgs/lib:/home/albert/arduinobot_ws/install/arduinobot_remote/lib:/home/albert/arduinobot_ws/install/arduinobot_cpp_examples/lib:/home/albert/arduinobot_ws/install/arduinobot_msgs/lib:/usr/lib/x86_64-linux-gnu/gazebo-11/plugins:/opt/ros/humble/opt/rviz_ogre_vendor/lib:/opt/ros/humble/lib/x86_64-linux-gnu:/opt/ros/humble/lib:/usr/share/gazebo/../../lib/x86_64-linux-gnu/gazebo-11/plugins /home/albert/.local/bin/cmake --install /home/albert/umov_ws/build/arduinobot_utils
[11.357s] Level 1:colcon.colcon_core.environment:create_environment_scripts_only(arduinobot_utils)
[11.361s] Level 1:colcon.colcon_core.environment:checking '/home/albert/umov_ws/install/arduinobot_utils' for CMake module files
[11.383s] DEBUG:colcon.colcon_core.event_handler.log_command:Invoked command in '/home/albert/umov_ws/build/arduinobot_utils' returned '0': CMAKE_PREFIX_PATH=/home/albert/umov_ws/install/arduinobot_msgs:/home/albert/ag_arm_ws/install/arm_setup_moveit:/home/albert/ag_arm_ws/install/arm_moveit:/home/albert/ag_arm_ws/install/arm_description:/home/albert/ag_arm_ws/install/arm_cpp:/home/albert/ag_arm_ws/install/arm_controller:/home/albert/ws_moveit2/install/pilz_industrial_motion_planner_testutils:/home/albert/ws_moveit2/install/moveit_runtime:/home/albert/ws_moveit2/install/moveit2_tutorials:/home/albert/ws_moveit2/install/moveit:/home/albert/ws_moveit2/install/moveit_planners:/home/albert/ws_moveit2/install/pilz_industrial_motion_planner:/home/albert/ws_moveit2/install/moveit_visual_tools:/home/albert/ws_moveit2/install/moveit_task_constructor_visualization:/home/albert/ws_moveit2/install/moveit_task_constructor_demo:/home/albert/ws_moveit2/install/moveit_task_constructor_capabilities:/home/albert/ws_moveit2/install/moveit_task_constructor_core:/home/albert/ws_moveit2/install/moveit_ros_control_interface:/home/albert/ws_moveit2/install/moveit_plugins:/home/albert/ws_moveit2/install/moveit_simple_controller_manager:/home/albert/ws_moveit2/install/moveit_setup_assistant:/home/albert/ws_moveit2/install/moveit_setup_srdf_plugins:/home/albert/ws_moveit2/install/moveit_setup_core_plugins:/home/albert/ws_moveit2/install/moveit_setup_controllers:/home/albert/ws_moveit2/install/moveit_setup_app_plugins:/home/albert/ws_moveit2/install/moveit_setup_framework:/home/albert/ws_moveit2/install/moveit_servo:/home/albert/ws_moveit2/install/moveit_ros:/home/albert/ws_moveit2/install/moveit_ros_visualization:/home/albert/ws_moveit2/install/moveit_hybrid_planning:/home/albert/ws_moveit2/install/moveit_ros_planning_interface:/home/albert/ws_moveit2/install/moveit_ros_benchmarks:/home/albert/ws_moveit2/install/moveit_ros_warehouse:/home/albert/ws_moveit2/install/moveit_ros_robot_interaction:/home/albert/ws_moveit2/install/moveit_ros_perception:/home/albert/ws_moveit2/install/moveit_resources_prbt_pg70_support:/home/albert/ws_moveit2/install/moveit_resources_prbt_moveit_config:/home/albert/ws_moveit2/install/moveit_ros_move_group:/home/albert/ws_moveit2/install/moveit_planners_ompl:/home/albert/ws_moveit2/install/moveit_ros_planning:/home/albert/ws_moveit2/install/moveit_ros_occupancy_map_monitor:/home/albert/ws_moveit2/install/moveit_resources_prbt_ikfast_manipulator_plugin:/home/albert/ws_moveit2/install/moveit_planners_chomp:/home/albert/ws_moveit2/install/moveit_kinematics:/home/albert/ws_moveit2/install/moveit_chomp_optimizer_adapter:/home/albert/ws_moveit2/install/chomp_motion_planner:/home/albert/ws_moveit2/install/moveit_core:/home/albert/ws_moveit2/install/srdfdom:/home/albert/ws_moveit2/install/rviz_marker_tools:/home/albert/ws_moveit2/install/rosparam_shortcuts:/home/albert/ws_moveit2/install/moveit_task_constructor_msgs:/home/albert/ws_moveit2/install/moveit_resources_prbt_support:/home/albert/ws_moveit2/install/moveit_resources:/home/albert/ws_moveit2/install/moveit_resources_pr2_description:/home/albert/ws_moveit2/install/moveit_resources_panda_moveit_config:/home/albert/ws_moveit2/install/moveit_resources_panda_description:/home/albert/ws_moveit2/install/moveit_resources_fanuc_moveit_config:/home/albert/ws_moveit2/install/moveit_resources_fanuc_description:/home/albert/ws_moveit2/install/moveit_common:/home/albert/umov_ws/install/MoveitAssistant:/home/albert/umov_ws/install/description:/home/albert/umov_ws/install/arduinobot_utils:/home/albert/umov_ws/install/arduinobot_remote:/home/albert/umov_ws/install/arduino_cpp_examples:/home/albert/umov_ws/install/arduinobot_moveit:/home/albert/umov_ws/install/arduinobot_firmware:/home/albert/umov_ws/install/arduinobot_controller:/home/albert/umov_ws/install/arduinobot_bringup:/home/albert/unav_ws/install/turtlebot3_fake_node:/home/albert/unav_ws/install/robot_bringup:/home/albert/unav_ws/install/nav2_robot_description:/home/albert/udem2_ws/install/robot_bringup:/home/albert/udem2_ws/install/my_robot_bringup:/home/albert/udem2_ws/install/lifecycle_cpp:/home/albert/udem2_ws/install/final_project_cpp:/home/albert/udem2_ws/install/actions_cpp:/home/albert/udem2_ws/install/robot_interfaces:/home/albert/udem2_ws/install/executors_cpp:/home/albert/udem2_ws/install/components_cpp:/home/albert/udem_ws/install/my_robot_bringup:/home/albert/udem_ws/install/my_cpp_pkg:/home/albert/udem_ws/install/my_robot_interfaces:/home/albert/udem_ws/install/my_robot_description:/home/albert/udem_ws/install/lifecycle_cpp:/home/albert/bcdc_ws/install/aggiebot_cpp:/home/albert/bcdc_ws/install/aggiebot_msgs:/home/albert/bcdc_ws/install/aggiebot_description:/home/albert/bcdc_ws/install/aggiebot_controller:/home/albert/bcdc_ws/install/aggiebot_bringup:/home/albert/bcdc_ws/install/aggiebot_arm_moveit:/home/albert/bcdc_ws/install/aggiebot_arm_description:/home/albert/bcdc_ws/install/aggiebot_arm_controller:/home/albert/bcdc_ws/install/agbot_setup_moveit:/home/albert/bcdc_ws/install/agbot_cpp:/home/albert/bcdc_ws/install/agbot_msgs:/home/albert/bcdc_ws/install/agbot_moveit:/home/albert/bcdc_ws/install/agbot_description:/home/albert/bcdc_ws/install/agbot_controller:/home/albert/bcdc_ws/install/agbot_bringup:/home/albert/bcdc_ws/install/agbot_arm_controller:/home/albert/arduinobot_ws/install/arduinobot_utils:/home/albert/arduinobot_ws/install/arduinobot_remote:/home/albert/arduinobot_ws/install/arduinobot_cpp_examples:/home/albert/arduinobot_ws/install/arduinobot_msgs:/home/albert/arduinobot_ws/install/arduinobot_moveit_setup:/home/albert/arduinobot_ws/install/arduinobot_moveit:/home/albert/arduinobot_ws/install/arduinobot_description:/home/albert/arduinobot_ws/install/arduinobot_controller:/home/albert/rad_ws/install/agbot_full_nav2:/home/albert/rad_ws/install/agbot_full_msgs:/home/albert/rad_ws/install/agbot_full_moveit_setup:/home/albert/rad_ws/install/agbot_full_moveit:/home/albert/rad_ws/install/agbot_full_description:/home/albert/rad_ws/install/agbot_full_cpp:/home/albert/rad_ws/install/agbot_full_controller:/home/albert/rad_ws/install/agbot_full_cartogropher:/home/albert/dev_ws/install/my_bot:/home/albert/ag_car_ws/install/car_nav2:/home/albert/ag_car_ws/install/car_description:/home/albert/ag_car_ws/install/car_controller:/home/albert/ag_car_ws/install/car_cartographer:/home/albert/ws_moveit2/install/moveit_configs_utils:/home/albert/ws_moveit2/install/launch_param_builder:/home/albert/umov_ws/install/arduino_py_examples:/home/albert/udem2_ws/install/actions_py:/home/albert/udem2_ws/install/lifecycle_py:/home/albert/udem2_ws/install/executors_py:/home/albert/udem2_ws/install/components_py:/home/albert/udem_ws/install/turtlesim_catcher:/home/albert/udem_ws/install/my_py_pkg:/home/albert/udem_ws/install/lifecycle_py:/home/albert/bcdc_ws/install/agbot_teleop:/home/albert/bcdc_ws/install/agbot_py:/home/albert/arduinobot_ws/install/arduinobot_py_examples:/opt/ros/humble LD_LIBRARY_PATH=/home/albert/umov_ws/install/arduinobot_msgs/lib:/home/albert/ws_moveit2/install/pilz_industrial_motion_planner_testutils/lib:/home/albert/ws_moveit2/install/pilz_industrial_motion_planner/lib:/home/albert/ws_moveit2/install/moveit_visual_tools/lib:/home/albert/ws_moveit2/install/moveit_task_constructor_visualization/lib:/home/albert/ws_moveit2/install/moveit_task_constructor_demo/lib:/home/albert/ws_moveit2/install/moveit_task_constructor_capabilities/lib:/home/albert/ws_moveit2/install/moveit_task_constructor_core/lib:/home/albert/ws_moveit2/install/moveit_ros_control_interface/lib:/home/albert/ws_moveit2/install/moveit_simple_controller_manager/lib:/home/albert/ws_moveit2/install/moveit_setup_assistant/lib:/home/albert/ws_moveit2/install/moveit_setup_srdf_plugins/lib:/home/albert/ws_moveit2/install/moveit_setup_core_plugins/lib:/home/albert/ws_moveit2/install/moveit_setup_controllers/lib:/home/albert/ws_moveit2/install/moveit_setup_app_plugins/lib:/home/albert/ws_moveit2/install/moveit_setup_framework/lib:/home/albert/ws_moveit2/install/moveit_servo/lib:/home/albert/ws_moveit2/install/moveit_ros_visualization/lib:/home/albert/ws_moveit2/install/moveit_hybrid_planning/lib:/home/albert/ws_moveit2/install/moveit_ros_planning_interface/lib:/home/albert/ws_moveit2/install/moveit_ros_benchmarks/lib:/home/albert/ws_moveit2/install/moveit_ros_warehouse/lib:/home/albert/ws_moveit2/install/moveit_ros_robot_interaction/lib:/home/albert/ws_moveit2/install/moveit_ros_perception/lib:/home/albert/ws_moveit2/install/moveit_ros_move_group/lib:/home/albert/ws_moveit2/install/moveit_planners_ompl/lib:/home/albert/ws_moveit2/install/moveit_ros_planning/lib:/home/albert/ws_moveit2/install/moveit_ros_occupancy_map_monitor/lib:/home/albert/ws_moveit2/install/moveit_resources_prbt_ikfast_manipulator_plugin/lib:/home/albert/ws_moveit2/install/moveit_planners_chomp/lib:/home/albert/ws_moveit2/install/moveit_kinematics/lib:/home/albert/ws_moveit2/install/moveit_chomp_optimizer_adapter/lib:/home/albert/ws_moveit2/install/chomp_motion_planner/lib:/home/albert/ws_moveit2/install/moveit_core/lib:/home/albert/ws_moveit2/install/srdfdom/lib:/home/albert/ws_moveit2/install/rviz_marker_tools/lib:/home/albert/ws_moveit2/install/rosparam_shortcuts/lib:/home/albert/ws_moveit2/install/moveit_task_constructor_msgs/lib:/home/albert/umov_ws/install/arduinobot_remote/lib:/home/albert/umov_ws/install/arduino_cpp_examples/lib:/home/albert/umov_ws/install/arduinobot_controller/lib:/home/albert/udem2_ws/install/final_project_cpp/lib:/home/albert/udem2_ws/install/robot_interfaces/lib:/home/albert/udem2_ws/install/components_cpp/lib:/home/albert/udem_ws/install/my_robot_interfaces/lib:/home/albert/bcdc_ws/install/aggiebot_msgs/lib:/home/albert/bcdc_ws/install/agbot_msgs/lib:/home/albert/arduinobot_ws/install/arduinobot_remote/lib:/home/albert/arduinobot_ws/install/arduinobot_cpp_examples/lib:/home/albert/arduinobot_ws/install/arduinobot_msgs/lib:/usr/lib/x86_64-linux-gnu/gazebo-11/plugins:/opt/ros/humble/opt/rviz_ogre_vendor/lib:/opt/ros/humble/lib/x86_64-linux-gnu:/opt/ros/humble/lib:/usr/share/gazebo/../../lib/x86_64-linux-gnu/gazebo-11/plugins /home/albert/.local/bin/cmake --install /home/albert/umov_ws/build/arduinobot_utils
[11.384s] Level 1:colcon.colcon_core.environment:checking '/home/albert/umov_ws/install/arduinobot_utils' for CMake config files
[11.391s] Level 1:colcon.colcon_core.shell:create_environment_hook('arduinobot_utils', 'cmake_prefix_path')
[11.396s] INFO:colcon.colcon_core.shell:Creating environment hook '/home/albert/umov_ws/install/arduinobot_utils/share/arduinobot_utils/hook/cmake_prefix_path.ps1'
[11.400s] INFO:colcon.colcon_core.shell:Creating environment descriptor '/home/albert/umov_ws/install/arduinobot_utils/share/arduinobot_utils/hook/cmake_prefix_path.dsv'
[11.407s] INFO:colcon.colcon_core.shell:Creating environment hook '/home/albert/umov_ws/install/arduinobot_utils/share/arduinobot_utils/hook/cmake_prefix_path.sh'
[11.414s] Level 1:colcon.colcon_core.environment:checking '/home/albert/umov_ws/install/arduinobot_utils/lib'
[11.414s] Level 1:colcon.colcon_core.environment:checking '/home/albert/umov_ws/install/arduinobot_utils/bin'
[11.414s] Level 1:colcon.colcon_core.environment:checking '/home/albert/umov_ws/install/arduinobot_utils/lib/pkgconfig/arduinobot_utils.pc'
[11.417s] Level 1:colcon.colcon_core.environment:checking '/home/albert/umov_ws/install/arduinobot_utils/lib/python3.10/site-packages'
[11.420s] Level 1:colcon.colcon_core.environment:checking '/home/albert/umov_ws/install/arduinobot_utils/bin'
[11.434s] INFO:colcon.colcon_core.shell:Creating package script '/home/albert/umov_ws/install/arduinobot_utils/share/arduinobot_utils/package.ps1'
[11.443s] INFO:colcon.colcon_core.shell:Creating package descriptor '/home/albert/umov_ws/install/arduinobot_utils/share/arduinobot_utils/package.dsv'
[11.450s] INFO:colcon.colcon_core.shell:Creating package script '/home/albert/umov_ws/install/arduinobot_utils/share/arduinobot_utils/package.sh'
[11.457s] INFO:colcon.colcon_core.shell:Creating package script '/home/albert/umov_ws/install/arduinobot_utils/share/arduinobot_utils/package.bash'
[11.464s] INFO:colcon.colcon_core.shell:Creating package script '/home/albert/umov_ws/install/arduinobot_utils/share/arduinobot_utils/package.zsh'
[11.471s] Level 1:colcon.colcon_core.environment:create_file_with_runtime_dependencies(/home/albert/umov_ws/install/arduinobot_utils/share/colcon-core/packages/arduinobot_utils)
[11.477s] Level 1:colcon.colcon_core.environment:create_environment_scripts_only(arduinobot_utils)
[11.484s] Level 1:colcon.colcon_core.environment:checking '/home/albert/umov_ws/install/arduinobot_utils' for CMake module files
[11.500s] Level 1:colcon.colcon_core.environment:checking '/home/albert/umov_ws/install/arduinobot_utils' for CMake config files
[11.504s] Level 1:colcon.colcon_core.shell:create_environment_hook('arduinobot_utils', 'cmake_prefix_path')
[11.508s] INFO:colcon.colcon_core.shell:Creating environment hook '/home/albert/umov_ws/install/arduinobot_utils/share/arduinobot_utils/hook/cmake_prefix_path.ps1'
[11.517s] INFO:colcon.colcon_core.shell:Creating environment descriptor '/home/albert/umov_ws/install/arduinobot_utils/share/arduinobot_utils/hook/cmake_prefix_path.dsv'
[11.518s] INFO:colcon.colcon_core.shell:Creating environment hook '/home/albert/umov_ws/install/arduinobot_utils/share/arduinobot_utils/hook/cmake_prefix_path.sh'
[11.528s] Level 1:colcon.colcon_core.environment:checking '/home/albert/umov_ws/install/arduinobot_utils/lib'
[11.528s] Level 1:colcon.colcon_core.environment:checking '/home/albert/umov_ws/install/arduinobot_utils/bin'
[11.529s] Level 1:colcon.colcon_core.environment:checking '/home/albert/umov_ws/install/arduinobot_utils/lib/pkgconfig/arduinobot_utils.pc'
[11.533s] Level 1:colcon.colcon_core.environment:checking '/home/albert/umov_ws/install/arduinobot_utils/lib/python3.10/site-packages'
[11.537s] Level 1:colcon.colcon_core.environment:checking '/home/albert/umov_ws/install/arduinobot_utils/bin'
[11.540s] INFO:colcon.colcon_core.shell:Creating package script '/home/albert/umov_ws/install/arduinobot_utils/share/arduinobot_utils/package.ps1'
[11.550s] INFO:colcon.colcon_core.shell:Creating package descriptor '/home/albert/umov_ws/install/arduinobot_utils/share/arduinobot_utils/package.dsv'
[11.561s] INFO:colcon.colcon_core.shell:Creating package script '/home/albert/umov_ws/install/arduinobot_utils/share/arduinobot_utils/package.sh'
[11.570s] INFO:colcon.colcon_core.shell:Creating package script '/home/albert/umov_ws/install/arduinobot_utils/share/arduinobot_utils/package.bash'
[11.575s] INFO:colcon.colcon_core.shell:Creating package script '/home/albert/umov_ws/install/arduinobot_utils/share/arduinobot_utils/package.zsh'
[11.578s] Level 1:colcon.colcon_core.environment:create_file_with_runtime_dependencies(/home/albert/umov_ws/install/arduinobot_utils/share/colcon-core/packages/arduinobot_utils)
[12.265s] DEBUG:colcon.colcon_core.event_handler.log_command:Invoking command in '/home/albert/umov_ws/src/arduino_py_examples': CMAKE_PREFIX_PATH=/home/albert/umov_ws/install/arduinobot_msgs:/home/albert/ag_arm_ws/install/arm_setup_moveit:/home/albert/ag_arm_ws/install/arm_moveit:/home/albert/ag_arm_ws/install/arm_description:/home/albert/ag_arm_ws/install/arm_cpp:/home/albert/ag_arm_ws/install/arm_controller:/home/albert/ws_moveit2/install/pilz_industrial_motion_planner_testutils:/home/albert/ws_moveit2/install/moveit_runtime:/home/albert/ws_moveit2/install/moveit2_tutorials:/home/albert/ws_moveit2/install/moveit:/home/albert/ws_moveit2/install/moveit_planners:/home/albert/ws_moveit2/install/pilz_industrial_motion_planner:/home/albert/ws_moveit2/install/moveit_visual_tools:/home/albert/ws_moveit2/install/moveit_task_constructor_visualization:/home/albert/ws_moveit2/install/moveit_task_constructor_demo:/home/albert/ws_moveit2/install/moveit_task_constructor_capabilities:/home/albert/ws_moveit2/install/moveit_task_constructor_core:/home/albert/ws_moveit2/install/moveit_ros_control_interface:/home/albert/ws_moveit2/install/moveit_plugins:/home/albert/ws_moveit2/install/moveit_simple_controller_manager:/home/albert/ws_moveit2/install/moveit_setup_assistant:/home/albert/ws_moveit2/install/moveit_setup_srdf_plugins:/home/albert/ws_moveit2/install/moveit_setup_core_plugins:/home/albert/ws_moveit2/install/moveit_setup_controllers:/home/albert/ws_moveit2/install/moveit_setup_app_plugins:/home/albert/ws_moveit2/install/moveit_setup_framework:/home/albert/ws_moveit2/install/moveit_servo:/home/albert/ws_moveit2/install/moveit_ros:/home/albert/ws_moveit2/install/moveit_ros_visualization:/home/albert/ws_moveit2/install/moveit_hybrid_planning:/home/albert/ws_moveit2/install/moveit_ros_planning_interface:/home/albert/ws_moveit2/install/moveit_ros_benchmarks:/home/albert/ws_moveit2/install/moveit_ros_warehouse:/home/albert/ws_moveit2/install/moveit_ros_robot_interaction:/home/albert/ws_moveit2/install/moveit_ros_perception:/home/albert/ws_moveit2/install/moveit_resources_prbt_pg70_support:/home/albert/ws_moveit2/install/moveit_resources_prbt_moveit_config:/home/albert/ws_moveit2/install/moveit_ros_move_group:/home/albert/ws_moveit2/install/moveit_planners_ompl:/home/albert/ws_moveit2/install/moveit_ros_planning:/home/albert/ws_moveit2/install/moveit_ros_occupancy_map_monitor:/home/albert/ws_moveit2/install/moveit_resources_prbt_ikfast_manipulator_plugin:/home/albert/ws_moveit2/install/moveit_planners_chomp:/home/albert/ws_moveit2/install/moveit_kinematics:/home/albert/ws_moveit2/install/moveit_chomp_optimizer_adapter:/home/albert/ws_moveit2/install/chomp_motion_planner:/home/albert/ws_moveit2/install/moveit_core:/home/albert/ws_moveit2/install/srdfdom:/home/albert/ws_moveit2/install/rviz_marker_tools:/home/albert/ws_moveit2/install/rosparam_shortcuts:/home/albert/ws_moveit2/install/moveit_task_constructor_msgs:/home/albert/ws_moveit2/install/moveit_resources_prbt_support:/home/albert/ws_moveit2/install/moveit_resources:/home/albert/ws_moveit2/install/moveit_resources_pr2_description:/home/albert/ws_moveit2/install/moveit_resources_panda_moveit_config:/home/albert/ws_moveit2/install/moveit_resources_panda_description:/home/albert/ws_moveit2/install/moveit_resources_fanuc_moveit_config:/home/albert/ws_moveit2/install/moveit_resources_fanuc_description:/home/albert/ws_moveit2/install/moveit_common:/home/albert/umov_ws/install/MoveitAssistant:/home/albert/umov_ws/install/description:/home/albert/umov_ws/install/arduinobot_utils:/home/albert/umov_ws/install/arduinobot_remote:/home/albert/umov_ws/install/arduino_cpp_examples:/home/albert/umov_ws/install/arduinobot_moveit:/home/albert/umov_ws/install/arduinobot_firmware:/home/albert/umov_ws/install/arduinobot_controller:/home/albert/umov_ws/install/arduinobot_bringup:/home/albert/unav_ws/install/turtlebot3_fake_node:/home/albert/unav_ws/install/robot_bringup:/home/albert/unav_ws/install/nav2_robot_description:/home/albert/udem2_ws/install/robot_bringup:/home/albert/udem2_ws/install/my_robot_bringup:/home/albert/udem2_ws/install/lifecycle_cpp:/home/albert/udem2_ws/install/final_project_cpp:/home/albert/udem2_ws/install/actions_cpp:/home/albert/udem2_ws/install/robot_interfaces:/home/albert/udem2_ws/install/executors_cpp:/home/albert/udem2_ws/install/components_cpp:/home/albert/udem_ws/install/my_robot_bringup:/home/albert/udem_ws/install/my_cpp_pkg:/home/albert/udem_ws/install/my_robot_interfaces:/home/albert/udem_ws/install/my_robot_description:/home/albert/udem_ws/install/lifecycle_cpp:/home/albert/bcdc_ws/install/aggiebot_cpp:/home/albert/bcdc_ws/install/aggiebot_msgs:/home/albert/bcdc_ws/install/aggiebot_description:/home/albert/bcdc_ws/install/aggiebot_controller:/home/albert/bcdc_ws/install/aggiebot_bringup:/home/albert/bcdc_ws/install/aggiebot_arm_moveit:/home/albert/bcdc_ws/install/aggiebot_arm_description:/home/albert/bcdc_ws/install/aggiebot_arm_controller:/home/albert/bcdc_ws/install/agbot_setup_moveit:/home/albert/bcdc_ws/install/agbot_cpp:/home/albert/bcdc_ws/install/agbot_msgs:/home/albert/bcdc_ws/install/agbot_moveit:/home/albert/bcdc_ws/install/agbot_description:/home/albert/bcdc_ws/install/agbot_controller:/home/albert/bcdc_ws/install/agbot_bringup:/home/albert/bcdc_ws/install/agbot_arm_controller:/home/albert/arduinobot_ws/install/arduinobot_utils:/home/albert/arduinobot_ws/install/arduinobot_remote:/home/albert/arduinobot_ws/install/arduinobot_cpp_examples:/home/albert/arduinobot_ws/install/arduinobot_msgs:/home/albert/arduinobot_ws/install/arduinobot_moveit_setup:/home/albert/arduinobot_ws/install/arduinobot_moveit:/home/albert/arduinobot_ws/install/arduinobot_description:/home/albert/arduinobot_ws/install/arduinobot_controller:/home/albert/rad_ws/install/agbot_full_nav2:/home/albert/rad_ws/install/agbot_full_msgs:/home/albert/rad_ws/install/agbot_full_moveit_setup:/home/albert/rad_ws/install/agbot_full_moveit:/home/albert/rad_ws/install/agbot_full_description:/home/albert/rad_ws/install/agbot_full_cpp:/home/albert/rad_ws/install/agbot_full_controller:/home/albert/rad_ws/install/agbot_full_cartogropher:/home/albert/dev_ws/install/my_bot:/home/albert/ag_car_ws/install/car_nav2:/home/albert/ag_car_ws/install/car_description:/home/albert/ag_car_ws/install/car_controller:/home/albert/ag_car_ws/install/car_cartographer LD_LIBRARY_PATH=/home/albert/umov_ws/install/arduinobot_msgs/lib:/home/albert/ws_moveit2/install/pilz_industrial_motion_planner_testutils/lib:/home/albert/ws_moveit2/install/pilz_industrial_motion_planner/lib:/home/albert/ws_moveit2/install/moveit_visual_tools/lib:/home/albert/ws_moveit2/install/moveit_task_constructor_visualization/lib:/home/albert/ws_moveit2/install/moveit_task_constructor_demo/lib:/home/albert/ws_moveit2/install/moveit_task_constructor_capabilities/lib:/home/albert/ws_moveit2/install/moveit_task_constructor_core/lib:/home/albert/ws_moveit2/install/moveit_ros_control_interface/lib:/home/albert/ws_moveit2/install/moveit_simple_controller_manager/lib:/home/albert/ws_moveit2/install/moveit_setup_assistant/lib:/home/albert/ws_moveit2/install/moveit_setup_srdf_plugins/lib:/home/albert/ws_moveit2/install/moveit_setup_core_plugins/lib:/home/albert/ws_moveit2/install/moveit_setup_controllers/lib:/home/albert/ws_moveit2/install/moveit_setup_app_plugins/lib:/home/albert/ws_moveit2/install/moveit_setup_framework/lib:/home/albert/ws_moveit2/install/moveit_servo/lib:/home/albert/ws_moveit2/install/moveit_ros_visualization/lib:/home/albert/ws_moveit2/install/moveit_hybrid_planning/lib:/home/albert/ws_moveit2/install/moveit_ros_planning_interface/lib:/home/albert/ws_moveit2/install/moveit_ros_benchmarks/lib:/home/albert/ws_moveit2/install/moveit_ros_warehouse/lib:/home/albert/ws_moveit2/install/moveit_ros_robot_interaction/lib:/home/albert/ws_moveit2/install/moveit_ros_perception/lib:/home/albert/ws_moveit2/install/moveit_ros_move_group/lib:/home/albert/ws_moveit2/install/moveit_planners_ompl/lib:/home/albert/ws_moveit2/install/moveit_ros_planning/lib:/home/albert/ws_moveit2/install/moveit_ros_occupancy_map_monitor/lib:/home/albert/ws_moveit2/install/moveit_resources_prbt_ikfast_manipulator_plugin/lib:/home/albert/ws_moveit2/install/moveit_planners_chomp/lib:/home/albert/ws_moveit2/install/moveit_kinematics/lib:/home/albert/ws_moveit2/install/moveit_chomp_optimizer_adapter/lib:/home/albert/ws_moveit2/install/chomp_motion_planner/lib:/home/albert/ws_moveit2/install/moveit_core/lib:/home/albert/ws_moveit2/install/srdfdom/lib:/home/albert/ws_moveit2/install/rviz_marker_tools/lib:/home/albert/ws_moveit2/install/rosparam_shortcuts/lib:/home/albert/ws_moveit2/install/moveit_task_constructor_msgs/lib:/home/albert/umov_ws/install/arduinobot_remote/lib:/home/albert/umov_ws/install/arduino_cpp_examples/lib:/home/albert/umov_ws/install/arduinobot_controller/lib:/home/albert/udem2_ws/install/final_project_cpp/lib:/home/albert/udem2_ws/install/robot_interfaces/lib:/home/albert/udem2_ws/install/components_cpp/lib:/home/albert/udem_ws/install/my_robot_interfaces/lib:/home/albert/bcdc_ws/install/aggiebot_msgs/lib:/home/albert/bcdc_ws/install/agbot_msgs/lib:/home/albert/arduinobot_ws/install/arduinobot_remote/lib:/home/albert/arduinobot_ws/install/arduinobot_cpp_examples/lib:/home/albert/arduinobot_ws/install/arduinobot_msgs/lib:/usr/lib/x86_64-linux-gnu/gazebo-11/plugins:/opt/ros/humble/opt/rviz_ogre_vendor/lib:/opt/ros/humble/lib/x86_64-linux-gnu:/opt/ros/humble/lib:/usr/share/gazebo/../../lib/x86_64-linux-gnu/gazebo-11/plugins PYTHONPATH=/home/albert/umov_ws/build/arduino_py_examples/prefix_override:/usr/lib/python3/dist-packages/colcon_core/task/python/colcon_distutils_commands:/home/albert/umov_ws/install/arduino_py_examples/lib/python3.10/site-packages:${PYTHONPATH} /usr/bin/python3 -W ignore:setup.py install is deprecated -W ignore:easy_install command is deprecated setup.py egg_info --egg-base ../../build/arduino_py_examples build --build-base /home/albert/umov_ws/build/arduino_py_examples/build install --record /home/albert/umov_ws/build/arduino_py_examples/install.log --single-version-externally-managed install_data
[15.831s] Level 1:colcon.colcon_core.environment:checking '/home/albert/umov_ws/install/arduino_py_examples' for CMake module files
[15.835s] Level 1:colcon.colcon_core.environment:checking '/home/albert/umov_ws/install/arduino_py_examples' for CMake config files
[15.833s] DEBUG:colcon.colcon_core.event_handler.log_command:Invoked command in '/home/albert/umov_ws/src/arduino_py_examples' returned '0': CMAKE_PREFIX_PATH=/home/albert/umov_ws/install/arduinobot_msgs:/home/albert/ag_arm_ws/install/arm_setup_moveit:/home/albert/ag_arm_ws/install/arm_moveit:/home/albert/ag_arm_ws/install/arm_description:/home/albert/ag_arm_ws/install/arm_cpp:/home/albert/ag_arm_ws/install/arm_controller:/home/albert/ws_moveit2/install/pilz_industrial_motion_planner_testutils:/home/albert/ws_moveit2/install/moveit_runtime:/home/albert/ws_moveit2/install/moveit2_tutorials:/home/albert/ws_moveit2/install/moveit:/home/albert/ws_moveit2/install/moveit_planners:/home/albert/ws_moveit2/install/pilz_industrial_motion_planner:/home/albert/ws_moveit2/install/moveit_visual_tools:/home/albert/ws_moveit2/install/moveit_task_constructor_visualization:/home/albert/ws_moveit2/install/moveit_task_constructor_demo:/home/albert/ws_moveit2/install/moveit_task_constructor_capabilities:/home/albert/ws_moveit2/install/moveit_task_constructor_core:/home/albert/ws_moveit2/install/moveit_ros_control_interface:/home/albert/ws_moveit2/install/moveit_plugins:/home/albert/ws_moveit2/install/moveit_simple_controller_manager:/home/albert/ws_moveit2/install/moveit_setup_assistant:/home/albert/ws_moveit2/install/moveit_setup_srdf_plugins:/home/albert/ws_moveit2/install/moveit_setup_core_plugins:/home/albert/ws_moveit2/install/moveit_setup_controllers:/home/albert/ws_moveit2/install/moveit_setup_app_plugins:/home/albert/ws_moveit2/install/moveit_setup_framework:/home/albert/ws_moveit2/install/moveit_servo:/home/albert/ws_moveit2/install/moveit_ros:/home/albert/ws_moveit2/install/moveit_ros_visualization:/home/albert/ws_moveit2/install/moveit_hybrid_planning:/home/albert/ws_moveit2/install/moveit_ros_planning_interface:/home/albert/ws_moveit2/install/moveit_ros_benchmarks:/home/albert/ws_moveit2/install/moveit_ros_warehouse:/home/albert/ws_moveit2/install/moveit_ros_robot_interaction:/home/albert/ws_moveit2/install/moveit_ros_perception:/home/albert/ws_moveit2/install/moveit_resources_prbt_pg70_support:/home/albert/ws_moveit2/install/moveit_resources_prbt_moveit_config:/home/albert/ws_moveit2/install/moveit_ros_move_group:/home/albert/ws_moveit2/install/moveit_planners_ompl:/home/albert/ws_moveit2/install/moveit_ros_planning:/home/albert/ws_moveit2/install/moveit_ros_occupancy_map_monitor:/home/albert/ws_moveit2/install/moveit_resources_prbt_ikfast_manipulator_plugin:/home/albert/ws_moveit2/install/moveit_planners_chomp:/home/albert/ws_moveit2/install/moveit_kinematics:/home/albert/ws_moveit2/install/moveit_chomp_optimizer_adapter:/home/albert/ws_moveit2/install/chomp_motion_planner:/home/albert/ws_moveit2/install/moveit_core:/home/albert/ws_moveit2/install/srdfdom:/home/albert/ws_moveit2/install/rviz_marker_tools:/home/albert/ws_moveit2/install/rosparam_shortcuts:/home/albert/ws_moveit2/install/moveit_task_constructor_msgs:/home/albert/ws_moveit2/install/moveit_resources_prbt_support:/home/albert/ws_moveit2/install/moveit_resources:/home/albert/ws_moveit2/install/moveit_resources_pr2_description:/home/albert/ws_moveit2/install/moveit_resources_panda_moveit_config:/home/albert/ws_moveit2/install/moveit_resources_panda_description:/home/albert/ws_moveit2/install/moveit_resources_fanuc_moveit_config:/home/albert/ws_moveit2/install/moveit_resources_fanuc_description:/home/albert/ws_moveit2/install/moveit_common:/home/albert/umov_ws/install/MoveitAssistant:/home/albert/umov_ws/install/description:/home/albert/umov_ws/install/arduinobot_utils:/home/albert/umov_ws/install/arduinobot_remote:/home/albert/umov_ws/install/arduino_cpp_examples:/home/albert/umov_ws/install/arduinobot_moveit:/home/albert/umov_ws/install/arduinobot_firmware:/home/albert/umov_ws/install/arduinobot_controller:/home/albert/umov_ws/install/arduinobot_bringup:/home/albert/unav_ws/install/turtlebot3_fake_node:/home/albert/unav_ws/install/robot_bringup:/home/albert/unav_ws/install/nav2_robot_description:/home/albert/udem2_ws/install/robot_bringup:/home/albert/udem2_ws/install/my_robot_bringup:/home/albert/udem2_ws/install/lifecycle_cpp:/home/albert/udem2_ws/install/final_project_cpp:/home/albert/udem2_ws/install/actions_cpp:/home/albert/udem2_ws/install/robot_interfaces:/home/albert/udem2_ws/install/executors_cpp:/home/albert/udem2_ws/install/components_cpp:/home/albert/udem_ws/install/my_robot_bringup:/home/albert/udem_ws/install/my_cpp_pkg:/home/albert/udem_ws/install/my_robot_interfaces:/home/albert/udem_ws/install/my_robot_description:/home/albert/udem_ws/install/lifecycle_cpp:/home/albert/bcdc_ws/install/aggiebot_cpp:/home/albert/bcdc_ws/install/aggiebot_msgs:/home/albert/bcdc_ws/install/aggiebot_description:/home/albert/bcdc_ws/install/aggiebot_controller:/home/albert/bcdc_ws/install/aggiebot_bringup:/home/albert/bcdc_ws/install/aggiebot_arm_moveit:/home/albert/bcdc_ws/install/aggiebot_arm_description:/home/albert/bcdc_ws/install/aggiebot_arm_controller:/home/albert/bcdc_ws/install/agbot_setup_moveit:/home/albert/bcdc_ws/install/agbot_cpp:/home/albert/bcdc_ws/install/agbot_msgs:/home/albert/bcdc_ws/install/agbot_moveit:/home/albert/bcdc_ws/install/agbot_description:/home/albert/bcdc_ws/install/agbot_controller:/home/albert/bcdc_ws/install/agbot_bringup:/home/albert/bcdc_ws/install/agbot_arm_controller:/home/albert/arduinobot_ws/install/arduinobot_utils:/home/albert/arduinobot_ws/install/arduinobot_remote:/home/albert/arduinobot_ws/install/arduinobot_cpp_examples:/home/albert/arduinobot_ws/install/arduinobot_msgs:/home/albert/arduinobot_ws/install/arduinobot_moveit_setup:/home/albert/arduinobot_ws/install/arduinobot_moveit:/home/albert/arduinobot_ws/install/arduinobot_description:/home/albert/arduinobot_ws/install/arduinobot_controller:/home/albert/rad_ws/install/agbot_full_nav2:/home/albert/rad_ws/install/agbot_full_msgs:/home/albert/rad_ws/install/agbot_full_moveit_setup:/home/albert/rad_ws/install/agbot_full_moveit:/home/albert/rad_ws/install/agbot_full_description:/home/albert/rad_ws/install/agbot_full_cpp:/home/albert/rad_ws/install/agbot_full_controller:/home/albert/rad_ws/install/agbot_full_cartogropher:/home/albert/dev_ws/install/my_bot:/home/albert/ag_car_ws/install/car_nav2:/home/albert/ag_car_ws/install/car_description:/home/albert/ag_car_ws/install/car_controller:/home/albert/ag_car_ws/install/car_cartographer LD_LIBRARY_PATH=/home/albert/umov_ws/install/arduinobot_msgs/lib:/home/albert/ws_moveit2/install/pilz_industrial_motion_planner_testutils/lib:/home/albert/ws_moveit2/install/pilz_industrial_motion_planner/lib:/home/albert/ws_moveit2/install/moveit_visual_tools/lib:/home/albert/ws_moveit2/install/moveit_task_constructor_visualization/lib:/home/albert/ws_moveit2/install/moveit_task_constructor_demo/lib:/home/albert/ws_moveit2/install/moveit_task_constructor_capabilities/lib:/home/albert/ws_moveit2/install/moveit_task_constructor_core/lib:/home/albert/ws_moveit2/install/moveit_ros_control_interface/lib:/home/albert/ws_moveit2/install/moveit_simple_controller_manager/lib:/home/albert/ws_moveit2/install/moveit_setup_assistant/lib:/home/albert/ws_moveit2/install/moveit_setup_srdf_plugins/lib:/home/albert/ws_moveit2/install/moveit_setup_core_plugins/lib:/home/albert/ws_moveit2/install/moveit_setup_controllers/lib:/home/albert/ws_moveit2/install/moveit_setup_app_plugins/lib:/home/albert/ws_moveit2/install/moveit_setup_framework/lib:/home/albert/ws_moveit2/install/moveit_servo/lib:/home/albert/ws_moveit2/install/moveit_ros_visualization/lib:/home/albert/ws_moveit2/install/moveit_hybrid_planning/lib:/home/albert/ws_moveit2/install/moveit_ros_planning_interface/lib:/home/albert/ws_moveit2/install/moveit_ros_benchmarks/lib:/home/albert/ws_moveit2/install/moveit_ros_warehouse/lib:/home/albert/ws_moveit2/install/moveit_ros_robot_interaction/lib:/home/albert/ws_moveit2/install/moveit_ros_perception/lib:/home/albert/ws_moveit2/install/moveit_ros_move_group/lib:/home/albert/ws_moveit2/install/moveit_planners_ompl/lib:/home/albert/ws_moveit2/install/moveit_ros_planning/lib:/home/albert/ws_moveit2/install/moveit_ros_occupancy_map_monitor/lib:/home/albert/ws_moveit2/install/moveit_resources_prbt_ikfast_manipulator_plugin/lib:/home/albert/ws_moveit2/install/moveit_planners_chomp/lib:/home/albert/ws_moveit2/install/moveit_kinematics/lib:/home/albert/ws_moveit2/install/moveit_chomp_optimizer_adapter/lib:/home/albert/ws_moveit2/install/chomp_motion_planner/lib:/home/albert/ws_moveit2/install/moveit_core/lib:/home/albert/ws_moveit2/install/srdfdom/lib:/home/albert/ws_moveit2/install/rviz_marker_tools/lib:/home/albert/ws_moveit2/install/rosparam_shortcuts/lib:/home/albert/ws_moveit2/install/moveit_task_constructor_msgs/lib:/home/albert/umov_ws/install/arduinobot_remote/lib:/home/albert/umov_ws/install/arduino_cpp_examples/lib:/home/albert/umov_ws/install/arduinobot_controller/lib:/home/albert/udem2_ws/install/final_project_cpp/lib:/home/albert/udem2_ws/install/robot_interfaces/lib:/home/albert/udem2_ws/install/components_cpp/lib:/home/albert/udem_ws/install/my_robot_interfaces/lib:/home/albert/bcdc_ws/install/aggiebot_msgs/lib:/home/albert/bcdc_ws/install/agbot_msgs/lib:/home/albert/arduinobot_ws/install/arduinobot_remote/lib:/home/albert/arduinobot_ws/install/arduinobot_cpp_examples/lib:/home/albert/arduinobot_ws/install/arduinobot_msgs/lib:/usr/lib/x86_64-linux-gnu/gazebo-11/plugins:/opt/ros/humble/opt/rviz_ogre_vendor/lib:/opt/ros/humble/lib/x86_64-linux-gnu:/opt/ros/humble/lib:/usr/share/gazebo/../../lib/x86_64-linux-gnu/gazebo-11/plugins PYTHONPATH=/home/albert/umov_ws/build/arduino_py_examples/prefix_override:/usr/lib/python3/dist-packages/colcon_core/task/python/colcon_distutils_commands:/home/albert/umov_ws/install/arduino_py_examples/lib/python3.10/site-packages:${PYTHONPATH} /usr/bin/python3 -W ignore:setup.py install is deprecated -W ignore:easy_install command is deprecated setup.py egg_info --egg-base ../../build/arduino_py_examples build --build-base /home/albert/umov_ws/build/arduino_py_examples/build install --record /home/albert/umov_ws/build/arduino_py_examples/install.log --single-version-externally-managed install_data
[15.844s] Level 1:colcon.colcon_core.environment:checking '/home/albert/umov_ws/install/arduino_py_examples/lib'
[15.844s] Level 1:colcon.colcon_core.environment:checking '/home/albert/umov_ws/install/arduino_py_examples/bin'
[15.845s] Level 1:colcon.colcon_core.environment:checking '/home/albert/umov_ws/install/arduino_py_examples/lib/pkgconfig/arduino_py_examples.pc'
[15.846s] Level 1:colcon.colcon_core.environment:checking '/home/albert/umov_ws/install/arduino_py_examples/lib/python3.10/site-packages'
[15.850s] Level 1:colcon.colcon_core.shell:create_environment_hook('arduino_py_examples', 'pythonpath')
[15.851s] INFO:colcon.colcon_core.shell:Creating environment hook '/home/albert/umov_ws/install/arduino_py_examples/share/arduino_py_examples/hook/pythonpath.ps1'
[15.857s] INFO:colcon.colcon_core.shell:Creating environment descriptor '/home/albert/umov_ws/install/arduino_py_examples/share/arduino_py_examples/hook/pythonpath.dsv'
[15.860s] INFO:colcon.colcon_core.shell:Creating environment hook '/home/albert/umov_ws/install/arduino_py_examples/share/arduino_py_examples/hook/pythonpath.sh'
[15.864s] Level 1:colcon.colcon_core.environment:checking '/home/albert/umov_ws/install/arduino_py_examples/bin'
[15.864s] Level 1:colcon.colcon_core.environment:create_environment_scripts_only(arduino_py_examples)
[15.865s] INFO:colcon.colcon_core.shell:Creating package script '/home/albert/umov_ws/install/arduino_py_examples/share/arduino_py_examples/package.ps1'
[15.872s] INFO:colcon.colcon_core.shell:Creating package descriptor '/home/albert/umov_ws/install/arduino_py_examples/share/arduino_py_examples/package.dsv'
[15.876s] INFO:colcon.colcon_core.shell:Creating package script '/home/albert/umov_ws/install/arduino_py_examples/share/arduino_py_examples/package.sh'
[15.882s] INFO:colcon.colcon_core.shell:Creating package script '/home/albert/umov_ws/install/arduino_py_examples/share/arduino_py_examples/package.bash'
[15.883s] INFO:colcon.colcon_core.shell:Creating package script '/home/albert/umov_ws/install/arduino_py_examples/share/arduino_py_examples/package.zsh'
[15.885s] Level 1:colcon.colcon_core.environment:create_file_with_runtime_dependencies(/home/albert/umov_ws/install/arduino_py_examples/share/colcon-core/packages/arduino_py_examples)
[48.603s] DEBUG:colcon.colcon_core.event_handler.log_command:Invoked command in '/home/albert/umov_ws/build/arduinobot_remote' returned '0': CMAKE_PREFIX_PATH=/home/albert/umov_ws/install/arduinobot_msgs:/home/albert/umov_ws/install/arduinobot_moveit:/home/albert/ag_arm_ws/install/arm_setup_moveit:/home/albert/ag_arm_ws/install/arm_moveit:/home/albert/ag_arm_ws/install/arm_description:/home/albert/ag_arm_ws/install/arm_cpp:/home/albert/ag_arm_ws/install/arm_controller:/home/albert/ws_moveit2/install/pilz_industrial_motion_planner_testutils:/home/albert/ws_moveit2/install/moveit_runtime:/home/albert/ws_moveit2/install/moveit2_tutorials:/home/albert/ws_moveit2/install/moveit:/home/albert/ws_moveit2/install/moveit_planners:/home/albert/ws_moveit2/install/pilz_industrial_motion_planner:/home/albert/ws_moveit2/install/moveit_visual_tools:/home/albert/ws_moveit2/install/moveit_task_constructor_visualization:/home/albert/ws_moveit2/install/moveit_task_constructor_demo:/home/albert/ws_moveit2/install/moveit_task_constructor_capabilities:/home/albert/ws_moveit2/install/moveit_task_constructor_core:/home/albert/ws_moveit2/install/moveit_ros_control_interface:/home/albert/ws_moveit2/install/moveit_plugins:/home/albert/ws_moveit2/install/moveit_simple_controller_manager:/home/albert/ws_moveit2/install/moveit_setup_assistant:/home/albert/ws_moveit2/install/moveit_setup_srdf_plugins:/home/albert/ws_moveit2/install/moveit_setup_core_plugins:/home/albert/ws_moveit2/install/moveit_setup_controllers:/home/albert/ws_moveit2/install/moveit_setup_app_plugins:/home/albert/ws_moveit2/install/moveit_setup_framework:/home/albert/ws_moveit2/install/moveit_servo:/home/albert/ws_moveit2/install/moveit_ros:/home/albert/ws_moveit2/install/moveit_ros_visualization:/home/albert/ws_moveit2/install/moveit_hybrid_planning:/home/albert/ws_moveit2/install/moveit_ros_planning_interface:/home/albert/ws_moveit2/install/moveit_ros_benchmarks:/home/albert/ws_moveit2/install/moveit_ros_warehouse:/home/albert/ws_moveit2/install/moveit_ros_robot_interaction:/home/albert/ws_moveit2/install/moveit_ros_perception:/home/albert/ws_moveit2/install/moveit_resources_prbt_pg70_support:/home/albert/ws_moveit2/install/moveit_resources_prbt_moveit_config:/home/albert/ws_moveit2/install/moveit_ros_move_group:/home/albert/ws_moveit2/install/moveit_planners_ompl:/home/albert/ws_moveit2/install/moveit_ros_planning:/home/albert/ws_moveit2/install/moveit_ros_occupancy_map_monitor:/home/albert/ws_moveit2/install/moveit_resources_prbt_ikfast_manipulator_plugin:/home/albert/ws_moveit2/install/moveit_planners_chomp:/home/albert/ws_moveit2/install/moveit_kinematics:/home/albert/ws_moveit2/install/moveit_chomp_optimizer_adapter:/home/albert/ws_moveit2/install/chomp_motion_planner:/home/albert/ws_moveit2/install/moveit_core:/home/albert/ws_moveit2/install/srdfdom:/home/albert/ws_moveit2/install/rviz_marker_tools:/home/albert/ws_moveit2/install/rosparam_shortcuts:/home/albert/ws_moveit2/install/moveit_task_constructor_msgs:/home/albert/ws_moveit2/install/moveit_resources_prbt_support:/home/albert/ws_moveit2/install/moveit_resources:/home/albert/ws_moveit2/install/moveit_resources_pr2_description:/home/albert/ws_moveit2/install/moveit_resources_panda_moveit_config:/home/albert/ws_moveit2/install/moveit_resources_panda_description:/home/albert/ws_moveit2/install/moveit_resources_fanuc_moveit_config:/home/albert/ws_moveit2/install/moveit_resources_fanuc_description:/home/albert/ws_moveit2/install/moveit_common:/home/albert/umov_ws/install/MoveitAssistant:/home/albert/umov_ws/install/description:/home/albert/umov_ws/install/arduinobot_utils:/home/albert/umov_ws/install/arduinobot_remote:/home/albert/umov_ws/install/arduino_cpp_examples:/home/albert/umov_ws/install/arduinobot_firmware:/home/albert/umov_ws/install/arduinobot_controller:/home/albert/umov_ws/install/arduinobot_bringup:/home/albert/unav_ws/install/turtlebot3_fake_node:/home/albert/unav_ws/install/robot_bringup:/home/albert/unav_ws/install/nav2_robot_description:/home/albert/udem2_ws/install/robot_bringup:/home/albert/udem2_ws/install/my_robot_bringup:/home/albert/udem2_ws/install/lifecycle_cpp:/home/albert/udem2_ws/install/final_project_cpp:/home/albert/udem2_ws/install/actions_cpp:/home/albert/udem2_ws/install/robot_interfaces:/home/albert/udem2_ws/install/executors_cpp:/home/albert/udem2_ws/install/components_cpp:/home/albert/udem_ws/install/my_robot_bringup:/home/albert/udem_ws/install/my_cpp_pkg:/home/albert/udem_ws/install/my_robot_interfaces:/home/albert/udem_ws/install/my_robot_description:/home/albert/udem_ws/install/lifecycle_cpp:/home/albert/bcdc_ws/install/aggiebot_cpp:/home/albert/bcdc_ws/install/aggiebot_msgs:/home/albert/bcdc_ws/install/aggiebot_description:/home/albert/bcdc_ws/install/aggiebot_controller:/home/albert/bcdc_ws/install/aggiebot_bringup:/home/albert/bcdc_ws/install/aggiebot_arm_moveit:/home/albert/bcdc_ws/install/aggiebot_arm_description:/home/albert/bcdc_ws/install/aggiebot_arm_controller:/home/albert/bcdc_ws/install/agbot_setup_moveit:/home/albert/bcdc_ws/install/agbot_cpp:/home/albert/bcdc_ws/install/agbot_msgs:/home/albert/bcdc_ws/install/agbot_moveit:/home/albert/bcdc_ws/install/agbot_description:/home/albert/bcdc_ws/install/agbot_controller:/home/albert/bcdc_ws/install/agbot_bringup:/home/albert/bcdc_ws/install/agbot_arm_controller:/home/albert/arduinobot_ws/install/arduinobot_utils:/home/albert/arduinobot_ws/install/arduinobot_remote:/home/albert/arduinobot_ws/install/arduinobot_cpp_examples:/home/albert/arduinobot_ws/install/arduinobot_msgs:/home/albert/arduinobot_ws/install/arduinobot_moveit_setup:/home/albert/arduinobot_ws/install/arduinobot_moveit:/home/albert/arduinobot_ws/install/arduinobot_description:/home/albert/arduinobot_ws/install/arduinobot_controller:/home/albert/rad_ws/install/agbot_full_nav2:/home/albert/rad_ws/install/agbot_full_msgs:/home/albert/rad_ws/install/agbot_full_moveit_setup:/home/albert/rad_ws/install/agbot_full_moveit:/home/albert/rad_ws/install/agbot_full_description:/home/albert/rad_ws/install/agbot_full_cpp:/home/albert/rad_ws/install/agbot_full_controller:/home/albert/rad_ws/install/agbot_full_cartogropher:/home/albert/dev_ws/install/my_bot:/home/albert/ag_car_ws/install/car_nav2:/home/albert/ag_car_ws/install/car_description:/home/albert/ag_car_ws/install/car_controller:/home/albert/ag_car_ws/install/car_cartographer:/home/albert/ws_moveit2/install/moveit_configs_utils:/home/albert/ws_moveit2/install/launch_param_builder:/home/albert/umov_ws/install/arduino_py_examples:/home/albert/udem2_ws/install/actions_py:/home/albert/udem2_ws/install/lifecycle_py:/home/albert/udem2_ws/install/executors_py:/home/albert/udem2_ws/install/components_py:/home/albert/udem_ws/install/turtlesim_catcher:/home/albert/udem_ws/install/my_py_pkg:/home/albert/udem_ws/install/lifecycle_py:/home/albert/bcdc_ws/install/agbot_teleop:/home/albert/bcdc_ws/install/agbot_py:/home/albert/arduinobot_ws/install/arduinobot_py_examples:/opt/ros/humble LD_LIBRARY_PATH=/home/albert/umov_ws/install/arduinobot_msgs/lib:/home/albert/ws_moveit2/install/pilz_industrial_motion_planner_testutils/lib:/home/albert/ws_moveit2/install/pilz_industrial_motion_planner/lib:/home/albert/ws_moveit2/install/moveit_visual_tools/lib:/home/albert/ws_moveit2/install/moveit_task_constructor_visualization/lib:/home/albert/ws_moveit2/install/moveit_task_constructor_demo/lib:/home/albert/ws_moveit2/install/moveit_task_constructor_capabilities/lib:/home/albert/ws_moveit2/install/moveit_task_constructor_core/lib:/home/albert/ws_moveit2/install/moveit_ros_control_interface/lib:/home/albert/ws_moveit2/install/moveit_simple_controller_manager/lib:/home/albert/ws_moveit2/install/moveit_setup_assistant/lib:/home/albert/ws_moveit2/install/moveit_setup_srdf_plugins/lib:/home/albert/ws_moveit2/install/moveit_setup_core_plugins/lib:/home/albert/ws_moveit2/install/moveit_setup_controllers/lib:/home/albert/ws_moveit2/install/moveit_setup_app_plugins/lib:/home/albert/ws_moveit2/install/moveit_setup_framework/lib:/home/albert/ws_moveit2/install/moveit_servo/lib:/home/albert/ws_moveit2/install/moveit_ros_visualization/lib:/home/albert/ws_moveit2/install/moveit_hybrid_planning/lib:/home/albert/ws_moveit2/install/moveit_ros_planning_interface/lib:/home/albert/ws_moveit2/install/moveit_ros_benchmarks/lib:/home/albert/ws_moveit2/install/moveit_ros_warehouse/lib:/home/albert/ws_moveit2/install/moveit_ros_robot_interaction/lib:/home/albert/ws_moveit2/install/moveit_ros_perception/lib:/home/albert/ws_moveit2/install/moveit_ros_move_group/lib:/home/albert/ws_moveit2/install/moveit_planners_ompl/lib:/home/albert/ws_moveit2/install/moveit_ros_planning/lib:/home/albert/ws_moveit2/install/moveit_ros_occupancy_map_monitor/lib:/home/albert/ws_moveit2/install/moveit_resources_prbt_ikfast_manipulator_plugin/lib:/home/albert/ws_moveit2/install/moveit_planners_chomp/lib:/home/albert/ws_moveit2/install/moveit_kinematics/lib:/home/albert/ws_moveit2/install/moveit_chomp_optimizer_adapter/lib:/home/albert/ws_moveit2/install/chomp_motion_planner/lib:/home/albert/ws_moveit2/install/moveit_core/lib:/home/albert/ws_moveit2/install/srdfdom/lib:/home/albert/ws_moveit2/install/rviz_marker_tools/lib:/home/albert/ws_moveit2/install/rosparam_shortcuts/lib:/home/albert/ws_moveit2/install/moveit_task_constructor_msgs/lib:/home/albert/umov_ws/install/arduinobot_remote/lib:/home/albert/umov_ws/install/arduino_cpp_examples/lib:/home/albert/umov_ws/install/arduinobot_controller/lib:/home/albert/udem2_ws/install/final_project_cpp/lib:/home/albert/udem2_ws/install/robot_interfaces/lib:/home/albert/udem2_ws/install/components_cpp/lib:/home/albert/udem_ws/install/my_robot_interfaces/lib:/home/albert/bcdc_ws/install/aggiebot_msgs/lib:/home/albert/bcdc_ws/install/agbot_msgs/lib:/home/albert/arduinobot_ws/install/arduinobot_remote/lib:/home/albert/arduinobot_ws/install/arduinobot_cpp_examples/lib:/home/albert/arduinobot_ws/install/arduinobot_msgs/lib:/usr/lib/x86_64-linux-gnu/gazebo-11/plugins:/opt/ros/humble/opt/rviz_ogre_vendor/lib:/opt/ros/humble/lib/x86_64-linux-gnu:/opt/ros/humble/lib:/usr/share/gazebo/../../lib/x86_64-linux-gnu/gazebo-11/plugins /home/albert/.local/bin/cmake --build /home/albert/umov_ws/build/arduinobot_remote -- -j8 -l8
[48.617s] DEBUG:colcon.colcon_core.event_handler.log_command:Invoking command in '/home/albert/umov_ws/build/arduinobot_remote': CMAKE_PREFIX_PATH=/home/albert/umov_ws/install/arduinobot_msgs:/home/albert/umov_ws/install/arduinobot_moveit:/home/albert/ag_arm_ws/install/arm_setup_moveit:/home/albert/ag_arm_ws/install/arm_moveit:/home/albert/ag_arm_ws/install/arm_description:/home/albert/ag_arm_ws/install/arm_cpp:/home/albert/ag_arm_ws/install/arm_controller:/home/albert/ws_moveit2/install/pilz_industrial_motion_planner_testutils:/home/albert/ws_moveit2/install/moveit_runtime:/home/albert/ws_moveit2/install/moveit2_tutorials:/home/albert/ws_moveit2/install/moveit:/home/albert/ws_moveit2/install/moveit_planners:/home/albert/ws_moveit2/install/pilz_industrial_motion_planner:/home/albert/ws_moveit2/install/moveit_visual_tools:/home/albert/ws_moveit2/install/moveit_task_constructor_visualization:/home/albert/ws_moveit2/install/moveit_task_constructor_demo:/home/albert/ws_moveit2/install/moveit_task_constructor_capabilities:/home/albert/ws_moveit2/install/moveit_task_constructor_core:/home/albert/ws_moveit2/install/moveit_ros_control_interface:/home/albert/ws_moveit2/install/moveit_plugins:/home/albert/ws_moveit2/install/moveit_simple_controller_manager:/home/albert/ws_moveit2/install/moveit_setup_assistant:/home/albert/ws_moveit2/install/moveit_setup_srdf_plugins:/home/albert/ws_moveit2/install/moveit_setup_core_plugins:/home/albert/ws_moveit2/install/moveit_setup_controllers:/home/albert/ws_moveit2/install/moveit_setup_app_plugins:/home/albert/ws_moveit2/install/moveit_setup_framework:/home/albert/ws_moveit2/install/moveit_servo:/home/albert/ws_moveit2/install/moveit_ros:/home/albert/ws_moveit2/install/moveit_ros_visualization:/home/albert/ws_moveit2/install/moveit_hybrid_planning:/home/albert/ws_moveit2/install/moveit_ros_planning_interface:/home/albert/ws_moveit2/install/moveit_ros_benchmarks:/home/albert/ws_moveit2/install/moveit_ros_warehouse:/home/albert/ws_moveit2/install/moveit_ros_robot_interaction:/home/albert/ws_moveit2/install/moveit_ros_perception:/home/albert/ws_moveit2/install/moveit_resources_prbt_pg70_support:/home/albert/ws_moveit2/install/moveit_resources_prbt_moveit_config:/home/albert/ws_moveit2/install/moveit_ros_move_group:/home/albert/ws_moveit2/install/moveit_planners_ompl:/home/albert/ws_moveit2/install/moveit_ros_planning:/home/albert/ws_moveit2/install/moveit_ros_occupancy_map_monitor:/home/albert/ws_moveit2/install/moveit_resources_prbt_ikfast_manipulator_plugin:/home/albert/ws_moveit2/install/moveit_planners_chomp:/home/albert/ws_moveit2/install/moveit_kinematics:/home/albert/ws_moveit2/install/moveit_chomp_optimizer_adapter:/home/albert/ws_moveit2/install/chomp_motion_planner:/home/albert/ws_moveit2/install/moveit_core:/home/albert/ws_moveit2/install/srdfdom:/home/albert/ws_moveit2/install/rviz_marker_tools:/home/albert/ws_moveit2/install/rosparam_shortcuts:/home/albert/ws_moveit2/install/moveit_task_constructor_msgs:/home/albert/ws_moveit2/install/moveit_resources_prbt_support:/home/albert/ws_moveit2/install/moveit_resources:/home/albert/ws_moveit2/install/moveit_resources_pr2_description:/home/albert/ws_moveit2/install/moveit_resources_panda_moveit_config:/home/albert/ws_moveit2/install/moveit_resources_panda_description:/home/albert/ws_moveit2/install/moveit_resources_fanuc_moveit_config:/home/albert/ws_moveit2/install/moveit_resources_fanuc_description:/home/albert/ws_moveit2/install/moveit_common:/home/albert/umov_ws/install/MoveitAssistant:/home/albert/umov_ws/install/description:/home/albert/umov_ws/install/arduinobot_utils:/home/albert/umov_ws/install/arduinobot_remote:/home/albert/umov_ws/install/arduino_cpp_examples:/home/albert/umov_ws/install/arduinobot_firmware:/home/albert/umov_ws/install/arduinobot_controller:/home/albert/umov_ws/install/arduinobot_bringup:/home/albert/unav_ws/install/turtlebot3_fake_node:/home/albert/unav_ws/install/robot_bringup:/home/albert/unav_ws/install/nav2_robot_description:/home/albert/udem2_ws/install/robot_bringup:/home/albert/udem2_ws/install/my_robot_bringup:/home/albert/udem2_ws/install/lifecycle_cpp:/home/albert/udem2_ws/install/final_project_cpp:/home/albert/udem2_ws/install/actions_cpp:/home/albert/udem2_ws/install/robot_interfaces:/home/albert/udem2_ws/install/executors_cpp:/home/albert/udem2_ws/install/components_cpp:/home/albert/udem_ws/install/my_robot_bringup:/home/albert/udem_ws/install/my_cpp_pkg:/home/albert/udem_ws/install/my_robot_interfaces:/home/albert/udem_ws/install/my_robot_description:/home/albert/udem_ws/install/lifecycle_cpp:/home/albert/bcdc_ws/install/aggiebot_cpp:/home/albert/bcdc_ws/install/aggiebot_msgs:/home/albert/bcdc_ws/install/aggiebot_description:/home/albert/bcdc_ws/install/aggiebot_controller:/home/albert/bcdc_ws/install/aggiebot_bringup:/home/albert/bcdc_ws/install/aggiebot_arm_moveit:/home/albert/bcdc_ws/install/aggiebot_arm_description:/home/albert/bcdc_ws/install/aggiebot_arm_controller:/home/albert/bcdc_ws/install/agbot_setup_moveit:/home/albert/bcdc_ws/install/agbot_cpp:/home/albert/bcdc_ws/install/agbot_msgs:/home/albert/bcdc_ws/install/agbot_moveit:/home/albert/bcdc_ws/install/agbot_description:/home/albert/bcdc_ws/install/agbot_controller:/home/albert/bcdc_ws/install/agbot_bringup:/home/albert/bcdc_ws/install/agbot_arm_controller:/home/albert/arduinobot_ws/install/arduinobot_utils:/home/albert/arduinobot_ws/install/arduinobot_remote:/home/albert/arduinobot_ws/install/arduinobot_cpp_examples:/home/albert/arduinobot_ws/install/arduinobot_msgs:/home/albert/arduinobot_ws/install/arduinobot_moveit_setup:/home/albert/arduinobot_ws/install/arduinobot_moveit:/home/albert/arduinobot_ws/install/arduinobot_description:/home/albert/arduinobot_ws/install/arduinobot_controller:/home/albert/rad_ws/install/agbot_full_nav2:/home/albert/rad_ws/install/agbot_full_msgs:/home/albert/rad_ws/install/agbot_full_moveit_setup:/home/albert/rad_ws/install/agbot_full_moveit:/home/albert/rad_ws/install/agbot_full_description:/home/albert/rad_ws/install/agbot_full_cpp:/home/albert/rad_ws/install/agbot_full_controller:/home/albert/rad_ws/install/agbot_full_cartogropher:/home/albert/dev_ws/install/my_bot:/home/albert/ag_car_ws/install/car_nav2:/home/albert/ag_car_ws/install/car_description:/home/albert/ag_car_ws/install/car_controller:/home/albert/ag_car_ws/install/car_cartographer:/home/albert/ws_moveit2/install/moveit_configs_utils:/home/albert/ws_moveit2/install/launch_param_builder:/home/albert/umov_ws/install/arduino_py_examples:/home/albert/udem2_ws/install/actions_py:/home/albert/udem2_ws/install/lifecycle_py:/home/albert/udem2_ws/install/executors_py:/home/albert/udem2_ws/install/components_py:/home/albert/udem_ws/install/turtlesim_catcher:/home/albert/udem_ws/install/my_py_pkg:/home/albert/udem_ws/install/lifecycle_py:/home/albert/bcdc_ws/install/agbot_teleop:/home/albert/bcdc_ws/install/agbot_py:/home/albert/arduinobot_ws/install/arduinobot_py_examples:/opt/ros/humble LD_LIBRARY_PATH=/home/albert/umov_ws/install/arduinobot_msgs/lib:/home/albert/ws_moveit2/install/pilz_industrial_motion_planner_testutils/lib:/home/albert/ws_moveit2/install/pilz_industrial_motion_planner/lib:/home/albert/ws_moveit2/install/moveit_visual_tools/lib:/home/albert/ws_moveit2/install/moveit_task_constructor_visualization/lib:/home/albert/ws_moveit2/install/moveit_task_constructor_demo/lib:/home/albert/ws_moveit2/install/moveit_task_constructor_capabilities/lib:/home/albert/ws_moveit2/install/moveit_task_constructor_core/lib:/home/albert/ws_moveit2/install/moveit_ros_control_interface/lib:/home/albert/ws_moveit2/install/moveit_simple_controller_manager/lib:/home/albert/ws_moveit2/install/moveit_setup_assistant/lib:/home/albert/ws_moveit2/install/moveit_setup_srdf_plugins/lib:/home/albert/ws_moveit2/install/moveit_setup_core_plugins/lib:/home/albert/ws_moveit2/install/moveit_setup_controllers/lib:/home/albert/ws_moveit2/install/moveit_setup_app_plugins/lib:/home/albert/ws_moveit2/install/moveit_setup_framework/lib:/home/albert/ws_moveit2/install/moveit_servo/lib:/home/albert/ws_moveit2/install/moveit_ros_visualization/lib:/home/albert/ws_moveit2/install/moveit_hybrid_planning/lib:/home/albert/ws_moveit2/install/moveit_ros_planning_interface/lib:/home/albert/ws_moveit2/install/moveit_ros_benchmarks/lib:/home/albert/ws_moveit2/install/moveit_ros_warehouse/lib:/home/albert/ws_moveit2/install/moveit_ros_robot_interaction/lib:/home/albert/ws_moveit2/install/moveit_ros_perception/lib:/home/albert/ws_moveit2/install/moveit_ros_move_group/lib:/home/albert/ws_moveit2/install/moveit_planners_ompl/lib:/home/albert/ws_moveit2/install/moveit_ros_planning/lib:/home/albert/ws_moveit2/install/moveit_ros_occupancy_map_monitor/lib:/home/albert/ws_moveit2/install/moveit_resources_prbt_ikfast_manipulator_plugin/lib:/home/albert/ws_moveit2/install/moveit_planners_chomp/lib:/home/albert/ws_moveit2/install/moveit_kinematics/lib:/home/albert/ws_moveit2/install/moveit_chomp_optimizer_adapter/lib:/home/albert/ws_moveit2/install/chomp_motion_planner/lib:/home/albert/ws_moveit2/install/moveit_core/lib:/home/albert/ws_moveit2/install/srdfdom/lib:/home/albert/ws_moveit2/install/rviz_marker_tools/lib:/home/albert/ws_moveit2/install/rosparam_shortcuts/lib:/home/albert/ws_moveit2/install/moveit_task_constructor_msgs/lib:/home/albert/umov_ws/install/arduinobot_remote/lib:/home/albert/umov_ws/install/arduino_cpp_examples/lib:/home/albert/umov_ws/install/arduinobot_controller/lib:/home/albert/udem2_ws/install/final_project_cpp/lib:/home/albert/udem2_ws/install/robot_interfaces/lib:/home/albert/udem2_ws/install/components_cpp/lib:/home/albert/udem_ws/install/my_robot_interfaces/lib:/home/albert/bcdc_ws/install/aggiebot_msgs/lib:/home/albert/bcdc_ws/install/agbot_msgs/lib:/home/albert/arduinobot_ws/install/arduinobot_remote/lib:/home/albert/arduinobot_ws/install/arduinobot_cpp_examples/lib:/home/albert/arduinobot_ws/install/arduinobot_msgs/lib:/usr/lib/x86_64-linux-gnu/gazebo-11/plugins:/opt/ros/humble/opt/rviz_ogre_vendor/lib:/opt/ros/humble/lib/x86_64-linux-gnu:/opt/ros/humble/lib:/usr/share/gazebo/../../lib/x86_64-linux-gnu/gazebo-11/plugins /home/albert/.local/bin/cmake --install /home/albert/umov_ws/build/arduinobot_remote
[49.011s] Level 1:colcon.colcon_core.environment:create_environment_scripts_only(arduinobot_remote)
[49.014s] Level 1:colcon.colcon_core.environment:checking '/home/albert/umov_ws/install/arduinobot_remote' for CMake module files
[49.016s] DEBUG:colcon.colcon_core.event_handler.log_command:Invoked command in '/home/albert/umov_ws/build/arduinobot_remote' returned '0': CMAKE_PREFIX_PATH=/home/albert/umov_ws/install/arduinobot_msgs:/home/albert/umov_ws/install/arduinobot_moveit:/home/albert/ag_arm_ws/install/arm_setup_moveit:/home/albert/ag_arm_ws/install/arm_moveit:/home/albert/ag_arm_ws/install/arm_description:/home/albert/ag_arm_ws/install/arm_cpp:/home/albert/ag_arm_ws/install/arm_controller:/home/albert/ws_moveit2/install/pilz_industrial_motion_planner_testutils:/home/albert/ws_moveit2/install/moveit_runtime:/home/albert/ws_moveit2/install/moveit2_tutorials:/home/albert/ws_moveit2/install/moveit:/home/albert/ws_moveit2/install/moveit_planners:/home/albert/ws_moveit2/install/pilz_industrial_motion_planner:/home/albert/ws_moveit2/install/moveit_visual_tools:/home/albert/ws_moveit2/install/moveit_task_constructor_visualization:/home/albert/ws_moveit2/install/moveit_task_constructor_demo:/home/albert/ws_moveit2/install/moveit_task_constructor_capabilities:/home/albert/ws_moveit2/install/moveit_task_constructor_core:/home/albert/ws_moveit2/install/moveit_ros_control_interface:/home/albert/ws_moveit2/install/moveit_plugins:/home/albert/ws_moveit2/install/moveit_simple_controller_manager:/home/albert/ws_moveit2/install/moveit_setup_assistant:/home/albert/ws_moveit2/install/moveit_setup_srdf_plugins:/home/albert/ws_moveit2/install/moveit_setup_core_plugins:/home/albert/ws_moveit2/install/moveit_setup_controllers:/home/albert/ws_moveit2/install/moveit_setup_app_plugins:/home/albert/ws_moveit2/install/moveit_setup_framework:/home/albert/ws_moveit2/install/moveit_servo:/home/albert/ws_moveit2/install/moveit_ros:/home/albert/ws_moveit2/install/moveit_ros_visualization:/home/albert/ws_moveit2/install/moveit_hybrid_planning:/home/albert/ws_moveit2/install/moveit_ros_planning_interface:/home/albert/ws_moveit2/install/moveit_ros_benchmarks:/home/albert/ws_moveit2/install/moveit_ros_warehouse:/home/albert/ws_moveit2/install/moveit_ros_robot_interaction:/home/albert/ws_moveit2/install/moveit_ros_perception:/home/albert/ws_moveit2/install/moveit_resources_prbt_pg70_support:/home/albert/ws_moveit2/install/moveit_resources_prbt_moveit_config:/home/albert/ws_moveit2/install/moveit_ros_move_group:/home/albert/ws_moveit2/install/moveit_planners_ompl:/home/albert/ws_moveit2/install/moveit_ros_planning:/home/albert/ws_moveit2/install/moveit_ros_occupancy_map_monitor:/home/albert/ws_moveit2/install/moveit_resources_prbt_ikfast_manipulator_plugin:/home/albert/ws_moveit2/install/moveit_planners_chomp:/home/albert/ws_moveit2/install/moveit_kinematics:/home/albert/ws_moveit2/install/moveit_chomp_optimizer_adapter:/home/albert/ws_moveit2/install/chomp_motion_planner:/home/albert/ws_moveit2/install/moveit_core:/home/albert/ws_moveit2/install/srdfdom:/home/albert/ws_moveit2/install/rviz_marker_tools:/home/albert/ws_moveit2/install/rosparam_shortcuts:/home/albert/ws_moveit2/install/moveit_task_constructor_msgs:/home/albert/ws_moveit2/install/moveit_resources_prbt_support:/home/albert/ws_moveit2/install/moveit_resources:/home/albert/ws_moveit2/install/moveit_resources_pr2_description:/home/albert/ws_moveit2/install/moveit_resources_panda_moveit_config:/home/albert/ws_moveit2/install/moveit_resources_panda_description:/home/albert/ws_moveit2/install/moveit_resources_fanuc_moveit_config:/home/albert/ws_moveit2/install/moveit_resources_fanuc_description:/home/albert/ws_moveit2/install/moveit_common:/home/albert/umov_ws/install/MoveitAssistant:/home/albert/umov_ws/install/description:/home/albert/umov_ws/install/arduinobot_utils:/home/albert/umov_ws/install/arduinobot_remote:/home/albert/umov_ws/install/arduino_cpp_examples:/home/albert/umov_ws/install/arduinobot_firmware:/home/albert/umov_ws/install/arduinobot_controller:/home/albert/umov_ws/install/arduinobot_bringup:/home/albert/unav_ws/install/turtlebot3_fake_node:/home/albert/unav_ws/install/robot_bringup:/home/albert/unav_ws/install/nav2_robot_description:/home/albert/udem2_ws/install/robot_bringup:/home/albert/udem2_ws/install/my_robot_bringup:/home/albert/udem2_ws/install/lifecycle_cpp:/home/albert/udem2_ws/install/final_project_cpp:/home/albert/udem2_ws/install/actions_cpp:/home/albert/udem2_ws/install/robot_interfaces:/home/albert/udem2_ws/install/executors_cpp:/home/albert/udem2_ws/install/components_cpp:/home/albert/udem_ws/install/my_robot_bringup:/home/albert/udem_ws/install/my_cpp_pkg:/home/albert/udem_ws/install/my_robot_interfaces:/home/albert/udem_ws/install/my_robot_description:/home/albert/udem_ws/install/lifecycle_cpp:/home/albert/bcdc_ws/install/aggiebot_cpp:/home/albert/bcdc_ws/install/aggiebot_msgs:/home/albert/bcdc_ws/install/aggiebot_description:/home/albert/bcdc_ws/install/aggiebot_controller:/home/albert/bcdc_ws/install/aggiebot_bringup:/home/albert/bcdc_ws/install/aggiebot_arm_moveit:/home/albert/bcdc_ws/install/aggiebot_arm_description:/home/albert/bcdc_ws/install/aggiebot_arm_controller:/home/albert/bcdc_ws/install/agbot_setup_moveit:/home/albert/bcdc_ws/install/agbot_cpp:/home/albert/bcdc_ws/install/agbot_msgs:/home/albert/bcdc_ws/install/agbot_moveit:/home/albert/bcdc_ws/install/agbot_description:/home/albert/bcdc_ws/install/agbot_controller:/home/albert/bcdc_ws/install/agbot_bringup:/home/albert/bcdc_ws/install/agbot_arm_controller:/home/albert/arduinobot_ws/install/arduinobot_utils:/home/albert/arduinobot_ws/install/arduinobot_remote:/home/albert/arduinobot_ws/install/arduinobot_cpp_examples:/home/albert/arduinobot_ws/install/arduinobot_msgs:/home/albert/arduinobot_ws/install/arduinobot_moveit_setup:/home/albert/arduinobot_ws/install/arduinobot_moveit:/home/albert/arduinobot_ws/install/arduinobot_description:/home/albert/arduinobot_ws/install/arduinobot_controller:/home/albert/rad_ws/install/agbot_full_nav2:/home/albert/rad_ws/install/agbot_full_msgs:/home/albert/rad_ws/install/agbot_full_moveit_setup:/home/albert/rad_ws/install/agbot_full_moveit:/home/albert/rad_ws/install/agbot_full_description:/home/albert/rad_ws/install/agbot_full_cpp:/home/albert/rad_ws/install/agbot_full_controller:/home/albert/rad_ws/install/agbot_full_cartogropher:/home/albert/dev_ws/install/my_bot:/home/albert/ag_car_ws/install/car_nav2:/home/albert/ag_car_ws/install/car_description:/home/albert/ag_car_ws/install/car_controller:/home/albert/ag_car_ws/install/car_cartographer:/home/albert/ws_moveit2/install/moveit_configs_utils:/home/albert/ws_moveit2/install/launch_param_builder:/home/albert/umov_ws/install/arduino_py_examples:/home/albert/udem2_ws/install/actions_py:/home/albert/udem2_ws/install/lifecycle_py:/home/albert/udem2_ws/install/executors_py:/home/albert/udem2_ws/install/components_py:/home/albert/udem_ws/install/turtlesim_catcher:/home/albert/udem_ws/install/my_py_pkg:/home/albert/udem_ws/install/lifecycle_py:/home/albert/bcdc_ws/install/agbot_teleop:/home/albert/bcdc_ws/install/agbot_py:/home/albert/arduinobot_ws/install/arduinobot_py_examples:/opt/ros/humble LD_LIBRARY_PATH=/home/albert/umov_ws/install/arduinobot_msgs/lib:/home/albert/ws_moveit2/install/pilz_industrial_motion_planner_testutils/lib:/home/albert/ws_moveit2/install/pilz_industrial_motion_planner/lib:/home/albert/ws_moveit2/install/moveit_visual_tools/lib:/home/albert/ws_moveit2/install/moveit_task_constructor_visualization/lib:/home/albert/ws_moveit2/install/moveit_task_constructor_demo/lib:/home/albert/ws_moveit2/install/moveit_task_constructor_capabilities/lib:/home/albert/ws_moveit2/install/moveit_task_constructor_core/lib:/home/albert/ws_moveit2/install/moveit_ros_control_interface/lib:/home/albert/ws_moveit2/install/moveit_simple_controller_manager/lib:/home/albert/ws_moveit2/install/moveit_setup_assistant/lib:/home/albert/ws_moveit2/install/moveit_setup_srdf_plugins/lib:/home/albert/ws_moveit2/install/moveit_setup_core_plugins/lib:/home/albert/ws_moveit2/install/moveit_setup_controllers/lib:/home/albert/ws_moveit2/install/moveit_setup_app_plugins/lib:/home/albert/ws_moveit2/install/moveit_setup_framework/lib:/home/albert/ws_moveit2/install/moveit_servo/lib:/home/albert/ws_moveit2/install/moveit_ros_visualization/lib:/home/albert/ws_moveit2/install/moveit_hybrid_planning/lib:/home/albert/ws_moveit2/install/moveit_ros_planning_interface/lib:/home/albert/ws_moveit2/install/moveit_ros_benchmarks/lib:/home/albert/ws_moveit2/install/moveit_ros_warehouse/lib:/home/albert/ws_moveit2/install/moveit_ros_robot_interaction/lib:/home/albert/ws_moveit2/install/moveit_ros_perception/lib:/home/albert/ws_moveit2/install/moveit_ros_move_group/lib:/home/albert/ws_moveit2/install/moveit_planners_ompl/lib:/home/albert/ws_moveit2/install/moveit_ros_planning/lib:/home/albert/ws_moveit2/install/moveit_ros_occupancy_map_monitor/lib:/home/albert/ws_moveit2/install/moveit_resources_prbt_ikfast_manipulator_plugin/lib:/home/albert/ws_moveit2/install/moveit_planners_chomp/lib:/home/albert/ws_moveit2/install/moveit_kinematics/lib:/home/albert/ws_moveit2/install/moveit_chomp_optimizer_adapter/lib:/home/albert/ws_moveit2/install/chomp_motion_planner/lib:/home/albert/ws_moveit2/install/moveit_core/lib:/home/albert/ws_moveit2/install/srdfdom/lib:/home/albert/ws_moveit2/install/rviz_marker_tools/lib:/home/albert/ws_moveit2/install/rosparam_shortcuts/lib:/home/albert/ws_moveit2/install/moveit_task_constructor_msgs/lib:/home/albert/umov_ws/install/arduinobot_remote/lib:/home/albert/umov_ws/install/arduino_cpp_examples/lib:/home/albert/umov_ws/install/arduinobot_controller/lib:/home/albert/udem2_ws/install/final_project_cpp/lib:/home/albert/udem2_ws/install/robot_interfaces/lib:/home/albert/udem2_ws/install/components_cpp/lib:/home/albert/udem_ws/install/my_robot_interfaces/lib:/home/albert/bcdc_ws/install/aggiebot_msgs/lib:/home/albert/bcdc_ws/install/agbot_msgs/lib:/home/albert/arduinobot_ws/install/arduinobot_remote/lib:/home/albert/arduinobot_ws/install/arduinobot_cpp_examples/lib:/home/albert/arduinobot_ws/install/arduinobot_msgs/lib:/usr/lib/x86_64-linux-gnu/gazebo-11/plugins:/opt/ros/humble/opt/rviz_ogre_vendor/lib:/opt/ros/humble/lib/x86_64-linux-gnu:/opt/ros/humble/lib:/usr/share/gazebo/../../lib/x86_64-linux-gnu/gazebo-11/plugins /home/albert/.local/bin/cmake --install /home/albert/umov_ws/build/arduinobot_remote
[49.025s] Level 1:colcon.colcon_core.environment:checking '/home/albert/umov_ws/install/arduinobot_remote' for CMake config files
[49.026s] Level 1:colcon.colcon_core.shell:create_environment_hook('arduinobot_remote', 'cmake_prefix_path')
[49.027s] INFO:colcon.colcon_core.shell:Creating environment hook '/home/albert/umov_ws/install/arduinobot_remote/share/arduinobot_remote/hook/cmake_prefix_path.ps1'
[49.029s] INFO:colcon.colcon_core.shell:Creating environment descriptor '/home/albert/umov_ws/install/arduinobot_remote/share/arduinobot_remote/hook/cmake_prefix_path.dsv'
[49.030s] INFO:colcon.colcon_core.shell:Creating environment hook '/home/albert/umov_ws/install/arduinobot_remote/share/arduinobot_remote/hook/cmake_prefix_path.sh'
[49.032s] Level 1:colcon.colcon_core.environment:checking '/home/albert/umov_ws/install/arduinobot_remote/lib'
[49.032s] Level 1:colcon.colcon_core.shell:create_environment_hook('arduinobot_remote', 'ld_library_path_lib')
[49.033s] INFO:colcon.colcon_core.shell:Creating environment hook '/home/albert/umov_ws/install/arduinobot_remote/share/arduinobot_remote/hook/ld_library_path_lib.ps1'
[49.037s] INFO:colcon.colcon_core.shell:Creating environment descriptor '/home/albert/umov_ws/install/arduinobot_remote/share/arduinobot_remote/hook/ld_library_path_lib.dsv'
[49.039s] INFO:colcon.colcon_core.shell:Creating environment hook '/home/albert/umov_ws/install/arduinobot_remote/share/arduinobot_remote/hook/ld_library_path_lib.sh'
[49.042s] Level 1:colcon.colcon_core.environment:checking '/home/albert/umov_ws/install/arduinobot_remote/bin'
[49.042s] Level 1:colcon.colcon_core.environment:checking '/home/albert/umov_ws/install/arduinobot_remote/lib/pkgconfig/arduinobot_remote.pc'
[49.043s] Level 1:colcon.colcon_core.environment:checking '/home/albert/umov_ws/install/arduinobot_remote/lib/python3.10/site-packages'
[49.044s] Level 1:colcon.colcon_core.environment:checking '/home/albert/umov_ws/install/arduinobot_remote/bin'
[49.046s] INFO:colcon.colcon_core.shell:Creating package script '/home/albert/umov_ws/install/arduinobot_remote/share/arduinobot_remote/package.ps1'
[49.049s] INFO:colcon.colcon_core.shell:Creating package descriptor '/home/albert/umov_ws/install/arduinobot_remote/share/arduinobot_remote/package.dsv'
[49.052s] INFO:colcon.colcon_core.shell:Creating package script '/home/albert/umov_ws/install/arduinobot_remote/share/arduinobot_remote/package.sh'
[49.054s] INFO:colcon.colcon_core.shell:Creating package script '/home/albert/umov_ws/install/arduinobot_remote/share/arduinobot_remote/package.bash'
[49.057s] INFO:colcon.colcon_core.shell:Creating package script '/home/albert/umov_ws/install/arduinobot_remote/share/arduinobot_remote/package.zsh'
[49.058s] Level 1:colcon.colcon_core.environment:create_file_with_runtime_dependencies(/home/albert/umov_ws/install/arduinobot_remote/share/colcon-core/packages/arduinobot_remote)
[49.061s] Level 1:colcon.colcon_core.environment:create_environment_scripts_only(arduinobot_remote)
[49.062s] Level 1:colcon.colcon_core.environment:checking '/home/albert/umov_ws/install/arduinobot_remote' for CMake module files
[49.064s] Level 1:colcon.colcon_core.environment:checking '/home/albert/umov_ws/install/arduinobot_remote' for CMake config files
[49.067s] Level 1:colcon.colcon_core.shell:create_environment_hook('arduinobot_remote', 'cmake_prefix_path')
[49.069s] INFO:colcon.colcon_core.shell:Creating environment hook '/home/albert/umov_ws/install/arduinobot_remote/share/arduinobot_remote/hook/cmake_prefix_path.ps1'
[49.074s] INFO:colcon.colcon_core.shell:Creating environment descriptor '/home/albert/umov_ws/install/arduinobot_remote/share/arduinobot_remote/hook/cmake_prefix_path.dsv'
[49.077s] INFO:colcon.colcon_core.shell:Creating environment hook '/home/albert/umov_ws/install/arduinobot_remote/share/arduinobot_remote/hook/cmake_prefix_path.sh'
[49.082s] Level 1:colcon.colcon_core.environment:checking '/home/albert/umov_ws/install/arduinobot_remote/lib'
[49.083s] Level 1:colcon.colcon_core.shell:create_environment_hook('arduinobot_remote', 'ld_library_path_lib')
[49.085s] INFO:colcon.colcon_core.shell:Creating environment hook '/home/albert/umov_ws/install/arduinobot_remote/share/arduinobot_remote/hook/ld_library_path_lib.ps1'
[49.089s] INFO:colcon.colcon_core.shell:Creating environment descriptor '/home/albert/umov_ws/install/arduinobot_remote/share/arduinobot_remote/hook/ld_library_path_lib.dsv'
[49.091s] INFO:colcon.colcon_core.shell:Creating environment hook '/home/albert/umov_ws/install/arduinobot_remote/share/arduinobot_remote/hook/ld_library_path_lib.sh'
[49.093s] Level 1:colcon.colcon_core.environment:checking '/home/albert/umov_ws/install/arduinobot_remote/bin'
[49.093s] Level 1:colcon.colcon_core.environment:checking '/home/albert/umov_ws/install/arduinobot_remote/lib/pkgconfig/arduinobot_remote.pc'
[49.094s] Level 1:colcon.colcon_core.environment:checking '/home/albert/umov_ws/install/arduinobot_remote/lib/python3.10/site-packages'
[49.095s] Level 1:colcon.colcon_core.environment:checking '/home/albert/umov_ws/install/arduinobot_remote/bin'
[49.096s] INFO:colcon.colcon_core.shell:Creating package script '/home/albert/umov_ws/install/arduinobot_remote/share/arduinobot_remote/package.ps1'
[49.099s] INFO:colcon.colcon_core.shell:Creating package descriptor '/home/albert/umov_ws/install/arduinobot_remote/share/arduinobot_remote/package.dsv'
[49.100s] INFO:colcon.colcon_core.shell:Creating package script '/home/albert/umov_ws/install/arduinobot_remote/share/arduinobot_remote/package.sh'
[49.104s] INFO:colcon.colcon_core.shell:Creating package script '/home/albert/umov_ws/install/arduinobot_remote/share/arduinobot_remote/package.bash'
[49.108s] INFO:colcon.colcon_core.shell:Creating package script '/home/albert/umov_ws/install/arduinobot_remote/share/arduinobot_remote/package.zsh'
[49.110s] Level 1:colcon.colcon_core.environment:create_file_with_runtime_dependencies(/home/albert/umov_ws/install/arduinobot_remote/share/colcon-core/packages/arduinobot_remote)
[49.111s] DEBUG:colcon.colcon_parallel_executor.executor.parallel:closing loop
[49.112s] DEBUG:colcon.colcon_parallel_executor.executor.parallel:loop closed
[49.112s] DEBUG:colcon.colcon_parallel_executor.executor.parallel:run_until_complete finished with '0'
[49.112s] DEBUG:colcon.colcon_core.event_reactor:joining thread
[49.167s] INFO:colcon.colcon_core.plugin_system:Skipping extension 'colcon_notification.desktop_notification.terminal_notifier': Not used on non-Darwin systems
[49.168s] INFO:colcon.colcon_core.plugin_system:Skipping extension 'colcon_notification.desktop_notification.win32': Not used on non-Windows systems
[49.169s] INFO:colcon.colcon_notification.desktop_notification:Sending desktop notification using 'notify2'
[49.277s] DEBUG:colcon.colcon_core.event_reactor:joined thread
[49.278s] INFO:colcon.colcon_core.shell:Creating prefix script '/home/albert/umov_ws/install/local_setup.ps1'
[49.283s] INFO:colcon.colcon_core.shell:Creating prefix util module '/home/albert/umov_ws/install/_local_setup_util_ps1.py'
[49.287s] INFO:colcon.colcon_core.shell:Creating prefix chain script '/home/albert/umov_ws/install/setup.ps1'
[49.315s] INFO:colcon.colcon_core.shell:Creating prefix script '/home/albert/umov_ws/install/local_setup.sh'
[49.318s] INFO:colcon.colcon_core.shell:Creating prefix util module '/home/albert/umov_ws/install/_local_setup_util_sh.py'
[49.321s] INFO:colcon.colcon_core.shell:Creating prefix chain script '/home/albert/umov_ws/install/setup.sh'
[49.354s] INFO:colcon.colcon_core.shell:Creating prefix script '/home/albert/umov_ws/install/local_setup.bash'
[49.356s] INFO:colcon.colcon_core.shell:Creating prefix chain script '/home/albert/umov_ws/install/setup.bash'
[49.388s] INFO:colcon.colcon_core.shell:Creating prefix script '/home/albert/umov_ws/install/local_setup.zsh'
[49.391s] INFO:colcon.colcon_core.shell:Creating prefix chain script '/home/albert/umov_ws/install/setup.zsh'
