[0.149s] DEBUG:colcon:Command line arguments: ['/usr/bin/colcon', 'build', '--packages-ignore', 'arduinobot_firmware', 'moveitAssistant']
[0.149s] DEBUG:colcon:Parsed command line arguments: Namespace(log_base=None, log_level=None, verb_name='build', build_base='build', install_base='install', merge_install=False, symlink_install=False, test_result_base=None, continue_on_error=False, executor='parallel', parallel_workers=8, event_handlers=None, ignore_user_meta=False, metas=['./colcon.meta'], base_paths=['.'], packages_ignore=['arduinobot_firmware', 'moveitAssistant'], packages_ignore_regex=None, paths=None, packages_up_to=None, packages_up_to_regex=None, packages_above=None, packages_above_and_dependencies=None, packages_above_depth=None, packages_select_by_dep=None, packages_skip_by_dep=None, packages_skip_up_to=None, packages_select_build_failed=False, packages_skip_build_finished=False, packages_select_test_failures=False, packages_skip_test_passed=False, packages_select=None, packages_skip=None, packages_select_regex=None, packages_skip_regex=None, packages_start=None, packages_end=None, allow_overriding=[], cmake_args=None, cmake_target=None, cmake_target_skip_unavailable=False, cmake_clean_cache=False, cmake_clean_first=False, cmake_force_configure=False, ament_cmake_args=None, catkin_cmake_args=None, catkin_skip_building_tests=False, mixin_files=None, mixin=None, verb_parser=<colcon_mixin.mixin.mixin_argument.MixinArgumentDecorator object at 0x7c6dece57550>, verb_extension=<colcon_core.verb.build.BuildVerb object at 0x7c6decfa4490>, main=<bound method BuildVerb.main of <colcon_core.verb.build.BuildVerb object at 0x7c6decfa4490>>, mixin_verb=('build',))
[0.416s] Level 1:colcon.colcon_core.package_discovery:discover_packages(colcon_meta) check parameters
[0.416s] Level 1:colcon.colcon_core.package_discovery:discover_packages(recursive) check parameters
[0.417s] Level 1:colcon.colcon_core.package_discovery:discover_packages(ignore) check parameters
[0.417s] Level 1:colcon.colcon_core.package_discovery:discover_packages(path) check parameters
[0.417s] Level 1:colcon.colcon_core.package_discovery:discover_packages(colcon_meta) discover
[0.417s] Level 1:colcon.colcon_core.package_discovery:discover_packages(recursive) discover
[0.417s] INFO:colcon.colcon_core.package_discovery:Crawling recursively for packages in '/home/albert/umov_ws'
[0.417s] Level 1:colcon.colcon_core.package_identification:_identify(.) by extensions ['ignore', 'ignore_ament_install']
[0.417s] Level 1:colcon.colcon_core.package_identification:_identify(.) by extension 'ignore'
[0.417s] Level 1:colcon.colcon_core.package_identification:_identify(.) by extension 'ignore_ament_install'
[0.417s] Level 1:colcon.colcon_core.package_identification:_identify(.) by extensions ['colcon_pkg']
[0.417s] Level 1:colcon.colcon_core.package_identification:_identify(.) by extension 'colcon_pkg'
[0.417s] Level 1:colcon.colcon_core.package_identification:_identify(.) by extensions ['colcon_meta']
[0.417s] Level 1:colcon.colcon_core.package_identification:_identify(.) by extension 'colcon_meta'
[0.417s] Level 1:colcon.colcon_core.package_identification:_identify(.) by extensions ['ros']
[0.417s] Level 1:colcon.colcon_core.package_identification:_identify(.) by extension 'ros'
[0.439s] Level 1:colcon.colcon_core.package_identification:_identify(.) by extensions ['cmake', 'python']
[0.439s] Level 1:colcon.colcon_core.package_identification:_identify(.) by extension 'cmake'
[0.439s] Level 1:colcon.colcon_core.package_identification:_identify(.) by extension 'python'
[0.439s] Level 1:colcon.colcon_core.package_identification:_identify(.) by extensions ['python_setup_py']
[0.439s] Level 1:colcon.colcon_core.package_identification:_identify(.) by extension 'python_setup_py'
[0.440s] Level 1:colcon.colcon_core.package_identification:_identify(CAD of Robot) by extensions ['ignore', 'ignore_ament_install']
[0.440s] Level 1:colcon.colcon_core.package_identification:_identify(CAD of Robot) by extension 'ignore'
[0.440s] Level 1:colcon.colcon_core.package_identification:_identify(CAD of Robot) by extension 'ignore_ament_install'
[0.440s] Level 1:colcon.colcon_core.package_identification:_identify(CAD of Robot) by extensions ['colcon_pkg']
[0.440s] Level 1:colcon.colcon_core.package_identification:_identify(CAD of Robot) by extension 'colcon_pkg'
[0.440s] Level 1:colcon.colcon_core.package_identification:_identify(CAD of Robot) by extensions ['colcon_meta']
[0.440s] Level 1:colcon.colcon_core.package_identification:_identify(CAD of Robot) by extension 'colcon_meta'
[0.440s] Level 1:colcon.colcon_core.package_identification:_identify(CAD of Robot) by extensions ['ros']
[0.440s] Level 1:colcon.colcon_core.package_identification:_identify(CAD of Robot) by extension 'ros'
[0.440s] Level 1:colcon.colcon_core.package_identification:_identify(CAD of Robot) by extensions ['cmake', 'python']
[0.440s] Level 1:colcon.colcon_core.package_identification:_identify(CAD of Robot) by extension 'cmake'
[0.440s] Level 1:colcon.colcon_core.package_identification:_identify(CAD of Robot) by extension 'python'
[0.440s] Level 1:colcon.colcon_core.package_identification:_identify(CAD of Robot) by extensions ['python_setup_py']
[0.440s] Level 1:colcon.colcon_core.package_identification:_identify(CAD of Robot) by extension 'python_setup_py'
[0.440s] Level 1:colcon.colcon_core.package_identification:_identify(STL 3D Print) by extensions ['ignore', 'ignore_ament_install']
[0.441s] Level 1:colcon.colcon_core.package_identification:_identify(STL 3D Print) by extension 'ignore'
[0.441s] Level 1:colcon.colcon_core.package_identification:_identify(STL 3D Print) by extension 'ignore_ament_install'
[0.441s] Level 1:colcon.colcon_core.package_identification:_identify(STL 3D Print) by extensions ['colcon_pkg']
[0.441s] Level 1:colcon.colcon_core.package_identification:_identify(STL 3D Print) by extension 'colcon_pkg'
[0.441s] Level 1:colcon.colcon_core.package_identification:_identify(STL 3D Print) by extensions ['colcon_meta']
[0.441s] Level 1:colcon.colcon_core.package_identification:_identify(STL 3D Print) by extension 'colcon_meta'
[0.441s] Level 1:colcon.colcon_core.package_identification:_identify(STL 3D Print) by extensions ['ros']
[0.441s] Level 1:colcon.colcon_core.package_identification:_identify(STL 3D Print) by extension 'ros'
[0.441s] Level 1:colcon.colcon_core.package_identification:_identify(STL 3D Print) by extensions ['cmake', 'python']
[0.441s] Level 1:colcon.colcon_core.package_identification:_identify(STL 3D Print) by extension 'cmake'
[0.441s] Level 1:colcon.colcon_core.package_identification:_identify(STL 3D Print) by extension 'python'
[0.441s] Level 1:colcon.colcon_core.package_identification:_identify(STL 3D Print) by extensions ['python_setup_py']
[0.441s] Level 1:colcon.colcon_core.package_identification:_identify(STL 3D Print) by extension 'python_setup_py'
[0.441s] Level 1:colcon.colcon_core.package_identification:_identify(STL Gazebo) by extensions ['ignore', 'ignore_ament_install']
[0.441s] Level 1:colcon.colcon_core.package_identification:_identify(STL Gazebo) by extension 'ignore'
[0.441s] Level 1:colcon.colcon_core.package_identification:_identify(STL Gazebo) by extension 'ignore_ament_install'
[0.441s] Level 1:colcon.colcon_core.package_identification:_identify(STL Gazebo) by extensions ['colcon_pkg']
[0.442s] Level 1:colcon.colcon_core.package_identification:_identify(STL Gazebo) by extension 'colcon_pkg'
[0.442s] Level 1:colcon.colcon_core.package_identification:_identify(STL Gazebo) by extensions ['colcon_meta']
[0.442s] Level 1:colcon.colcon_core.package_identification:_identify(STL Gazebo) by extension 'colcon_meta'
[0.442s] Level 1:colcon.colcon_core.package_identification:_identify(STL Gazebo) by extensions ['ros']
[0.442s] Level 1:colcon.colcon_core.package_identification:_identify(STL Gazebo) by extension 'ros'
[0.442s] Level 1:colcon.colcon_core.package_identification:_identify(STL Gazebo) by extensions ['cmake', 'python']
[0.442s] Level 1:colcon.colcon_core.package_identification:_identify(STL Gazebo) by extension 'cmake'
[0.442s] Level 1:colcon.colcon_core.package_identification:_identify(STL Gazebo) by extension 'python'
[0.442s] Level 1:colcon.colcon_core.package_identification:_identify(STL Gazebo) by extensions ['python_setup_py']
[0.442s] Level 1:colcon.colcon_core.package_identification:_identify(STL Gazebo) by extension 'python_setup_py'
[0.442s] Level 1:colcon.colcon_core.package_identification:_identify(build) by extensions ['ignore', 'ignore_ament_install']
[0.442s] Level 1:colcon.colcon_core.package_identification:_identify(build) by extension 'ignore'
[0.442s] Level 1:colcon.colcon_core.package_identification:_identify(build) ignored
[0.442s] Level 1:colcon.colcon_core.package_identification:_identify(install) by extensions ['ignore', 'ignore_ament_install']
[0.442s] Level 1:colcon.colcon_core.package_identification:_identify(install) by extension 'ignore'
[0.442s] Level 1:colcon.colcon_core.package_identification:_identify(install) ignored
[0.443s] Level 1:colcon.colcon_core.package_identification:_identify(log) by extensions ['ignore', 'ignore_ament_install']
[0.443s] Level 1:colcon.colcon_core.package_identification:_identify(log) by extension 'ignore'
[0.443s] Level 1:colcon.colcon_core.package_identification:_identify(log) ignored
[0.443s] Level 1:colcon.colcon_core.package_identification:_identify(src) by extensions ['ignore', 'ignore_ament_install']
[0.443s] Level 1:colcon.colcon_core.package_identification:_identify(src) by extension 'ignore'
[0.443s] Level 1:colcon.colcon_core.package_identification:_identify(src) by extension 'ignore_ament_install'
[0.443s] Level 1:colcon.colcon_core.package_identification:_identify(src) by extensions ['colcon_pkg']
[0.443s] Level 1:colcon.colcon_core.package_identification:_identify(src) by extension 'colcon_pkg'
[0.443s] Level 1:colcon.colcon_core.package_identification:_identify(src) by extensions ['colcon_meta']
[0.443s] Level 1:colcon.colcon_core.package_identification:_identify(src) by extension 'colcon_meta'
[0.443s] Level 1:colcon.colcon_core.package_identification:_identify(src) by extensions ['ros']
[0.443s] Level 1:colcon.colcon_core.package_identification:_identify(src) by extension 'ros'
[0.443s] Level 1:colcon.colcon_core.package_identification:_identify(src) by extensions ['cmake', 'python']
[0.443s] Level 1:colcon.colcon_core.package_identification:_identify(src) by extension 'cmake'
[0.443s] Level 1:colcon.colcon_core.package_identification:_identify(src) by extension 'python'
[0.443s] Level 1:colcon.colcon_core.package_identification:_identify(src) by extensions ['python_setup_py']
[0.443s] Level 1:colcon.colcon_core.package_identification:_identify(src) by extension 'python_setup_py'
[0.444s] Level 1:colcon.colcon_core.package_identification:_identify(src/arduino_cpp_examples) by extensions ['ignore', 'ignore_ament_install']
[0.444s] Level 1:colcon.colcon_core.package_identification:_identify(src/arduino_cpp_examples) by extension 'ignore'
[0.444s] Level 1:colcon.colcon_core.package_identification:_identify(src/arduino_cpp_examples) by extension 'ignore_ament_install'
[0.444s] Level 1:colcon.colcon_core.package_identification:_identify(src/arduino_cpp_examples) by extensions ['colcon_pkg']
[0.444s] Level 1:colcon.colcon_core.package_identification:_identify(src/arduino_cpp_examples) by extension 'colcon_pkg'
[0.444s] Level 1:colcon.colcon_core.package_identification:_identify(src/arduino_cpp_examples) by extensions ['colcon_meta']
[0.444s] Level 1:colcon.colcon_core.package_identification:_identify(src/arduino_cpp_examples) by extension 'colcon_meta'
[0.444s] Level 1:colcon.colcon_core.package_identification:_identify(src/arduino_cpp_examples) by extensions ['ros']
[0.444s] Level 1:colcon.colcon_core.package_identification:_identify(src/arduino_cpp_examples) by extension 'ros'
[0.447s] DEBUG:colcon.colcon_core.package_identification:Package 'src/arduino_cpp_examples' with type 'ros.ament_cmake' and name 'arduino_cpp_examples'
[0.447s] Level 1:colcon.colcon_core.package_identification:_identify(src/arduino_py_examples) by extensions ['ignore', 'ignore_ament_install']
[0.447s] Level 1:colcon.colcon_core.package_identification:_identify(src/arduino_py_examples) by extension 'ignore'
[0.447s] Level 1:colcon.colcon_core.package_identification:_identify(src/arduino_py_examples) by extension 'ignore_ament_install'
[0.447s] Level 1:colcon.colcon_core.package_identification:_identify(src/arduino_py_examples) by extensions ['colcon_pkg']
[0.447s] Level 1:colcon.colcon_core.package_identification:_identify(src/arduino_py_examples) by extension 'colcon_pkg'
[0.447s] Level 1:colcon.colcon_core.package_identification:_identify(src/arduino_py_examples) by extensions ['colcon_meta']
[0.447s] Level 1:colcon.colcon_core.package_identification:_identify(src/arduino_py_examples) by extension 'colcon_meta'
[0.448s] Level 1:colcon.colcon_core.package_identification:_identify(src/arduino_py_examples) by extensions ['ros']
[0.448s] Level 1:colcon.colcon_core.package_identification:_identify(src/arduino_py_examples) by extension 'ros'
[0.451s] DEBUG:colcon.colcon_core.package_identification:Package 'src/arduino_py_examples' with type 'ros.ament_python' and name 'arduino_py_examples'
[0.451s] Level 1:colcon.colcon_core.package_identification:_identify(src/arduinobot_bringup) by extensions ['ignore', 'ignore_ament_install']
[0.451s] Level 1:colcon.colcon_core.package_identification:_identify(src/arduinobot_bringup) by extension 'ignore'
[0.451s] Level 1:colcon.colcon_core.package_identification:_identify(src/arduinobot_bringup) by extension 'ignore_ament_install'
[0.451s] Level 1:colcon.colcon_core.package_identification:_identify(src/arduinobot_bringup) by extensions ['colcon_pkg']
[0.451s] Level 1:colcon.colcon_core.package_identification:_identify(src/arduinobot_bringup) by extension 'colcon_pkg'
[0.451s] Level 1:colcon.colcon_core.package_identification:_identify(src/arduinobot_bringup) by extensions ['colcon_meta']
[0.451s] Level 1:colcon.colcon_core.package_identification:_identify(src/arduinobot_bringup) by extension 'colcon_meta'
[0.451s] Level 1:colcon.colcon_core.package_identification:_identify(src/arduinobot_bringup) by extensions ['ros']
[0.451s] Level 1:colcon.colcon_core.package_identification:_identify(src/arduinobot_bringup) by extension 'ros'
[0.452s] DEBUG:colcon.colcon_core.package_identification:Package 'src/arduinobot_bringup' with type 'ros.ament_cmake' and name 'arduinobot_bringup'
[0.453s] Level 1:colcon.colcon_core.package_identification:_identify(src/arduinobot_controller) by extensions ['ignore', 'ignore_ament_install']
[0.453s] Level 1:colcon.colcon_core.package_identification:_identify(src/arduinobot_controller) by extension 'ignore'
[0.453s] Level 1:colcon.colcon_core.package_identification:_identify(src/arduinobot_controller) by extension 'ignore_ament_install'
[0.453s] Level 1:colcon.colcon_core.package_identification:_identify(src/arduinobot_controller) by extensions ['colcon_pkg']
[0.453s] Level 1:colcon.colcon_core.package_identification:_identify(src/arduinobot_controller) by extension 'colcon_pkg'
[0.453s] Level 1:colcon.colcon_core.package_identification:_identify(src/arduinobot_controller) by extensions ['colcon_meta']
[0.453s] Level 1:colcon.colcon_core.package_identification:_identify(src/arduinobot_controller) by extension 'colcon_meta'
[0.453s] Level 1:colcon.colcon_core.package_identification:_identify(src/arduinobot_controller) by extensions ['ros']
[0.453s] Level 1:colcon.colcon_core.package_identification:_identify(src/arduinobot_controller) by extension 'ros'
[0.454s] DEBUG:colcon.colcon_core.package_identification:Package 'src/arduinobot_controller' with type 'ros.ament_cmake' and name 'arduinobot_controller'
[0.454s] Level 1:colcon.colcon_core.package_identification:_identify(src/arduinobot_firmware) by extensions ['ignore', 'ignore_ament_install']
[0.455s] Level 1:colcon.colcon_core.package_identification:_identify(src/arduinobot_firmware) by extension 'ignore'
[0.455s] Level 1:colcon.colcon_core.package_identification:_identify(src/arduinobot_firmware) by extension 'ignore_ament_install'
[0.455s] Level 1:colcon.colcon_core.package_identification:_identify(src/arduinobot_firmware) by extensions ['colcon_pkg']
[0.455s] Level 1:colcon.colcon_core.package_identification:_identify(src/arduinobot_firmware) by extension 'colcon_pkg'
[0.455s] Level 1:colcon.colcon_core.package_identification:_identify(src/arduinobot_firmware) by extensions ['colcon_meta']
[0.455s] Level 1:colcon.colcon_core.package_identification:_identify(src/arduinobot_firmware) by extension 'colcon_meta'
[0.455s] Level 1:colcon.colcon_core.package_identification:_identify(src/arduinobot_firmware) by extensions ['ros']
[0.455s] Level 1:colcon.colcon_core.package_identification:_identify(src/arduinobot_firmware) by extension 'ros'
[0.456s] DEBUG:colcon.colcon_core.package_identification:Package 'src/arduinobot_firmware' with type 'ros.ament_cmake' and name 'arduinobot_firmware'
[0.456s] Level 1:colcon.colcon_core.package_identification:_identify(src/arduinobot_moveit) by extensions ['ignore', 'ignore_ament_install']
[0.457s] Level 1:colcon.colcon_core.package_identification:_identify(src/arduinobot_moveit) by extension 'ignore'
[0.457s] Level 1:colcon.colcon_core.package_identification:_identify(src/arduinobot_moveit) by extension 'ignore_ament_install'
[0.457s] Level 1:colcon.colcon_core.package_identification:_identify(src/arduinobot_moveit) by extensions ['colcon_pkg']
[0.457s] Level 1:colcon.colcon_core.package_identification:_identify(src/arduinobot_moveit) by extension 'colcon_pkg'
[0.457s] Level 1:colcon.colcon_core.package_identification:_identify(src/arduinobot_moveit) by extensions ['colcon_meta']
[0.457s] Level 1:colcon.colcon_core.package_identification:_identify(src/arduinobot_moveit) by extension 'colcon_meta'
[0.457s] Level 1:colcon.colcon_core.package_identification:_identify(src/arduinobot_moveit) by extensions ['ros']
[0.457s] Level 1:colcon.colcon_core.package_identification:_identify(src/arduinobot_moveit) by extension 'ros'
[0.458s] DEBUG:colcon.colcon_core.package_identification:Package 'src/arduinobot_moveit' with type 'ros.ament_cmake' and name 'arduinobot_moveit'
[0.458s] Level 1:colcon.colcon_core.package_identification:_identify(src/arduinobot_msgs) by extensions ['ignore', 'ignore_ament_install']
[0.458s] Level 1:colcon.colcon_core.package_identification:_identify(src/arduinobot_msgs) by extension 'ignore'
[0.459s] Level 1:colcon.colcon_core.package_identification:_identify(src/arduinobot_msgs) by extension 'ignore_ament_install'
[0.459s] Level 1:colcon.colcon_core.package_identification:_identify(src/arduinobot_msgs) by extensions ['colcon_pkg']
[0.459s] Level 1:colcon.colcon_core.package_identification:_identify(src/arduinobot_msgs) by extension 'colcon_pkg'
[0.459s] Level 1:colcon.colcon_core.package_identification:_identify(src/arduinobot_msgs) by extensions ['colcon_meta']
[0.459s] Level 1:colcon.colcon_core.package_identification:_identify(src/arduinobot_msgs) by extension 'colcon_meta'
[0.459s] Level 1:colcon.colcon_core.package_identification:_identify(src/arduinobot_msgs) by extensions ['ros']
[0.459s] Level 1:colcon.colcon_core.package_identification:_identify(src/arduinobot_msgs) by extension 'ros'
[0.459s] DEBUG:colcon.colcon_core.package_identification:Package 'src/arduinobot_msgs' with type 'ros.ament_cmake' and name 'arduinobot_msgs'
[0.460s] Level 1:colcon.colcon_core.package_identification:_identify(src/arduinobot_remote) by extensions ['ignore', 'ignore_ament_install']
[0.460s] Level 1:colcon.colcon_core.package_identification:_identify(src/arduinobot_remote) by extension 'ignore'
[0.460s] Level 1:colcon.colcon_core.package_identification:_identify(src/arduinobot_remote) by extension 'ignore_ament_install'
[0.460s] Level 1:colcon.colcon_core.package_identification:_identify(src/arduinobot_remote) by extensions ['colcon_pkg']
[0.460s] Level 1:colcon.colcon_core.package_identification:_identify(src/arduinobot_remote) by extension 'colcon_pkg'
[0.460s] Level 1:colcon.colcon_core.package_identification:_identify(src/arduinobot_remote) by extensions ['colcon_meta']
[0.460s] Level 1:colcon.colcon_core.package_identification:_identify(src/arduinobot_remote) by extension 'colcon_meta'
[0.460s] Level 1:colcon.colcon_core.package_identification:_identify(src/arduinobot_remote) by extensions ['ros']
[0.460s] Level 1:colcon.colcon_core.package_identification:_identify(src/arduinobot_remote) by extension 'ros'
[0.462s] DEBUG:colcon.colcon_core.package_identification:Package 'src/arduinobot_remote' with type 'ros.ament_cmake' and name 'arduinobot_remote'
[0.462s] Level 1:colcon.colcon_core.package_identification:_identify(src/arduinobot_utils) by extensions ['ignore', 'ignore_ament_install']
[0.462s] Level 1:colcon.colcon_core.package_identification:_identify(src/arduinobot_utils) by extension 'ignore'
[0.462s] Level 1:colcon.colcon_core.package_identification:_identify(src/arduinobot_utils) by extension 'ignore_ament_install'
[0.463s] Level 1:colcon.colcon_core.package_identification:_identify(src/arduinobot_utils) by extensions ['colcon_pkg']
[0.463s] Level 1:colcon.colcon_core.package_identification:_identify(src/arduinobot_utils) by extension 'colcon_pkg'
[0.463s] Level 1:colcon.colcon_core.package_identification:_identify(src/arduinobot_utils) by extensions ['colcon_meta']
[0.463s] Level 1:colcon.colcon_core.package_identification:_identify(src/arduinobot_utils) by extension 'colcon_meta'
[0.463s] Level 1:colcon.colcon_core.package_identification:_identify(src/arduinobot_utils) by extensions ['ros']
[0.463s] Level 1:colcon.colcon_core.package_identification:_identify(src/arduinobot_utils) by extension 'ros'
[0.464s] DEBUG:colcon.colcon_core.package_identification:Package 'src/arduinobot_utils' with type 'ros.ament_cmake' and name 'arduinobot_utils'
[0.464s] Level 1:colcon.colcon_core.package_identification:_identify(src/description) by extensions ['ignore', 'ignore_ament_install']
[0.464s] Level 1:colcon.colcon_core.package_identification:_identify(src/description) by extension 'ignore'
[0.464s] Level 1:colcon.colcon_core.package_identification:_identify(src/description) by extension 'ignore_ament_install'
[0.464s] Level 1:colcon.colcon_core.package_identification:_identify(src/description) by extensions ['colcon_pkg']
[0.465s] Level 1:colcon.colcon_core.package_identification:_identify(src/description) by extension 'colcon_pkg'
[0.465s] Level 1:colcon.colcon_core.package_identification:_identify(src/description) by extensions ['colcon_meta']
[0.465s] Level 1:colcon.colcon_core.package_identification:_identify(src/description) by extension 'colcon_meta'
[0.465s] Level 1:colcon.colcon_core.package_identification:_identify(src/description) by extensions ['ros']
[0.465s] Level 1:colcon.colcon_core.package_identification:_identify(src/description) by extension 'ros'
[0.466s] DEBUG:colcon.colcon_core.package_identification:Package 'src/description' with type 'ros.ament_cmake' and name 'description'
[0.466s] Level 1:colcon.colcon_core.package_identification:_identify(src/moveitAssistant) by extensions ['ignore', 'ignore_ament_install']
[0.466s] Level 1:colcon.colcon_core.package_identification:_identify(src/moveitAssistant) by extension 'ignore'
[0.466s] Level 1:colcon.colcon_core.package_identification:_identify(src/moveitAssistant) by extension 'ignore_ament_install'
[0.466s] Level 1:colcon.colcon_core.package_identification:_identify(src/moveitAssistant) by extensions ['colcon_pkg']
[0.466s] Level 1:colcon.colcon_core.package_identification:_identify(src/moveitAssistant) by extension 'colcon_pkg'
[0.467s] Level 1:colcon.colcon_core.package_identification:_identify(src/moveitAssistant) by extensions ['colcon_meta']
[0.467s] Level 1:colcon.colcon_core.package_identification:_identify(src/moveitAssistant) by extension 'colcon_meta'
[0.467s] Level 1:colcon.colcon_core.package_identification:_identify(src/moveitAssistant) by extensions ['ros']
[0.467s] Level 1:colcon.colcon_core.package_identification:_identify(src/moveitAssistant) by extension 'ros'
[0.468s] DEBUG:colcon.colcon_core.package_identification:Package 'src/moveitAssistant' with type 'ros.ament_cmake' and name 'MoveitAssistant'
[0.468s] Level 1:colcon.colcon_core.package_discovery:discover_packages(recursive) using defaults
[0.468s] Level 1:colcon.colcon_core.package_discovery:discover_packages(ignore) discover
[0.469s] Level 1:colcon.colcon_core.package_discovery:discover_packages(ignore) using defaults
[0.469s] Level 1:colcon.colcon_core.package_discovery:discover_packages(path) discover
[0.469s] Level 1:colcon.colcon_core.package_discovery:discover_packages(path) using defaults
[0.493s] WARNING:colcon.colcon_core.package_discovery:ignoring unknown package 'moveitAssistant' in --packages-ignore
[0.496s] Level 1:colcon.colcon_core.package_discovery:discover_packages(prefix_path) check parameters
[0.496s] Level 1:colcon.colcon_core.package_discovery:discover_packages(prefix_path) discover
[0.500s] WARNING:colcon.colcon_ros.prefix_path.ament:The path '/home/albert/umov_ws/install/arduinobot_firmware' in the environment variable AMENT_PREFIX_PATH doesn't exist
[0.503s] WARNING:colcon.colcon_ros.prefix_path.catkin:The path '/home/albert/umov_ws/install/arduinobot_firmware' in the environment variable CMAKE_PREFIX_PATH doesn't exist
[0.505s] DEBUG:colcon.colcon_installed_package_information.package_discovery:Found 10 installed packages in /home/albert/umov_ws/install
[0.507s] DEBUG:colcon.colcon_installed_package_information.package_discovery:Found 12 installed packages in /home/albert/udem2_ws/install
[0.508s] DEBUG:colcon.colcon_installed_package_information.package_discovery:Found 18 installed packages in /home/albert/bcdc_ws/install
[0.511s] DEBUG:colcon.colcon_installed_package_information.package_discovery:Found 55 installed packages in /home/albert/ws_moveit2/install
[0.512s] DEBUG:colcon.colcon_installed_package_information.package_discovery:Found 3 installed packages in /home/albert/unav_ws/install
[0.514s] DEBUG:colcon.colcon_installed_package_information.package_discovery:Found 8 installed packages in /home/albert/udem_ws/install
[0.515s] DEBUG:colcon.colcon_installed_package_information.package_discovery:Found 9 installed packages in /home/albert/arduinobot_ws/install
[0.515s] DEBUG:colcon.colcon_installed_package_information.package_discovery:Found 5 installed packages in /home/albert/ag_arm_ws/install
[0.516s] DEBUG:colcon.colcon_installed_package_information.package_discovery:Found 8 installed packages in /home/albert/rad_ws/install
[0.516s] DEBUG:colcon.colcon_installed_package_information.package_discovery:Found 1 installed packages in /home/albert/dev_ws/install
[0.517s] DEBUG:colcon.colcon_installed_package_information.package_discovery:Found 4 installed packages in /home/albert/ag_car_ws/install
[0.518s] DEBUG:colcon.colcon_installed_package_information.package_discovery:Found 435 installed packages in /opt/ros/humble
[0.522s] Level 1:colcon.colcon_core.package_discovery:discover_packages(prefix_path) using defaults
[0.613s] WARNING:colcon.colcon_core.package_selection:Some selected packages are already built in one or more underlay workspaces:
	'arduinobot_msgs' is in: /home/albert/umov_ws/install/arduinobot_msgs, /home/albert/arduinobot_ws/install/arduinobot_msgs
If a package in a merged underlay workspace is overridden and it installs headers, then all packages in the overlay must sort their include directories by workspace order. Failure to do so may result in build failures or undefined behavior at run time.
If the overridden package is used by another package in any underlay, then the overriding package in the overlay must be API and ABI compatible or undefined behavior at run time may occur.

If you understand the risks and want to override a package anyways, add the following to the command line:
	--allow-overriding arduinobot_msgs

This may be promoted to an error in a future release of colcon-override-check.
[0.614s] Level 5:colcon.colcon_core.verb:set package 'arduinobot_bringup' build argument 'cmake_args' from command line to 'None'
[0.614s] Level 5:colcon.colcon_core.verb:set package 'arduinobot_bringup' build argument 'cmake_target' from command line to 'None'
[0.614s] Level 5:colcon.colcon_core.verb:set package 'arduinobot_bringup' build argument 'cmake_target_skip_unavailable' from command line to 'False'
[0.614s] Level 5:colcon.colcon_core.verb:set package 'arduinobot_bringup' build argument 'cmake_clean_cache' from command line to 'False'
[0.614s] Level 5:colcon.colcon_core.verb:set package 'arduinobot_bringup' build argument 'cmake_clean_first' from command line to 'False'
[0.614s] Level 5:colcon.colcon_core.verb:set package 'arduinobot_bringup' build argument 'cmake_force_configure' from command line to 'False'
[0.614s] Level 5:colcon.colcon_core.verb:set package 'arduinobot_bringup' build argument 'ament_cmake_args' from command line to 'None'
[0.614s] Level 5:colcon.colcon_core.verb:set package 'arduinobot_bringup' build argument 'catkin_cmake_args' from command line to 'None'
[0.614s] Level 5:colcon.colcon_core.verb:set package 'arduinobot_bringup' build argument 'catkin_skip_building_tests' from command line to 'False'
[0.614s] DEBUG:colcon.colcon_core.verb:Building package 'arduinobot_bringup' with the following arguments: {'ament_cmake_args': None, 'build_base': '/home/albert/umov_ws/build/arduinobot_bringup', 'catkin_cmake_args': None, 'catkin_skip_building_tests': False, 'cmake_args': None, 'cmake_clean_cache': False, 'cmake_clean_first': False, 'cmake_force_configure': False, 'cmake_target': None, 'cmake_target_skip_unavailable': False, 'install_base': '/home/albert/umov_ws/install/arduinobot_bringup', 'merge_install': False, 'path': '/home/albert/umov_ws/src/arduinobot_bringup', 'symlink_install': False, 'test_result_base': None}
[0.615s] Level 5:colcon.colcon_core.verb:set package 'arduinobot_controller' build argument 'cmake_args' from command line to 'None'
[0.615s] Level 5:colcon.colcon_core.verb:set package 'arduinobot_controller' build argument 'cmake_target' from command line to 'None'
[0.615s] Level 5:colcon.colcon_core.verb:set package 'arduinobot_controller' build argument 'cmake_target_skip_unavailable' from command line to 'False'
[0.615s] Level 5:colcon.colcon_core.verb:set package 'arduinobot_controller' build argument 'cmake_clean_cache' from command line to 'False'
[0.615s] Level 5:colcon.colcon_core.verb:set package 'arduinobot_controller' build argument 'cmake_clean_first' from command line to 'False'
[0.615s] Level 5:colcon.colcon_core.verb:set package 'arduinobot_controller' build argument 'cmake_force_configure' from command line to 'False'
[0.615s] Level 5:colcon.colcon_core.verb:set package 'arduinobot_controller' build argument 'ament_cmake_args' from command line to 'None'
[0.615s] Level 5:colcon.colcon_core.verb:set package 'arduinobot_controller' build argument 'catkin_cmake_args' from command line to 'None'
[0.615s] Level 5:colcon.colcon_core.verb:set package 'arduinobot_controller' build argument 'catkin_skip_building_tests' from command line to 'False'
[0.615s] DEBUG:colcon.colcon_core.verb:Building package 'arduinobot_controller' with the following arguments: {'ament_cmake_args': None, 'build_base': '/home/albert/umov_ws/build/arduinobot_controller', 'catkin_cmake_args': None, 'catkin_skip_building_tests': False, 'cmake_args': None, 'cmake_clean_cache': False, 'cmake_clean_first': False, 'cmake_force_configure': False, 'cmake_target': None, 'cmake_target_skip_unavailable': False, 'install_base': '/home/albert/umov_ws/install/arduinobot_controller', 'merge_install': False, 'path': '/home/albert/umov_ws/src/arduinobot_controller', 'symlink_install': False, 'test_result_base': None}
[0.615s] Level 5:colcon.colcon_core.verb:set package 'arduinobot_moveit' build argument 'cmake_args' from command line to 'None'
[0.615s] Level 5:colcon.colcon_core.verb:set package 'arduinobot_moveit' build argument 'cmake_target' from command line to 'None'
[0.616s] Level 5:colcon.colcon_core.verb:set package 'arduinobot_moveit' build argument 'cmake_target_skip_unavailable' from command line to 'False'
[0.616s] Level 5:colcon.colcon_core.verb:set package 'arduinobot_moveit' build argument 'cmake_clean_cache' from command line to 'False'
[0.616s] Level 5:colcon.colcon_core.verb:set package 'arduinobot_moveit' build argument 'cmake_clean_first' from command line to 'False'
[0.616s] Level 5:colcon.colcon_core.verb:set package 'arduinobot_moveit' build argument 'cmake_force_configure' from command line to 'False'
[0.616s] Level 5:colcon.colcon_core.verb:set package 'arduinobot_moveit' build argument 'ament_cmake_args' from command line to 'None'
[0.616s] Level 5:colcon.colcon_core.verb:set package 'arduinobot_moveit' build argument 'catkin_cmake_args' from command line to 'None'
[0.616s] Level 5:colcon.colcon_core.verb:set package 'arduinobot_moveit' build argument 'catkin_skip_building_tests' from command line to 'False'
[0.616s] DEBUG:colcon.colcon_core.verb:Building package 'arduinobot_moveit' with the following arguments: {'ament_cmake_args': None, 'build_base': '/home/albert/umov_ws/build/arduinobot_moveit', 'catkin_cmake_args': None, 'catkin_skip_building_tests': False, 'cmake_args': None, 'cmake_clean_cache': False, 'cmake_clean_first': False, 'cmake_force_configure': False, 'cmake_target': None, 'cmake_target_skip_unavailable': False, 'install_base': '/home/albert/umov_ws/install/arduinobot_moveit', 'merge_install': False, 'path': '/home/albert/umov_ws/src/arduinobot_moveit', 'symlink_install': False, 'test_result_base': None}
[0.616s] Level 5:colcon.colcon_core.verb:set package 'arduinobot_msgs' build argument 'cmake_args' from command line to 'None'
[0.616s] Level 5:colcon.colcon_core.verb:set package 'arduinobot_msgs' build argument 'cmake_target' from command line to 'None'
[0.616s] Level 5:colcon.colcon_core.verb:set package 'arduinobot_msgs' build argument 'cmake_target_skip_unavailable' from command line to 'False'
[0.616s] Level 5:colcon.colcon_core.verb:set package 'arduinobot_msgs' build argument 'cmake_clean_cache' from command line to 'False'
[0.616s] Level 5:colcon.colcon_core.verb:set package 'arduinobot_msgs' build argument 'cmake_clean_first' from command line to 'False'
[0.617s] Level 5:colcon.colcon_core.verb:set package 'arduinobot_msgs' build argument 'cmake_force_configure' from command line to 'False'
[0.617s] Level 5:colcon.colcon_core.verb:set package 'arduinobot_msgs' build argument 'ament_cmake_args' from command line to 'None'
[0.617s] Level 5:colcon.colcon_core.verb:set package 'arduinobot_msgs' build argument 'catkin_cmake_args' from command line to 'None'
[0.617s] Level 5:colcon.colcon_core.verb:set package 'arduinobot_msgs' build argument 'catkin_skip_building_tests' from command line to 'False'
[0.617s] DEBUG:colcon.colcon_core.verb:Building package 'arduinobot_msgs' with the following arguments: {'ament_cmake_args': None, 'build_base': '/home/albert/umov_ws/build/arduinobot_msgs', 'catkin_cmake_args': None, 'catkin_skip_building_tests': False, 'cmake_args': None, 'cmake_clean_cache': False, 'cmake_clean_first': False, 'cmake_force_configure': False, 'cmake_target': None, 'cmake_target_skip_unavailable': False, 'install_base': '/home/albert/umov_ws/install/arduinobot_msgs', 'merge_install': False, 'path': '/home/albert/umov_ws/src/arduinobot_msgs', 'symlink_install': False, 'test_result_base': None}
[0.617s] Level 5:colcon.colcon_core.verb:set package 'description' build argument 'cmake_args' from command line to 'None'
[0.617s] Level 5:colcon.colcon_core.verb:set package 'description' build argument 'cmake_target' from command line to 'None'
[0.617s] Level 5:colcon.colcon_core.verb:set package 'description' build argument 'cmake_target_skip_unavailable' from command line to 'False'
[0.617s] Level 5:colcon.colcon_core.verb:set package 'description' build argument 'cmake_clean_cache' from command line to 'False'
[0.617s] Level 5:colcon.colcon_core.verb:set package 'description' build argument 'cmake_clean_first' from command line to 'False'
[0.617s] Level 5:colcon.colcon_core.verb:set package 'description' build argument 'cmake_force_configure' from command line to 'False'
[0.617s] Level 5:colcon.colcon_core.verb:set package 'description' build argument 'ament_cmake_args' from command line to 'None'
[0.617s] Level 5:colcon.colcon_core.verb:set package 'description' build argument 'catkin_cmake_args' from command line to 'None'
[0.617s] Level 5:colcon.colcon_core.verb:set package 'description' build argument 'catkin_skip_building_tests' from command line to 'False'
[0.618s] DEBUG:colcon.colcon_core.verb:Building package 'description' with the following arguments: {'ament_cmake_args': None, 'build_base': '/home/albert/umov_ws/build/description', 'catkin_cmake_args': None, 'catkin_skip_building_tests': False, 'cmake_args': None, 'cmake_clean_cache': False, 'cmake_clean_first': False, 'cmake_force_configure': False, 'cmake_target': None, 'cmake_target_skip_unavailable': False, 'install_base': '/home/albert/umov_ws/install/description', 'merge_install': False, 'path': '/home/albert/umov_ws/src/description', 'symlink_install': False, 'test_result_base': None}
[0.618s] Level 5:colcon.colcon_core.verb:set package 'MoveitAssistant' build argument 'cmake_args' from command line to 'None'
[0.618s] Level 5:colcon.colcon_core.verb:set package 'MoveitAssistant' build argument 'cmake_target' from command line to 'None'
[0.618s] Level 5:colcon.colcon_core.verb:set package 'MoveitAssistant' build argument 'cmake_target_skip_unavailable' from command line to 'False'
[0.618s] Level 5:colcon.colcon_core.verb:set package 'MoveitAssistant' build argument 'cmake_clean_cache' from command line to 'False'
[0.618s] Level 5:colcon.colcon_core.verb:set package 'MoveitAssistant' build argument 'cmake_clean_first' from command line to 'False'
[0.618s] Level 5:colcon.colcon_core.verb:set package 'MoveitAssistant' build argument 'cmake_force_configure' from command line to 'False'
[0.618s] Level 5:colcon.colcon_core.verb:set package 'MoveitAssistant' build argument 'ament_cmake_args' from command line to 'None'
[0.618s] Level 5:colcon.colcon_core.verb:set package 'MoveitAssistant' build argument 'catkin_cmake_args' from command line to 'None'
[0.618s] Level 5:colcon.colcon_core.verb:set package 'MoveitAssistant' build argument 'catkin_skip_building_tests' from command line to 'False'
[0.618s] DEBUG:colcon.colcon_core.verb:Building package 'MoveitAssistant' with the following arguments: {'ament_cmake_args': None, 'build_base': '/home/albert/umov_ws/build/MoveitAssistant', 'catkin_cmake_args': None, 'catkin_skip_building_tests': False, 'cmake_args': None, 'cmake_clean_cache': False, 'cmake_clean_first': False, 'cmake_force_configure': False, 'cmake_target': None, 'cmake_target_skip_unavailable': False, 'install_base': '/home/albert/umov_ws/install/MoveitAssistant', 'merge_install': False, 'path': '/home/albert/umov_ws/src/moveitAssistant', 'symlink_install': False, 'test_result_base': None}
[0.619s] Level 5:colcon.colcon_core.verb:set package 'arduino_cpp_examples' build argument 'cmake_args' from command line to 'None'
[0.619s] Level 5:colcon.colcon_core.verb:set package 'arduino_cpp_examples' build argument 'cmake_target' from command line to 'None'
[0.619s] Level 5:colcon.colcon_core.verb:set package 'arduino_cpp_examples' build argument 'cmake_target_skip_unavailable' from command line to 'False'
[0.619s] Level 5:colcon.colcon_core.verb:set package 'arduino_cpp_examples' build argument 'cmake_clean_cache' from command line to 'False'
[0.619s] Level 5:colcon.colcon_core.verb:set package 'arduino_cpp_examples' build argument 'cmake_clean_first' from command line to 'False'
[0.619s] Level 5:colcon.colcon_core.verb:set package 'arduino_cpp_examples' build argument 'cmake_force_configure' from command line to 'False'
[0.619s] Level 5:colcon.colcon_core.verb:set package 'arduino_cpp_examples' build argument 'ament_cmake_args' from command line to 'None'
[0.619s] Level 5:colcon.colcon_core.verb:set package 'arduino_cpp_examples' build argument 'catkin_cmake_args' from command line to 'None'
[0.619s] Level 5:colcon.colcon_core.verb:set package 'arduino_cpp_examples' build argument 'catkin_skip_building_tests' from command line to 'False'
[0.619s] DEBUG:colcon.colcon_core.verb:Building package 'arduino_cpp_examples' with the following arguments: {'ament_cmake_args': None, 'build_base': '/home/albert/umov_ws/build/arduino_cpp_examples', 'catkin_cmake_args': None, 'catkin_skip_building_tests': False, 'cmake_args': None, 'cmake_clean_cache': False, 'cmake_clean_first': False, 'cmake_force_configure': False, 'cmake_target': None, 'cmake_target_skip_unavailable': False, 'install_base': '/home/albert/umov_ws/install/arduino_cpp_examples', 'merge_install': False, 'path': '/home/albert/umov_ws/src/arduino_cpp_examples', 'symlink_install': False, 'test_result_base': None}
[0.620s] Level 5:colcon.colcon_core.verb:set package 'arduino_py_examples' build argument 'cmake_args' from command line to 'None'
[0.620s] Level 5:colcon.colcon_core.verb:set package 'arduino_py_examples' build argument 'cmake_target' from command line to 'None'
[0.620s] Level 5:colcon.colcon_core.verb:set package 'arduino_py_examples' build argument 'cmake_target_skip_unavailable' from command line to 'False'
[0.620s] Level 5:colcon.colcon_core.verb:set package 'arduino_py_examples' build argument 'cmake_clean_cache' from command line to 'False'
[0.620s] Level 5:colcon.colcon_core.verb:set package 'arduino_py_examples' build argument 'cmake_clean_first' from command line to 'False'
[0.620s] Level 5:colcon.colcon_core.verb:set package 'arduino_py_examples' build argument 'cmake_force_configure' from command line to 'False'
[0.620s] Level 5:colcon.colcon_core.verb:set package 'arduino_py_examples' build argument 'ament_cmake_args' from command line to 'None'
[0.620s] Level 5:colcon.colcon_core.verb:set package 'arduino_py_examples' build argument 'catkin_cmake_args' from command line to 'None'
[0.620s] Level 5:colcon.colcon_core.verb:set package 'arduino_py_examples' build argument 'catkin_skip_building_tests' from command line to 'False'
[0.620s] DEBUG:colcon.colcon_core.verb:Building package 'arduino_py_examples' with the following arguments: {'ament_cmake_args': None, 'build_base': '/home/albert/umov_ws/build/arduino_py_examples', 'catkin_cmake_args': None, 'catkin_skip_building_tests': False, 'cmake_args': None, 'cmake_clean_cache': False, 'cmake_clean_first': False, 'cmake_force_configure': False, 'cmake_target': None, 'cmake_target_skip_unavailable': False, 'install_base': '/home/albert/umov_ws/install/arduino_py_examples', 'merge_install': False, 'path': '/home/albert/umov_ws/src/arduino_py_examples', 'symlink_install': False, 'test_result_base': None}
[0.621s] Level 5:colcon.colcon_core.verb:set package 'arduinobot_remote' build argument 'cmake_args' from command line to 'None'
[0.621s] Level 5:colcon.colcon_core.verb:set package 'arduinobot_remote' build argument 'cmake_target' from command line to 'None'
[0.621s] Level 5:colcon.colcon_core.verb:set package 'arduinobot_remote' build argument 'cmake_target_skip_unavailable' from command line to 'False'
[0.621s] Level 5:colcon.colcon_core.verb:set package 'arduinobot_remote' build argument 'cmake_clean_cache' from command line to 'False'
[0.621s] Level 5:colcon.colcon_core.verb:set package 'arduinobot_remote' build argument 'cmake_clean_first' from command line to 'False'
[0.621s] Level 5:colcon.colcon_core.verb:set package 'arduinobot_remote' build argument 'cmake_force_configure' from command line to 'False'
[0.621s] Level 5:colcon.colcon_core.verb:set package 'arduinobot_remote' build argument 'ament_cmake_args' from command line to 'None'
[0.621s] Level 5:colcon.colcon_core.verb:set package 'arduinobot_remote' build argument 'catkin_cmake_args' from command line to 'None'
[0.621s] Level 5:colcon.colcon_core.verb:set package 'arduinobot_remote' build argument 'catkin_skip_building_tests' from command line to 'False'
[0.621s] DEBUG:colcon.colcon_core.verb:Building package 'arduinobot_remote' with the following arguments: {'ament_cmake_args': None, 'build_base': '/home/albert/umov_ws/build/arduinobot_remote', 'catkin_cmake_args': None, 'catkin_skip_building_tests': False, 'cmake_args': None, 'cmake_clean_cache': False, 'cmake_clean_first': False, 'cmake_force_configure': False, 'cmake_target': None, 'cmake_target_skip_unavailable': False, 'install_base': '/home/albert/umov_ws/install/arduinobot_remote', 'merge_install': False, 'path': '/home/albert/umov_ws/src/arduinobot_remote', 'symlink_install': False, 'test_result_base': None}
[0.622s] Level 5:colcon.colcon_core.verb:set package 'arduinobot_utils' build argument 'cmake_args' from command line to 'None'
[0.622s] Level 5:colcon.colcon_core.verb:set package 'arduinobot_utils' build argument 'cmake_target' from command line to 'None'
[0.622s] Level 5:colcon.colcon_core.verb:set package 'arduinobot_utils' build argument 'cmake_target_skip_unavailable' from command line to 'False'
[0.622s] Level 5:colcon.colcon_core.verb:set package 'arduinobot_utils' build argument 'cmake_clean_cache' from command line to 'False'
[0.622s] Level 5:colcon.colcon_core.verb:set package 'arduinobot_utils' build argument 'cmake_clean_first' from command line to 'False'
[0.622s] Level 5:colcon.colcon_core.verb:set package 'arduinobot_utils' build argument 'cmake_force_configure' from command line to 'False'
[0.622s] Level 5:colcon.colcon_core.verb:set package 'arduinobot_utils' build argument 'ament_cmake_args' from command line to 'None'
[0.622s] Level 5:colcon.colcon_core.verb:set package 'arduinobot_utils' build argument 'catkin_cmake_args' from command line to 'None'
[0.622s] Level 5:colcon.colcon_core.verb:set package 'arduinobot_utils' build argument 'catkin_skip_building_tests' from command line to 'False'
[0.622s] DEBUG:colcon.colcon_core.verb:Building package 'arduinobot_utils' with the following arguments: {'ament_cmake_args': None, 'build_base': '/home/albert/umov_ws/build/arduinobot_utils', 'catkin_cmake_args': None, 'catkin_skip_building_tests': False, 'cmake_args': None, 'cmake_clean_cache': False, 'cmake_clean_first': False, 'cmake_force_configure': False, 'cmake_target': None, 'cmake_target_skip_unavailable': False, 'install_base': '/home/albert/umov_ws/install/arduinobot_utils', 'merge_install': False, 'path': '/home/albert/umov_ws/src/arduinobot_utils', 'symlink_install': False, 'test_result_base': None}
[0.623s] INFO:colcon.colcon_core.executor:Executing jobs using 'parallel' executor
[0.625s] DEBUG:colcon.colcon_parallel_executor.executor.parallel:run_until_complete
[0.625s] INFO:colcon.colcon_ros.task.ament_cmake.build:Building ROS package in '/home/albert/umov_ws/src/arduinobot_msgs' with build type 'ament_cmake'
[0.626s] INFO:colcon.colcon_cmake.task.cmake.build:Building CMake package in '/home/albert/umov_ws/src/arduinobot_msgs'
[0.630s] INFO:colcon.colcon_core.plugin_system:Skipping extension 'colcon_core.shell.bat': Not used on non-Windows systems
[0.630s] INFO:colcon.colcon_core.shell:Skip shell extension 'powershell' for command environment: Not usable outside of PowerShell
[0.630s] DEBUG:colcon.colcon_core.shell:Skip shell extension 'dsv' for command environment
[0.651s] INFO:colcon.colcon_ros.task.ament_cmake.build:Building ROS package in '/home/albert/umov_ws/src/description' with build type 'ament_cmake'
[0.652s] INFO:colcon.colcon_cmake.task.cmake.build:Building CMake package in '/home/albert/umov_ws/src/description'
[0.652s] INFO:colcon.colcon_core.shell:Skip shell extension 'powershell' for command environment: Not usable outside of PowerShell
[0.652s] DEBUG:colcon.colcon_core.shell:Skip shell extension 'dsv' for command environment
[0.672s] INFO:colcon.colcon_ros.task.ament_cmake.build:Building ROS package in '/home/albert/umov_ws/src/arduinobot_bringup' with build type 'ament_cmake'
[0.672s] INFO:colcon.colcon_cmake.task.cmake.build:Building CMake package in '/home/albert/umov_ws/src/arduinobot_bringup'
[0.672s] INFO:colcon.colcon_core.shell:Skip shell extension 'powershell' for command environment: Not usable outside of PowerShell
[0.672s] DEBUG:colcon.colcon_core.shell:Skip shell extension 'dsv' for command environment
[0.692s] INFO:colcon.colcon_ros.task.ament_cmake.build:Building ROS package in '/home/albert/umov_ws/src/arduinobot_controller' with build type 'ament_cmake'
[0.692s] INFO:colcon.colcon_cmake.task.cmake.build:Building CMake package in '/home/albert/umov_ws/src/arduinobot_controller'
[0.693s] INFO:colcon.colcon_core.shell:Skip shell extension 'powershell' for command environment: Not usable outside of PowerShell
[0.693s] DEBUG:colcon.colcon_core.shell:Skip shell extension 'dsv' for command environment
[0.716s] INFO:colcon.colcon_ros.task.ament_cmake.build:Building ROS package in '/home/albert/umov_ws/src/arduinobot_moveit' with build type 'ament_cmake'
[0.716s] INFO:colcon.colcon_cmake.task.cmake.build:Building CMake package in '/home/albert/umov_ws/src/arduinobot_moveit'
[0.717s] INFO:colcon.colcon_core.shell:Skip shell extension 'powershell' for command environment: Not usable outside of PowerShell
[0.717s] DEBUG:colcon.colcon_core.shell:Skip shell extension 'dsv' for command environment
[0.743s] DEBUG:colcon.colcon_core.event_handler.log_command:Invoking command in '/home/albert/umov_ws/build/arduinobot_msgs': CMAKE_PREFIX_PATH=${CMAKE_PREFIX_PATH}:/home/albert/ws_moveit2/install/moveit_configs_utils:/home/albert/ws_moveit2/install/launch_param_builder:/home/albert/umov_ws/install/arduino_py_examples:/home/albert/udem2_ws/install/actions_py:/home/albert/udem2_ws/install/lifecycle_py:/home/albert/udem2_ws/install/executors_py:/home/albert/udem2_ws/install/components_py:/home/albert/udem_ws/install/turtlesim_catcher:/home/albert/udem_ws/install/my_py_pkg:/home/albert/udem_ws/install/lifecycle_py:/home/albert/bcdc_ws/install/agbot_teleop:/home/albert/bcdc_ws/install/agbot_py:/home/albert/arduinobot_ws/install/arduinobot_py_examples:/opt/ros/humble /home/albert/.local/bin/cmake --build /home/albert/umov_ws/build/arduinobot_msgs -- -j8 -l8
[0.750s] DEBUG:colcon.colcon_core.event_handler.log_command:Invoking command in '/home/albert/umov_ws/build/description': CMAKE_PREFIX_PATH=${CMAKE_PREFIX_PATH}:/home/albert/ws_moveit2/install/moveit_configs_utils:/home/albert/ws_moveit2/install/launch_param_builder:/home/albert/umov_ws/install/arduino_py_examples:/home/albert/udem2_ws/install/actions_py:/home/albert/udem2_ws/install/lifecycle_py:/home/albert/udem2_ws/install/executors_py:/home/albert/udem2_ws/install/components_py:/home/albert/udem_ws/install/turtlesim_catcher:/home/albert/udem_ws/install/my_py_pkg:/home/albert/udem_ws/install/lifecycle_py:/home/albert/bcdc_ws/install/agbot_teleop:/home/albert/bcdc_ws/install/agbot_py:/home/albert/arduinobot_ws/install/arduinobot_py_examples:/opt/ros/humble /home/albert/.local/bin/cmake --build /home/albert/umov_ws/build/description -- -j8 -l8
[0.756s] DEBUG:colcon.colcon_core.event_handler.log_command:Invoking command in '/home/albert/umov_ws/build/arduinobot_bringup': CMAKE_PREFIX_PATH=${CMAKE_PREFIX_PATH}:/home/albert/ws_moveit2/install/moveit_configs_utils:/home/albert/ws_moveit2/install/launch_param_builder:/home/albert/umov_ws/install/arduino_py_examples:/home/albert/udem2_ws/install/actions_py:/home/albert/udem2_ws/install/lifecycle_py:/home/albert/udem2_ws/install/executors_py:/home/albert/udem2_ws/install/components_py:/home/albert/udem_ws/install/turtlesim_catcher:/home/albert/udem_ws/install/my_py_pkg:/home/albert/udem_ws/install/lifecycle_py:/home/albert/bcdc_ws/install/agbot_teleop:/home/albert/bcdc_ws/install/agbot_py:/home/albert/arduinobot_ws/install/arduinobot_py_examples:/opt/ros/humble /home/albert/.local/bin/cmake --build /home/albert/umov_ws/build/arduinobot_bringup -- -j8 -l8
[0.764s] DEBUG:colcon.colcon_core.event_handler.log_command:Invoking command in '/home/albert/umov_ws/build/arduinobot_controller': CMAKE_PREFIX_PATH=${CMAKE_PREFIX_PATH}:/home/albert/ws_moveit2/install/moveit_configs_utils:/home/albert/ws_moveit2/install/launch_param_builder:/home/albert/umov_ws/install/arduino_py_examples:/home/albert/udem2_ws/install/actions_py:/home/albert/udem2_ws/install/lifecycle_py:/home/albert/udem2_ws/install/executors_py:/home/albert/udem2_ws/install/components_py:/home/albert/udem_ws/install/turtlesim_catcher:/home/albert/udem_ws/install/my_py_pkg:/home/albert/udem_ws/install/lifecycle_py:/home/albert/bcdc_ws/install/agbot_teleop:/home/albert/bcdc_ws/install/agbot_py:/home/albert/arduinobot_ws/install/arduinobot_py_examples:/opt/ros/humble /home/albert/.local/bin/cmake --build /home/albert/umov_ws/build/arduinobot_controller -- -j8 -l8
[0.769s] DEBUG:colcon.colcon_core.event_handler.log_command:Invoking command in '/home/albert/umov_ws/build/arduinobot_moveit': CMAKE_PREFIX_PATH=${CMAKE_PREFIX_PATH}:/home/albert/ws_moveit2/install/moveit_configs_utils:/home/albert/ws_moveit2/install/launch_param_builder:/home/albert/umov_ws/install/arduino_py_examples:/home/albert/udem2_ws/install/actions_py:/home/albert/udem2_ws/install/lifecycle_py:/home/albert/udem2_ws/install/executors_py:/home/albert/udem2_ws/install/components_py:/home/albert/udem_ws/install/turtlesim_catcher:/home/albert/udem_ws/install/my_py_pkg:/home/albert/udem_ws/install/lifecycle_py:/home/albert/bcdc_ws/install/agbot_teleop:/home/albert/bcdc_ws/install/agbot_py:/home/albert/arduinobot_ws/install/arduinobot_py_examples:/opt/ros/humble /home/albert/.local/bin/cmake --build /home/albert/umov_ws/build/arduinobot_moveit -- -j8 -l8
[0.787s] DEBUG:colcon.colcon_core.event_handler.log_command:Invoked command in '/home/albert/umov_ws/build/description' returned '0': CMAKE_PREFIX_PATH=${CMAKE_PREFIX_PATH}:/home/albert/ws_moveit2/install/moveit_configs_utils:/home/albert/ws_moveit2/install/launch_param_builder:/home/albert/umov_ws/install/arduino_py_examples:/home/albert/udem2_ws/install/actions_py:/home/albert/udem2_ws/install/lifecycle_py:/home/albert/udem2_ws/install/executors_py:/home/albert/udem2_ws/install/components_py:/home/albert/udem_ws/install/turtlesim_catcher:/home/albert/udem_ws/install/my_py_pkg:/home/albert/udem_ws/install/lifecycle_py:/home/albert/bcdc_ws/install/agbot_teleop:/home/albert/bcdc_ws/install/agbot_py:/home/albert/arduinobot_ws/install/arduinobot_py_examples:/opt/ros/humble /home/albert/.local/bin/cmake --build /home/albert/umov_ws/build/description -- -j8 -l8
[0.795s] DEBUG:colcon.colcon_core.event_handler.log_command:Invoking command in '/home/albert/umov_ws/build/description': CMAKE_PREFIX_PATH=${CMAKE_PREFIX_PATH}:/home/albert/ws_moveit2/install/moveit_configs_utils:/home/albert/ws_moveit2/install/launch_param_builder:/home/albert/umov_ws/install/arduino_py_examples:/home/albert/udem2_ws/install/actions_py:/home/albert/udem2_ws/install/lifecycle_py:/home/albert/udem2_ws/install/executors_py:/home/albert/udem2_ws/install/components_py:/home/albert/udem_ws/install/turtlesim_catcher:/home/albert/udem_ws/install/my_py_pkg:/home/albert/udem_ws/install/lifecycle_py:/home/albert/bcdc_ws/install/agbot_teleop:/home/albert/bcdc_ws/install/agbot_py:/home/albert/arduinobot_ws/install/arduinobot_py_examples:/opt/ros/humble /home/albert/.local/bin/cmake --install /home/albert/umov_ws/build/description
[0.799s] DEBUG:colcon.colcon_core.event_handler.log_command:Invoked command in '/home/albert/umov_ws/build/arduinobot_bringup' returned '0': CMAKE_PREFIX_PATH=${CMAKE_PREFIX_PATH}:/home/albert/ws_moveit2/install/moveit_configs_utils:/home/albert/ws_moveit2/install/launch_param_builder:/home/albert/umov_ws/install/arduino_py_examples:/home/albert/udem2_ws/install/actions_py:/home/albert/udem2_ws/install/lifecycle_py:/home/albert/udem2_ws/install/executors_py:/home/albert/udem2_ws/install/components_py:/home/albert/udem_ws/install/turtlesim_catcher:/home/albert/udem_ws/install/my_py_pkg:/home/albert/udem_ws/install/lifecycle_py:/home/albert/bcdc_ws/install/agbot_teleop:/home/albert/bcdc_ws/install/agbot_py:/home/albert/arduinobot_ws/install/arduinobot_py_examples:/opt/ros/humble /home/albert/.local/bin/cmake --build /home/albert/umov_ws/build/arduinobot_bringup -- -j8 -l8
[0.801s] DEBUG:colcon.colcon_core.event_handler.log_command:Invoking command in '/home/albert/umov_ws/build/arduinobot_bringup': CMAKE_PREFIX_PATH=${CMAKE_PREFIX_PATH}:/home/albert/ws_moveit2/install/moveit_configs_utils:/home/albert/ws_moveit2/install/launch_param_builder:/home/albert/umov_ws/install/arduino_py_examples:/home/albert/udem2_ws/install/actions_py:/home/albert/udem2_ws/install/lifecycle_py:/home/albert/udem2_ws/install/executors_py:/home/albert/udem2_ws/install/components_py:/home/albert/udem_ws/install/turtlesim_catcher:/home/albert/udem_ws/install/my_py_pkg:/home/albert/udem_ws/install/lifecycle_py:/home/albert/bcdc_ws/install/agbot_teleop:/home/albert/bcdc_ws/install/agbot_py:/home/albert/arduinobot_ws/install/arduinobot_py_examples:/opt/ros/humble /home/albert/.local/bin/cmake --install /home/albert/umov_ws/build/arduinobot_bringup
[0.817s] DEBUG:colcon.colcon_core.event_handler.log_command:Invoked command in '/home/albert/umov_ws/build/arduinobot_moveit' returned '0': CMAKE_PREFIX_PATH=${CMAKE_PREFIX_PATH}:/home/albert/ws_moveit2/install/moveit_configs_utils:/home/albert/ws_moveit2/install/launch_param_builder:/home/albert/umov_ws/install/arduino_py_examples:/home/albert/udem2_ws/install/actions_py:/home/albert/udem2_ws/install/lifecycle_py:/home/albert/udem2_ws/install/executors_py:/home/albert/udem2_ws/install/components_py:/home/albert/udem_ws/install/turtlesim_catcher:/home/albert/udem_ws/install/my_py_pkg:/home/albert/udem_ws/install/lifecycle_py:/home/albert/bcdc_ws/install/agbot_teleop:/home/albert/bcdc_ws/install/agbot_py:/home/albert/arduinobot_ws/install/arduinobot_py_examples:/opt/ros/humble /home/albert/.local/bin/cmake --build /home/albert/umov_ws/build/arduinobot_moveit -- -j8 -l8
[0.821s] Level 1:colcon.colcon_core.environment:create_environment_scripts_only(arduinobot_bringup)
[0.826s] DEBUG:colcon.colcon_core.event_handler.log_command:Invoking command in '/home/albert/umov_ws/build/arduinobot_moveit': CMAKE_PREFIX_PATH=${CMAKE_PREFIX_PATH}:/home/albert/ws_moveit2/install/moveit_configs_utils:/home/albert/ws_moveit2/install/launch_param_builder:/home/albert/umov_ws/install/arduino_py_examples:/home/albert/udem2_ws/install/actions_py:/home/albert/udem2_ws/install/lifecycle_py:/home/albert/udem2_ws/install/executors_py:/home/albert/udem2_ws/install/components_py:/home/albert/udem_ws/install/turtlesim_catcher:/home/albert/udem_ws/install/my_py_pkg:/home/albert/udem_ws/install/lifecycle_py:/home/albert/bcdc_ws/install/agbot_teleop:/home/albert/bcdc_ws/install/agbot_py:/home/albert/arduinobot_ws/install/arduinobot_py_examples:/opt/ros/humble /home/albert/.local/bin/cmake --install /home/albert/umov_ws/build/arduinobot_moveit
[0.831s] DEBUG:colcon.colcon_core.event_handler.log_command:Invoked command in '/home/albert/umov_ws/build/arduinobot_bringup' returned '0': CMAKE_PREFIX_PATH=${CMAKE_PREFIX_PATH}:/home/albert/ws_moveit2/install/moveit_configs_utils:/home/albert/ws_moveit2/install/launch_param_builder:/home/albert/umov_ws/install/arduino_py_examples:/home/albert/udem2_ws/install/actions_py:/home/albert/udem2_ws/install/lifecycle_py:/home/albert/udem2_ws/install/executors_py:/home/albert/udem2_ws/install/components_py:/home/albert/udem_ws/install/turtlesim_catcher:/home/albert/udem_ws/install/my_py_pkg:/home/albert/udem_ws/install/lifecycle_py:/home/albert/bcdc_ws/install/agbot_teleop:/home/albert/bcdc_ws/install/agbot_py:/home/albert/arduinobot_ws/install/arduinobot_py_examples:/opt/ros/humble /home/albert/.local/bin/cmake --install /home/albert/umov_ws/build/arduinobot_bringup
[0.834s] Level 1:colcon.colcon_core.environment:checking '/home/albert/umov_ws/install/arduinobot_bringup' for CMake module files
[0.835s] Level 1:colcon.colcon_core.environment:checking '/home/albert/umov_ws/install/arduinobot_bringup' for CMake config files
[0.836s] Level 1:colcon.colcon_core.shell:create_environment_hook('arduinobot_bringup', 'cmake_prefix_path')
[0.836s] INFO:colcon.colcon_core.shell:Creating environment hook '/home/albert/umov_ws/install/arduinobot_bringup/share/arduinobot_bringup/hook/cmake_prefix_path.ps1'
[0.837s] INFO:colcon.colcon_core.shell:Creating environment descriptor '/home/albert/umov_ws/install/arduinobot_bringup/share/arduinobot_bringup/hook/cmake_prefix_path.dsv'
[0.838s] INFO:colcon.colcon_core.shell:Creating environment hook '/home/albert/umov_ws/install/arduinobot_bringup/share/arduinobot_bringup/hook/cmake_prefix_path.sh'
[0.840s] Level 1:colcon.colcon_core.environment:checking '/home/albert/umov_ws/install/arduinobot_bringup/bin'
[0.840s] Level 1:colcon.colcon_core.environment:checking '/home/albert/umov_ws/install/arduinobot_bringup/lib/pkgconfig/arduinobot_bringup.pc'
[0.840s] Level 1:colcon.colcon_core.environment:checking '/home/albert/umov_ws/install/arduinobot_bringup/lib/python3.10/site-packages'
[0.841s] Level 1:colcon.colcon_core.environment:checking '/home/albert/umov_ws/install/arduinobot_bringup/bin'
[0.841s] INFO:colcon.colcon_core.shell:Creating package script '/home/albert/umov_ws/install/arduinobot_bringup/share/arduinobot_bringup/package.ps1'
[0.844s] INFO:colcon.colcon_core.shell:Creating package descriptor '/home/albert/umov_ws/install/arduinobot_bringup/share/arduinobot_bringup/package.dsv'
[0.845s] INFO:colcon.colcon_core.shell:Creating package script '/home/albert/umov_ws/install/arduinobot_bringup/share/arduinobot_bringup/package.sh'
[0.847s] INFO:colcon.colcon_core.shell:Creating package script '/home/albert/umov_ws/install/arduinobot_bringup/share/arduinobot_bringup/package.bash'
[0.850s] INFO:colcon.colcon_core.shell:Creating package script '/home/albert/umov_ws/install/arduinobot_bringup/share/arduinobot_bringup/package.zsh'
[0.851s] Level 1:colcon.colcon_core.environment:create_file_with_runtime_dependencies(/home/albert/umov_ws/install/arduinobot_bringup/share/colcon-core/packages/arduinobot_bringup)
[0.852s] Level 1:colcon.colcon_core.environment:create_environment_scripts_only(arduinobot_bringup)
[0.852s] Level 1:colcon.colcon_core.environment:checking '/home/albert/umov_ws/install/arduinobot_bringup' for CMake module files
[0.853s] Level 1:colcon.colcon_core.environment:checking '/home/albert/umov_ws/install/arduinobot_bringup' for CMake config files
[0.854s] Level 1:colcon.colcon_core.shell:create_environment_hook('arduinobot_bringup', 'cmake_prefix_path')
[0.854s] INFO:colcon.colcon_core.shell:Creating environment hook '/home/albert/umov_ws/install/arduinobot_bringup/share/arduinobot_bringup/hook/cmake_prefix_path.ps1'
[0.855s] INFO:colcon.colcon_core.shell:Creating environment descriptor '/home/albert/umov_ws/install/arduinobot_bringup/share/arduinobot_bringup/hook/cmake_prefix_path.dsv'
[0.856s] INFO:colcon.colcon_core.shell:Creating environment hook '/home/albert/umov_ws/install/arduinobot_bringup/share/arduinobot_bringup/hook/cmake_prefix_path.sh'
[0.858s] Level 1:colcon.colcon_core.environment:checking '/home/albert/umov_ws/install/arduinobot_bringup/bin'
[0.858s] Level 1:colcon.colcon_core.environment:checking '/home/albert/umov_ws/install/arduinobot_bringup/lib/pkgconfig/arduinobot_bringup.pc'
[0.859s] Level 1:colcon.colcon_core.environment:checking '/home/albert/umov_ws/install/arduinobot_bringup/lib/python3.10/site-packages'
[0.859s] Level 1:colcon.colcon_core.environment:checking '/home/albert/umov_ws/install/arduinobot_bringup/bin'
[0.860s] INFO:colcon.colcon_core.shell:Creating package script '/home/albert/umov_ws/install/arduinobot_bringup/share/arduinobot_bringup/package.ps1'
[0.860s] INFO:colcon.colcon_core.shell:Creating package descriptor '/home/albert/umov_ws/install/arduinobot_bringup/share/arduinobot_bringup/package.dsv'
[0.861s] INFO:colcon.colcon_core.shell:Creating package script '/home/albert/umov_ws/install/arduinobot_bringup/share/arduinobot_bringup/package.sh'
[0.861s] INFO:colcon.colcon_core.shell:Creating package script '/home/albert/umov_ws/install/arduinobot_bringup/share/arduinobot_bringup/package.bash'
[0.862s] INFO:colcon.colcon_core.shell:Creating package script '/home/albert/umov_ws/install/arduinobot_bringup/share/arduinobot_bringup/package.zsh'
[0.862s] Level 1:colcon.colcon_core.environment:create_file_with_runtime_dependencies(/home/albert/umov_ws/install/arduinobot_bringup/share/colcon-core/packages/arduinobot_bringup)
[0.863s] Level 1:colcon.colcon_core.environment:create_environment_scripts_only(description)
[0.864s] Level 1:colcon.colcon_core.environment:checking '/home/albert/umov_ws/install/description' for CMake module files
[0.865s] DEBUG:colcon.colcon_core.event_handler.log_command:Invoked command in '/home/albert/umov_ws/build/description' returned '0': CMAKE_PREFIX_PATH=${CMAKE_PREFIX_PATH}:/home/albert/ws_moveit2/install/moveit_configs_utils:/home/albert/ws_moveit2/install/launch_param_builder:/home/albert/umov_ws/install/arduino_py_examples:/home/albert/udem2_ws/install/actions_py:/home/albert/udem2_ws/install/lifecycle_py:/home/albert/udem2_ws/install/executors_py:/home/albert/udem2_ws/install/components_py:/home/albert/udem_ws/install/turtlesim_catcher:/home/albert/udem_ws/install/my_py_pkg:/home/albert/udem_ws/install/lifecycle_py:/home/albert/bcdc_ws/install/agbot_teleop:/home/albert/bcdc_ws/install/agbot_py:/home/albert/arduinobot_ws/install/arduinobot_py_examples:/opt/ros/humble /home/albert/.local/bin/cmake --install /home/albert/umov_ws/build/description
[0.865s] Level 1:colcon.colcon_core.environment:checking '/home/albert/umov_ws/install/description' for CMake config files
[0.865s] Level 1:colcon.colcon_core.shell:create_environment_hook('description', 'cmake_prefix_path')
[0.865s] INFO:colcon.colcon_core.shell:Creating environment hook '/home/albert/umov_ws/install/description/share/description/hook/cmake_prefix_path.ps1'
[0.866s] INFO:colcon.colcon_core.shell:Creating environment descriptor '/home/albert/umov_ws/install/description/share/description/hook/cmake_prefix_path.dsv'
[0.866s] INFO:colcon.colcon_core.shell:Creating environment hook '/home/albert/umov_ws/install/description/share/description/hook/cmake_prefix_path.sh'
[0.867s] Level 1:colcon.colcon_core.environment:checking '/home/albert/umov_ws/install/description/bin'
[0.867s] Level 1:colcon.colcon_core.environment:checking '/home/albert/umov_ws/install/description/lib/pkgconfig/description.pc'
[0.867s] Level 1:colcon.colcon_core.environment:checking '/home/albert/umov_ws/install/description/lib/python3.10/site-packages'
[0.867s] Level 1:colcon.colcon_core.environment:checking '/home/albert/umov_ws/install/description/bin'
[0.867s] INFO:colcon.colcon_core.shell:Creating package script '/home/albert/umov_ws/install/description/share/description/package.ps1'
[0.868s] INFO:colcon.colcon_core.shell:Creating package descriptor '/home/albert/umov_ws/install/description/share/description/package.dsv'
[0.868s] INFO:colcon.colcon_core.shell:Creating package script '/home/albert/umov_ws/install/description/share/description/package.sh'
[0.869s] INFO:colcon.colcon_core.shell:Creating package script '/home/albert/umov_ws/install/description/share/description/package.bash'
[0.870s] INFO:colcon.colcon_core.shell:Creating package script '/home/albert/umov_ws/install/description/share/description/package.zsh'
[0.870s] Level 1:colcon.colcon_core.environment:create_file_with_runtime_dependencies(/home/albert/umov_ws/install/description/share/colcon-core/packages/description)
[0.871s] Level 1:colcon.colcon_core.environment:create_environment_scripts_only(description)
[0.871s] Level 1:colcon.colcon_core.environment:checking '/home/albert/umov_ws/install/description' for CMake module files
[0.872s] Level 1:colcon.colcon_core.environment:checking '/home/albert/umov_ws/install/description' for CMake config files
[0.872s] Level 1:colcon.colcon_core.shell:create_environment_hook('description', 'cmake_prefix_path')
[0.872s] INFO:colcon.colcon_core.shell:Creating environment hook '/home/albert/umov_ws/install/description/share/description/hook/cmake_prefix_path.ps1'
[0.873s] INFO:colcon.colcon_core.shell:Creating environment descriptor '/home/albert/umov_ws/install/description/share/description/hook/cmake_prefix_path.dsv'
[0.873s] INFO:colcon.colcon_core.shell:Creating environment hook '/home/albert/umov_ws/install/description/share/description/hook/cmake_prefix_path.sh'
[0.873s] Level 1:colcon.colcon_core.environment:checking '/home/albert/umov_ws/install/description/bin'
[0.874s] Level 1:colcon.colcon_core.environment:checking '/home/albert/umov_ws/install/description/lib/pkgconfig/description.pc'
[0.874s] Level 1:colcon.colcon_core.environment:checking '/home/albert/umov_ws/install/description/lib/python3.10/site-packages'
[0.874s] Level 1:colcon.colcon_core.environment:checking '/home/albert/umov_ws/install/description/bin'
[0.874s] INFO:colcon.colcon_core.shell:Creating package script '/home/albert/umov_ws/install/description/share/description/package.ps1'
[0.875s] INFO:colcon.colcon_core.shell:Creating package descriptor '/home/albert/umov_ws/install/description/share/description/package.dsv'
[0.875s] INFO:colcon.colcon_core.shell:Creating package script '/home/albert/umov_ws/install/description/share/description/package.sh'
[0.876s] INFO:colcon.colcon_core.shell:Creating package script '/home/albert/umov_ws/install/description/share/description/package.bash'
[0.876s] INFO:colcon.colcon_core.shell:Creating package script '/home/albert/umov_ws/install/description/share/description/package.zsh'
[0.876s] Level 1:colcon.colcon_core.environment:create_file_with_runtime_dependencies(/home/albert/umov_ws/install/description/share/colcon-core/packages/description)
[0.876s] Level 1:colcon.colcon_core.environment:create_environment_scripts_only(arduinobot_moveit)
[0.877s] Level 1:colcon.colcon_core.environment:checking '/home/albert/umov_ws/install/arduinobot_moveit' for CMake module files
[0.878s] DEBUG:colcon.colcon_core.event_handler.log_command:Invoked command in '/home/albert/umov_ws/build/arduinobot_moveit' returned '0': CMAKE_PREFIX_PATH=${CMAKE_PREFIX_PATH}:/home/albert/ws_moveit2/install/moveit_configs_utils:/home/albert/ws_moveit2/install/launch_param_builder:/home/albert/umov_ws/install/arduino_py_examples:/home/albert/udem2_ws/install/actions_py:/home/albert/udem2_ws/install/lifecycle_py:/home/albert/udem2_ws/install/executors_py:/home/albert/udem2_ws/install/components_py:/home/albert/udem_ws/install/turtlesim_catcher:/home/albert/udem_ws/install/my_py_pkg:/home/albert/udem_ws/install/lifecycle_py:/home/albert/bcdc_ws/install/agbot_teleop:/home/albert/bcdc_ws/install/agbot_py:/home/albert/arduinobot_ws/install/arduinobot_py_examples:/opt/ros/humble /home/albert/.local/bin/cmake --install /home/albert/umov_ws/build/arduinobot_moveit
[0.878s] Level 1:colcon.colcon_core.environment:checking '/home/albert/umov_ws/install/arduinobot_moveit' for CMake config files
[0.879s] Level 1:colcon.colcon_core.shell:create_environment_hook('arduinobot_moveit', 'cmake_prefix_path')
[0.879s] INFO:colcon.colcon_core.shell:Creating environment hook '/home/albert/umov_ws/install/arduinobot_moveit/share/arduinobot_moveit/hook/cmake_prefix_path.ps1'
[0.879s] INFO:colcon.colcon_core.shell:Creating environment descriptor '/home/albert/umov_ws/install/arduinobot_moveit/share/arduinobot_moveit/hook/cmake_prefix_path.dsv'
[0.880s] INFO:colcon.colcon_core.shell:Creating environment hook '/home/albert/umov_ws/install/arduinobot_moveit/share/arduinobot_moveit/hook/cmake_prefix_path.sh'
[0.880s] Level 1:colcon.colcon_core.environment:checking '/home/albert/umov_ws/install/arduinobot_moveit/bin'
[0.881s] Level 1:colcon.colcon_core.environment:checking '/home/albert/umov_ws/install/arduinobot_moveit/lib/pkgconfig/arduinobot_moveit.pc'
[0.881s] Level 1:colcon.colcon_core.environment:checking '/home/albert/umov_ws/install/arduinobot_moveit/lib/python3.10/site-packages'
[0.881s] Level 1:colcon.colcon_core.environment:checking '/home/albert/umov_ws/install/arduinobot_moveit/bin'
[0.882s] INFO:colcon.colcon_core.shell:Creating package script '/home/albert/umov_ws/install/arduinobot_moveit/share/arduinobot_moveit/package.ps1'
[0.882s] INFO:colcon.colcon_core.shell:Creating package descriptor '/home/albert/umov_ws/install/arduinobot_moveit/share/arduinobot_moveit/package.dsv'
[0.883s] INFO:colcon.colcon_core.shell:Creating package script '/home/albert/umov_ws/install/arduinobot_moveit/share/arduinobot_moveit/package.sh'
[0.883s] INFO:colcon.colcon_core.shell:Creating package script '/home/albert/umov_ws/install/arduinobot_moveit/share/arduinobot_moveit/package.bash'
[0.884s] INFO:colcon.colcon_core.shell:Creating package script '/home/albert/umov_ws/install/arduinobot_moveit/share/arduinobot_moveit/package.zsh'
[0.885s] Level 1:colcon.colcon_core.environment:create_file_with_runtime_dependencies(/home/albert/umov_ws/install/arduinobot_moveit/share/colcon-core/packages/arduinobot_moveit)
[0.886s] Level 1:colcon.colcon_core.environment:create_environment_scripts_only(arduinobot_moveit)
[0.886s] Level 1:colcon.colcon_core.environment:checking '/home/albert/umov_ws/install/arduinobot_moveit' for CMake module files
[0.887s] Level 1:colcon.colcon_core.environment:checking '/home/albert/umov_ws/install/arduinobot_moveit' for CMake config files
[0.887s] Level 1:colcon.colcon_core.shell:create_environment_hook('arduinobot_moveit', 'cmake_prefix_path')
[0.888s] INFO:colcon.colcon_core.shell:Creating environment hook '/home/albert/umov_ws/install/arduinobot_moveit/share/arduinobot_moveit/hook/cmake_prefix_path.ps1'
[0.888s] INFO:colcon.colcon_core.shell:Creating environment descriptor '/home/albert/umov_ws/install/arduinobot_moveit/share/arduinobot_moveit/hook/cmake_prefix_path.dsv'
[0.889s] INFO:colcon.colcon_core.shell:Creating environment hook '/home/albert/umov_ws/install/arduinobot_moveit/share/arduinobot_moveit/hook/cmake_prefix_path.sh'
[0.890s] Level 1:colcon.colcon_core.environment:checking '/home/albert/umov_ws/install/arduinobot_moveit/bin'
[0.890s] Level 1:colcon.colcon_core.environment:checking '/home/albert/umov_ws/install/arduinobot_moveit/lib/pkgconfig/arduinobot_moveit.pc'
[0.890s] Level 1:colcon.colcon_core.environment:checking '/home/albert/umov_ws/install/arduinobot_moveit/lib/python3.10/site-packages'
[0.891s] Level 1:colcon.colcon_core.environment:checking '/home/albert/umov_ws/install/arduinobot_moveit/bin'
[0.892s] INFO:colcon.colcon_core.shell:Creating package script '/home/albert/umov_ws/install/arduinobot_moveit/share/arduinobot_moveit/package.ps1'
[0.892s] INFO:colcon.colcon_core.shell:Creating package descriptor '/home/albert/umov_ws/install/arduinobot_moveit/share/arduinobot_moveit/package.dsv'
[0.893s] INFO:colcon.colcon_core.shell:Creating package script '/home/albert/umov_ws/install/arduinobot_moveit/share/arduinobot_moveit/package.sh'
[0.894s] INFO:colcon.colcon_core.shell:Creating package script '/home/albert/umov_ws/install/arduinobot_moveit/share/arduinobot_moveit/package.bash'
[0.894s] INFO:colcon.colcon_core.shell:Creating package script '/home/albert/umov_ws/install/arduinobot_moveit/share/arduinobot_moveit/package.zsh'
[0.895s] Level 1:colcon.colcon_core.environment:create_file_with_runtime_dependencies(/home/albert/umov_ws/install/arduinobot_moveit/share/colcon-core/packages/arduinobot_moveit)
[0.897s] INFO:colcon.colcon_ros.task.ament_cmake.build:Building ROS package in '/home/albert/umov_ws/src/moveitAssistant' with build type 'ament_cmake'
[0.897s] INFO:colcon.colcon_cmake.task.cmake.build:Building CMake package in '/home/albert/umov_ws/src/moveitAssistant'
[0.897s] INFO:colcon.colcon_core.shell:Skip shell extension 'powershell' for command environment: Not usable outside of PowerShell
[0.897s] DEBUG:colcon.colcon_core.shell:Skip shell extension 'dsv' for command environment
[0.915s] DEBUG:colcon.colcon_core.event_handler.log_command:Invoked command in '/home/albert/umov_ws/build/arduinobot_controller' returned '0': CMAKE_PREFIX_PATH=${CMAKE_PREFIX_PATH}:/home/albert/ws_moveit2/install/moveit_configs_utils:/home/albert/ws_moveit2/install/launch_param_builder:/home/albert/umov_ws/install/arduino_py_examples:/home/albert/udem2_ws/install/actions_py:/home/albert/udem2_ws/install/lifecycle_py:/home/albert/udem2_ws/install/executors_py:/home/albert/udem2_ws/install/components_py:/home/albert/udem_ws/install/turtlesim_catcher:/home/albert/udem_ws/install/my_py_pkg:/home/albert/udem_ws/install/lifecycle_py:/home/albert/bcdc_ws/install/agbot_teleop:/home/albert/bcdc_ws/install/agbot_py:/home/albert/arduinobot_ws/install/arduinobot_py_examples:/opt/ros/humble /home/albert/.local/bin/cmake --build /home/albert/umov_ws/build/arduinobot_controller -- -j8 -l8
[0.918s] DEBUG:colcon.colcon_core.event_handler.log_command:Invoking command in '/home/albert/umov_ws/build/arduinobot_controller': CMAKE_PREFIX_PATH=${CMAKE_PREFIX_PATH}:/home/albert/ws_moveit2/install/moveit_configs_utils:/home/albert/ws_moveit2/install/launch_param_builder:/home/albert/umov_ws/install/arduino_py_examples:/home/albert/udem2_ws/install/actions_py:/home/albert/udem2_ws/install/lifecycle_py:/home/albert/udem2_ws/install/executors_py:/home/albert/udem2_ws/install/components_py:/home/albert/udem_ws/install/turtlesim_catcher:/home/albert/udem_ws/install/my_py_pkg:/home/albert/udem_ws/install/lifecycle_py:/home/albert/bcdc_ws/install/agbot_teleop:/home/albert/bcdc_ws/install/agbot_py:/home/albert/arduinobot_ws/install/arduinobot_py_examples:/opt/ros/humble /home/albert/.local/bin/cmake --install /home/albert/umov_ws/build/arduinobot_controller
[0.939s] Level 1:colcon.colcon_core.environment:create_environment_scripts_only(arduinobot_controller)
[0.939s] Level 1:colcon.colcon_core.environment:checking '/home/albert/umov_ws/install/arduinobot_controller' for CMake module files
[0.941s] Level 1:colcon.colcon_core.environment:checking '/home/albert/umov_ws/install/arduinobot_controller' for CMake config files
[0.941s] Level 1:colcon.colcon_core.shell:create_environment_hook('arduinobot_controller', 'cmake_prefix_path')
[0.942s] INFO:colcon.colcon_core.shell:Creating environment hook '/home/albert/umov_ws/install/arduinobot_controller/share/arduinobot_controller/hook/cmake_prefix_path.ps1'
[0.945s] DEBUG:colcon.colcon_core.event_handler.log_command:Invoking command in '/home/albert/umov_ws/build/MoveitAssistant': CMAKE_PREFIX_PATH=/home/albert/umov_ws/install/description:/home/albert/umov_ws/install/MoveitAssistant:/home/albert/ag_arm_ws/install/arm_setup_moveit:/home/albert/ag_arm_ws/install/arm_moveit:/home/albert/ag_arm_ws/install/arm_description:/home/albert/ag_arm_ws/install/arm_cpp:/home/albert/ag_arm_ws/install/arm_controller:/home/albert/ws_moveit2/install/pilz_industrial_motion_planner_testutils:/home/albert/ws_moveit2/install/moveit_runtime:/home/albert/ws_moveit2/install/moveit2_tutorials:/home/albert/ws_moveit2/install/moveit:/home/albert/ws_moveit2/install/moveit_planners:/home/albert/ws_moveit2/install/pilz_industrial_motion_planner:/home/albert/ws_moveit2/install/moveit_visual_tools:/home/albert/ws_moveit2/install/moveit_task_constructor_visualization:/home/albert/ws_moveit2/install/moveit_task_constructor_demo:/home/albert/ws_moveit2/install/moveit_task_constructor_capabilities:/home/albert/ws_moveit2/install/moveit_task_constructor_core:/home/albert/ws_moveit2/install/moveit_ros_control_interface:/home/albert/ws_moveit2/install/moveit_plugins:/home/albert/ws_moveit2/install/moveit_simple_controller_manager:/home/albert/ws_moveit2/install/moveit_setup_assistant:/home/albert/ws_moveit2/install/moveit_setup_srdf_plugins:/home/albert/ws_moveit2/install/moveit_setup_core_plugins:/home/albert/ws_moveit2/install/moveit_setup_controllers:/home/albert/ws_moveit2/install/moveit_setup_app_plugins:/home/albert/ws_moveit2/install/moveit_setup_framework:/home/albert/ws_moveit2/install/moveit_servo:/home/albert/ws_moveit2/install/moveit_ros:/home/albert/ws_moveit2/install/moveit_ros_visualization:/home/albert/ws_moveit2/install/moveit_hybrid_planning:/home/albert/ws_moveit2/install/moveit_ros_planning_interface:/home/albert/ws_moveit2/install/moveit_ros_benchmarks:/home/albert/ws_moveit2/install/moveit_ros_warehouse:/home/albert/ws_moveit2/install/moveit_ros_robot_interaction:/home/albert/ws_moveit2/install/moveit_ros_perception:/home/albert/ws_moveit2/install/moveit_resources_prbt_pg70_support:/home/albert/ws_moveit2/install/moveit_resources_prbt_moveit_config:/home/albert/ws_moveit2/install/moveit_ros_move_group:/home/albert/ws_moveit2/install/moveit_planners_ompl:/home/albert/ws_moveit2/install/moveit_ros_planning:/home/albert/ws_moveit2/install/moveit_ros_occupancy_map_monitor:/home/albert/ws_moveit2/install/moveit_resources_prbt_ikfast_manipulator_plugin:/home/albert/ws_moveit2/install/moveit_planners_chomp:/home/albert/ws_moveit2/install/moveit_kinematics:/home/albert/ws_moveit2/install/moveit_chomp_optimizer_adapter:/home/albert/ws_moveit2/install/chomp_motion_planner:/home/albert/ws_moveit2/install/moveit_core:/home/albert/ws_moveit2/install/srdfdom:/home/albert/ws_moveit2/install/rviz_marker_tools:/home/albert/ws_moveit2/install/rosparam_shortcuts:/home/albert/ws_moveit2/install/moveit_task_constructor_msgs:/home/albert/ws_moveit2/install/moveit_resources_prbt_support:/home/albert/ws_moveit2/install/moveit_resources:/home/albert/ws_moveit2/install/moveit_resources_pr2_description:/home/albert/ws_moveit2/install/moveit_resources_panda_moveit_config:/home/albert/ws_moveit2/install/moveit_resources_panda_description:/home/albert/ws_moveit2/install/moveit_resources_fanuc_moveit_config:/home/albert/ws_moveit2/install/moveit_resources_fanuc_description:/home/albert/ws_moveit2/install/moveit_common:/home/albert/umov_ws/install/arduinobot_utils:/home/albert/umov_ws/install/arduinobot_remote:/home/albert/umov_ws/install/arduino_cpp_examples:/home/albert/umov_ws/install/arduinobot_msgs:/home/albert/umov_ws/install/arduinobot_moveit:/home/albert/umov_ws/install/arduinobot_firmware:/home/albert/umov_ws/install/arduinobot_controller:/home/albert/umov_ws/install/arduinobot_bringup:/home/albert/unav_ws/install/turtlebot3_fake_node:/home/albert/unav_ws/install/robot_bringup:/home/albert/unav_ws/install/nav2_robot_description:/home/albert/udem2_ws/install/robot_bringup:/home/albert/udem2_ws/install/my_robot_bringup:/home/albert/udem2_ws/install/lifecycle_cpp:/home/albert/udem2_ws/install/final_project_cpp:/home/albert/udem2_ws/install/actions_cpp:/home/albert/udem2_ws/install/robot_interfaces:/home/albert/udem2_ws/install/executors_cpp:/home/albert/udem2_ws/install/components_cpp:/home/albert/udem_ws/install/my_robot_bringup:/home/albert/udem_ws/install/my_cpp_pkg:/home/albert/udem_ws/install/my_robot_interfaces:/home/albert/udem_ws/install/my_robot_description:/home/albert/udem_ws/install/lifecycle_cpp:/home/albert/bcdc_ws/install/aggiebot_cpp:/home/albert/bcdc_ws/install/aggiebot_msgs:/home/albert/bcdc_ws/install/aggiebot_description:/home/albert/bcdc_ws/install/aggiebot_controller:/home/albert/bcdc_ws/install/aggiebot_bringup:/home/albert/bcdc_ws/install/aggiebot_arm_moveit:/home/albert/bcdc_ws/install/aggiebot_arm_description:/home/albert/bcdc_ws/install/aggiebot_arm_controller:/home/albert/bcdc_ws/install/agbot_setup_moveit:/home/albert/bcdc_ws/install/agbot_cpp:/home/albert/bcdc_ws/install/agbot_msgs:/home/albert/bcdc_ws/install/agbot_moveit:/home/albert/bcdc_ws/install/agbot_description:/home/albert/bcdc_ws/install/agbot_controller:/home/albert/bcdc_ws/install/agbot_bringup:/home/albert/bcdc_ws/install/agbot_arm_controller:/home/albert/arduinobot_ws/install/arduinobot_utils:/home/albert/arduinobot_ws/install/arduinobot_remote:/home/albert/arduinobot_ws/install/arduinobot_cpp_examples:/home/albert/arduinobot_ws/install/arduinobot_msgs:/home/albert/arduinobot_ws/install/arduinobot_moveit_setup:/home/albert/arduinobot_ws/install/arduinobot_moveit:/home/albert/arduinobot_ws/install/arduinobot_description:/home/albert/arduinobot_ws/install/arduinobot_controller:/home/albert/rad_ws/install/agbot_full_nav2:/home/albert/rad_ws/install/agbot_full_msgs:/home/albert/rad_ws/install/agbot_full_moveit_setup:/home/albert/rad_ws/install/agbot_full_moveit:/home/albert/rad_ws/install/agbot_full_description:/home/albert/rad_ws/install/agbot_full_cpp:/home/albert/rad_ws/install/agbot_full_controller:/home/albert/rad_ws/install/agbot_full_cartogropher:/home/albert/dev_ws/install/my_bot:/home/albert/ag_car_ws/install/car_nav2:/home/albert/ag_car_ws/install/car_description:/home/albert/ag_car_ws/install/car_controller:/home/albert/ag_car_ws/install/car_cartographer:/home/albert/ws_moveit2/install/moveit_configs_utils:/home/albert/ws_moveit2/install/launch_param_builder:/home/albert/umov_ws/install/arduino_py_examples:/home/albert/udem2_ws/install/actions_py:/home/albert/udem2_ws/install/lifecycle_py:/home/albert/udem2_ws/install/executors_py:/home/albert/udem2_ws/install/components_py:/home/albert/udem_ws/install/turtlesim_catcher:/home/albert/udem_ws/install/my_py_pkg:/home/albert/udem_ws/install/lifecycle_py:/home/albert/bcdc_ws/install/agbot_teleop:/home/albert/bcdc_ws/install/agbot_py:/home/albert/arduinobot_ws/install/arduinobot_py_examples:/opt/ros/humble /home/albert/.local/bin/cmake --build /home/albert/umov_ws/build/MoveitAssistant -- -j8 -l8
[0.946s] DEBUG:colcon.colcon_core.event_handler.log_command:Invoked command in '/home/albert/umov_ws/build/arduinobot_controller' returned '0': CMAKE_PREFIX_PATH=${CMAKE_PREFIX_PATH}:/home/albert/ws_moveit2/install/moveit_configs_utils:/home/albert/ws_moveit2/install/launch_param_builder:/home/albert/umov_ws/install/arduino_py_examples:/home/albert/udem2_ws/install/actions_py:/home/albert/udem2_ws/install/lifecycle_py:/home/albert/udem2_ws/install/executors_py:/home/albert/udem2_ws/install/components_py:/home/albert/udem_ws/install/turtlesim_catcher:/home/albert/udem_ws/install/my_py_pkg:/home/albert/udem_ws/install/lifecycle_py:/home/albert/bcdc_ws/install/agbot_teleop:/home/albert/bcdc_ws/install/agbot_py:/home/albert/arduinobot_ws/install/arduinobot_py_examples:/opt/ros/humble /home/albert/.local/bin/cmake --install /home/albert/umov_ws/build/arduinobot_controller
[0.946s] INFO:colcon.colcon_core.shell:Creating environment descriptor '/home/albert/umov_ws/install/arduinobot_controller/share/arduinobot_controller/hook/cmake_prefix_path.dsv'
[0.947s] INFO:colcon.colcon_core.shell:Creating environment hook '/home/albert/umov_ws/install/arduinobot_controller/share/arduinobot_controller/hook/cmake_prefix_path.sh'
[0.948s] Level 1:colcon.colcon_core.environment:checking '/home/albert/umov_ws/install/arduinobot_controller/lib'
[0.948s] Level 1:colcon.colcon_core.shell:create_environment_hook('arduinobot_controller', 'ld_library_path_lib')
[0.948s] INFO:colcon.colcon_core.shell:Creating environment hook '/home/albert/umov_ws/install/arduinobot_controller/share/arduinobot_controller/hook/ld_library_path_lib.ps1'
[0.950s] INFO:colcon.colcon_core.shell:Creating environment descriptor '/home/albert/umov_ws/install/arduinobot_controller/share/arduinobot_controller/hook/ld_library_path_lib.dsv'
[0.950s] INFO:colcon.colcon_core.shell:Creating environment hook '/home/albert/umov_ws/install/arduinobot_controller/share/arduinobot_controller/hook/ld_library_path_lib.sh'
[0.951s] Level 1:colcon.colcon_core.environment:checking '/home/albert/umov_ws/install/arduinobot_controller/bin'
[0.951s] Level 1:colcon.colcon_core.environment:checking '/home/albert/umov_ws/install/arduinobot_controller/lib/pkgconfig/arduinobot_controller.pc'
[0.951s] Level 1:colcon.colcon_core.environment:checking '/home/albert/umov_ws/install/arduinobot_controller/lib/python3.10/site-packages'
[0.952s] Level 1:colcon.colcon_core.environment:checking '/home/albert/umov_ws/install/arduinobot_controller/bin'
[0.952s] INFO:colcon.colcon_core.shell:Creating package script '/home/albert/umov_ws/install/arduinobot_controller/share/arduinobot_controller/package.ps1'
[0.953s] INFO:colcon.colcon_core.shell:Creating package descriptor '/home/albert/umov_ws/install/arduinobot_controller/share/arduinobot_controller/package.dsv'
[0.954s] INFO:colcon.colcon_core.shell:Creating package script '/home/albert/umov_ws/install/arduinobot_controller/share/arduinobot_controller/package.sh'
[0.955s] INFO:colcon.colcon_core.shell:Creating package script '/home/albert/umov_ws/install/arduinobot_controller/share/arduinobot_controller/package.bash'
[0.956s] INFO:colcon.colcon_core.shell:Creating package script '/home/albert/umov_ws/install/arduinobot_controller/share/arduinobot_controller/package.zsh'
[0.956s] Level 1:colcon.colcon_core.environment:create_file_with_runtime_dependencies(/home/albert/umov_ws/install/arduinobot_controller/share/colcon-core/packages/arduinobot_controller)
[0.957s] Level 1:colcon.colcon_core.environment:create_environment_scripts_only(arduinobot_controller)
[0.958s] Level 1:colcon.colcon_core.environment:checking '/home/albert/umov_ws/install/arduinobot_controller' for CMake module files
[0.959s] Level 1:colcon.colcon_core.environment:checking '/home/albert/umov_ws/install/arduinobot_controller' for CMake config files
[0.959s] Level 1:colcon.colcon_core.shell:create_environment_hook('arduinobot_controller', 'cmake_prefix_path')
[0.960s] INFO:colcon.colcon_core.shell:Creating environment hook '/home/albert/umov_ws/install/arduinobot_controller/share/arduinobot_controller/hook/cmake_prefix_path.ps1'
[0.961s] INFO:colcon.colcon_core.shell:Creating environment descriptor '/home/albert/umov_ws/install/arduinobot_controller/share/arduinobot_controller/hook/cmake_prefix_path.dsv'
[0.961s] INFO:colcon.colcon_core.shell:Creating environment hook '/home/albert/umov_ws/install/arduinobot_controller/share/arduinobot_controller/hook/cmake_prefix_path.sh'
[0.962s] Level 1:colcon.colcon_core.environment:checking '/home/albert/umov_ws/install/arduinobot_controller/lib'
[0.962s] Level 1:colcon.colcon_core.shell:create_environment_hook('arduinobot_controller', 'ld_library_path_lib')
[0.963s] INFO:colcon.colcon_core.shell:Creating environment hook '/home/albert/umov_ws/install/arduinobot_controller/share/arduinobot_controller/hook/ld_library_path_lib.ps1'
[0.963s] INFO:colcon.colcon_core.shell:Creating environment descriptor '/home/albert/umov_ws/install/arduinobot_controller/share/arduinobot_controller/hook/ld_library_path_lib.dsv'
[0.964s] INFO:colcon.colcon_core.shell:Creating environment hook '/home/albert/umov_ws/install/arduinobot_controller/share/arduinobot_controller/hook/ld_library_path_lib.sh'
[0.965s] Level 1:colcon.colcon_core.environment:checking '/home/albert/umov_ws/install/arduinobot_controller/bin'
[0.965s] Level 1:colcon.colcon_core.environment:checking '/home/albert/umov_ws/install/arduinobot_controller/lib/pkgconfig/arduinobot_controller.pc'
[0.966s] Level 1:colcon.colcon_core.environment:checking '/home/albert/umov_ws/install/arduinobot_controller/lib/python3.10/site-packages'
[0.966s] Level 1:colcon.colcon_core.environment:checking '/home/albert/umov_ws/install/arduinobot_controller/bin'
[0.967s] INFO:colcon.colcon_core.shell:Creating package script '/home/albert/umov_ws/install/arduinobot_controller/share/arduinobot_controller/package.ps1'
[0.968s] INFO:colcon.colcon_core.shell:Creating package descriptor '/home/albert/umov_ws/install/arduinobot_controller/share/arduinobot_controller/package.dsv'
[0.969s] INFO:colcon.colcon_core.shell:Creating package script '/home/albert/umov_ws/install/arduinobot_controller/share/arduinobot_controller/package.sh'
[0.970s] INFO:colcon.colcon_core.shell:Creating package script '/home/albert/umov_ws/install/arduinobot_controller/share/arduinobot_controller/package.bash'
[0.972s] INFO:colcon.colcon_core.shell:Creating package script '/home/albert/umov_ws/install/arduinobot_controller/share/arduinobot_controller/package.zsh'
[0.973s] Level 1:colcon.colcon_core.environment:create_file_with_runtime_dependencies(/home/albert/umov_ws/install/arduinobot_controller/share/colcon-core/packages/arduinobot_controller)
[0.976s] DEBUG:colcon.colcon_core.event_handler.log_command:Invoked command in '/home/albert/umov_ws/build/MoveitAssistant' returned '0': CMAKE_PREFIX_PATH=/home/albert/umov_ws/install/description:/home/albert/umov_ws/install/MoveitAssistant:/home/albert/ag_arm_ws/install/arm_setup_moveit:/home/albert/ag_arm_ws/install/arm_moveit:/home/albert/ag_arm_ws/install/arm_description:/home/albert/ag_arm_ws/install/arm_cpp:/home/albert/ag_arm_ws/install/arm_controller:/home/albert/ws_moveit2/install/pilz_industrial_motion_planner_testutils:/home/albert/ws_moveit2/install/moveit_runtime:/home/albert/ws_moveit2/install/moveit2_tutorials:/home/albert/ws_moveit2/install/moveit:/home/albert/ws_moveit2/install/moveit_planners:/home/albert/ws_moveit2/install/pilz_industrial_motion_planner:/home/albert/ws_moveit2/install/moveit_visual_tools:/home/albert/ws_moveit2/install/moveit_task_constructor_visualization:/home/albert/ws_moveit2/install/moveit_task_constructor_demo:/home/albert/ws_moveit2/install/moveit_task_constructor_capabilities:/home/albert/ws_moveit2/install/moveit_task_constructor_core:/home/albert/ws_moveit2/install/moveit_ros_control_interface:/home/albert/ws_moveit2/install/moveit_plugins:/home/albert/ws_moveit2/install/moveit_simple_controller_manager:/home/albert/ws_moveit2/install/moveit_setup_assistant:/home/albert/ws_moveit2/install/moveit_setup_srdf_plugins:/home/albert/ws_moveit2/install/moveit_setup_core_plugins:/home/albert/ws_moveit2/install/moveit_setup_controllers:/home/albert/ws_moveit2/install/moveit_setup_app_plugins:/home/albert/ws_moveit2/install/moveit_setup_framework:/home/albert/ws_moveit2/install/moveit_servo:/home/albert/ws_moveit2/install/moveit_ros:/home/albert/ws_moveit2/install/moveit_ros_visualization:/home/albert/ws_moveit2/install/moveit_hybrid_planning:/home/albert/ws_moveit2/install/moveit_ros_planning_interface:/home/albert/ws_moveit2/install/moveit_ros_benchmarks:/home/albert/ws_moveit2/install/moveit_ros_warehouse:/home/albert/ws_moveit2/install/moveit_ros_robot_interaction:/home/albert/ws_moveit2/install/moveit_ros_perception:/home/albert/ws_moveit2/install/moveit_resources_prbt_pg70_support:/home/albert/ws_moveit2/install/moveit_resources_prbt_moveit_config:/home/albert/ws_moveit2/install/moveit_ros_move_group:/home/albert/ws_moveit2/install/moveit_planners_ompl:/home/albert/ws_moveit2/install/moveit_ros_planning:/home/albert/ws_moveit2/install/moveit_ros_occupancy_map_monitor:/home/albert/ws_moveit2/install/moveit_resources_prbt_ikfast_manipulator_plugin:/home/albert/ws_moveit2/install/moveit_planners_chomp:/home/albert/ws_moveit2/install/moveit_kinematics:/home/albert/ws_moveit2/install/moveit_chomp_optimizer_adapter:/home/albert/ws_moveit2/install/chomp_motion_planner:/home/albert/ws_moveit2/install/moveit_core:/home/albert/ws_moveit2/install/srdfdom:/home/albert/ws_moveit2/install/rviz_marker_tools:/home/albert/ws_moveit2/install/rosparam_shortcuts:/home/albert/ws_moveit2/install/moveit_task_constructor_msgs:/home/albert/ws_moveit2/install/moveit_resources_prbt_support:/home/albert/ws_moveit2/install/moveit_resources:/home/albert/ws_moveit2/install/moveit_resources_pr2_description:/home/albert/ws_moveit2/install/moveit_resources_panda_moveit_config:/home/albert/ws_moveit2/install/moveit_resources_panda_description:/home/albert/ws_moveit2/install/moveit_resources_fanuc_moveit_config:/home/albert/ws_moveit2/install/moveit_resources_fanuc_description:/home/albert/ws_moveit2/install/moveit_common:/home/albert/umov_ws/install/arduinobot_utils:/home/albert/umov_ws/install/arduinobot_remote:/home/albert/umov_ws/install/arduino_cpp_examples:/home/albert/umov_ws/install/arduinobot_msgs:/home/albert/umov_ws/install/arduinobot_moveit:/home/albert/umov_ws/install/arduinobot_firmware:/home/albert/umov_ws/install/arduinobot_controller:/home/albert/umov_ws/install/arduinobot_bringup:/home/albert/unav_ws/install/turtlebot3_fake_node:/home/albert/unav_ws/install/robot_bringup:/home/albert/unav_ws/install/nav2_robot_description:/home/albert/udem2_ws/install/robot_bringup:/home/albert/udem2_ws/install/my_robot_bringup:/home/albert/udem2_ws/install/lifecycle_cpp:/home/albert/udem2_ws/install/final_project_cpp:/home/albert/udem2_ws/install/actions_cpp:/home/albert/udem2_ws/install/robot_interfaces:/home/albert/udem2_ws/install/executors_cpp:/home/albert/udem2_ws/install/components_cpp:/home/albert/udem_ws/install/my_robot_bringup:/home/albert/udem_ws/install/my_cpp_pkg:/home/albert/udem_ws/install/my_robot_interfaces:/home/albert/udem_ws/install/my_robot_description:/home/albert/udem_ws/install/lifecycle_cpp:/home/albert/bcdc_ws/install/aggiebot_cpp:/home/albert/bcdc_ws/install/aggiebot_msgs:/home/albert/bcdc_ws/install/aggiebot_description:/home/albert/bcdc_ws/install/aggiebot_controller:/home/albert/bcdc_ws/install/aggiebot_bringup:/home/albert/bcdc_ws/install/aggiebot_arm_moveit:/home/albert/bcdc_ws/install/aggiebot_arm_description:/home/albert/bcdc_ws/install/aggiebot_arm_controller:/home/albert/bcdc_ws/install/agbot_setup_moveit:/home/albert/bcdc_ws/install/agbot_cpp:/home/albert/bcdc_ws/install/agbot_msgs:/home/albert/bcdc_ws/install/agbot_moveit:/home/albert/bcdc_ws/install/agbot_description:/home/albert/bcdc_ws/install/agbot_controller:/home/albert/bcdc_ws/install/agbot_bringup:/home/albert/bcdc_ws/install/agbot_arm_controller:/home/albert/arduinobot_ws/install/arduinobot_utils:/home/albert/arduinobot_ws/install/arduinobot_remote:/home/albert/arduinobot_ws/install/arduinobot_cpp_examples:/home/albert/arduinobot_ws/install/arduinobot_msgs:/home/albert/arduinobot_ws/install/arduinobot_moveit_setup:/home/albert/arduinobot_ws/install/arduinobot_moveit:/home/albert/arduinobot_ws/install/arduinobot_description:/home/albert/arduinobot_ws/install/arduinobot_controller:/home/albert/rad_ws/install/agbot_full_nav2:/home/albert/rad_ws/install/agbot_full_msgs:/home/albert/rad_ws/install/agbot_full_moveit_setup:/home/albert/rad_ws/install/agbot_full_moveit:/home/albert/rad_ws/install/agbot_full_description:/home/albert/rad_ws/install/agbot_full_cpp:/home/albert/rad_ws/install/agbot_full_controller:/home/albert/rad_ws/install/agbot_full_cartogropher:/home/albert/dev_ws/install/my_bot:/home/albert/ag_car_ws/install/car_nav2:/home/albert/ag_car_ws/install/car_description:/home/albert/ag_car_ws/install/car_controller:/home/albert/ag_car_ws/install/car_cartographer:/home/albert/ws_moveit2/install/moveit_configs_utils:/home/albert/ws_moveit2/install/launch_param_builder:/home/albert/umov_ws/install/arduino_py_examples:/home/albert/udem2_ws/install/actions_py:/home/albert/udem2_ws/install/lifecycle_py:/home/albert/udem2_ws/install/executors_py:/home/albert/udem2_ws/install/components_py:/home/albert/udem_ws/install/turtlesim_catcher:/home/albert/udem_ws/install/my_py_pkg:/home/albert/udem_ws/install/lifecycle_py:/home/albert/bcdc_ws/install/agbot_teleop:/home/albert/bcdc_ws/install/agbot_py:/home/albert/arduinobot_ws/install/arduinobot_py_examples:/opt/ros/humble /home/albert/.local/bin/cmake --build /home/albert/umov_ws/build/MoveitAssistant -- -j8 -l8
[0.978s] DEBUG:colcon.colcon_core.event_handler.log_command:Invoking command in '/home/albert/umov_ws/build/MoveitAssistant': CMAKE_PREFIX_PATH=/home/albert/umov_ws/install/description:/home/albert/umov_ws/install/MoveitAssistant:/home/albert/ag_arm_ws/install/arm_setup_moveit:/home/albert/ag_arm_ws/install/arm_moveit:/home/albert/ag_arm_ws/install/arm_description:/home/albert/ag_arm_ws/install/arm_cpp:/home/albert/ag_arm_ws/install/arm_controller:/home/albert/ws_moveit2/install/pilz_industrial_motion_planner_testutils:/home/albert/ws_moveit2/install/moveit_runtime:/home/albert/ws_moveit2/install/moveit2_tutorials:/home/albert/ws_moveit2/install/moveit:/home/albert/ws_moveit2/install/moveit_planners:/home/albert/ws_moveit2/install/pilz_industrial_motion_planner:/home/albert/ws_moveit2/install/moveit_visual_tools:/home/albert/ws_moveit2/install/moveit_task_constructor_visualization:/home/albert/ws_moveit2/install/moveit_task_constructor_demo:/home/albert/ws_moveit2/install/moveit_task_constructor_capabilities:/home/albert/ws_moveit2/install/moveit_task_constructor_core:/home/albert/ws_moveit2/install/moveit_ros_control_interface:/home/albert/ws_moveit2/install/moveit_plugins:/home/albert/ws_moveit2/install/moveit_simple_controller_manager:/home/albert/ws_moveit2/install/moveit_setup_assistant:/home/albert/ws_moveit2/install/moveit_setup_srdf_plugins:/home/albert/ws_moveit2/install/moveit_setup_core_plugins:/home/albert/ws_moveit2/install/moveit_setup_controllers:/home/albert/ws_moveit2/install/moveit_setup_app_plugins:/home/albert/ws_moveit2/install/moveit_setup_framework:/home/albert/ws_moveit2/install/moveit_servo:/home/albert/ws_moveit2/install/moveit_ros:/home/albert/ws_moveit2/install/moveit_ros_visualization:/home/albert/ws_moveit2/install/moveit_hybrid_planning:/home/albert/ws_moveit2/install/moveit_ros_planning_interface:/home/albert/ws_moveit2/install/moveit_ros_benchmarks:/home/albert/ws_moveit2/install/moveit_ros_warehouse:/home/albert/ws_moveit2/install/moveit_ros_robot_interaction:/home/albert/ws_moveit2/install/moveit_ros_perception:/home/albert/ws_moveit2/install/moveit_resources_prbt_pg70_support:/home/albert/ws_moveit2/install/moveit_resources_prbt_moveit_config:/home/albert/ws_moveit2/install/moveit_ros_move_group:/home/albert/ws_moveit2/install/moveit_planners_ompl:/home/albert/ws_moveit2/install/moveit_ros_planning:/home/albert/ws_moveit2/install/moveit_ros_occupancy_map_monitor:/home/albert/ws_moveit2/install/moveit_resources_prbt_ikfast_manipulator_plugin:/home/albert/ws_moveit2/install/moveit_planners_chomp:/home/albert/ws_moveit2/install/moveit_kinematics:/home/albert/ws_moveit2/install/moveit_chomp_optimizer_adapter:/home/albert/ws_moveit2/install/chomp_motion_planner:/home/albert/ws_moveit2/install/moveit_core:/home/albert/ws_moveit2/install/srdfdom:/home/albert/ws_moveit2/install/rviz_marker_tools:/home/albert/ws_moveit2/install/rosparam_shortcuts:/home/albert/ws_moveit2/install/moveit_task_constructor_msgs:/home/albert/ws_moveit2/install/moveit_resources_prbt_support:/home/albert/ws_moveit2/install/moveit_resources:/home/albert/ws_moveit2/install/moveit_resources_pr2_description:/home/albert/ws_moveit2/install/moveit_resources_panda_moveit_config:/home/albert/ws_moveit2/install/moveit_resources_panda_description:/home/albert/ws_moveit2/install/moveit_resources_fanuc_moveit_config:/home/albert/ws_moveit2/install/moveit_resources_fanuc_description:/home/albert/ws_moveit2/install/moveit_common:/home/albert/umov_ws/install/arduinobot_utils:/home/albert/umov_ws/install/arduinobot_remote:/home/albert/umov_ws/install/arduino_cpp_examples:/home/albert/umov_ws/install/arduinobot_msgs:/home/albert/umov_ws/install/arduinobot_moveit:/home/albert/umov_ws/install/arduinobot_firmware:/home/albert/umov_ws/install/arduinobot_controller:/home/albert/umov_ws/install/arduinobot_bringup:/home/albert/unav_ws/install/turtlebot3_fake_node:/home/albert/unav_ws/install/robot_bringup:/home/albert/unav_ws/install/nav2_robot_description:/home/albert/udem2_ws/install/robot_bringup:/home/albert/udem2_ws/install/my_robot_bringup:/home/albert/udem2_ws/install/lifecycle_cpp:/home/albert/udem2_ws/install/final_project_cpp:/home/albert/udem2_ws/install/actions_cpp:/home/albert/udem2_ws/install/robot_interfaces:/home/albert/udem2_ws/install/executors_cpp:/home/albert/udem2_ws/install/components_cpp:/home/albert/udem_ws/install/my_robot_bringup:/home/albert/udem_ws/install/my_cpp_pkg:/home/albert/udem_ws/install/my_robot_interfaces:/home/albert/udem_ws/install/my_robot_description:/home/albert/udem_ws/install/lifecycle_cpp:/home/albert/bcdc_ws/install/aggiebot_cpp:/home/albert/bcdc_ws/install/aggiebot_msgs:/home/albert/bcdc_ws/install/aggiebot_description:/home/albert/bcdc_ws/install/aggiebot_controller:/home/albert/bcdc_ws/install/aggiebot_bringup:/home/albert/bcdc_ws/install/aggiebot_arm_moveit:/home/albert/bcdc_ws/install/aggiebot_arm_description:/home/albert/bcdc_ws/install/aggiebot_arm_controller:/home/albert/bcdc_ws/install/agbot_setup_moveit:/home/albert/bcdc_ws/install/agbot_cpp:/home/albert/bcdc_ws/install/agbot_msgs:/home/albert/bcdc_ws/install/agbot_moveit:/home/albert/bcdc_ws/install/agbot_description:/home/albert/bcdc_ws/install/agbot_controller:/home/albert/bcdc_ws/install/agbot_bringup:/home/albert/bcdc_ws/install/agbot_arm_controller:/home/albert/arduinobot_ws/install/arduinobot_utils:/home/albert/arduinobot_ws/install/arduinobot_remote:/home/albert/arduinobot_ws/install/arduinobot_cpp_examples:/home/albert/arduinobot_ws/install/arduinobot_msgs:/home/albert/arduinobot_ws/install/arduinobot_moveit_setup:/home/albert/arduinobot_ws/install/arduinobot_moveit:/home/albert/arduinobot_ws/install/arduinobot_description:/home/albert/arduinobot_ws/install/arduinobot_controller:/home/albert/rad_ws/install/agbot_full_nav2:/home/albert/rad_ws/install/agbot_full_msgs:/home/albert/rad_ws/install/agbot_full_moveit_setup:/home/albert/rad_ws/install/agbot_full_moveit:/home/albert/rad_ws/install/agbot_full_description:/home/albert/rad_ws/install/agbot_full_cpp:/home/albert/rad_ws/install/agbot_full_controller:/home/albert/rad_ws/install/agbot_full_cartogropher:/home/albert/dev_ws/install/my_bot:/home/albert/ag_car_ws/install/car_nav2:/home/albert/ag_car_ws/install/car_description:/home/albert/ag_car_ws/install/car_controller:/home/albert/ag_car_ws/install/car_cartographer:/home/albert/ws_moveit2/install/moveit_configs_utils:/home/albert/ws_moveit2/install/launch_param_builder:/home/albert/umov_ws/install/arduino_py_examples:/home/albert/udem2_ws/install/actions_py:/home/albert/udem2_ws/install/lifecycle_py:/home/albert/udem2_ws/install/executors_py:/home/albert/udem2_ws/install/components_py:/home/albert/udem_ws/install/turtlesim_catcher:/home/albert/udem_ws/install/my_py_pkg:/home/albert/udem_ws/install/lifecycle_py:/home/albert/bcdc_ws/install/agbot_teleop:/home/albert/bcdc_ws/install/agbot_py:/home/albert/arduinobot_ws/install/arduinobot_py_examples:/opt/ros/humble /home/albert/.local/bin/cmake --install /home/albert/umov_ws/build/MoveitAssistant
[0.984s] Level 1:colcon.colcon_core.environment:create_environment_scripts_only(MoveitAssistant)
[0.984s] Level 1:colcon.colcon_core.environment:checking '/home/albert/umov_ws/install/MoveitAssistant' for CMake module files
[0.987s] Level 1:colcon.colcon_core.environment:checking '/home/albert/umov_ws/install/MoveitAssistant' for CMake config files
[0.989s] DEBUG:colcon.colcon_core.event_handler.log_command:Invoked command in '/home/albert/umov_ws/build/MoveitAssistant' returned '0': CMAKE_PREFIX_PATH=/home/albert/umov_ws/install/description:/home/albert/umov_ws/install/MoveitAssistant:/home/albert/ag_arm_ws/install/arm_setup_moveit:/home/albert/ag_arm_ws/install/arm_moveit:/home/albert/ag_arm_ws/install/arm_description:/home/albert/ag_arm_ws/install/arm_cpp:/home/albert/ag_arm_ws/install/arm_controller:/home/albert/ws_moveit2/install/pilz_industrial_motion_planner_testutils:/home/albert/ws_moveit2/install/moveit_runtime:/home/albert/ws_moveit2/install/moveit2_tutorials:/home/albert/ws_moveit2/install/moveit:/home/albert/ws_moveit2/install/moveit_planners:/home/albert/ws_moveit2/install/pilz_industrial_motion_planner:/home/albert/ws_moveit2/install/moveit_visual_tools:/home/albert/ws_moveit2/install/moveit_task_constructor_visualization:/home/albert/ws_moveit2/install/moveit_task_constructor_demo:/home/albert/ws_moveit2/install/moveit_task_constructor_capabilities:/home/albert/ws_moveit2/install/moveit_task_constructor_core:/home/albert/ws_moveit2/install/moveit_ros_control_interface:/home/albert/ws_moveit2/install/moveit_plugins:/home/albert/ws_moveit2/install/moveit_simple_controller_manager:/home/albert/ws_moveit2/install/moveit_setup_assistant:/home/albert/ws_moveit2/install/moveit_setup_srdf_plugins:/home/albert/ws_moveit2/install/moveit_setup_core_plugins:/home/albert/ws_moveit2/install/moveit_setup_controllers:/home/albert/ws_moveit2/install/moveit_setup_app_plugins:/home/albert/ws_moveit2/install/moveit_setup_framework:/home/albert/ws_moveit2/install/moveit_servo:/home/albert/ws_moveit2/install/moveit_ros:/home/albert/ws_moveit2/install/moveit_ros_visualization:/home/albert/ws_moveit2/install/moveit_hybrid_planning:/home/albert/ws_moveit2/install/moveit_ros_planning_interface:/home/albert/ws_moveit2/install/moveit_ros_benchmarks:/home/albert/ws_moveit2/install/moveit_ros_warehouse:/home/albert/ws_moveit2/install/moveit_ros_robot_interaction:/home/albert/ws_moveit2/install/moveit_ros_perception:/home/albert/ws_moveit2/install/moveit_resources_prbt_pg70_support:/home/albert/ws_moveit2/install/moveit_resources_prbt_moveit_config:/home/albert/ws_moveit2/install/moveit_ros_move_group:/home/albert/ws_moveit2/install/moveit_planners_ompl:/home/albert/ws_moveit2/install/moveit_ros_planning:/home/albert/ws_moveit2/install/moveit_ros_occupancy_map_monitor:/home/albert/ws_moveit2/install/moveit_resources_prbt_ikfast_manipulator_plugin:/home/albert/ws_moveit2/install/moveit_planners_chomp:/home/albert/ws_moveit2/install/moveit_kinematics:/home/albert/ws_moveit2/install/moveit_chomp_optimizer_adapter:/home/albert/ws_moveit2/install/chomp_motion_planner:/home/albert/ws_moveit2/install/moveit_core:/home/albert/ws_moveit2/install/srdfdom:/home/albert/ws_moveit2/install/rviz_marker_tools:/home/albert/ws_moveit2/install/rosparam_shortcuts:/home/albert/ws_moveit2/install/moveit_task_constructor_msgs:/home/albert/ws_moveit2/install/moveit_resources_prbt_support:/home/albert/ws_moveit2/install/moveit_resources:/home/albert/ws_moveit2/install/moveit_resources_pr2_description:/home/albert/ws_moveit2/install/moveit_resources_panda_moveit_config:/home/albert/ws_moveit2/install/moveit_resources_panda_description:/home/albert/ws_moveit2/install/moveit_resources_fanuc_moveit_config:/home/albert/ws_moveit2/install/moveit_resources_fanuc_description:/home/albert/ws_moveit2/install/moveit_common:/home/albert/umov_ws/install/arduinobot_utils:/home/albert/umov_ws/install/arduinobot_remote:/home/albert/umov_ws/install/arduino_cpp_examples:/home/albert/umov_ws/install/arduinobot_msgs:/home/albert/umov_ws/install/arduinobot_moveit:/home/albert/umov_ws/install/arduinobot_firmware:/home/albert/umov_ws/install/arduinobot_controller:/home/albert/umov_ws/install/arduinobot_bringup:/home/albert/unav_ws/install/turtlebot3_fake_node:/home/albert/unav_ws/install/robot_bringup:/home/albert/unav_ws/install/nav2_robot_description:/home/albert/udem2_ws/install/robot_bringup:/home/albert/udem2_ws/install/my_robot_bringup:/home/albert/udem2_ws/install/lifecycle_cpp:/home/albert/udem2_ws/install/final_project_cpp:/home/albert/udem2_ws/install/actions_cpp:/home/albert/udem2_ws/install/robot_interfaces:/home/albert/udem2_ws/install/executors_cpp:/home/albert/udem2_ws/install/components_cpp:/home/albert/udem_ws/install/my_robot_bringup:/home/albert/udem_ws/install/my_cpp_pkg:/home/albert/udem_ws/install/my_robot_interfaces:/home/albert/udem_ws/install/my_robot_description:/home/albert/udem_ws/install/lifecycle_cpp:/home/albert/bcdc_ws/install/aggiebot_cpp:/home/albert/bcdc_ws/install/aggiebot_msgs:/home/albert/bcdc_ws/install/aggiebot_description:/home/albert/bcdc_ws/install/aggiebot_controller:/home/albert/bcdc_ws/install/aggiebot_bringup:/home/albert/bcdc_ws/install/aggiebot_arm_moveit:/home/albert/bcdc_ws/install/aggiebot_arm_description:/home/albert/bcdc_ws/install/aggiebot_arm_controller:/home/albert/bcdc_ws/install/agbot_setup_moveit:/home/albert/bcdc_ws/install/agbot_cpp:/home/albert/bcdc_ws/install/agbot_msgs:/home/albert/bcdc_ws/install/agbot_moveit:/home/albert/bcdc_ws/install/agbot_description:/home/albert/bcdc_ws/install/agbot_controller:/home/albert/bcdc_ws/install/agbot_bringup:/home/albert/bcdc_ws/install/agbot_arm_controller:/home/albert/arduinobot_ws/install/arduinobot_utils:/home/albert/arduinobot_ws/install/arduinobot_remote:/home/albert/arduinobot_ws/install/arduinobot_cpp_examples:/home/albert/arduinobot_ws/install/arduinobot_msgs:/home/albert/arduinobot_ws/install/arduinobot_moveit_setup:/home/albert/arduinobot_ws/install/arduinobot_moveit:/home/albert/arduinobot_ws/install/arduinobot_description:/home/albert/arduinobot_ws/install/arduinobot_controller:/home/albert/rad_ws/install/agbot_full_nav2:/home/albert/rad_ws/install/agbot_full_msgs:/home/albert/rad_ws/install/agbot_full_moveit_setup:/home/albert/rad_ws/install/agbot_full_moveit:/home/albert/rad_ws/install/agbot_full_description:/home/albert/rad_ws/install/agbot_full_cpp:/home/albert/rad_ws/install/agbot_full_controller:/home/albert/rad_ws/install/agbot_full_cartogropher:/home/albert/dev_ws/install/my_bot:/home/albert/ag_car_ws/install/car_nav2:/home/albert/ag_car_ws/install/car_description:/home/albert/ag_car_ws/install/car_controller:/home/albert/ag_car_ws/install/car_cartographer:/home/albert/ws_moveit2/install/moveit_configs_utils:/home/albert/ws_moveit2/install/launch_param_builder:/home/albert/umov_ws/install/arduino_py_examples:/home/albert/udem2_ws/install/actions_py:/home/albert/udem2_ws/install/lifecycle_py:/home/albert/udem2_ws/install/executors_py:/home/albert/udem2_ws/install/components_py:/home/albert/udem_ws/install/turtlesim_catcher:/home/albert/udem_ws/install/my_py_pkg:/home/albert/udem_ws/install/lifecycle_py:/home/albert/bcdc_ws/install/agbot_teleop:/home/albert/bcdc_ws/install/agbot_py:/home/albert/arduinobot_ws/install/arduinobot_py_examples:/opt/ros/humble /home/albert/.local/bin/cmake --install /home/albert/umov_ws/build/MoveitAssistant
[0.989s] Level 1:colcon.colcon_core.shell:create_environment_hook('MoveitAssistant', 'cmake_prefix_path')
[0.989s] INFO:colcon.colcon_core.shell:Creating environment hook '/home/albert/umov_ws/install/MoveitAssistant/share/MoveitAssistant/hook/cmake_prefix_path.ps1'
[0.990s] INFO:colcon.colcon_core.shell:Creating environment descriptor '/home/albert/umov_ws/install/MoveitAssistant/share/MoveitAssistant/hook/cmake_prefix_path.dsv'
[0.991s] INFO:colcon.colcon_core.shell:Creating environment hook '/home/albert/umov_ws/install/MoveitAssistant/share/MoveitAssistant/hook/cmake_prefix_path.sh'
[0.991s] Level 1:colcon.colcon_core.environment:checking '/home/albert/umov_ws/install/MoveitAssistant/bin'
[0.992s] Level 1:colcon.colcon_core.environment:checking '/home/albert/umov_ws/install/MoveitAssistant/lib/pkgconfig/MoveitAssistant.pc'
[0.992s] Level 1:colcon.colcon_core.environment:checking '/home/albert/umov_ws/install/MoveitAssistant/lib/python3.10/site-packages'
[0.992s] Level 1:colcon.colcon_core.environment:checking '/home/albert/umov_ws/install/MoveitAssistant/bin'
[0.993s] INFO:colcon.colcon_core.shell:Creating package script '/home/albert/umov_ws/install/MoveitAssistant/share/MoveitAssistant/package.ps1'
[0.994s] INFO:colcon.colcon_core.shell:Creating package descriptor '/home/albert/umov_ws/install/MoveitAssistant/share/MoveitAssistant/package.dsv'
[0.994s] INFO:colcon.colcon_core.shell:Creating package script '/home/albert/umov_ws/install/MoveitAssistant/share/MoveitAssistant/package.sh'
[0.995s] INFO:colcon.colcon_core.shell:Creating package script '/home/albert/umov_ws/install/MoveitAssistant/share/MoveitAssistant/package.bash'
[0.995s] INFO:colcon.colcon_core.shell:Creating package script '/home/albert/umov_ws/install/MoveitAssistant/share/MoveitAssistant/package.zsh'
[0.995s] Level 1:colcon.colcon_core.environment:create_file_with_runtime_dependencies(/home/albert/umov_ws/install/MoveitAssistant/share/colcon-core/packages/MoveitAssistant)
[0.996s] Level 1:colcon.colcon_core.environment:create_environment_scripts_only(MoveitAssistant)
[0.996s] Level 1:colcon.colcon_core.environment:checking '/home/albert/umov_ws/install/MoveitAssistant' for CMake module files
[0.997s] Level 1:colcon.colcon_core.environment:checking '/home/albert/umov_ws/install/MoveitAssistant' for CMake config files
[0.997s] Level 1:colcon.colcon_core.shell:create_environment_hook('MoveitAssistant', 'cmake_prefix_path')
[0.997s] INFO:colcon.colcon_core.shell:Creating environment hook '/home/albert/umov_ws/install/MoveitAssistant/share/MoveitAssistant/hook/cmake_prefix_path.ps1'
[0.997s] INFO:colcon.colcon_core.shell:Creating environment descriptor '/home/albert/umov_ws/install/MoveitAssistant/share/MoveitAssistant/hook/cmake_prefix_path.dsv'
[0.998s] INFO:colcon.colcon_core.shell:Creating environment hook '/home/albert/umov_ws/install/MoveitAssistant/share/MoveitAssistant/hook/cmake_prefix_path.sh'
[0.998s] Level 1:colcon.colcon_core.environment:checking '/home/albert/umov_ws/install/MoveitAssistant/bin'
[0.998s] Level 1:colcon.colcon_core.environment:checking '/home/albert/umov_ws/install/MoveitAssistant/lib/pkgconfig/MoveitAssistant.pc'
[0.998s] Level 1:colcon.colcon_core.environment:checking '/home/albert/umov_ws/install/MoveitAssistant/lib/python3.10/site-packages'
[0.999s] Level 1:colcon.colcon_core.environment:checking '/home/albert/umov_ws/install/MoveitAssistant/bin'
[0.999s] INFO:colcon.colcon_core.shell:Creating package script '/home/albert/umov_ws/install/MoveitAssistant/share/MoveitAssistant/package.ps1'
[0.999s] INFO:colcon.colcon_core.shell:Creating package descriptor '/home/albert/umov_ws/install/MoveitAssistant/share/MoveitAssistant/package.dsv'
[1.000s] INFO:colcon.colcon_core.shell:Creating package script '/home/albert/umov_ws/install/MoveitAssistant/share/MoveitAssistant/package.sh'
[1.000s] INFO:colcon.colcon_core.shell:Creating package script '/home/albert/umov_ws/install/MoveitAssistant/share/MoveitAssistant/package.bash'
[1.000s] INFO:colcon.colcon_core.shell:Creating package script '/home/albert/umov_ws/install/MoveitAssistant/share/MoveitAssistant/package.zsh'
[1.001s] Level 1:colcon.colcon_core.environment:create_file_with_runtime_dependencies(/home/albert/umov_ws/install/MoveitAssistant/share/colcon-core/packages/MoveitAssistant)
[1.335s] DEBUG:colcon.colcon_core.event_handler.log_command:Invoked command in '/home/albert/umov_ws/build/arduinobot_msgs' returned '0': CMAKE_PREFIX_PATH=${CMAKE_PREFIX_PATH}:/home/albert/ws_moveit2/install/moveit_configs_utils:/home/albert/ws_moveit2/install/launch_param_builder:/home/albert/umov_ws/install/arduino_py_examples:/home/albert/udem2_ws/install/actions_py:/home/albert/udem2_ws/install/lifecycle_py:/home/albert/udem2_ws/install/executors_py:/home/albert/udem2_ws/install/components_py:/home/albert/udem_ws/install/turtlesim_catcher:/home/albert/udem_ws/install/my_py_pkg:/home/albert/udem_ws/install/lifecycle_py:/home/albert/bcdc_ws/install/agbot_teleop:/home/albert/bcdc_ws/install/agbot_py:/home/albert/arduinobot_ws/install/arduinobot_py_examples:/opt/ros/humble /home/albert/.local/bin/cmake --build /home/albert/umov_ws/build/arduinobot_msgs -- -j8 -l8
[1.337s] DEBUG:colcon.colcon_core.event_handler.log_command:Invoking command in '/home/albert/umov_ws/build/arduinobot_msgs': CMAKE_PREFIX_PATH=${CMAKE_PREFIX_PATH}:/home/albert/ws_moveit2/install/moveit_configs_utils:/home/albert/ws_moveit2/install/launch_param_builder:/home/albert/umov_ws/install/arduino_py_examples:/home/albert/udem2_ws/install/actions_py:/home/albert/udem2_ws/install/lifecycle_py:/home/albert/udem2_ws/install/executors_py:/home/albert/udem2_ws/install/components_py:/home/albert/udem_ws/install/turtlesim_catcher:/home/albert/udem_ws/install/my_py_pkg:/home/albert/udem_ws/install/lifecycle_py:/home/albert/bcdc_ws/install/agbot_teleop:/home/albert/bcdc_ws/install/agbot_py:/home/albert/arduinobot_ws/install/arduinobot_py_examples:/opt/ros/humble /home/albert/.local/bin/cmake --install /home/albert/umov_ws/build/arduinobot_msgs
[1.437s] Level 1:colcon.colcon_core.environment:create_environment_scripts_only(arduinobot_msgs)
[1.437s] Level 1:colcon.colcon_core.environment:checking '/home/albert/umov_ws/install/arduinobot_msgs' for CMake module files
[1.439s] DEBUG:colcon.colcon_core.event_handler.log_command:Invoked command in '/home/albert/umov_ws/build/arduinobot_msgs' returned '0': CMAKE_PREFIX_PATH=${CMAKE_PREFIX_PATH}:/home/albert/ws_moveit2/install/moveit_configs_utils:/home/albert/ws_moveit2/install/launch_param_builder:/home/albert/umov_ws/install/arduino_py_examples:/home/albert/udem2_ws/install/actions_py:/home/albert/udem2_ws/install/lifecycle_py:/home/albert/udem2_ws/install/executors_py:/home/albert/udem2_ws/install/components_py:/home/albert/udem_ws/install/turtlesim_catcher:/home/albert/udem_ws/install/my_py_pkg:/home/albert/udem_ws/install/lifecycle_py:/home/albert/bcdc_ws/install/agbot_teleop:/home/albert/bcdc_ws/install/agbot_py:/home/albert/arduinobot_ws/install/arduinobot_py_examples:/opt/ros/humble /home/albert/.local/bin/cmake --install /home/albert/umov_ws/build/arduinobot_msgs
[1.439s] Level 1:colcon.colcon_core.environment:checking '/home/albert/umov_ws/install/arduinobot_msgs' for CMake config files
[1.441s] Level 1:colcon.colcon_core.shell:create_environment_hook('arduinobot_msgs', 'cmake_prefix_path')
[1.441s] INFO:colcon.colcon_core.shell:Creating environment hook '/home/albert/umov_ws/install/arduinobot_msgs/share/arduinobot_msgs/hook/cmake_prefix_path.ps1'
[1.442s] INFO:colcon.colcon_core.shell:Creating environment descriptor '/home/albert/umov_ws/install/arduinobot_msgs/share/arduinobot_msgs/hook/cmake_prefix_path.dsv'
[1.442s] INFO:colcon.colcon_core.shell:Creating environment hook '/home/albert/umov_ws/install/arduinobot_msgs/share/arduinobot_msgs/hook/cmake_prefix_path.sh'
[1.443s] Level 1:colcon.colcon_core.environment:checking '/home/albert/umov_ws/install/arduinobot_msgs/lib'
[1.443s] Level 1:colcon.colcon_core.shell:create_environment_hook('arduinobot_msgs', 'ld_library_path_lib')
[1.444s] INFO:colcon.colcon_core.shell:Creating environment hook '/home/albert/umov_ws/install/arduinobot_msgs/share/arduinobot_msgs/hook/ld_library_path_lib.ps1'
[1.444s] INFO:colcon.colcon_core.shell:Creating environment descriptor '/home/albert/umov_ws/install/arduinobot_msgs/share/arduinobot_msgs/hook/ld_library_path_lib.dsv'
[1.445s] INFO:colcon.colcon_core.shell:Creating environment hook '/home/albert/umov_ws/install/arduinobot_msgs/share/arduinobot_msgs/hook/ld_library_path_lib.sh'
[1.445s] Level 1:colcon.colcon_core.environment:checking '/home/albert/umov_ws/install/arduinobot_msgs/bin'
[1.446s] Level 1:colcon.colcon_core.environment:checking '/home/albert/umov_ws/install/arduinobot_msgs/lib/pkgconfig/arduinobot_msgs.pc'
[1.446s] Level 1:colcon.colcon_core.environment:checking '/home/albert/umov_ws/install/arduinobot_msgs/lib/python3.10/site-packages'
[1.446s] Level 1:colcon.colcon_core.environment:checking '/home/albert/umov_ws/install/arduinobot_msgs/bin'
[1.447s] INFO:colcon.colcon_core.shell:Creating package script '/home/albert/umov_ws/install/arduinobot_msgs/share/arduinobot_msgs/package.ps1'
[1.448s] INFO:colcon.colcon_core.shell:Creating package descriptor '/home/albert/umov_ws/install/arduinobot_msgs/share/arduinobot_msgs/package.dsv'
[1.448s] INFO:colcon.colcon_core.shell:Creating package script '/home/albert/umov_ws/install/arduinobot_msgs/share/arduinobot_msgs/package.sh'
[1.449s] INFO:colcon.colcon_core.shell:Creating package script '/home/albert/umov_ws/install/arduinobot_msgs/share/arduinobot_msgs/package.bash'
[1.450s] INFO:colcon.colcon_core.shell:Creating package script '/home/albert/umov_ws/install/arduinobot_msgs/share/arduinobot_msgs/package.zsh'
[1.450s] Level 1:colcon.colcon_core.environment:create_file_with_runtime_dependencies(/home/albert/umov_ws/install/arduinobot_msgs/share/colcon-core/packages/arduinobot_msgs)
[1.451s] Level 1:colcon.colcon_core.environment:create_environment_scripts_only(arduinobot_msgs)
[1.451s] Level 1:colcon.colcon_core.environment:checking '/home/albert/umov_ws/install/arduinobot_msgs' for CMake module files
[1.452s] Level 1:colcon.colcon_core.environment:checking '/home/albert/umov_ws/install/arduinobot_msgs' for CMake config files
[1.452s] Level 1:colcon.colcon_core.shell:create_environment_hook('arduinobot_msgs', 'cmake_prefix_path')
[1.453s] INFO:colcon.colcon_core.shell:Creating environment hook '/home/albert/umov_ws/install/arduinobot_msgs/share/arduinobot_msgs/hook/cmake_prefix_path.ps1'
[1.453s] INFO:colcon.colcon_core.shell:Creating environment descriptor '/home/albert/umov_ws/install/arduinobot_msgs/share/arduinobot_msgs/hook/cmake_prefix_path.dsv'
[1.454s] INFO:colcon.colcon_core.shell:Creating environment hook '/home/albert/umov_ws/install/arduinobot_msgs/share/arduinobot_msgs/hook/cmake_prefix_path.sh'
[1.454s] Level 1:colcon.colcon_core.environment:checking '/home/albert/umov_ws/install/arduinobot_msgs/lib'
[1.454s] Level 1:colcon.colcon_core.shell:create_environment_hook('arduinobot_msgs', 'ld_library_path_lib')
[1.455s] INFO:colcon.colcon_core.shell:Creating environment hook '/home/albert/umov_ws/install/arduinobot_msgs/share/arduinobot_msgs/hook/ld_library_path_lib.ps1'
[1.456s] INFO:colcon.colcon_core.shell:Creating environment descriptor '/home/albert/umov_ws/install/arduinobot_msgs/share/arduinobot_msgs/hook/ld_library_path_lib.dsv'
[1.456s] INFO:colcon.colcon_core.shell:Creating environment hook '/home/albert/umov_ws/install/arduinobot_msgs/share/arduinobot_msgs/hook/ld_library_path_lib.sh'
[1.457s] Level 1:colcon.colcon_core.environment:checking '/home/albert/umov_ws/install/arduinobot_msgs/bin'
[1.457s] Level 1:colcon.colcon_core.environment:checking '/home/albert/umov_ws/install/arduinobot_msgs/lib/pkgconfig/arduinobot_msgs.pc'
[1.458s] Level 1:colcon.colcon_core.environment:checking '/home/albert/umov_ws/install/arduinobot_msgs/lib/python3.10/site-packages'
[1.458s] Level 1:colcon.colcon_core.environment:checking '/home/albert/umov_ws/install/arduinobot_msgs/bin'
[1.459s] INFO:colcon.colcon_core.shell:Creating package script '/home/albert/umov_ws/install/arduinobot_msgs/share/arduinobot_msgs/package.ps1'
[1.459s] INFO:colcon.colcon_core.shell:Creating package descriptor '/home/albert/umov_ws/install/arduinobot_msgs/share/arduinobot_msgs/package.dsv'
[1.460s] INFO:colcon.colcon_core.shell:Creating package script '/home/albert/umov_ws/install/arduinobot_msgs/share/arduinobot_msgs/package.sh'
[1.461s] INFO:colcon.colcon_core.shell:Creating package script '/home/albert/umov_ws/install/arduinobot_msgs/share/arduinobot_msgs/package.bash'
[1.461s] INFO:colcon.colcon_core.shell:Creating package script '/home/albert/umov_ws/install/arduinobot_msgs/share/arduinobot_msgs/package.zsh'
[1.461s] Level 1:colcon.colcon_core.environment:create_file_with_runtime_dependencies(/home/albert/umov_ws/install/arduinobot_msgs/share/colcon-core/packages/arduinobot_msgs)
[1.462s] INFO:colcon.colcon_ros.task.ament_cmake.build:Building ROS package in '/home/albert/umov_ws/src/arduino_cpp_examples' with build type 'ament_cmake'
[1.462s] INFO:colcon.colcon_cmake.task.cmake.build:Building CMake package in '/home/albert/umov_ws/src/arduino_cpp_examples'
[1.462s] INFO:colcon.colcon_core.shell:Skip shell extension 'powershell' for command environment: Not usable outside of PowerShell
[1.462s] DEBUG:colcon.colcon_core.shell:Skip shell extension 'dsv' for command environment
[1.486s] INFO:colcon.colcon_ros.task.ament_python.build:Building ROS package in '/home/albert/umov_ws/src/arduino_py_examples' with build type 'ament_python'
[1.486s] Level 1:colcon.colcon_core.shell:create_environment_hook('arduino_py_examples', 'ament_prefix_path')
[1.487s] INFO:colcon.colcon_core.shell:Creating environment hook '/home/albert/umov_ws/install/arduino_py_examples/share/arduino_py_examples/hook/ament_prefix_path.ps1'
[1.488s] INFO:colcon.colcon_core.shell:Creating environment descriptor '/home/albert/umov_ws/install/arduino_py_examples/share/arduino_py_examples/hook/ament_prefix_path.dsv'
[1.489s] INFO:colcon.colcon_core.shell:Creating environment hook '/home/albert/umov_ws/install/arduino_py_examples/share/arduino_py_examples/hook/ament_prefix_path.sh'
[1.490s] INFO:colcon.colcon_core.shell:Skip shell extension 'powershell' for command environment: Not usable outside of PowerShell
[1.490s] DEBUG:colcon.colcon_core.shell:Skip shell extension 'dsv' for command environment
[1.512s] INFO:colcon.colcon_ros.task.ament_cmake.build:Building ROS package in '/home/albert/umov_ws/src/arduinobot_remote' with build type 'ament_cmake'
[1.512s] INFO:colcon.colcon_cmake.task.cmake.build:Building CMake package in '/home/albert/umov_ws/src/arduinobot_remote'
[1.513s] INFO:colcon.colcon_core.shell:Skip shell extension 'powershell' for command environment: Not usable outside of PowerShell
[1.513s] DEBUG:colcon.colcon_core.shell:Skip shell extension 'dsv' for command environment
[1.535s] INFO:colcon.colcon_ros.task.ament_cmake.build:Building ROS package in '/home/albert/umov_ws/src/arduinobot_utils' with build type 'ament_cmake'
[1.535s] INFO:colcon.colcon_cmake.task.cmake.build:Building CMake package in '/home/albert/umov_ws/src/arduinobot_utils'
[1.536s] INFO:colcon.colcon_core.shell:Skip shell extension 'powershell' for command environment: Not usable outside of PowerShell
[1.536s] DEBUG:colcon.colcon_core.shell:Skip shell extension 'dsv' for command environment
[1.570s] DEBUG:colcon.colcon_core.event_handler.log_command:Invoking command in '/home/albert/umov_ws/build/arduino_cpp_examples': CMAKE_PREFIX_PATH=/home/albert/umov_ws/install/arduinobot_msgs:/home/albert/umov_ws/install/MoveitAssistant:/home/albert/ag_arm_ws/install/arm_setup_moveit:/home/albert/ag_arm_ws/install/arm_moveit:/home/albert/ag_arm_ws/install/arm_description:/home/albert/ag_arm_ws/install/arm_cpp:/home/albert/ag_arm_ws/install/arm_controller:/home/albert/ws_moveit2/install/pilz_industrial_motion_planner_testutils:/home/albert/ws_moveit2/install/moveit_runtime:/home/albert/ws_moveit2/install/moveit2_tutorials:/home/albert/ws_moveit2/install/moveit:/home/albert/ws_moveit2/install/moveit_planners:/home/albert/ws_moveit2/install/pilz_industrial_motion_planner:/home/albert/ws_moveit2/install/moveit_visual_tools:/home/albert/ws_moveit2/install/moveit_task_constructor_visualization:/home/albert/ws_moveit2/install/moveit_task_constructor_demo:/home/albert/ws_moveit2/install/moveit_task_constructor_capabilities:/home/albert/ws_moveit2/install/moveit_task_constructor_core:/home/albert/ws_moveit2/install/moveit_ros_control_interface:/home/albert/ws_moveit2/install/moveit_plugins:/home/albert/ws_moveit2/install/moveit_simple_controller_manager:/home/albert/ws_moveit2/install/moveit_setup_assistant:/home/albert/ws_moveit2/install/moveit_setup_srdf_plugins:/home/albert/ws_moveit2/install/moveit_setup_core_plugins:/home/albert/ws_moveit2/install/moveit_setup_controllers:/home/albert/ws_moveit2/install/moveit_setup_app_plugins:/home/albert/ws_moveit2/install/moveit_setup_framework:/home/albert/ws_moveit2/install/moveit_servo:/home/albert/ws_moveit2/install/moveit_ros:/home/albert/ws_moveit2/install/moveit_ros_visualization:/home/albert/ws_moveit2/install/moveit_hybrid_planning:/home/albert/ws_moveit2/install/moveit_ros_planning_interface:/home/albert/ws_moveit2/install/moveit_ros_benchmarks:/home/albert/ws_moveit2/install/moveit_ros_warehouse:/home/albert/ws_moveit2/install/moveit_ros_robot_interaction:/home/albert/ws_moveit2/install/moveit_ros_perception:/home/albert/ws_moveit2/install/moveit_resources_prbt_pg70_support:/home/albert/ws_moveit2/install/moveit_resources_prbt_moveit_config:/home/albert/ws_moveit2/install/moveit_ros_move_group:/home/albert/ws_moveit2/install/moveit_planners_ompl:/home/albert/ws_moveit2/install/moveit_ros_planning:/home/albert/ws_moveit2/install/moveit_ros_occupancy_map_monitor:/home/albert/ws_moveit2/install/moveit_resources_prbt_ikfast_manipulator_plugin:/home/albert/ws_moveit2/install/moveit_planners_chomp:/home/albert/ws_moveit2/install/moveit_kinematics:/home/albert/ws_moveit2/install/moveit_chomp_optimizer_adapter:/home/albert/ws_moveit2/install/chomp_motion_planner:/home/albert/ws_moveit2/install/moveit_core:/home/albert/ws_moveit2/install/srdfdom:/home/albert/ws_moveit2/install/rviz_marker_tools:/home/albert/ws_moveit2/install/rosparam_shortcuts:/home/albert/ws_moveit2/install/moveit_task_constructor_msgs:/home/albert/ws_moveit2/install/moveit_resources_prbt_support:/home/albert/ws_moveit2/install/moveit_resources:/home/albert/ws_moveit2/install/moveit_resources_pr2_description:/home/albert/ws_moveit2/install/moveit_resources_panda_moveit_config:/home/albert/ws_moveit2/install/moveit_resources_panda_description:/home/albert/ws_moveit2/install/moveit_resources_fanuc_moveit_config:/home/albert/ws_moveit2/install/moveit_resources_fanuc_description:/home/albert/ws_moveit2/install/moveit_common:/home/albert/umov_ws/install/description:/home/albert/umov_ws/install/arduinobot_utils:/home/albert/umov_ws/install/arduinobot_remote:/home/albert/umov_ws/install/arduino_cpp_examples:/home/albert/umov_ws/install/arduinobot_moveit:/home/albert/umov_ws/install/arduinobot_firmware:/home/albert/umov_ws/install/arduinobot_controller:/home/albert/umov_ws/install/arduinobot_bringup:/home/albert/unav_ws/install/turtlebot3_fake_node:/home/albert/unav_ws/install/robot_bringup:/home/albert/unav_ws/install/nav2_robot_description:/home/albert/udem2_ws/install/robot_bringup:/home/albert/udem2_ws/install/my_robot_bringup:/home/albert/udem2_ws/install/lifecycle_cpp:/home/albert/udem2_ws/install/final_project_cpp:/home/albert/udem2_ws/install/actions_cpp:/home/albert/udem2_ws/install/robot_interfaces:/home/albert/udem2_ws/install/executors_cpp:/home/albert/udem2_ws/install/components_cpp:/home/albert/udem_ws/install/my_robot_bringup:/home/albert/udem_ws/install/my_cpp_pkg:/home/albert/udem_ws/install/my_robot_interfaces:/home/albert/udem_ws/install/my_robot_description:/home/albert/udem_ws/install/lifecycle_cpp:/home/albert/bcdc_ws/install/aggiebot_cpp:/home/albert/bcdc_ws/install/aggiebot_msgs:/home/albert/bcdc_ws/install/aggiebot_description:/home/albert/bcdc_ws/install/aggiebot_controller:/home/albert/bcdc_ws/install/aggiebot_bringup:/home/albert/bcdc_ws/install/aggiebot_arm_moveit:/home/albert/bcdc_ws/install/aggiebot_arm_description:/home/albert/bcdc_ws/install/aggiebot_arm_controller:/home/albert/bcdc_ws/install/agbot_setup_moveit:/home/albert/bcdc_ws/install/agbot_cpp:/home/albert/bcdc_ws/install/agbot_msgs:/home/albert/bcdc_ws/install/agbot_moveit:/home/albert/bcdc_ws/install/agbot_description:/home/albert/bcdc_ws/install/agbot_controller:/home/albert/bcdc_ws/install/agbot_bringup:/home/albert/bcdc_ws/install/agbot_arm_controller:/home/albert/arduinobot_ws/install/arduinobot_utils:/home/albert/arduinobot_ws/install/arduinobot_remote:/home/albert/arduinobot_ws/install/arduinobot_cpp_examples:/home/albert/arduinobot_ws/install/arduinobot_msgs:/home/albert/arduinobot_ws/install/arduinobot_moveit_setup:/home/albert/arduinobot_ws/install/arduinobot_moveit:/home/albert/arduinobot_ws/install/arduinobot_description:/home/albert/arduinobot_ws/install/arduinobot_controller:/home/albert/rad_ws/install/agbot_full_nav2:/home/albert/rad_ws/install/agbot_full_msgs:/home/albert/rad_ws/install/agbot_full_moveit_setup:/home/albert/rad_ws/install/agbot_full_moveit:/home/albert/rad_ws/install/agbot_full_description:/home/albert/rad_ws/install/agbot_full_cpp:/home/albert/rad_ws/install/agbot_full_controller:/home/albert/rad_ws/install/agbot_full_cartogropher:/home/albert/dev_ws/install/my_bot:/home/albert/ag_car_ws/install/car_nav2:/home/albert/ag_car_ws/install/car_description:/home/albert/ag_car_ws/install/car_controller:/home/albert/ag_car_ws/install/car_cartographer:/home/albert/ws_moveit2/install/moveit_configs_utils:/home/albert/ws_moveit2/install/launch_param_builder:/home/albert/umov_ws/install/arduino_py_examples:/home/albert/udem2_ws/install/actions_py:/home/albert/udem2_ws/install/lifecycle_py:/home/albert/udem2_ws/install/executors_py:/home/albert/udem2_ws/install/components_py:/home/albert/udem_ws/install/turtlesim_catcher:/home/albert/udem_ws/install/my_py_pkg:/home/albert/udem_ws/install/lifecycle_py:/home/albert/bcdc_ws/install/agbot_teleop:/home/albert/bcdc_ws/install/agbot_py:/home/albert/arduinobot_ws/install/arduinobot_py_examples:/opt/ros/humble LD_LIBRARY_PATH=/home/albert/umov_ws/install/arduinobot_msgs/lib:/home/albert/ws_moveit2/install/pilz_industrial_motion_planner_testutils/lib:/home/albert/ws_moveit2/install/pilz_industrial_motion_planner/lib:/home/albert/ws_moveit2/install/moveit_visual_tools/lib:/home/albert/ws_moveit2/install/moveit_task_constructor_visualization/lib:/home/albert/ws_moveit2/install/moveit_task_constructor_demo/lib:/home/albert/ws_moveit2/install/moveit_task_constructor_capabilities/lib:/home/albert/ws_moveit2/install/moveit_task_constructor_core/lib:/home/albert/ws_moveit2/install/moveit_ros_control_interface/lib:/home/albert/ws_moveit2/install/moveit_simple_controller_manager/lib:/home/albert/ws_moveit2/install/moveit_setup_assistant/lib:/home/albert/ws_moveit2/install/moveit_setup_srdf_plugins/lib:/home/albert/ws_moveit2/install/moveit_setup_core_plugins/lib:/home/albert/ws_moveit2/install/moveit_setup_controllers/lib:/home/albert/ws_moveit2/install/moveit_setup_app_plugins/lib:/home/albert/ws_moveit2/install/moveit_setup_framework/lib:/home/albert/ws_moveit2/install/moveit_servo/lib:/home/albert/ws_moveit2/install/moveit_ros_visualization/lib:/home/albert/ws_moveit2/install/moveit_hybrid_planning/lib:/home/albert/ws_moveit2/install/moveit_ros_planning_interface/lib:/home/albert/ws_moveit2/install/moveit_ros_benchmarks/lib:/home/albert/ws_moveit2/install/moveit_ros_warehouse/lib:/home/albert/ws_moveit2/install/moveit_ros_robot_interaction/lib:/home/albert/ws_moveit2/install/moveit_ros_perception/lib:/home/albert/ws_moveit2/install/moveit_ros_move_group/lib:/home/albert/ws_moveit2/install/moveit_planners_ompl/lib:/home/albert/ws_moveit2/install/moveit_ros_planning/lib:/home/albert/ws_moveit2/install/moveit_ros_occupancy_map_monitor/lib:/home/albert/ws_moveit2/install/moveit_resources_prbt_ikfast_manipulator_plugin/lib:/home/albert/ws_moveit2/install/moveit_planners_chomp/lib:/home/albert/ws_moveit2/install/moveit_kinematics/lib:/home/albert/ws_moveit2/install/moveit_chomp_optimizer_adapter/lib:/home/albert/ws_moveit2/install/chomp_motion_planner/lib:/home/albert/ws_moveit2/install/moveit_core/lib:/home/albert/ws_moveit2/install/srdfdom/lib:/home/albert/ws_moveit2/install/rviz_marker_tools/lib:/home/albert/ws_moveit2/install/rosparam_shortcuts/lib:/home/albert/ws_moveit2/install/moveit_task_constructor_msgs/lib:/home/albert/umov_ws/install/arduinobot_remote/lib:/home/albert/umov_ws/install/arduino_cpp_examples/lib:/home/albert/umov_ws/install/arduinobot_controller/lib:/home/albert/udem2_ws/install/final_project_cpp/lib:/home/albert/udem2_ws/install/robot_interfaces/lib:/home/albert/udem2_ws/install/components_cpp/lib:/home/albert/udem_ws/install/my_robot_interfaces/lib:/home/albert/bcdc_ws/install/aggiebot_msgs/lib:/home/albert/bcdc_ws/install/agbot_msgs/lib:/home/albert/arduinobot_ws/install/arduinobot_remote/lib:/home/albert/arduinobot_ws/install/arduinobot_cpp_examples/lib:/home/albert/arduinobot_ws/install/arduinobot_msgs/lib:/usr/lib/x86_64-linux-gnu/gazebo-11/plugins:/opt/ros/humble/opt/rviz_ogre_vendor/lib:/opt/ros/humble/lib/x86_64-linux-gnu:/opt/ros/humble/lib:/usr/share/gazebo/../../lib/x86_64-linux-gnu/gazebo-11/plugins /home/albert/.local/bin/cmake --build /home/albert/umov_ws/build/arduino_cpp_examples -- -j8 -l8
[2.241s] INFO:colcon.colcon_core.task.python.build:Building Python package in '/home/albert/umov_ws/src/arduino_py_examples'
[2.242s] INFO:colcon.colcon_core.shell:Skip shell extension 'powershell' for command environment: Not usable outside of PowerShell
[2.242s] DEBUG:colcon.colcon_core.shell:Skip shell extension 'dsv' for command environment
[2.276s] DEBUG:colcon.colcon_core.event_handler.log_command:Invoking command in '/home/albert/umov_ws/build/arduinobot_remote': CMAKE_PREFIX_PATH=/home/albert/umov_ws/install/arduinobot_msgs:/home/albert/umov_ws/install/MoveitAssistant:/home/albert/ag_arm_ws/install/arm_setup_moveit:/home/albert/ag_arm_ws/install/arm_moveit:/home/albert/ag_arm_ws/install/arm_description:/home/albert/ag_arm_ws/install/arm_cpp:/home/albert/ag_arm_ws/install/arm_controller:/home/albert/ws_moveit2/install/pilz_industrial_motion_planner_testutils:/home/albert/ws_moveit2/install/moveit_runtime:/home/albert/ws_moveit2/install/moveit2_tutorials:/home/albert/ws_moveit2/install/moveit:/home/albert/ws_moveit2/install/moveit_planners:/home/albert/ws_moveit2/install/pilz_industrial_motion_planner:/home/albert/ws_moveit2/install/moveit_visual_tools:/home/albert/ws_moveit2/install/moveit_task_constructor_visualization:/home/albert/ws_moveit2/install/moveit_task_constructor_demo:/home/albert/ws_moveit2/install/moveit_task_constructor_capabilities:/home/albert/ws_moveit2/install/moveit_task_constructor_core:/home/albert/ws_moveit2/install/moveit_ros_control_interface:/home/albert/ws_moveit2/install/moveit_plugins:/home/albert/ws_moveit2/install/moveit_simple_controller_manager:/home/albert/ws_moveit2/install/moveit_setup_assistant:/home/albert/ws_moveit2/install/moveit_setup_srdf_plugins:/home/albert/ws_moveit2/install/moveit_setup_core_plugins:/home/albert/ws_moveit2/install/moveit_setup_controllers:/home/albert/ws_moveit2/install/moveit_setup_app_plugins:/home/albert/ws_moveit2/install/moveit_setup_framework:/home/albert/ws_moveit2/install/moveit_servo:/home/albert/ws_moveit2/install/moveit_ros:/home/albert/ws_moveit2/install/moveit_ros_visualization:/home/albert/ws_moveit2/install/moveit_hybrid_planning:/home/albert/ws_moveit2/install/moveit_ros_planning_interface:/home/albert/ws_moveit2/install/moveit_ros_benchmarks:/home/albert/ws_moveit2/install/moveit_ros_warehouse:/home/albert/ws_moveit2/install/moveit_ros_robot_interaction:/home/albert/ws_moveit2/install/moveit_ros_perception:/home/albert/ws_moveit2/install/moveit_resources_prbt_pg70_support:/home/albert/ws_moveit2/install/moveit_resources_prbt_moveit_config:/home/albert/ws_moveit2/install/moveit_ros_move_group:/home/albert/ws_moveit2/install/moveit_planners_ompl:/home/albert/ws_moveit2/install/moveit_ros_planning:/home/albert/ws_moveit2/install/moveit_ros_occupancy_map_monitor:/home/albert/ws_moveit2/install/moveit_resources_prbt_ikfast_manipulator_plugin:/home/albert/ws_moveit2/install/moveit_planners_chomp:/home/albert/ws_moveit2/install/moveit_kinematics:/home/albert/ws_moveit2/install/moveit_chomp_optimizer_adapter:/home/albert/ws_moveit2/install/chomp_motion_planner:/home/albert/ws_moveit2/install/moveit_core:/home/albert/ws_moveit2/install/srdfdom:/home/albert/ws_moveit2/install/rviz_marker_tools:/home/albert/ws_moveit2/install/rosparam_shortcuts:/home/albert/ws_moveit2/install/moveit_task_constructor_msgs:/home/albert/ws_moveit2/install/moveit_resources_prbt_support:/home/albert/ws_moveit2/install/moveit_resources:/home/albert/ws_moveit2/install/moveit_resources_pr2_description:/home/albert/ws_moveit2/install/moveit_resources_panda_moveit_config:/home/albert/ws_moveit2/install/moveit_resources_panda_description:/home/albert/ws_moveit2/install/moveit_resources_fanuc_moveit_config:/home/albert/ws_moveit2/install/moveit_resources_fanuc_description:/home/albert/ws_moveit2/install/moveit_common:/home/albert/umov_ws/install/description:/home/albert/umov_ws/install/arduinobot_utils:/home/albert/umov_ws/install/arduinobot_remote:/home/albert/umov_ws/install/arduino_cpp_examples:/home/albert/umov_ws/install/arduinobot_moveit:/home/albert/umov_ws/install/arduinobot_firmware:/home/albert/umov_ws/install/arduinobot_controller:/home/albert/umov_ws/install/arduinobot_bringup:/home/albert/unav_ws/install/turtlebot3_fake_node:/home/albert/unav_ws/install/robot_bringup:/home/albert/unav_ws/install/nav2_robot_description:/home/albert/udem2_ws/install/robot_bringup:/home/albert/udem2_ws/install/my_robot_bringup:/home/albert/udem2_ws/install/lifecycle_cpp:/home/albert/udem2_ws/install/final_project_cpp:/home/albert/udem2_ws/install/actions_cpp:/home/albert/udem2_ws/install/robot_interfaces:/home/albert/udem2_ws/install/executors_cpp:/home/albert/udem2_ws/install/components_cpp:/home/albert/udem_ws/install/my_robot_bringup:/home/albert/udem_ws/install/my_cpp_pkg:/home/albert/udem_ws/install/my_robot_interfaces:/home/albert/udem_ws/install/my_robot_description:/home/albert/udem_ws/install/lifecycle_cpp:/home/albert/bcdc_ws/install/aggiebot_cpp:/home/albert/bcdc_ws/install/aggiebot_msgs:/home/albert/bcdc_ws/install/aggiebot_description:/home/albert/bcdc_ws/install/aggiebot_controller:/home/albert/bcdc_ws/install/aggiebot_bringup:/home/albert/bcdc_ws/install/aggiebot_arm_moveit:/home/albert/bcdc_ws/install/aggiebot_arm_description:/home/albert/bcdc_ws/install/aggiebot_arm_controller:/home/albert/bcdc_ws/install/agbot_setup_moveit:/home/albert/bcdc_ws/install/agbot_cpp:/home/albert/bcdc_ws/install/agbot_msgs:/home/albert/bcdc_ws/install/agbot_moveit:/home/albert/bcdc_ws/install/agbot_description:/home/albert/bcdc_ws/install/agbot_controller:/home/albert/bcdc_ws/install/agbot_bringup:/home/albert/bcdc_ws/install/agbot_arm_controller:/home/albert/arduinobot_ws/install/arduinobot_utils:/home/albert/arduinobot_ws/install/arduinobot_remote:/home/albert/arduinobot_ws/install/arduinobot_cpp_examples:/home/albert/arduinobot_ws/install/arduinobot_msgs:/home/albert/arduinobot_ws/install/arduinobot_moveit_setup:/home/albert/arduinobot_ws/install/arduinobot_moveit:/home/albert/arduinobot_ws/install/arduinobot_description:/home/albert/arduinobot_ws/install/arduinobot_controller:/home/albert/rad_ws/install/agbot_full_nav2:/home/albert/rad_ws/install/agbot_full_msgs:/home/albert/rad_ws/install/agbot_full_moveit_setup:/home/albert/rad_ws/install/agbot_full_moveit:/home/albert/rad_ws/install/agbot_full_description:/home/albert/rad_ws/install/agbot_full_cpp:/home/albert/rad_ws/install/agbot_full_controller:/home/albert/rad_ws/install/agbot_full_cartogropher:/home/albert/dev_ws/install/my_bot:/home/albert/ag_car_ws/install/car_nav2:/home/albert/ag_car_ws/install/car_description:/home/albert/ag_car_ws/install/car_controller:/home/albert/ag_car_ws/install/car_cartographer:/home/albert/ws_moveit2/install/moveit_configs_utils:/home/albert/ws_moveit2/install/launch_param_builder:/home/albert/umov_ws/install/arduino_py_examples:/home/albert/udem2_ws/install/actions_py:/home/albert/udem2_ws/install/lifecycle_py:/home/albert/udem2_ws/install/executors_py:/home/albert/udem2_ws/install/components_py:/home/albert/udem_ws/install/turtlesim_catcher:/home/albert/udem_ws/install/my_py_pkg:/home/albert/udem_ws/install/lifecycle_py:/home/albert/bcdc_ws/install/agbot_teleop:/home/albert/bcdc_ws/install/agbot_py:/home/albert/arduinobot_ws/install/arduinobot_py_examples:/opt/ros/humble LD_LIBRARY_PATH=/home/albert/umov_ws/install/arduinobot_msgs/lib:/home/albert/ws_moveit2/install/pilz_industrial_motion_planner_testutils/lib:/home/albert/ws_moveit2/install/pilz_industrial_motion_planner/lib:/home/albert/ws_moveit2/install/moveit_visual_tools/lib:/home/albert/ws_moveit2/install/moveit_task_constructor_visualization/lib:/home/albert/ws_moveit2/install/moveit_task_constructor_demo/lib:/home/albert/ws_moveit2/install/moveit_task_constructor_capabilities/lib:/home/albert/ws_moveit2/install/moveit_task_constructor_core/lib:/home/albert/ws_moveit2/install/moveit_ros_control_interface/lib:/home/albert/ws_moveit2/install/moveit_simple_controller_manager/lib:/home/albert/ws_moveit2/install/moveit_setup_assistant/lib:/home/albert/ws_moveit2/install/moveit_setup_srdf_plugins/lib:/home/albert/ws_moveit2/install/moveit_setup_core_plugins/lib:/home/albert/ws_moveit2/install/moveit_setup_controllers/lib:/home/albert/ws_moveit2/install/moveit_setup_app_plugins/lib:/home/albert/ws_moveit2/install/moveit_setup_framework/lib:/home/albert/ws_moveit2/install/moveit_servo/lib:/home/albert/ws_moveit2/install/moveit_ros_visualization/lib:/home/albert/ws_moveit2/install/moveit_hybrid_planning/lib:/home/albert/ws_moveit2/install/moveit_ros_planning_interface/lib:/home/albert/ws_moveit2/install/moveit_ros_benchmarks/lib:/home/albert/ws_moveit2/install/moveit_ros_warehouse/lib:/home/albert/ws_moveit2/install/moveit_ros_robot_interaction/lib:/home/albert/ws_moveit2/install/moveit_ros_perception/lib:/home/albert/ws_moveit2/install/moveit_ros_move_group/lib:/home/albert/ws_moveit2/install/moveit_planners_ompl/lib:/home/albert/ws_moveit2/install/moveit_ros_planning/lib:/home/albert/ws_moveit2/install/moveit_ros_occupancy_map_monitor/lib:/home/albert/ws_moveit2/install/moveit_resources_prbt_ikfast_manipulator_plugin/lib:/home/albert/ws_moveit2/install/moveit_planners_chomp/lib:/home/albert/ws_moveit2/install/moveit_kinematics/lib:/home/albert/ws_moveit2/install/moveit_chomp_optimizer_adapter/lib:/home/albert/ws_moveit2/install/chomp_motion_planner/lib:/home/albert/ws_moveit2/install/moveit_core/lib:/home/albert/ws_moveit2/install/srdfdom/lib:/home/albert/ws_moveit2/install/rviz_marker_tools/lib:/home/albert/ws_moveit2/install/rosparam_shortcuts/lib:/home/albert/ws_moveit2/install/moveit_task_constructor_msgs/lib:/home/albert/umov_ws/install/arduinobot_remote/lib:/home/albert/umov_ws/install/arduino_cpp_examples/lib:/home/albert/umov_ws/install/arduinobot_controller/lib:/home/albert/udem2_ws/install/final_project_cpp/lib:/home/albert/udem2_ws/install/robot_interfaces/lib:/home/albert/udem2_ws/install/components_cpp/lib:/home/albert/udem_ws/install/my_robot_interfaces/lib:/home/albert/bcdc_ws/install/aggiebot_msgs/lib:/home/albert/bcdc_ws/install/agbot_msgs/lib:/home/albert/arduinobot_ws/install/arduinobot_remote/lib:/home/albert/arduinobot_ws/install/arduinobot_cpp_examples/lib:/home/albert/arduinobot_ws/install/arduinobot_msgs/lib:/usr/lib/x86_64-linux-gnu/gazebo-11/plugins:/opt/ros/humble/opt/rviz_ogre_vendor/lib:/opt/ros/humble/lib/x86_64-linux-gnu:/opt/ros/humble/lib:/usr/share/gazebo/../../lib/x86_64-linux-gnu/gazebo-11/plugins /home/albert/.local/bin/cmake --build /home/albert/umov_ws/build/arduinobot_remote -- -j8 -l8
[2.290s] DEBUG:colcon.colcon_core.event_handler.log_command:Invoking command in '/home/albert/umov_ws/build/arduinobot_utils': CMAKE_PREFIX_PATH=/home/albert/umov_ws/install/arduinobot_msgs:/home/albert/umov_ws/install/MoveitAssistant:/home/albert/ag_arm_ws/install/arm_setup_moveit:/home/albert/ag_arm_ws/install/arm_moveit:/home/albert/ag_arm_ws/install/arm_description:/home/albert/ag_arm_ws/install/arm_cpp:/home/albert/ag_arm_ws/install/arm_controller:/home/albert/ws_moveit2/install/pilz_industrial_motion_planner_testutils:/home/albert/ws_moveit2/install/moveit_runtime:/home/albert/ws_moveit2/install/moveit2_tutorials:/home/albert/ws_moveit2/install/moveit:/home/albert/ws_moveit2/install/moveit_planners:/home/albert/ws_moveit2/install/pilz_industrial_motion_planner:/home/albert/ws_moveit2/install/moveit_visual_tools:/home/albert/ws_moveit2/install/moveit_task_constructor_visualization:/home/albert/ws_moveit2/install/moveit_task_constructor_demo:/home/albert/ws_moveit2/install/moveit_task_constructor_capabilities:/home/albert/ws_moveit2/install/moveit_task_constructor_core:/home/albert/ws_moveit2/install/moveit_ros_control_interface:/home/albert/ws_moveit2/install/moveit_plugins:/home/albert/ws_moveit2/install/moveit_simple_controller_manager:/home/albert/ws_moveit2/install/moveit_setup_assistant:/home/albert/ws_moveit2/install/moveit_setup_srdf_plugins:/home/albert/ws_moveit2/install/moveit_setup_core_plugins:/home/albert/ws_moveit2/install/moveit_setup_controllers:/home/albert/ws_moveit2/install/moveit_setup_app_plugins:/home/albert/ws_moveit2/install/moveit_setup_framework:/home/albert/ws_moveit2/install/moveit_servo:/home/albert/ws_moveit2/install/moveit_ros:/home/albert/ws_moveit2/install/moveit_ros_visualization:/home/albert/ws_moveit2/install/moveit_hybrid_planning:/home/albert/ws_moveit2/install/moveit_ros_planning_interface:/home/albert/ws_moveit2/install/moveit_ros_benchmarks:/home/albert/ws_moveit2/install/moveit_ros_warehouse:/home/albert/ws_moveit2/install/moveit_ros_robot_interaction:/home/albert/ws_moveit2/install/moveit_ros_perception:/home/albert/ws_moveit2/install/moveit_resources_prbt_pg70_support:/home/albert/ws_moveit2/install/moveit_resources_prbt_moveit_config:/home/albert/ws_moveit2/install/moveit_ros_move_group:/home/albert/ws_moveit2/install/moveit_planners_ompl:/home/albert/ws_moveit2/install/moveit_ros_planning:/home/albert/ws_moveit2/install/moveit_ros_occupancy_map_monitor:/home/albert/ws_moveit2/install/moveit_resources_prbt_ikfast_manipulator_plugin:/home/albert/ws_moveit2/install/moveit_planners_chomp:/home/albert/ws_moveit2/install/moveit_kinematics:/home/albert/ws_moveit2/install/moveit_chomp_optimizer_adapter:/home/albert/ws_moveit2/install/chomp_motion_planner:/home/albert/ws_moveit2/install/moveit_core:/home/albert/ws_moveit2/install/srdfdom:/home/albert/ws_moveit2/install/rviz_marker_tools:/home/albert/ws_moveit2/install/rosparam_shortcuts:/home/albert/ws_moveit2/install/moveit_task_constructor_msgs:/home/albert/ws_moveit2/install/moveit_resources_prbt_support:/home/albert/ws_moveit2/install/moveit_resources:/home/albert/ws_moveit2/install/moveit_resources_pr2_description:/home/albert/ws_moveit2/install/moveit_resources_panda_moveit_config:/home/albert/ws_moveit2/install/moveit_resources_panda_description:/home/albert/ws_moveit2/install/moveit_resources_fanuc_moveit_config:/home/albert/ws_moveit2/install/moveit_resources_fanuc_description:/home/albert/ws_moveit2/install/moveit_common:/home/albert/umov_ws/install/description:/home/albert/umov_ws/install/arduinobot_utils:/home/albert/umov_ws/install/arduinobot_remote:/home/albert/umov_ws/install/arduino_cpp_examples:/home/albert/umov_ws/install/arduinobot_moveit:/home/albert/umov_ws/install/arduinobot_firmware:/home/albert/umov_ws/install/arduinobot_controller:/home/albert/umov_ws/install/arduinobot_bringup:/home/albert/unav_ws/install/turtlebot3_fake_node:/home/albert/unav_ws/install/robot_bringup:/home/albert/unav_ws/install/nav2_robot_description:/home/albert/udem2_ws/install/robot_bringup:/home/albert/udem2_ws/install/my_robot_bringup:/home/albert/udem2_ws/install/lifecycle_cpp:/home/albert/udem2_ws/install/final_project_cpp:/home/albert/udem2_ws/install/actions_cpp:/home/albert/udem2_ws/install/robot_interfaces:/home/albert/udem2_ws/install/executors_cpp:/home/albert/udem2_ws/install/components_cpp:/home/albert/udem_ws/install/my_robot_bringup:/home/albert/udem_ws/install/my_cpp_pkg:/home/albert/udem_ws/install/my_robot_interfaces:/home/albert/udem_ws/install/my_robot_description:/home/albert/udem_ws/install/lifecycle_cpp:/home/albert/bcdc_ws/install/aggiebot_cpp:/home/albert/bcdc_ws/install/aggiebot_msgs:/home/albert/bcdc_ws/install/aggiebot_description:/home/albert/bcdc_ws/install/aggiebot_controller:/home/albert/bcdc_ws/install/aggiebot_bringup:/home/albert/bcdc_ws/install/aggiebot_arm_moveit:/home/albert/bcdc_ws/install/aggiebot_arm_description:/home/albert/bcdc_ws/install/aggiebot_arm_controller:/home/albert/bcdc_ws/install/agbot_setup_moveit:/home/albert/bcdc_ws/install/agbot_cpp:/home/albert/bcdc_ws/install/agbot_msgs:/home/albert/bcdc_ws/install/agbot_moveit:/home/albert/bcdc_ws/install/agbot_description:/home/albert/bcdc_ws/install/agbot_controller:/home/albert/bcdc_ws/install/agbot_bringup:/home/albert/bcdc_ws/install/agbot_arm_controller:/home/albert/arduinobot_ws/install/arduinobot_utils:/home/albert/arduinobot_ws/install/arduinobot_remote:/home/albert/arduinobot_ws/install/arduinobot_cpp_examples:/home/albert/arduinobot_ws/install/arduinobot_msgs:/home/albert/arduinobot_ws/install/arduinobot_moveit_setup:/home/albert/arduinobot_ws/install/arduinobot_moveit:/home/albert/arduinobot_ws/install/arduinobot_description:/home/albert/arduinobot_ws/install/arduinobot_controller:/home/albert/rad_ws/install/agbot_full_nav2:/home/albert/rad_ws/install/agbot_full_msgs:/home/albert/rad_ws/install/agbot_full_moveit_setup:/home/albert/rad_ws/install/agbot_full_moveit:/home/albert/rad_ws/install/agbot_full_description:/home/albert/rad_ws/install/agbot_full_cpp:/home/albert/rad_ws/install/agbot_full_controller:/home/albert/rad_ws/install/agbot_full_cartogropher:/home/albert/dev_ws/install/my_bot:/home/albert/ag_car_ws/install/car_nav2:/home/albert/ag_car_ws/install/car_description:/home/albert/ag_car_ws/install/car_controller:/home/albert/ag_car_ws/install/car_cartographer:/home/albert/ws_moveit2/install/moveit_configs_utils:/home/albert/ws_moveit2/install/launch_param_builder:/home/albert/umov_ws/install/arduino_py_examples:/home/albert/udem2_ws/install/actions_py:/home/albert/udem2_ws/install/lifecycle_py:/home/albert/udem2_ws/install/executors_py:/home/albert/udem2_ws/install/components_py:/home/albert/udem_ws/install/turtlesim_catcher:/home/albert/udem_ws/install/my_py_pkg:/home/albert/udem_ws/install/lifecycle_py:/home/albert/bcdc_ws/install/agbot_teleop:/home/albert/bcdc_ws/install/agbot_py:/home/albert/arduinobot_ws/install/arduinobot_py_examples:/opt/ros/humble LD_LIBRARY_PATH=/home/albert/umov_ws/install/arduinobot_msgs/lib:/home/albert/ws_moveit2/install/pilz_industrial_motion_planner_testutils/lib:/home/albert/ws_moveit2/install/pilz_industrial_motion_planner/lib:/home/albert/ws_moveit2/install/moveit_visual_tools/lib:/home/albert/ws_moveit2/install/moveit_task_constructor_visualization/lib:/home/albert/ws_moveit2/install/moveit_task_constructor_demo/lib:/home/albert/ws_moveit2/install/moveit_task_constructor_capabilities/lib:/home/albert/ws_moveit2/install/moveit_task_constructor_core/lib:/home/albert/ws_moveit2/install/moveit_ros_control_interface/lib:/home/albert/ws_moveit2/install/moveit_simple_controller_manager/lib:/home/albert/ws_moveit2/install/moveit_setup_assistant/lib:/home/albert/ws_moveit2/install/moveit_setup_srdf_plugins/lib:/home/albert/ws_moveit2/install/moveit_setup_core_plugins/lib:/home/albert/ws_moveit2/install/moveit_setup_controllers/lib:/home/albert/ws_moveit2/install/moveit_setup_app_plugins/lib:/home/albert/ws_moveit2/install/moveit_setup_framework/lib:/home/albert/ws_moveit2/install/moveit_servo/lib:/home/albert/ws_moveit2/install/moveit_ros_visualization/lib:/home/albert/ws_moveit2/install/moveit_hybrid_planning/lib:/home/albert/ws_moveit2/install/moveit_ros_planning_interface/lib:/home/albert/ws_moveit2/install/moveit_ros_benchmarks/lib:/home/albert/ws_moveit2/install/moveit_ros_warehouse/lib:/home/albert/ws_moveit2/install/moveit_ros_robot_interaction/lib:/home/albert/ws_moveit2/install/moveit_ros_perception/lib:/home/albert/ws_moveit2/install/moveit_ros_move_group/lib:/home/albert/ws_moveit2/install/moveit_planners_ompl/lib:/home/albert/ws_moveit2/install/moveit_ros_planning/lib:/home/albert/ws_moveit2/install/moveit_ros_occupancy_map_monitor/lib:/home/albert/ws_moveit2/install/moveit_resources_prbt_ikfast_manipulator_plugin/lib:/home/albert/ws_moveit2/install/moveit_planners_chomp/lib:/home/albert/ws_moveit2/install/moveit_kinematics/lib:/home/albert/ws_moveit2/install/moveit_chomp_optimizer_adapter/lib:/home/albert/ws_moveit2/install/chomp_motion_planner/lib:/home/albert/ws_moveit2/install/moveit_core/lib:/home/albert/ws_moveit2/install/srdfdom/lib:/home/albert/ws_moveit2/install/rviz_marker_tools/lib:/home/albert/ws_moveit2/install/rosparam_shortcuts/lib:/home/albert/ws_moveit2/install/moveit_task_constructor_msgs/lib:/home/albert/umov_ws/install/arduinobot_remote/lib:/home/albert/umov_ws/install/arduino_cpp_examples/lib:/home/albert/umov_ws/install/arduinobot_controller/lib:/home/albert/udem2_ws/install/final_project_cpp/lib:/home/albert/udem2_ws/install/robot_interfaces/lib:/home/albert/udem2_ws/install/components_cpp/lib:/home/albert/udem_ws/install/my_robot_interfaces/lib:/home/albert/bcdc_ws/install/aggiebot_msgs/lib:/home/albert/bcdc_ws/install/agbot_msgs/lib:/home/albert/arduinobot_ws/install/arduinobot_remote/lib:/home/albert/arduinobot_ws/install/arduinobot_cpp_examples/lib:/home/albert/arduinobot_ws/install/arduinobot_msgs/lib:/usr/lib/x86_64-linux-gnu/gazebo-11/plugins:/opt/ros/humble/opt/rviz_ogre_vendor/lib:/opt/ros/humble/lib/x86_64-linux-gnu:/opt/ros/humble/lib:/usr/share/gazebo/../../lib/x86_64-linux-gnu/gazebo-11/plugins /home/albert/.local/bin/cmake --build /home/albert/umov_ws/build/arduinobot_utils -- -j8 -l8
[3.199s] DEBUG:colcon.colcon_core.event_handler.log_command:Invoked command in '/home/albert/umov_ws/build/arduinobot_utils' returned '0': CMAKE_PREFIX_PATH=/home/albert/umov_ws/install/arduinobot_msgs:/home/albert/umov_ws/install/MoveitAssistant:/home/albert/ag_arm_ws/install/arm_setup_moveit:/home/albert/ag_arm_ws/install/arm_moveit:/home/albert/ag_arm_ws/install/arm_description:/home/albert/ag_arm_ws/install/arm_cpp:/home/albert/ag_arm_ws/install/arm_controller:/home/albert/ws_moveit2/install/pilz_industrial_motion_planner_testutils:/home/albert/ws_moveit2/install/moveit_runtime:/home/albert/ws_moveit2/install/moveit2_tutorials:/home/albert/ws_moveit2/install/moveit:/home/albert/ws_moveit2/install/moveit_planners:/home/albert/ws_moveit2/install/pilz_industrial_motion_planner:/home/albert/ws_moveit2/install/moveit_visual_tools:/home/albert/ws_moveit2/install/moveit_task_constructor_visualization:/home/albert/ws_moveit2/install/moveit_task_constructor_demo:/home/albert/ws_moveit2/install/moveit_task_constructor_capabilities:/home/albert/ws_moveit2/install/moveit_task_constructor_core:/home/albert/ws_moveit2/install/moveit_ros_control_interface:/home/albert/ws_moveit2/install/moveit_plugins:/home/albert/ws_moveit2/install/moveit_simple_controller_manager:/home/albert/ws_moveit2/install/moveit_setup_assistant:/home/albert/ws_moveit2/install/moveit_setup_srdf_plugins:/home/albert/ws_moveit2/install/moveit_setup_core_plugins:/home/albert/ws_moveit2/install/moveit_setup_controllers:/home/albert/ws_moveit2/install/moveit_setup_app_plugins:/home/albert/ws_moveit2/install/moveit_setup_framework:/home/albert/ws_moveit2/install/moveit_servo:/home/albert/ws_moveit2/install/moveit_ros:/home/albert/ws_moveit2/install/moveit_ros_visualization:/home/albert/ws_moveit2/install/moveit_hybrid_planning:/home/albert/ws_moveit2/install/moveit_ros_planning_interface:/home/albert/ws_moveit2/install/moveit_ros_benchmarks:/home/albert/ws_moveit2/install/moveit_ros_warehouse:/home/albert/ws_moveit2/install/moveit_ros_robot_interaction:/home/albert/ws_moveit2/install/moveit_ros_perception:/home/albert/ws_moveit2/install/moveit_resources_prbt_pg70_support:/home/albert/ws_moveit2/install/moveit_resources_prbt_moveit_config:/home/albert/ws_moveit2/install/moveit_ros_move_group:/home/albert/ws_moveit2/install/moveit_planners_ompl:/home/albert/ws_moveit2/install/moveit_ros_planning:/home/albert/ws_moveit2/install/moveit_ros_occupancy_map_monitor:/home/albert/ws_moveit2/install/moveit_resources_prbt_ikfast_manipulator_plugin:/home/albert/ws_moveit2/install/moveit_planners_chomp:/home/albert/ws_moveit2/install/moveit_kinematics:/home/albert/ws_moveit2/install/moveit_chomp_optimizer_adapter:/home/albert/ws_moveit2/install/chomp_motion_planner:/home/albert/ws_moveit2/install/moveit_core:/home/albert/ws_moveit2/install/srdfdom:/home/albert/ws_moveit2/install/rviz_marker_tools:/home/albert/ws_moveit2/install/rosparam_shortcuts:/home/albert/ws_moveit2/install/moveit_task_constructor_msgs:/home/albert/ws_moveit2/install/moveit_resources_prbt_support:/home/albert/ws_moveit2/install/moveit_resources:/home/albert/ws_moveit2/install/moveit_resources_pr2_description:/home/albert/ws_moveit2/install/moveit_resources_panda_moveit_config:/home/albert/ws_moveit2/install/moveit_resources_panda_description:/home/albert/ws_moveit2/install/moveit_resources_fanuc_moveit_config:/home/albert/ws_moveit2/install/moveit_resources_fanuc_description:/home/albert/ws_moveit2/install/moveit_common:/home/albert/umov_ws/install/description:/home/albert/umov_ws/install/arduinobot_utils:/home/albert/umov_ws/install/arduinobot_remote:/home/albert/umov_ws/install/arduino_cpp_examples:/home/albert/umov_ws/install/arduinobot_moveit:/home/albert/umov_ws/install/arduinobot_firmware:/home/albert/umov_ws/install/arduinobot_controller:/home/albert/umov_ws/install/arduinobot_bringup:/home/albert/unav_ws/install/turtlebot3_fake_node:/home/albert/unav_ws/install/robot_bringup:/home/albert/unav_ws/install/nav2_robot_description:/home/albert/udem2_ws/install/robot_bringup:/home/albert/udem2_ws/install/my_robot_bringup:/home/albert/udem2_ws/install/lifecycle_cpp:/home/albert/udem2_ws/install/final_project_cpp:/home/albert/udem2_ws/install/actions_cpp:/home/albert/udem2_ws/install/robot_interfaces:/home/albert/udem2_ws/install/executors_cpp:/home/albert/udem2_ws/install/components_cpp:/home/albert/udem_ws/install/my_robot_bringup:/home/albert/udem_ws/install/my_cpp_pkg:/home/albert/udem_ws/install/my_robot_interfaces:/home/albert/udem_ws/install/my_robot_description:/home/albert/udem_ws/install/lifecycle_cpp:/home/albert/bcdc_ws/install/aggiebot_cpp:/home/albert/bcdc_ws/install/aggiebot_msgs:/home/albert/bcdc_ws/install/aggiebot_description:/home/albert/bcdc_ws/install/aggiebot_controller:/home/albert/bcdc_ws/install/aggiebot_bringup:/home/albert/bcdc_ws/install/aggiebot_arm_moveit:/home/albert/bcdc_ws/install/aggiebot_arm_description:/home/albert/bcdc_ws/install/aggiebot_arm_controller:/home/albert/bcdc_ws/install/agbot_setup_moveit:/home/albert/bcdc_ws/install/agbot_cpp:/home/albert/bcdc_ws/install/agbot_msgs:/home/albert/bcdc_ws/install/agbot_moveit:/home/albert/bcdc_ws/install/agbot_description:/home/albert/bcdc_ws/install/agbot_controller:/home/albert/bcdc_ws/install/agbot_bringup:/home/albert/bcdc_ws/install/agbot_arm_controller:/home/albert/arduinobot_ws/install/arduinobot_utils:/home/albert/arduinobot_ws/install/arduinobot_remote:/home/albert/arduinobot_ws/install/arduinobot_cpp_examples:/home/albert/arduinobot_ws/install/arduinobot_msgs:/home/albert/arduinobot_ws/install/arduinobot_moveit_setup:/home/albert/arduinobot_ws/install/arduinobot_moveit:/home/albert/arduinobot_ws/install/arduinobot_description:/home/albert/arduinobot_ws/install/arduinobot_controller:/home/albert/rad_ws/install/agbot_full_nav2:/home/albert/rad_ws/install/agbot_full_msgs:/home/albert/rad_ws/install/agbot_full_moveit_setup:/home/albert/rad_ws/install/agbot_full_moveit:/home/albert/rad_ws/install/agbot_full_description:/home/albert/rad_ws/install/agbot_full_cpp:/home/albert/rad_ws/install/agbot_full_controller:/home/albert/rad_ws/install/agbot_full_cartogropher:/home/albert/dev_ws/install/my_bot:/home/albert/ag_car_ws/install/car_nav2:/home/albert/ag_car_ws/install/car_description:/home/albert/ag_car_ws/install/car_controller:/home/albert/ag_car_ws/install/car_cartographer:/home/albert/ws_moveit2/install/moveit_configs_utils:/home/albert/ws_moveit2/install/launch_param_builder:/home/albert/umov_ws/install/arduino_py_examples:/home/albert/udem2_ws/install/actions_py:/home/albert/udem2_ws/install/lifecycle_py:/home/albert/udem2_ws/install/executors_py:/home/albert/udem2_ws/install/components_py:/home/albert/udem_ws/install/turtlesim_catcher:/home/albert/udem_ws/install/my_py_pkg:/home/albert/udem_ws/install/lifecycle_py:/home/albert/bcdc_ws/install/agbot_teleop:/home/albert/bcdc_ws/install/agbot_py:/home/albert/arduinobot_ws/install/arduinobot_py_examples:/opt/ros/humble LD_LIBRARY_PATH=/home/albert/umov_ws/install/arduinobot_msgs/lib:/home/albert/ws_moveit2/install/pilz_industrial_motion_planner_testutils/lib:/home/albert/ws_moveit2/install/pilz_industrial_motion_planner/lib:/home/albert/ws_moveit2/install/moveit_visual_tools/lib:/home/albert/ws_moveit2/install/moveit_task_constructor_visualization/lib:/home/albert/ws_moveit2/install/moveit_task_constructor_demo/lib:/home/albert/ws_moveit2/install/moveit_task_constructor_capabilities/lib:/home/albert/ws_moveit2/install/moveit_task_constructor_core/lib:/home/albert/ws_moveit2/install/moveit_ros_control_interface/lib:/home/albert/ws_moveit2/install/moveit_simple_controller_manager/lib:/home/albert/ws_moveit2/install/moveit_setup_assistant/lib:/home/albert/ws_moveit2/install/moveit_setup_srdf_plugins/lib:/home/albert/ws_moveit2/install/moveit_setup_core_plugins/lib:/home/albert/ws_moveit2/install/moveit_setup_controllers/lib:/home/albert/ws_moveit2/install/moveit_setup_app_plugins/lib:/home/albert/ws_moveit2/install/moveit_setup_framework/lib:/home/albert/ws_moveit2/install/moveit_servo/lib:/home/albert/ws_moveit2/install/moveit_ros_visualization/lib:/home/albert/ws_moveit2/install/moveit_hybrid_planning/lib:/home/albert/ws_moveit2/install/moveit_ros_planning_interface/lib:/home/albert/ws_moveit2/install/moveit_ros_benchmarks/lib:/home/albert/ws_moveit2/install/moveit_ros_warehouse/lib:/home/albert/ws_moveit2/install/moveit_ros_robot_interaction/lib:/home/albert/ws_moveit2/install/moveit_ros_perception/lib:/home/albert/ws_moveit2/install/moveit_ros_move_group/lib:/home/albert/ws_moveit2/install/moveit_planners_ompl/lib:/home/albert/ws_moveit2/install/moveit_ros_planning/lib:/home/albert/ws_moveit2/install/moveit_ros_occupancy_map_monitor/lib:/home/albert/ws_moveit2/install/moveit_resources_prbt_ikfast_manipulator_plugin/lib:/home/albert/ws_moveit2/install/moveit_planners_chomp/lib:/home/albert/ws_moveit2/install/moveit_kinematics/lib:/home/albert/ws_moveit2/install/moveit_chomp_optimizer_adapter/lib:/home/albert/ws_moveit2/install/chomp_motion_planner/lib:/home/albert/ws_moveit2/install/moveit_core/lib:/home/albert/ws_moveit2/install/srdfdom/lib:/home/albert/ws_moveit2/install/rviz_marker_tools/lib:/home/albert/ws_moveit2/install/rosparam_shortcuts/lib:/home/albert/ws_moveit2/install/moveit_task_constructor_msgs/lib:/home/albert/umov_ws/install/arduinobot_remote/lib:/home/albert/umov_ws/install/arduino_cpp_examples/lib:/home/albert/umov_ws/install/arduinobot_controller/lib:/home/albert/udem2_ws/install/final_project_cpp/lib:/home/albert/udem2_ws/install/robot_interfaces/lib:/home/albert/udem2_ws/install/components_cpp/lib:/home/albert/udem_ws/install/my_robot_interfaces/lib:/home/albert/bcdc_ws/install/aggiebot_msgs/lib:/home/albert/bcdc_ws/install/agbot_msgs/lib:/home/albert/arduinobot_ws/install/arduinobot_remote/lib:/home/albert/arduinobot_ws/install/arduinobot_cpp_examples/lib:/home/albert/arduinobot_ws/install/arduinobot_msgs/lib:/usr/lib/x86_64-linux-gnu/gazebo-11/plugins:/opt/ros/humble/opt/rviz_ogre_vendor/lib:/opt/ros/humble/lib/x86_64-linux-gnu:/opt/ros/humble/lib:/usr/share/gazebo/../../lib/x86_64-linux-gnu/gazebo-11/plugins /home/albert/.local/bin/cmake --build /home/albert/umov_ws/build/arduinobot_utils -- -j8 -l8
[3.202s] DEBUG:colcon.colcon_core.event_handler.log_command:Invoking command in '/home/albert/umov_ws/build/arduinobot_utils': CMAKE_PREFIX_PATH=/home/albert/umov_ws/install/arduinobot_msgs:/home/albert/umov_ws/install/MoveitAssistant:/home/albert/ag_arm_ws/install/arm_setup_moveit:/home/albert/ag_arm_ws/install/arm_moveit:/home/albert/ag_arm_ws/install/arm_description:/home/albert/ag_arm_ws/install/arm_cpp:/home/albert/ag_arm_ws/install/arm_controller:/home/albert/ws_moveit2/install/pilz_industrial_motion_planner_testutils:/home/albert/ws_moveit2/install/moveit_runtime:/home/albert/ws_moveit2/install/moveit2_tutorials:/home/albert/ws_moveit2/install/moveit:/home/albert/ws_moveit2/install/moveit_planners:/home/albert/ws_moveit2/install/pilz_industrial_motion_planner:/home/albert/ws_moveit2/install/moveit_visual_tools:/home/albert/ws_moveit2/install/moveit_task_constructor_visualization:/home/albert/ws_moveit2/install/moveit_task_constructor_demo:/home/albert/ws_moveit2/install/moveit_task_constructor_capabilities:/home/albert/ws_moveit2/install/moveit_task_constructor_core:/home/albert/ws_moveit2/install/moveit_ros_control_interface:/home/albert/ws_moveit2/install/moveit_plugins:/home/albert/ws_moveit2/install/moveit_simple_controller_manager:/home/albert/ws_moveit2/install/moveit_setup_assistant:/home/albert/ws_moveit2/install/moveit_setup_srdf_plugins:/home/albert/ws_moveit2/install/moveit_setup_core_plugins:/home/albert/ws_moveit2/install/moveit_setup_controllers:/home/albert/ws_moveit2/install/moveit_setup_app_plugins:/home/albert/ws_moveit2/install/moveit_setup_framework:/home/albert/ws_moveit2/install/moveit_servo:/home/albert/ws_moveit2/install/moveit_ros:/home/albert/ws_moveit2/install/moveit_ros_visualization:/home/albert/ws_moveit2/install/moveit_hybrid_planning:/home/albert/ws_moveit2/install/moveit_ros_planning_interface:/home/albert/ws_moveit2/install/moveit_ros_benchmarks:/home/albert/ws_moveit2/install/moveit_ros_warehouse:/home/albert/ws_moveit2/install/moveit_ros_robot_interaction:/home/albert/ws_moveit2/install/moveit_ros_perception:/home/albert/ws_moveit2/install/moveit_resources_prbt_pg70_support:/home/albert/ws_moveit2/install/moveit_resources_prbt_moveit_config:/home/albert/ws_moveit2/install/moveit_ros_move_group:/home/albert/ws_moveit2/install/moveit_planners_ompl:/home/albert/ws_moveit2/install/moveit_ros_planning:/home/albert/ws_moveit2/install/moveit_ros_occupancy_map_monitor:/home/albert/ws_moveit2/install/moveit_resources_prbt_ikfast_manipulator_plugin:/home/albert/ws_moveit2/install/moveit_planners_chomp:/home/albert/ws_moveit2/install/moveit_kinematics:/home/albert/ws_moveit2/install/moveit_chomp_optimizer_adapter:/home/albert/ws_moveit2/install/chomp_motion_planner:/home/albert/ws_moveit2/install/moveit_core:/home/albert/ws_moveit2/install/srdfdom:/home/albert/ws_moveit2/install/rviz_marker_tools:/home/albert/ws_moveit2/install/rosparam_shortcuts:/home/albert/ws_moveit2/install/moveit_task_constructor_msgs:/home/albert/ws_moveit2/install/moveit_resources_prbt_support:/home/albert/ws_moveit2/install/moveit_resources:/home/albert/ws_moveit2/install/moveit_resources_pr2_description:/home/albert/ws_moveit2/install/moveit_resources_panda_moveit_config:/home/albert/ws_moveit2/install/moveit_resources_panda_description:/home/albert/ws_moveit2/install/moveit_resources_fanuc_moveit_config:/home/albert/ws_moveit2/install/moveit_resources_fanuc_description:/home/albert/ws_moveit2/install/moveit_common:/home/albert/umov_ws/install/description:/home/albert/umov_ws/install/arduinobot_utils:/home/albert/umov_ws/install/arduinobot_remote:/home/albert/umov_ws/install/arduino_cpp_examples:/home/albert/umov_ws/install/arduinobot_moveit:/home/albert/umov_ws/install/arduinobot_firmware:/home/albert/umov_ws/install/arduinobot_controller:/home/albert/umov_ws/install/arduinobot_bringup:/home/albert/unav_ws/install/turtlebot3_fake_node:/home/albert/unav_ws/install/robot_bringup:/home/albert/unav_ws/install/nav2_robot_description:/home/albert/udem2_ws/install/robot_bringup:/home/albert/udem2_ws/install/my_robot_bringup:/home/albert/udem2_ws/install/lifecycle_cpp:/home/albert/udem2_ws/install/final_project_cpp:/home/albert/udem2_ws/install/actions_cpp:/home/albert/udem2_ws/install/robot_interfaces:/home/albert/udem2_ws/install/executors_cpp:/home/albert/udem2_ws/install/components_cpp:/home/albert/udem_ws/install/my_robot_bringup:/home/albert/udem_ws/install/my_cpp_pkg:/home/albert/udem_ws/install/my_robot_interfaces:/home/albert/udem_ws/install/my_robot_description:/home/albert/udem_ws/install/lifecycle_cpp:/home/albert/bcdc_ws/install/aggiebot_cpp:/home/albert/bcdc_ws/install/aggiebot_msgs:/home/albert/bcdc_ws/install/aggiebot_description:/home/albert/bcdc_ws/install/aggiebot_controller:/home/albert/bcdc_ws/install/aggiebot_bringup:/home/albert/bcdc_ws/install/aggiebot_arm_moveit:/home/albert/bcdc_ws/install/aggiebot_arm_description:/home/albert/bcdc_ws/install/aggiebot_arm_controller:/home/albert/bcdc_ws/install/agbot_setup_moveit:/home/albert/bcdc_ws/install/agbot_cpp:/home/albert/bcdc_ws/install/agbot_msgs:/home/albert/bcdc_ws/install/agbot_moveit:/home/albert/bcdc_ws/install/agbot_description:/home/albert/bcdc_ws/install/agbot_controller:/home/albert/bcdc_ws/install/agbot_bringup:/home/albert/bcdc_ws/install/agbot_arm_controller:/home/albert/arduinobot_ws/install/arduinobot_utils:/home/albert/arduinobot_ws/install/arduinobot_remote:/home/albert/arduinobot_ws/install/arduinobot_cpp_examples:/home/albert/arduinobot_ws/install/arduinobot_msgs:/home/albert/arduinobot_ws/install/arduinobot_moveit_setup:/home/albert/arduinobot_ws/install/arduinobot_moveit:/home/albert/arduinobot_ws/install/arduinobot_description:/home/albert/arduinobot_ws/install/arduinobot_controller:/home/albert/rad_ws/install/agbot_full_nav2:/home/albert/rad_ws/install/agbot_full_msgs:/home/albert/rad_ws/install/agbot_full_moveit_setup:/home/albert/rad_ws/install/agbot_full_moveit:/home/albert/rad_ws/install/agbot_full_description:/home/albert/rad_ws/install/agbot_full_cpp:/home/albert/rad_ws/install/agbot_full_controller:/home/albert/rad_ws/install/agbot_full_cartogropher:/home/albert/dev_ws/install/my_bot:/home/albert/ag_car_ws/install/car_nav2:/home/albert/ag_car_ws/install/car_description:/home/albert/ag_car_ws/install/car_controller:/home/albert/ag_car_ws/install/car_cartographer:/home/albert/ws_moveit2/install/moveit_configs_utils:/home/albert/ws_moveit2/install/launch_param_builder:/home/albert/umov_ws/install/arduino_py_examples:/home/albert/udem2_ws/install/actions_py:/home/albert/udem2_ws/install/lifecycle_py:/home/albert/udem2_ws/install/executors_py:/home/albert/udem2_ws/install/components_py:/home/albert/udem_ws/install/turtlesim_catcher:/home/albert/udem_ws/install/my_py_pkg:/home/albert/udem_ws/install/lifecycle_py:/home/albert/bcdc_ws/install/agbot_teleop:/home/albert/bcdc_ws/install/agbot_py:/home/albert/arduinobot_ws/install/arduinobot_py_examples:/opt/ros/humble LD_LIBRARY_PATH=/home/albert/umov_ws/install/arduinobot_msgs/lib:/home/albert/ws_moveit2/install/pilz_industrial_motion_planner_testutils/lib:/home/albert/ws_moveit2/install/pilz_industrial_motion_planner/lib:/home/albert/ws_moveit2/install/moveit_visual_tools/lib:/home/albert/ws_moveit2/install/moveit_task_constructor_visualization/lib:/home/albert/ws_moveit2/install/moveit_task_constructor_demo/lib:/home/albert/ws_moveit2/install/moveit_task_constructor_capabilities/lib:/home/albert/ws_moveit2/install/moveit_task_constructor_core/lib:/home/albert/ws_moveit2/install/moveit_ros_control_interface/lib:/home/albert/ws_moveit2/install/moveit_simple_controller_manager/lib:/home/albert/ws_moveit2/install/moveit_setup_assistant/lib:/home/albert/ws_moveit2/install/moveit_setup_srdf_plugins/lib:/home/albert/ws_moveit2/install/moveit_setup_core_plugins/lib:/home/albert/ws_moveit2/install/moveit_setup_controllers/lib:/home/albert/ws_moveit2/install/moveit_setup_app_plugins/lib:/home/albert/ws_moveit2/install/moveit_setup_framework/lib:/home/albert/ws_moveit2/install/moveit_servo/lib:/home/albert/ws_moveit2/install/moveit_ros_visualization/lib:/home/albert/ws_moveit2/install/moveit_hybrid_planning/lib:/home/albert/ws_moveit2/install/moveit_ros_planning_interface/lib:/home/albert/ws_moveit2/install/moveit_ros_benchmarks/lib:/home/albert/ws_moveit2/install/moveit_ros_warehouse/lib:/home/albert/ws_moveit2/install/moveit_ros_robot_interaction/lib:/home/albert/ws_moveit2/install/moveit_ros_perception/lib:/home/albert/ws_moveit2/install/moveit_ros_move_group/lib:/home/albert/ws_moveit2/install/moveit_planners_ompl/lib:/home/albert/ws_moveit2/install/moveit_ros_planning/lib:/home/albert/ws_moveit2/install/moveit_ros_occupancy_map_monitor/lib:/home/albert/ws_moveit2/install/moveit_resources_prbt_ikfast_manipulator_plugin/lib:/home/albert/ws_moveit2/install/moveit_planners_chomp/lib:/home/albert/ws_moveit2/install/moveit_kinematics/lib:/home/albert/ws_moveit2/install/moveit_chomp_optimizer_adapter/lib:/home/albert/ws_moveit2/install/chomp_motion_planner/lib:/home/albert/ws_moveit2/install/moveit_core/lib:/home/albert/ws_moveit2/install/srdfdom/lib:/home/albert/ws_moveit2/install/rviz_marker_tools/lib:/home/albert/ws_moveit2/install/rosparam_shortcuts/lib:/home/albert/ws_moveit2/install/moveit_task_constructor_msgs/lib:/home/albert/umov_ws/install/arduinobot_remote/lib:/home/albert/umov_ws/install/arduino_cpp_examples/lib:/home/albert/umov_ws/install/arduinobot_controller/lib:/home/albert/udem2_ws/install/final_project_cpp/lib:/home/albert/udem2_ws/install/robot_interfaces/lib:/home/albert/udem2_ws/install/components_cpp/lib:/home/albert/udem_ws/install/my_robot_interfaces/lib:/home/albert/bcdc_ws/install/aggiebot_msgs/lib:/home/albert/bcdc_ws/install/agbot_msgs/lib:/home/albert/arduinobot_ws/install/arduinobot_remote/lib:/home/albert/arduinobot_ws/install/arduinobot_cpp_examples/lib:/home/albert/arduinobot_ws/install/arduinobot_msgs/lib:/usr/lib/x86_64-linux-gnu/gazebo-11/plugins:/opt/ros/humble/opt/rviz_ogre_vendor/lib:/opt/ros/humble/lib/x86_64-linux-gnu:/opt/ros/humble/lib:/usr/share/gazebo/../../lib/x86_64-linux-gnu/gazebo-11/plugins /home/albert/.local/bin/cmake --install /home/albert/umov_ws/build/arduinobot_utils
[3.228s] DEBUG:colcon.colcon_core.event_handler.log_command:Invoked command in '/home/albert/umov_ws/build/arduinobot_remote' returned '0': CMAKE_PREFIX_PATH=/home/albert/umov_ws/install/arduinobot_msgs:/home/albert/umov_ws/install/MoveitAssistant:/home/albert/ag_arm_ws/install/arm_setup_moveit:/home/albert/ag_arm_ws/install/arm_moveit:/home/albert/ag_arm_ws/install/arm_description:/home/albert/ag_arm_ws/install/arm_cpp:/home/albert/ag_arm_ws/install/arm_controller:/home/albert/ws_moveit2/install/pilz_industrial_motion_planner_testutils:/home/albert/ws_moveit2/install/moveit_runtime:/home/albert/ws_moveit2/install/moveit2_tutorials:/home/albert/ws_moveit2/install/moveit:/home/albert/ws_moveit2/install/moveit_planners:/home/albert/ws_moveit2/install/pilz_industrial_motion_planner:/home/albert/ws_moveit2/install/moveit_visual_tools:/home/albert/ws_moveit2/install/moveit_task_constructor_visualization:/home/albert/ws_moveit2/install/moveit_task_constructor_demo:/home/albert/ws_moveit2/install/moveit_task_constructor_capabilities:/home/albert/ws_moveit2/install/moveit_task_constructor_core:/home/albert/ws_moveit2/install/moveit_ros_control_interface:/home/albert/ws_moveit2/install/moveit_plugins:/home/albert/ws_moveit2/install/moveit_simple_controller_manager:/home/albert/ws_moveit2/install/moveit_setup_assistant:/home/albert/ws_moveit2/install/moveit_setup_srdf_plugins:/home/albert/ws_moveit2/install/moveit_setup_core_plugins:/home/albert/ws_moveit2/install/moveit_setup_controllers:/home/albert/ws_moveit2/install/moveit_setup_app_plugins:/home/albert/ws_moveit2/install/moveit_setup_framework:/home/albert/ws_moveit2/install/moveit_servo:/home/albert/ws_moveit2/install/moveit_ros:/home/albert/ws_moveit2/install/moveit_ros_visualization:/home/albert/ws_moveit2/install/moveit_hybrid_planning:/home/albert/ws_moveit2/install/moveit_ros_planning_interface:/home/albert/ws_moveit2/install/moveit_ros_benchmarks:/home/albert/ws_moveit2/install/moveit_ros_warehouse:/home/albert/ws_moveit2/install/moveit_ros_robot_interaction:/home/albert/ws_moveit2/install/moveit_ros_perception:/home/albert/ws_moveit2/install/moveit_resources_prbt_pg70_support:/home/albert/ws_moveit2/install/moveit_resources_prbt_moveit_config:/home/albert/ws_moveit2/install/moveit_ros_move_group:/home/albert/ws_moveit2/install/moveit_planners_ompl:/home/albert/ws_moveit2/install/moveit_ros_planning:/home/albert/ws_moveit2/install/moveit_ros_occupancy_map_monitor:/home/albert/ws_moveit2/install/moveit_resources_prbt_ikfast_manipulator_plugin:/home/albert/ws_moveit2/install/moveit_planners_chomp:/home/albert/ws_moveit2/install/moveit_kinematics:/home/albert/ws_moveit2/install/moveit_chomp_optimizer_adapter:/home/albert/ws_moveit2/install/chomp_motion_planner:/home/albert/ws_moveit2/install/moveit_core:/home/albert/ws_moveit2/install/srdfdom:/home/albert/ws_moveit2/install/rviz_marker_tools:/home/albert/ws_moveit2/install/rosparam_shortcuts:/home/albert/ws_moveit2/install/moveit_task_constructor_msgs:/home/albert/ws_moveit2/install/moveit_resources_prbt_support:/home/albert/ws_moveit2/install/moveit_resources:/home/albert/ws_moveit2/install/moveit_resources_pr2_description:/home/albert/ws_moveit2/install/moveit_resources_panda_moveit_config:/home/albert/ws_moveit2/install/moveit_resources_panda_description:/home/albert/ws_moveit2/install/moveit_resources_fanuc_moveit_config:/home/albert/ws_moveit2/install/moveit_resources_fanuc_description:/home/albert/ws_moveit2/install/moveit_common:/home/albert/umov_ws/install/description:/home/albert/umov_ws/install/arduinobot_utils:/home/albert/umov_ws/install/arduinobot_remote:/home/albert/umov_ws/install/arduino_cpp_examples:/home/albert/umov_ws/install/arduinobot_moveit:/home/albert/umov_ws/install/arduinobot_firmware:/home/albert/umov_ws/install/arduinobot_controller:/home/albert/umov_ws/install/arduinobot_bringup:/home/albert/unav_ws/install/turtlebot3_fake_node:/home/albert/unav_ws/install/robot_bringup:/home/albert/unav_ws/install/nav2_robot_description:/home/albert/udem2_ws/install/robot_bringup:/home/albert/udem2_ws/install/my_robot_bringup:/home/albert/udem2_ws/install/lifecycle_cpp:/home/albert/udem2_ws/install/final_project_cpp:/home/albert/udem2_ws/install/actions_cpp:/home/albert/udem2_ws/install/robot_interfaces:/home/albert/udem2_ws/install/executors_cpp:/home/albert/udem2_ws/install/components_cpp:/home/albert/udem_ws/install/my_robot_bringup:/home/albert/udem_ws/install/my_cpp_pkg:/home/albert/udem_ws/install/my_robot_interfaces:/home/albert/udem_ws/install/my_robot_description:/home/albert/udem_ws/install/lifecycle_cpp:/home/albert/bcdc_ws/install/aggiebot_cpp:/home/albert/bcdc_ws/install/aggiebot_msgs:/home/albert/bcdc_ws/install/aggiebot_description:/home/albert/bcdc_ws/install/aggiebot_controller:/home/albert/bcdc_ws/install/aggiebot_bringup:/home/albert/bcdc_ws/install/aggiebot_arm_moveit:/home/albert/bcdc_ws/install/aggiebot_arm_description:/home/albert/bcdc_ws/install/aggiebot_arm_controller:/home/albert/bcdc_ws/install/agbot_setup_moveit:/home/albert/bcdc_ws/install/agbot_cpp:/home/albert/bcdc_ws/install/agbot_msgs:/home/albert/bcdc_ws/install/agbot_moveit:/home/albert/bcdc_ws/install/agbot_description:/home/albert/bcdc_ws/install/agbot_controller:/home/albert/bcdc_ws/install/agbot_bringup:/home/albert/bcdc_ws/install/agbot_arm_controller:/home/albert/arduinobot_ws/install/arduinobot_utils:/home/albert/arduinobot_ws/install/arduinobot_remote:/home/albert/arduinobot_ws/install/arduinobot_cpp_examples:/home/albert/arduinobot_ws/install/arduinobot_msgs:/home/albert/arduinobot_ws/install/arduinobot_moveit_setup:/home/albert/arduinobot_ws/install/arduinobot_moveit:/home/albert/arduinobot_ws/install/arduinobot_description:/home/albert/arduinobot_ws/install/arduinobot_controller:/home/albert/rad_ws/install/agbot_full_nav2:/home/albert/rad_ws/install/agbot_full_msgs:/home/albert/rad_ws/install/agbot_full_moveit_setup:/home/albert/rad_ws/install/agbot_full_moveit:/home/albert/rad_ws/install/agbot_full_description:/home/albert/rad_ws/install/agbot_full_cpp:/home/albert/rad_ws/install/agbot_full_controller:/home/albert/rad_ws/install/agbot_full_cartogropher:/home/albert/dev_ws/install/my_bot:/home/albert/ag_car_ws/install/car_nav2:/home/albert/ag_car_ws/install/car_description:/home/albert/ag_car_ws/install/car_controller:/home/albert/ag_car_ws/install/car_cartographer:/home/albert/ws_moveit2/install/moveit_configs_utils:/home/albert/ws_moveit2/install/launch_param_builder:/home/albert/umov_ws/install/arduino_py_examples:/home/albert/udem2_ws/install/actions_py:/home/albert/udem2_ws/install/lifecycle_py:/home/albert/udem2_ws/install/executors_py:/home/albert/udem2_ws/install/components_py:/home/albert/udem_ws/install/turtlesim_catcher:/home/albert/udem_ws/install/my_py_pkg:/home/albert/udem_ws/install/lifecycle_py:/home/albert/bcdc_ws/install/agbot_teleop:/home/albert/bcdc_ws/install/agbot_py:/home/albert/arduinobot_ws/install/arduinobot_py_examples:/opt/ros/humble LD_LIBRARY_PATH=/home/albert/umov_ws/install/arduinobot_msgs/lib:/home/albert/ws_moveit2/install/pilz_industrial_motion_planner_testutils/lib:/home/albert/ws_moveit2/install/pilz_industrial_motion_planner/lib:/home/albert/ws_moveit2/install/moveit_visual_tools/lib:/home/albert/ws_moveit2/install/moveit_task_constructor_visualization/lib:/home/albert/ws_moveit2/install/moveit_task_constructor_demo/lib:/home/albert/ws_moveit2/install/moveit_task_constructor_capabilities/lib:/home/albert/ws_moveit2/install/moveit_task_constructor_core/lib:/home/albert/ws_moveit2/install/moveit_ros_control_interface/lib:/home/albert/ws_moveit2/install/moveit_simple_controller_manager/lib:/home/albert/ws_moveit2/install/moveit_setup_assistant/lib:/home/albert/ws_moveit2/install/moveit_setup_srdf_plugins/lib:/home/albert/ws_moveit2/install/moveit_setup_core_plugins/lib:/home/albert/ws_moveit2/install/moveit_setup_controllers/lib:/home/albert/ws_moveit2/install/moveit_setup_app_plugins/lib:/home/albert/ws_moveit2/install/moveit_setup_framework/lib:/home/albert/ws_moveit2/install/moveit_servo/lib:/home/albert/ws_moveit2/install/moveit_ros_visualization/lib:/home/albert/ws_moveit2/install/moveit_hybrid_planning/lib:/home/albert/ws_moveit2/install/moveit_ros_planning_interface/lib:/home/albert/ws_moveit2/install/moveit_ros_benchmarks/lib:/home/albert/ws_moveit2/install/moveit_ros_warehouse/lib:/home/albert/ws_moveit2/install/moveit_ros_robot_interaction/lib:/home/albert/ws_moveit2/install/moveit_ros_perception/lib:/home/albert/ws_moveit2/install/moveit_ros_move_group/lib:/home/albert/ws_moveit2/install/moveit_planners_ompl/lib:/home/albert/ws_moveit2/install/moveit_ros_planning/lib:/home/albert/ws_moveit2/install/moveit_ros_occupancy_map_monitor/lib:/home/albert/ws_moveit2/install/moveit_resources_prbt_ikfast_manipulator_plugin/lib:/home/albert/ws_moveit2/install/moveit_planners_chomp/lib:/home/albert/ws_moveit2/install/moveit_kinematics/lib:/home/albert/ws_moveit2/install/moveit_chomp_optimizer_adapter/lib:/home/albert/ws_moveit2/install/chomp_motion_planner/lib:/home/albert/ws_moveit2/install/moveit_core/lib:/home/albert/ws_moveit2/install/srdfdom/lib:/home/albert/ws_moveit2/install/rviz_marker_tools/lib:/home/albert/ws_moveit2/install/rosparam_shortcuts/lib:/home/albert/ws_moveit2/install/moveit_task_constructor_msgs/lib:/home/albert/umov_ws/install/arduinobot_remote/lib:/home/albert/umov_ws/install/arduino_cpp_examples/lib:/home/albert/umov_ws/install/arduinobot_controller/lib:/home/albert/udem2_ws/install/final_project_cpp/lib:/home/albert/udem2_ws/install/robot_interfaces/lib:/home/albert/udem2_ws/install/components_cpp/lib:/home/albert/udem_ws/install/my_robot_interfaces/lib:/home/albert/bcdc_ws/install/aggiebot_msgs/lib:/home/albert/bcdc_ws/install/agbot_msgs/lib:/home/albert/arduinobot_ws/install/arduinobot_remote/lib:/home/albert/arduinobot_ws/install/arduinobot_cpp_examples/lib:/home/albert/arduinobot_ws/install/arduinobot_msgs/lib:/usr/lib/x86_64-linux-gnu/gazebo-11/plugins:/opt/ros/humble/opt/rviz_ogre_vendor/lib:/opt/ros/humble/lib/x86_64-linux-gnu:/opt/ros/humble/lib:/usr/share/gazebo/../../lib/x86_64-linux-gnu/gazebo-11/plugins /home/albert/.local/bin/cmake --build /home/albert/umov_ws/build/arduinobot_remote -- -j8 -l8
[3.232s] DEBUG:colcon.colcon_core.event_handler.log_command:Invoking command in '/home/albert/umov_ws/build/arduinobot_remote': CMAKE_PREFIX_PATH=/home/albert/umov_ws/install/arduinobot_msgs:/home/albert/umov_ws/install/MoveitAssistant:/home/albert/ag_arm_ws/install/arm_setup_moveit:/home/albert/ag_arm_ws/install/arm_moveit:/home/albert/ag_arm_ws/install/arm_description:/home/albert/ag_arm_ws/install/arm_cpp:/home/albert/ag_arm_ws/install/arm_controller:/home/albert/ws_moveit2/install/pilz_industrial_motion_planner_testutils:/home/albert/ws_moveit2/install/moveit_runtime:/home/albert/ws_moveit2/install/moveit2_tutorials:/home/albert/ws_moveit2/install/moveit:/home/albert/ws_moveit2/install/moveit_planners:/home/albert/ws_moveit2/install/pilz_industrial_motion_planner:/home/albert/ws_moveit2/install/moveit_visual_tools:/home/albert/ws_moveit2/install/moveit_task_constructor_visualization:/home/albert/ws_moveit2/install/moveit_task_constructor_demo:/home/albert/ws_moveit2/install/moveit_task_constructor_capabilities:/home/albert/ws_moveit2/install/moveit_task_constructor_core:/home/albert/ws_moveit2/install/moveit_ros_control_interface:/home/albert/ws_moveit2/install/moveit_plugins:/home/albert/ws_moveit2/install/moveit_simple_controller_manager:/home/albert/ws_moveit2/install/moveit_setup_assistant:/home/albert/ws_moveit2/install/moveit_setup_srdf_plugins:/home/albert/ws_moveit2/install/moveit_setup_core_plugins:/home/albert/ws_moveit2/install/moveit_setup_controllers:/home/albert/ws_moveit2/install/moveit_setup_app_plugins:/home/albert/ws_moveit2/install/moveit_setup_framework:/home/albert/ws_moveit2/install/moveit_servo:/home/albert/ws_moveit2/install/moveit_ros:/home/albert/ws_moveit2/install/moveit_ros_visualization:/home/albert/ws_moveit2/install/moveit_hybrid_planning:/home/albert/ws_moveit2/install/moveit_ros_planning_interface:/home/albert/ws_moveit2/install/moveit_ros_benchmarks:/home/albert/ws_moveit2/install/moveit_ros_warehouse:/home/albert/ws_moveit2/install/moveit_ros_robot_interaction:/home/albert/ws_moveit2/install/moveit_ros_perception:/home/albert/ws_moveit2/install/moveit_resources_prbt_pg70_support:/home/albert/ws_moveit2/install/moveit_resources_prbt_moveit_config:/home/albert/ws_moveit2/install/moveit_ros_move_group:/home/albert/ws_moveit2/install/moveit_planners_ompl:/home/albert/ws_moveit2/install/moveit_ros_planning:/home/albert/ws_moveit2/install/moveit_ros_occupancy_map_monitor:/home/albert/ws_moveit2/install/moveit_resources_prbt_ikfast_manipulator_plugin:/home/albert/ws_moveit2/install/moveit_planners_chomp:/home/albert/ws_moveit2/install/moveit_kinematics:/home/albert/ws_moveit2/install/moveit_chomp_optimizer_adapter:/home/albert/ws_moveit2/install/chomp_motion_planner:/home/albert/ws_moveit2/install/moveit_core:/home/albert/ws_moveit2/install/srdfdom:/home/albert/ws_moveit2/install/rviz_marker_tools:/home/albert/ws_moveit2/install/rosparam_shortcuts:/home/albert/ws_moveit2/install/moveit_task_constructor_msgs:/home/albert/ws_moveit2/install/moveit_resources_prbt_support:/home/albert/ws_moveit2/install/moveit_resources:/home/albert/ws_moveit2/install/moveit_resources_pr2_description:/home/albert/ws_moveit2/install/moveit_resources_panda_moveit_config:/home/albert/ws_moveit2/install/moveit_resources_panda_description:/home/albert/ws_moveit2/install/moveit_resources_fanuc_moveit_config:/home/albert/ws_moveit2/install/moveit_resources_fanuc_description:/home/albert/ws_moveit2/install/moveit_common:/home/albert/umov_ws/install/description:/home/albert/umov_ws/install/arduinobot_utils:/home/albert/umov_ws/install/arduinobot_remote:/home/albert/umov_ws/install/arduino_cpp_examples:/home/albert/umov_ws/install/arduinobot_moveit:/home/albert/umov_ws/install/arduinobot_firmware:/home/albert/umov_ws/install/arduinobot_controller:/home/albert/umov_ws/install/arduinobot_bringup:/home/albert/unav_ws/install/turtlebot3_fake_node:/home/albert/unav_ws/install/robot_bringup:/home/albert/unav_ws/install/nav2_robot_description:/home/albert/udem2_ws/install/robot_bringup:/home/albert/udem2_ws/install/my_robot_bringup:/home/albert/udem2_ws/install/lifecycle_cpp:/home/albert/udem2_ws/install/final_project_cpp:/home/albert/udem2_ws/install/actions_cpp:/home/albert/udem2_ws/install/robot_interfaces:/home/albert/udem2_ws/install/executors_cpp:/home/albert/udem2_ws/install/components_cpp:/home/albert/udem_ws/install/my_robot_bringup:/home/albert/udem_ws/install/my_cpp_pkg:/home/albert/udem_ws/install/my_robot_interfaces:/home/albert/udem_ws/install/my_robot_description:/home/albert/udem_ws/install/lifecycle_cpp:/home/albert/bcdc_ws/install/aggiebot_cpp:/home/albert/bcdc_ws/install/aggiebot_msgs:/home/albert/bcdc_ws/install/aggiebot_description:/home/albert/bcdc_ws/install/aggiebot_controller:/home/albert/bcdc_ws/install/aggiebot_bringup:/home/albert/bcdc_ws/install/aggiebot_arm_moveit:/home/albert/bcdc_ws/install/aggiebot_arm_description:/home/albert/bcdc_ws/install/aggiebot_arm_controller:/home/albert/bcdc_ws/install/agbot_setup_moveit:/home/albert/bcdc_ws/install/agbot_cpp:/home/albert/bcdc_ws/install/agbot_msgs:/home/albert/bcdc_ws/install/agbot_moveit:/home/albert/bcdc_ws/install/agbot_description:/home/albert/bcdc_ws/install/agbot_controller:/home/albert/bcdc_ws/install/agbot_bringup:/home/albert/bcdc_ws/install/agbot_arm_controller:/home/albert/arduinobot_ws/install/arduinobot_utils:/home/albert/arduinobot_ws/install/arduinobot_remote:/home/albert/arduinobot_ws/install/arduinobot_cpp_examples:/home/albert/arduinobot_ws/install/arduinobot_msgs:/home/albert/arduinobot_ws/install/arduinobot_moveit_setup:/home/albert/arduinobot_ws/install/arduinobot_moveit:/home/albert/arduinobot_ws/install/arduinobot_description:/home/albert/arduinobot_ws/install/arduinobot_controller:/home/albert/rad_ws/install/agbot_full_nav2:/home/albert/rad_ws/install/agbot_full_msgs:/home/albert/rad_ws/install/agbot_full_moveit_setup:/home/albert/rad_ws/install/agbot_full_moveit:/home/albert/rad_ws/install/agbot_full_description:/home/albert/rad_ws/install/agbot_full_cpp:/home/albert/rad_ws/install/agbot_full_controller:/home/albert/rad_ws/install/agbot_full_cartogropher:/home/albert/dev_ws/install/my_bot:/home/albert/ag_car_ws/install/car_nav2:/home/albert/ag_car_ws/install/car_description:/home/albert/ag_car_ws/install/car_controller:/home/albert/ag_car_ws/install/car_cartographer:/home/albert/ws_moveit2/install/moveit_configs_utils:/home/albert/ws_moveit2/install/launch_param_builder:/home/albert/umov_ws/install/arduino_py_examples:/home/albert/udem2_ws/install/actions_py:/home/albert/udem2_ws/install/lifecycle_py:/home/albert/udem2_ws/install/executors_py:/home/albert/udem2_ws/install/components_py:/home/albert/udem_ws/install/turtlesim_catcher:/home/albert/udem_ws/install/my_py_pkg:/home/albert/udem_ws/install/lifecycle_py:/home/albert/bcdc_ws/install/agbot_teleop:/home/albert/bcdc_ws/install/agbot_py:/home/albert/arduinobot_ws/install/arduinobot_py_examples:/opt/ros/humble LD_LIBRARY_PATH=/home/albert/umov_ws/install/arduinobot_msgs/lib:/home/albert/ws_moveit2/install/pilz_industrial_motion_planner_testutils/lib:/home/albert/ws_moveit2/install/pilz_industrial_motion_planner/lib:/home/albert/ws_moveit2/install/moveit_visual_tools/lib:/home/albert/ws_moveit2/install/moveit_task_constructor_visualization/lib:/home/albert/ws_moveit2/install/moveit_task_constructor_demo/lib:/home/albert/ws_moveit2/install/moveit_task_constructor_capabilities/lib:/home/albert/ws_moveit2/install/moveit_task_constructor_core/lib:/home/albert/ws_moveit2/install/moveit_ros_control_interface/lib:/home/albert/ws_moveit2/install/moveit_simple_controller_manager/lib:/home/albert/ws_moveit2/install/moveit_setup_assistant/lib:/home/albert/ws_moveit2/install/moveit_setup_srdf_plugins/lib:/home/albert/ws_moveit2/install/moveit_setup_core_plugins/lib:/home/albert/ws_moveit2/install/moveit_setup_controllers/lib:/home/albert/ws_moveit2/install/moveit_setup_app_plugins/lib:/home/albert/ws_moveit2/install/moveit_setup_framework/lib:/home/albert/ws_moveit2/install/moveit_servo/lib:/home/albert/ws_moveit2/install/moveit_ros_visualization/lib:/home/albert/ws_moveit2/install/moveit_hybrid_planning/lib:/home/albert/ws_moveit2/install/moveit_ros_planning_interface/lib:/home/albert/ws_moveit2/install/moveit_ros_benchmarks/lib:/home/albert/ws_moveit2/install/moveit_ros_warehouse/lib:/home/albert/ws_moveit2/install/moveit_ros_robot_interaction/lib:/home/albert/ws_moveit2/install/moveit_ros_perception/lib:/home/albert/ws_moveit2/install/moveit_ros_move_group/lib:/home/albert/ws_moveit2/install/moveit_planners_ompl/lib:/home/albert/ws_moveit2/install/moveit_ros_planning/lib:/home/albert/ws_moveit2/install/moveit_ros_occupancy_map_monitor/lib:/home/albert/ws_moveit2/install/moveit_resources_prbt_ikfast_manipulator_plugin/lib:/home/albert/ws_moveit2/install/moveit_planners_chomp/lib:/home/albert/ws_moveit2/install/moveit_kinematics/lib:/home/albert/ws_moveit2/install/moveit_chomp_optimizer_adapter/lib:/home/albert/ws_moveit2/install/chomp_motion_planner/lib:/home/albert/ws_moveit2/install/moveit_core/lib:/home/albert/ws_moveit2/install/srdfdom/lib:/home/albert/ws_moveit2/install/rviz_marker_tools/lib:/home/albert/ws_moveit2/install/rosparam_shortcuts/lib:/home/albert/ws_moveit2/install/moveit_task_constructor_msgs/lib:/home/albert/umov_ws/install/arduinobot_remote/lib:/home/albert/umov_ws/install/arduino_cpp_examples/lib:/home/albert/umov_ws/install/arduinobot_controller/lib:/home/albert/udem2_ws/install/final_project_cpp/lib:/home/albert/udem2_ws/install/robot_interfaces/lib:/home/albert/udem2_ws/install/components_cpp/lib:/home/albert/udem_ws/install/my_robot_interfaces/lib:/home/albert/bcdc_ws/install/aggiebot_msgs/lib:/home/albert/bcdc_ws/install/agbot_msgs/lib:/home/albert/arduinobot_ws/install/arduinobot_remote/lib:/home/albert/arduinobot_ws/install/arduinobot_cpp_examples/lib:/home/albert/arduinobot_ws/install/arduinobot_msgs/lib:/usr/lib/x86_64-linux-gnu/gazebo-11/plugins:/opt/ros/humble/opt/rviz_ogre_vendor/lib:/opt/ros/humble/lib/x86_64-linux-gnu:/opt/ros/humble/lib:/usr/share/gazebo/../../lib/x86_64-linux-gnu/gazebo-11/plugins /home/albert/.local/bin/cmake --install /home/albert/umov_ws/build/arduinobot_remote
[3.242s] DEBUG:colcon.colcon_core.event_handler.log_command:Invoking command in '/home/albert/umov_ws/src/arduino_py_examples': CMAKE_PREFIX_PATH=/home/albert/umov_ws/install/arduinobot_msgs:/home/albert/umov_ws/install/MoveitAssistant:/home/albert/ag_arm_ws/install/arm_setup_moveit:/home/albert/ag_arm_ws/install/arm_moveit:/home/albert/ag_arm_ws/install/arm_description:/home/albert/ag_arm_ws/install/arm_cpp:/home/albert/ag_arm_ws/install/arm_controller:/home/albert/ws_moveit2/install/pilz_industrial_motion_planner_testutils:/home/albert/ws_moveit2/install/moveit_runtime:/home/albert/ws_moveit2/install/moveit2_tutorials:/home/albert/ws_moveit2/install/moveit:/home/albert/ws_moveit2/install/moveit_planners:/home/albert/ws_moveit2/install/pilz_industrial_motion_planner:/home/albert/ws_moveit2/install/moveit_visual_tools:/home/albert/ws_moveit2/install/moveit_task_constructor_visualization:/home/albert/ws_moveit2/install/moveit_task_constructor_demo:/home/albert/ws_moveit2/install/moveit_task_constructor_capabilities:/home/albert/ws_moveit2/install/moveit_task_constructor_core:/home/albert/ws_moveit2/install/moveit_ros_control_interface:/home/albert/ws_moveit2/install/moveit_plugins:/home/albert/ws_moveit2/install/moveit_simple_controller_manager:/home/albert/ws_moveit2/install/moveit_setup_assistant:/home/albert/ws_moveit2/install/moveit_setup_srdf_plugins:/home/albert/ws_moveit2/install/moveit_setup_core_plugins:/home/albert/ws_moveit2/install/moveit_setup_controllers:/home/albert/ws_moveit2/install/moveit_setup_app_plugins:/home/albert/ws_moveit2/install/moveit_setup_framework:/home/albert/ws_moveit2/install/moveit_servo:/home/albert/ws_moveit2/install/moveit_ros:/home/albert/ws_moveit2/install/moveit_ros_visualization:/home/albert/ws_moveit2/install/moveit_hybrid_planning:/home/albert/ws_moveit2/install/moveit_ros_planning_interface:/home/albert/ws_moveit2/install/moveit_ros_benchmarks:/home/albert/ws_moveit2/install/moveit_ros_warehouse:/home/albert/ws_moveit2/install/moveit_ros_robot_interaction:/home/albert/ws_moveit2/install/moveit_ros_perception:/home/albert/ws_moveit2/install/moveit_resources_prbt_pg70_support:/home/albert/ws_moveit2/install/moveit_resources_prbt_moveit_config:/home/albert/ws_moveit2/install/moveit_ros_move_group:/home/albert/ws_moveit2/install/moveit_planners_ompl:/home/albert/ws_moveit2/install/moveit_ros_planning:/home/albert/ws_moveit2/install/moveit_ros_occupancy_map_monitor:/home/albert/ws_moveit2/install/moveit_resources_prbt_ikfast_manipulator_plugin:/home/albert/ws_moveit2/install/moveit_planners_chomp:/home/albert/ws_moveit2/install/moveit_kinematics:/home/albert/ws_moveit2/install/moveit_chomp_optimizer_adapter:/home/albert/ws_moveit2/install/chomp_motion_planner:/home/albert/ws_moveit2/install/moveit_core:/home/albert/ws_moveit2/install/srdfdom:/home/albert/ws_moveit2/install/rviz_marker_tools:/home/albert/ws_moveit2/install/rosparam_shortcuts:/home/albert/ws_moveit2/install/moveit_task_constructor_msgs:/home/albert/ws_moveit2/install/moveit_resources_prbt_support:/home/albert/ws_moveit2/install/moveit_resources:/home/albert/ws_moveit2/install/moveit_resources_pr2_description:/home/albert/ws_moveit2/install/moveit_resources_panda_moveit_config:/home/albert/ws_moveit2/install/moveit_resources_panda_description:/home/albert/ws_moveit2/install/moveit_resources_fanuc_moveit_config:/home/albert/ws_moveit2/install/moveit_resources_fanuc_description:/home/albert/ws_moveit2/install/moveit_common:/home/albert/umov_ws/install/description:/home/albert/umov_ws/install/arduinobot_utils:/home/albert/umov_ws/install/arduinobot_remote:/home/albert/umov_ws/install/arduino_cpp_examples:/home/albert/umov_ws/install/arduinobot_moveit:/home/albert/umov_ws/install/arduinobot_firmware:/home/albert/umov_ws/install/arduinobot_controller:/home/albert/umov_ws/install/arduinobot_bringup:/home/albert/unav_ws/install/turtlebot3_fake_node:/home/albert/unav_ws/install/robot_bringup:/home/albert/unav_ws/install/nav2_robot_description:/home/albert/udem2_ws/install/robot_bringup:/home/albert/udem2_ws/install/my_robot_bringup:/home/albert/udem2_ws/install/lifecycle_cpp:/home/albert/udem2_ws/install/final_project_cpp:/home/albert/udem2_ws/install/actions_cpp:/home/albert/udem2_ws/install/robot_interfaces:/home/albert/udem2_ws/install/executors_cpp:/home/albert/udem2_ws/install/components_cpp:/home/albert/udem_ws/install/my_robot_bringup:/home/albert/udem_ws/install/my_cpp_pkg:/home/albert/udem_ws/install/my_robot_interfaces:/home/albert/udem_ws/install/my_robot_description:/home/albert/udem_ws/install/lifecycle_cpp:/home/albert/bcdc_ws/install/aggiebot_cpp:/home/albert/bcdc_ws/install/aggiebot_msgs:/home/albert/bcdc_ws/install/aggiebot_description:/home/albert/bcdc_ws/install/aggiebot_controller:/home/albert/bcdc_ws/install/aggiebot_bringup:/home/albert/bcdc_ws/install/aggiebot_arm_moveit:/home/albert/bcdc_ws/install/aggiebot_arm_description:/home/albert/bcdc_ws/install/aggiebot_arm_controller:/home/albert/bcdc_ws/install/agbot_setup_moveit:/home/albert/bcdc_ws/install/agbot_cpp:/home/albert/bcdc_ws/install/agbot_msgs:/home/albert/bcdc_ws/install/agbot_moveit:/home/albert/bcdc_ws/install/agbot_description:/home/albert/bcdc_ws/install/agbot_controller:/home/albert/bcdc_ws/install/agbot_bringup:/home/albert/bcdc_ws/install/agbot_arm_controller:/home/albert/arduinobot_ws/install/arduinobot_utils:/home/albert/arduinobot_ws/install/arduinobot_remote:/home/albert/arduinobot_ws/install/arduinobot_cpp_examples:/home/albert/arduinobot_ws/install/arduinobot_msgs:/home/albert/arduinobot_ws/install/arduinobot_moveit_setup:/home/albert/arduinobot_ws/install/arduinobot_moveit:/home/albert/arduinobot_ws/install/arduinobot_description:/home/albert/arduinobot_ws/install/arduinobot_controller:/home/albert/rad_ws/install/agbot_full_nav2:/home/albert/rad_ws/install/agbot_full_msgs:/home/albert/rad_ws/install/agbot_full_moveit_setup:/home/albert/rad_ws/install/agbot_full_moveit:/home/albert/rad_ws/install/agbot_full_description:/home/albert/rad_ws/install/agbot_full_cpp:/home/albert/rad_ws/install/agbot_full_controller:/home/albert/rad_ws/install/agbot_full_cartogropher:/home/albert/dev_ws/install/my_bot:/home/albert/ag_car_ws/install/car_nav2:/home/albert/ag_car_ws/install/car_description:/home/albert/ag_car_ws/install/car_controller:/home/albert/ag_car_ws/install/car_cartographer LD_LIBRARY_PATH=/home/albert/umov_ws/install/arduinobot_msgs/lib:/home/albert/ws_moveit2/install/pilz_industrial_motion_planner_testutils/lib:/home/albert/ws_moveit2/install/pilz_industrial_motion_planner/lib:/home/albert/ws_moveit2/install/moveit_visual_tools/lib:/home/albert/ws_moveit2/install/moveit_task_constructor_visualization/lib:/home/albert/ws_moveit2/install/moveit_task_constructor_demo/lib:/home/albert/ws_moveit2/install/moveit_task_constructor_capabilities/lib:/home/albert/ws_moveit2/install/moveit_task_constructor_core/lib:/home/albert/ws_moveit2/install/moveit_ros_control_interface/lib:/home/albert/ws_moveit2/install/moveit_simple_controller_manager/lib:/home/albert/ws_moveit2/install/moveit_setup_assistant/lib:/home/albert/ws_moveit2/install/moveit_setup_srdf_plugins/lib:/home/albert/ws_moveit2/install/moveit_setup_core_plugins/lib:/home/albert/ws_moveit2/install/moveit_setup_controllers/lib:/home/albert/ws_moveit2/install/moveit_setup_app_plugins/lib:/home/albert/ws_moveit2/install/moveit_setup_framework/lib:/home/albert/ws_moveit2/install/moveit_servo/lib:/home/albert/ws_moveit2/install/moveit_ros_visualization/lib:/home/albert/ws_moveit2/install/moveit_hybrid_planning/lib:/home/albert/ws_moveit2/install/moveit_ros_planning_interface/lib:/home/albert/ws_moveit2/install/moveit_ros_benchmarks/lib:/home/albert/ws_moveit2/install/moveit_ros_warehouse/lib:/home/albert/ws_moveit2/install/moveit_ros_robot_interaction/lib:/home/albert/ws_moveit2/install/moveit_ros_perception/lib:/home/albert/ws_moveit2/install/moveit_ros_move_group/lib:/home/albert/ws_moveit2/install/moveit_planners_ompl/lib:/home/albert/ws_moveit2/install/moveit_ros_planning/lib:/home/albert/ws_moveit2/install/moveit_ros_occupancy_map_monitor/lib:/home/albert/ws_moveit2/install/moveit_resources_prbt_ikfast_manipulator_plugin/lib:/home/albert/ws_moveit2/install/moveit_planners_chomp/lib:/home/albert/ws_moveit2/install/moveit_kinematics/lib:/home/albert/ws_moveit2/install/moveit_chomp_optimizer_adapter/lib:/home/albert/ws_moveit2/install/chomp_motion_planner/lib:/home/albert/ws_moveit2/install/moveit_core/lib:/home/albert/ws_moveit2/install/srdfdom/lib:/home/albert/ws_moveit2/install/rviz_marker_tools/lib:/home/albert/ws_moveit2/install/rosparam_shortcuts/lib:/home/albert/ws_moveit2/install/moveit_task_constructor_msgs/lib:/home/albert/umov_ws/install/arduinobot_remote/lib:/home/albert/umov_ws/install/arduino_cpp_examples/lib:/home/albert/umov_ws/install/arduinobot_controller/lib:/home/albert/udem2_ws/install/final_project_cpp/lib:/home/albert/udem2_ws/install/robot_interfaces/lib:/home/albert/udem2_ws/install/components_cpp/lib:/home/albert/udem_ws/install/my_robot_interfaces/lib:/home/albert/bcdc_ws/install/aggiebot_msgs/lib:/home/albert/bcdc_ws/install/agbot_msgs/lib:/home/albert/arduinobot_ws/install/arduinobot_remote/lib:/home/albert/arduinobot_ws/install/arduinobot_cpp_examples/lib:/home/albert/arduinobot_ws/install/arduinobot_msgs/lib:/usr/lib/x86_64-linux-gnu/gazebo-11/plugins:/opt/ros/humble/opt/rviz_ogre_vendor/lib:/opt/ros/humble/lib/x86_64-linux-gnu:/opt/ros/humble/lib:/usr/share/gazebo/../../lib/x86_64-linux-gnu/gazebo-11/plugins PYTHONPATH=/home/albert/umov_ws/build/arduino_py_examples/prefix_override:/usr/lib/python3/dist-packages/colcon_core/task/python/colcon_distutils_commands:/home/albert/umov_ws/install/arduino_py_examples/lib/python3.10/site-packages:${PYTHONPATH} /usr/bin/python3 -W ignore:setup.py install is deprecated -W ignore:easy_install command is deprecated setup.py egg_info --egg-base ../../build/arduino_py_examples build --build-base /home/albert/umov_ws/build/arduino_py_examples/build install --record /home/albert/umov_ws/build/arduino_py_examples/install.log --single-version-externally-managed install_data
[3.354s] Level 1:colcon.colcon_core.environment:create_environment_scripts_only(arduinobot_remote)
[3.355s] Level 1:colcon.colcon_core.environment:checking '/home/albert/umov_ws/install/arduinobot_remote' for CMake module files
[3.357s] DEBUG:colcon.colcon_core.event_handler.log_command:Invoked command in '/home/albert/umov_ws/build/arduinobot_remote' returned '0': CMAKE_PREFIX_PATH=/home/albert/umov_ws/install/arduinobot_msgs:/home/albert/umov_ws/install/MoveitAssistant:/home/albert/ag_arm_ws/install/arm_setup_moveit:/home/albert/ag_arm_ws/install/arm_moveit:/home/albert/ag_arm_ws/install/arm_description:/home/albert/ag_arm_ws/install/arm_cpp:/home/albert/ag_arm_ws/install/arm_controller:/home/albert/ws_moveit2/install/pilz_industrial_motion_planner_testutils:/home/albert/ws_moveit2/install/moveit_runtime:/home/albert/ws_moveit2/install/moveit2_tutorials:/home/albert/ws_moveit2/install/moveit:/home/albert/ws_moveit2/install/moveit_planners:/home/albert/ws_moveit2/install/pilz_industrial_motion_planner:/home/albert/ws_moveit2/install/moveit_visual_tools:/home/albert/ws_moveit2/install/moveit_task_constructor_visualization:/home/albert/ws_moveit2/install/moveit_task_constructor_demo:/home/albert/ws_moveit2/install/moveit_task_constructor_capabilities:/home/albert/ws_moveit2/install/moveit_task_constructor_core:/home/albert/ws_moveit2/install/moveit_ros_control_interface:/home/albert/ws_moveit2/install/moveit_plugins:/home/albert/ws_moveit2/install/moveit_simple_controller_manager:/home/albert/ws_moveit2/install/moveit_setup_assistant:/home/albert/ws_moveit2/install/moveit_setup_srdf_plugins:/home/albert/ws_moveit2/install/moveit_setup_core_plugins:/home/albert/ws_moveit2/install/moveit_setup_controllers:/home/albert/ws_moveit2/install/moveit_setup_app_plugins:/home/albert/ws_moveit2/install/moveit_setup_framework:/home/albert/ws_moveit2/install/moveit_servo:/home/albert/ws_moveit2/install/moveit_ros:/home/albert/ws_moveit2/install/moveit_ros_visualization:/home/albert/ws_moveit2/install/moveit_hybrid_planning:/home/albert/ws_moveit2/install/moveit_ros_planning_interface:/home/albert/ws_moveit2/install/moveit_ros_benchmarks:/home/albert/ws_moveit2/install/moveit_ros_warehouse:/home/albert/ws_moveit2/install/moveit_ros_robot_interaction:/home/albert/ws_moveit2/install/moveit_ros_perception:/home/albert/ws_moveit2/install/moveit_resources_prbt_pg70_support:/home/albert/ws_moveit2/install/moveit_resources_prbt_moveit_config:/home/albert/ws_moveit2/install/moveit_ros_move_group:/home/albert/ws_moveit2/install/moveit_planners_ompl:/home/albert/ws_moveit2/install/moveit_ros_planning:/home/albert/ws_moveit2/install/moveit_ros_occupancy_map_monitor:/home/albert/ws_moveit2/install/moveit_resources_prbt_ikfast_manipulator_plugin:/home/albert/ws_moveit2/install/moveit_planners_chomp:/home/albert/ws_moveit2/install/moveit_kinematics:/home/albert/ws_moveit2/install/moveit_chomp_optimizer_adapter:/home/albert/ws_moveit2/install/chomp_motion_planner:/home/albert/ws_moveit2/install/moveit_core:/home/albert/ws_moveit2/install/srdfdom:/home/albert/ws_moveit2/install/rviz_marker_tools:/home/albert/ws_moveit2/install/rosparam_shortcuts:/home/albert/ws_moveit2/install/moveit_task_constructor_msgs:/home/albert/ws_moveit2/install/moveit_resources_prbt_support:/home/albert/ws_moveit2/install/moveit_resources:/home/albert/ws_moveit2/install/moveit_resources_pr2_description:/home/albert/ws_moveit2/install/moveit_resources_panda_moveit_config:/home/albert/ws_moveit2/install/moveit_resources_panda_description:/home/albert/ws_moveit2/install/moveit_resources_fanuc_moveit_config:/home/albert/ws_moveit2/install/moveit_resources_fanuc_description:/home/albert/ws_moveit2/install/moveit_common:/home/albert/umov_ws/install/description:/home/albert/umov_ws/install/arduinobot_utils:/home/albert/umov_ws/install/arduinobot_remote:/home/albert/umov_ws/install/arduino_cpp_examples:/home/albert/umov_ws/install/arduinobot_moveit:/home/albert/umov_ws/install/arduinobot_firmware:/home/albert/umov_ws/install/arduinobot_controller:/home/albert/umov_ws/install/arduinobot_bringup:/home/albert/unav_ws/install/turtlebot3_fake_node:/home/albert/unav_ws/install/robot_bringup:/home/albert/unav_ws/install/nav2_robot_description:/home/albert/udem2_ws/install/robot_bringup:/home/albert/udem2_ws/install/my_robot_bringup:/home/albert/udem2_ws/install/lifecycle_cpp:/home/albert/udem2_ws/install/final_project_cpp:/home/albert/udem2_ws/install/actions_cpp:/home/albert/udem2_ws/install/robot_interfaces:/home/albert/udem2_ws/install/executors_cpp:/home/albert/udem2_ws/install/components_cpp:/home/albert/udem_ws/install/my_robot_bringup:/home/albert/udem_ws/install/my_cpp_pkg:/home/albert/udem_ws/install/my_robot_interfaces:/home/albert/udem_ws/install/my_robot_description:/home/albert/udem_ws/install/lifecycle_cpp:/home/albert/bcdc_ws/install/aggiebot_cpp:/home/albert/bcdc_ws/install/aggiebot_msgs:/home/albert/bcdc_ws/install/aggiebot_description:/home/albert/bcdc_ws/install/aggiebot_controller:/home/albert/bcdc_ws/install/aggiebot_bringup:/home/albert/bcdc_ws/install/aggiebot_arm_moveit:/home/albert/bcdc_ws/install/aggiebot_arm_description:/home/albert/bcdc_ws/install/aggiebot_arm_controller:/home/albert/bcdc_ws/install/agbot_setup_moveit:/home/albert/bcdc_ws/install/agbot_cpp:/home/albert/bcdc_ws/install/agbot_msgs:/home/albert/bcdc_ws/install/agbot_moveit:/home/albert/bcdc_ws/install/agbot_description:/home/albert/bcdc_ws/install/agbot_controller:/home/albert/bcdc_ws/install/agbot_bringup:/home/albert/bcdc_ws/install/agbot_arm_controller:/home/albert/arduinobot_ws/install/arduinobot_utils:/home/albert/arduinobot_ws/install/arduinobot_remote:/home/albert/arduinobot_ws/install/arduinobot_cpp_examples:/home/albert/arduinobot_ws/install/arduinobot_msgs:/home/albert/arduinobot_ws/install/arduinobot_moveit_setup:/home/albert/arduinobot_ws/install/arduinobot_moveit:/home/albert/arduinobot_ws/install/arduinobot_description:/home/albert/arduinobot_ws/install/arduinobot_controller:/home/albert/rad_ws/install/agbot_full_nav2:/home/albert/rad_ws/install/agbot_full_msgs:/home/albert/rad_ws/install/agbot_full_moveit_setup:/home/albert/rad_ws/install/agbot_full_moveit:/home/albert/rad_ws/install/agbot_full_description:/home/albert/rad_ws/install/agbot_full_cpp:/home/albert/rad_ws/install/agbot_full_controller:/home/albert/rad_ws/install/agbot_full_cartogropher:/home/albert/dev_ws/install/my_bot:/home/albert/ag_car_ws/install/car_nav2:/home/albert/ag_car_ws/install/car_description:/home/albert/ag_car_ws/install/car_controller:/home/albert/ag_car_ws/install/car_cartographer:/home/albert/ws_moveit2/install/moveit_configs_utils:/home/albert/ws_moveit2/install/launch_param_builder:/home/albert/umov_ws/install/arduino_py_examples:/home/albert/udem2_ws/install/actions_py:/home/albert/udem2_ws/install/lifecycle_py:/home/albert/udem2_ws/install/executors_py:/home/albert/udem2_ws/install/components_py:/home/albert/udem_ws/install/turtlesim_catcher:/home/albert/udem_ws/install/my_py_pkg:/home/albert/udem_ws/install/lifecycle_py:/home/albert/bcdc_ws/install/agbot_teleop:/home/albert/bcdc_ws/install/agbot_py:/home/albert/arduinobot_ws/install/arduinobot_py_examples:/opt/ros/humble LD_LIBRARY_PATH=/home/albert/umov_ws/install/arduinobot_msgs/lib:/home/albert/ws_moveit2/install/pilz_industrial_motion_planner_testutils/lib:/home/albert/ws_moveit2/install/pilz_industrial_motion_planner/lib:/home/albert/ws_moveit2/install/moveit_visual_tools/lib:/home/albert/ws_moveit2/install/moveit_task_constructor_visualization/lib:/home/albert/ws_moveit2/install/moveit_task_constructor_demo/lib:/home/albert/ws_moveit2/install/moveit_task_constructor_capabilities/lib:/home/albert/ws_moveit2/install/moveit_task_constructor_core/lib:/home/albert/ws_moveit2/install/moveit_ros_control_interface/lib:/home/albert/ws_moveit2/install/moveit_simple_controller_manager/lib:/home/albert/ws_moveit2/install/moveit_setup_assistant/lib:/home/albert/ws_moveit2/install/moveit_setup_srdf_plugins/lib:/home/albert/ws_moveit2/install/moveit_setup_core_plugins/lib:/home/albert/ws_moveit2/install/moveit_setup_controllers/lib:/home/albert/ws_moveit2/install/moveit_setup_app_plugins/lib:/home/albert/ws_moveit2/install/moveit_setup_framework/lib:/home/albert/ws_moveit2/install/moveit_servo/lib:/home/albert/ws_moveit2/install/moveit_ros_visualization/lib:/home/albert/ws_moveit2/install/moveit_hybrid_planning/lib:/home/albert/ws_moveit2/install/moveit_ros_planning_interface/lib:/home/albert/ws_moveit2/install/moveit_ros_benchmarks/lib:/home/albert/ws_moveit2/install/moveit_ros_warehouse/lib:/home/albert/ws_moveit2/install/moveit_ros_robot_interaction/lib:/home/albert/ws_moveit2/install/moveit_ros_perception/lib:/home/albert/ws_moveit2/install/moveit_ros_move_group/lib:/home/albert/ws_moveit2/install/moveit_planners_ompl/lib:/home/albert/ws_moveit2/install/moveit_ros_planning/lib:/home/albert/ws_moveit2/install/moveit_ros_occupancy_map_monitor/lib:/home/albert/ws_moveit2/install/moveit_resources_prbt_ikfast_manipulator_plugin/lib:/home/albert/ws_moveit2/install/moveit_planners_chomp/lib:/home/albert/ws_moveit2/install/moveit_kinematics/lib:/home/albert/ws_moveit2/install/moveit_chomp_optimizer_adapter/lib:/home/albert/ws_moveit2/install/chomp_motion_planner/lib:/home/albert/ws_moveit2/install/moveit_core/lib:/home/albert/ws_moveit2/install/srdfdom/lib:/home/albert/ws_moveit2/install/rviz_marker_tools/lib:/home/albert/ws_moveit2/install/rosparam_shortcuts/lib:/home/albert/ws_moveit2/install/moveit_task_constructor_msgs/lib:/home/albert/umov_ws/install/arduinobot_remote/lib:/home/albert/umov_ws/install/arduino_cpp_examples/lib:/home/albert/umov_ws/install/arduinobot_controller/lib:/home/albert/udem2_ws/install/final_project_cpp/lib:/home/albert/udem2_ws/install/robot_interfaces/lib:/home/albert/udem2_ws/install/components_cpp/lib:/home/albert/udem_ws/install/my_robot_interfaces/lib:/home/albert/bcdc_ws/install/aggiebot_msgs/lib:/home/albert/bcdc_ws/install/agbot_msgs/lib:/home/albert/arduinobot_ws/install/arduinobot_remote/lib:/home/albert/arduinobot_ws/install/arduinobot_cpp_examples/lib:/home/albert/arduinobot_ws/install/arduinobot_msgs/lib:/usr/lib/x86_64-linux-gnu/gazebo-11/plugins:/opt/ros/humble/opt/rviz_ogre_vendor/lib:/opt/ros/humble/lib/x86_64-linux-gnu:/opt/ros/humble/lib:/usr/share/gazebo/../../lib/x86_64-linux-gnu/gazebo-11/plugins /home/albert/.local/bin/cmake --install /home/albert/umov_ws/build/arduinobot_remote
[3.362s] Level 1:colcon.colcon_core.environment:checking '/home/albert/umov_ws/install/arduinobot_remote' for CMake config files
[3.363s] Level 1:colcon.colcon_core.shell:create_environment_hook('arduinobot_remote', 'cmake_prefix_path')
[3.363s] INFO:colcon.colcon_core.shell:Creating environment hook '/home/albert/umov_ws/install/arduinobot_remote/share/arduinobot_remote/hook/cmake_prefix_path.ps1'
[3.364s] INFO:colcon.colcon_core.shell:Creating environment descriptor '/home/albert/umov_ws/install/arduinobot_remote/share/arduinobot_remote/hook/cmake_prefix_path.dsv'
[3.365s] INFO:colcon.colcon_core.shell:Creating environment hook '/home/albert/umov_ws/install/arduinobot_remote/share/arduinobot_remote/hook/cmake_prefix_path.sh'
[3.366s] Level 1:colcon.colcon_core.environment:checking '/home/albert/umov_ws/install/arduinobot_remote/lib'
[3.367s] Level 1:colcon.colcon_core.shell:create_environment_hook('arduinobot_remote', 'ld_library_path_lib')
[3.367s] INFO:colcon.colcon_core.shell:Creating environment hook '/home/albert/umov_ws/install/arduinobot_remote/share/arduinobot_remote/hook/ld_library_path_lib.ps1'
[3.369s] INFO:colcon.colcon_core.shell:Creating environment descriptor '/home/albert/umov_ws/install/arduinobot_remote/share/arduinobot_remote/hook/ld_library_path_lib.dsv'
[3.369s] INFO:colcon.colcon_core.shell:Creating environment hook '/home/albert/umov_ws/install/arduinobot_remote/share/arduinobot_remote/hook/ld_library_path_lib.sh'
[3.370s] Level 1:colcon.colcon_core.environment:checking '/home/albert/umov_ws/install/arduinobot_remote/bin'
[3.371s] Level 1:colcon.colcon_core.environment:checking '/home/albert/umov_ws/install/arduinobot_remote/lib/pkgconfig/arduinobot_remote.pc'
[3.371s] Level 1:colcon.colcon_core.environment:checking '/home/albert/umov_ws/install/arduinobot_remote/lib/python3.10/site-packages'
[3.372s] Level 1:colcon.colcon_core.environment:checking '/home/albert/umov_ws/install/arduinobot_remote/bin'
[3.373s] INFO:colcon.colcon_core.shell:Creating package script '/home/albert/umov_ws/install/arduinobot_remote/share/arduinobot_remote/package.ps1'
[3.374s] INFO:colcon.colcon_core.shell:Creating package descriptor '/home/albert/umov_ws/install/arduinobot_remote/share/arduinobot_remote/package.dsv'
[3.375s] INFO:colcon.colcon_core.shell:Creating package script '/home/albert/umov_ws/install/arduinobot_remote/share/arduinobot_remote/package.sh'
[3.376s] INFO:colcon.colcon_core.shell:Creating package script '/home/albert/umov_ws/install/arduinobot_remote/share/arduinobot_remote/package.bash'
[3.377s] INFO:colcon.colcon_core.shell:Creating package script '/home/albert/umov_ws/install/arduinobot_remote/share/arduinobot_remote/package.zsh'
[3.378s] Level 1:colcon.colcon_core.environment:create_file_with_runtime_dependencies(/home/albert/umov_ws/install/arduinobot_remote/share/colcon-core/packages/arduinobot_remote)
[3.379s] Level 1:colcon.colcon_core.environment:create_environment_scripts_only(arduinobot_remote)
[3.380s] Level 1:colcon.colcon_core.environment:checking '/home/albert/umov_ws/install/arduinobot_remote' for CMake module files
[3.381s] Level 1:colcon.colcon_core.environment:checking '/home/albert/umov_ws/install/arduinobot_remote' for CMake config files
[3.382s] Level 1:colcon.colcon_core.shell:create_environment_hook('arduinobot_remote', 'cmake_prefix_path')
[3.382s] INFO:colcon.colcon_core.shell:Creating environment hook '/home/albert/umov_ws/install/arduinobot_remote/share/arduinobot_remote/hook/cmake_prefix_path.ps1'
[3.383s] INFO:colcon.colcon_core.shell:Creating environment descriptor '/home/albert/umov_ws/install/arduinobot_remote/share/arduinobot_remote/hook/cmake_prefix_path.dsv'
[3.384s] INFO:colcon.colcon_core.shell:Creating environment hook '/home/albert/umov_ws/install/arduinobot_remote/share/arduinobot_remote/hook/cmake_prefix_path.sh'
[3.386s] Level 1:colcon.colcon_core.environment:checking '/home/albert/umov_ws/install/arduinobot_remote/lib'
[3.386s] Level 1:colcon.colcon_core.shell:create_environment_hook('arduinobot_remote', 'ld_library_path_lib')
[3.387s] INFO:colcon.colcon_core.shell:Creating environment hook '/home/albert/umov_ws/install/arduinobot_remote/share/arduinobot_remote/hook/ld_library_path_lib.ps1'
[3.388s] INFO:colcon.colcon_core.shell:Creating environment descriptor '/home/albert/umov_ws/install/arduinobot_remote/share/arduinobot_remote/hook/ld_library_path_lib.dsv'
[3.388s] INFO:colcon.colcon_core.shell:Creating environment hook '/home/albert/umov_ws/install/arduinobot_remote/share/arduinobot_remote/hook/ld_library_path_lib.sh'
[3.390s] Level 1:colcon.colcon_core.environment:checking '/home/albert/umov_ws/install/arduinobot_remote/bin'
[3.390s] Level 1:colcon.colcon_core.environment:checking '/home/albert/umov_ws/install/arduinobot_remote/lib/pkgconfig/arduinobot_remote.pc'
[3.390s] Level 1:colcon.colcon_core.environment:checking '/home/albert/umov_ws/install/arduinobot_remote/lib/python3.10/site-packages'
[3.391s] Level 1:colcon.colcon_core.environment:checking '/home/albert/umov_ws/install/arduinobot_remote/bin'
[3.392s] INFO:colcon.colcon_core.shell:Creating package script '/home/albert/umov_ws/install/arduinobot_remote/share/arduinobot_remote/package.ps1'
[3.393s] INFO:colcon.colcon_core.shell:Creating package descriptor '/home/albert/umov_ws/install/arduinobot_remote/share/arduinobot_remote/package.dsv'
[3.394s] INFO:colcon.colcon_core.shell:Creating package script '/home/albert/umov_ws/install/arduinobot_remote/share/arduinobot_remote/package.sh'
[3.396s] INFO:colcon.colcon_core.shell:Creating package script '/home/albert/umov_ws/install/arduinobot_remote/share/arduinobot_remote/package.bash'
[3.397s] INFO:colcon.colcon_core.shell:Creating package script '/home/albert/umov_ws/install/arduinobot_remote/share/arduinobot_remote/package.zsh'
[3.398s] Level 1:colcon.colcon_core.environment:create_file_with_runtime_dependencies(/home/albert/umov_ws/install/arduinobot_remote/share/colcon-core/packages/arduinobot_remote)
[3.400s] Level 1:colcon.colcon_core.environment:create_environment_scripts_only(arduinobot_utils)
[3.400s] Level 1:colcon.colcon_core.environment:checking '/home/albert/umov_ws/install/arduinobot_utils' for CMake module files
[3.402s] DEBUG:colcon.colcon_core.event_handler.log_command:Invoked command in '/home/albert/umov_ws/build/arduinobot_utils' returned '0': CMAKE_PREFIX_PATH=/home/albert/umov_ws/install/arduinobot_msgs:/home/albert/umov_ws/install/MoveitAssistant:/home/albert/ag_arm_ws/install/arm_setup_moveit:/home/albert/ag_arm_ws/install/arm_moveit:/home/albert/ag_arm_ws/install/arm_description:/home/albert/ag_arm_ws/install/arm_cpp:/home/albert/ag_arm_ws/install/arm_controller:/home/albert/ws_moveit2/install/pilz_industrial_motion_planner_testutils:/home/albert/ws_moveit2/install/moveit_runtime:/home/albert/ws_moveit2/install/moveit2_tutorials:/home/albert/ws_moveit2/install/moveit:/home/albert/ws_moveit2/install/moveit_planners:/home/albert/ws_moveit2/install/pilz_industrial_motion_planner:/home/albert/ws_moveit2/install/moveit_visual_tools:/home/albert/ws_moveit2/install/moveit_task_constructor_visualization:/home/albert/ws_moveit2/install/moveit_task_constructor_demo:/home/albert/ws_moveit2/install/moveit_task_constructor_capabilities:/home/albert/ws_moveit2/install/moveit_task_constructor_core:/home/albert/ws_moveit2/install/moveit_ros_control_interface:/home/albert/ws_moveit2/install/moveit_plugins:/home/albert/ws_moveit2/install/moveit_simple_controller_manager:/home/albert/ws_moveit2/install/moveit_setup_assistant:/home/albert/ws_moveit2/install/moveit_setup_srdf_plugins:/home/albert/ws_moveit2/install/moveit_setup_core_plugins:/home/albert/ws_moveit2/install/moveit_setup_controllers:/home/albert/ws_moveit2/install/moveit_setup_app_plugins:/home/albert/ws_moveit2/install/moveit_setup_framework:/home/albert/ws_moveit2/install/moveit_servo:/home/albert/ws_moveit2/install/moveit_ros:/home/albert/ws_moveit2/install/moveit_ros_visualization:/home/albert/ws_moveit2/install/moveit_hybrid_planning:/home/albert/ws_moveit2/install/moveit_ros_planning_interface:/home/albert/ws_moveit2/install/moveit_ros_benchmarks:/home/albert/ws_moveit2/install/moveit_ros_warehouse:/home/albert/ws_moveit2/install/moveit_ros_robot_interaction:/home/albert/ws_moveit2/install/moveit_ros_perception:/home/albert/ws_moveit2/install/moveit_resources_prbt_pg70_support:/home/albert/ws_moveit2/install/moveit_resources_prbt_moveit_config:/home/albert/ws_moveit2/install/moveit_ros_move_group:/home/albert/ws_moveit2/install/moveit_planners_ompl:/home/albert/ws_moveit2/install/moveit_ros_planning:/home/albert/ws_moveit2/install/moveit_ros_occupancy_map_monitor:/home/albert/ws_moveit2/install/moveit_resources_prbt_ikfast_manipulator_plugin:/home/albert/ws_moveit2/install/moveit_planners_chomp:/home/albert/ws_moveit2/install/moveit_kinematics:/home/albert/ws_moveit2/install/moveit_chomp_optimizer_adapter:/home/albert/ws_moveit2/install/chomp_motion_planner:/home/albert/ws_moveit2/install/moveit_core:/home/albert/ws_moveit2/install/srdfdom:/home/albert/ws_moveit2/install/rviz_marker_tools:/home/albert/ws_moveit2/install/rosparam_shortcuts:/home/albert/ws_moveit2/install/moveit_task_constructor_msgs:/home/albert/ws_moveit2/install/moveit_resources_prbt_support:/home/albert/ws_moveit2/install/moveit_resources:/home/albert/ws_moveit2/install/moveit_resources_pr2_description:/home/albert/ws_moveit2/install/moveit_resources_panda_moveit_config:/home/albert/ws_moveit2/install/moveit_resources_panda_description:/home/albert/ws_moveit2/install/moveit_resources_fanuc_moveit_config:/home/albert/ws_moveit2/install/moveit_resources_fanuc_description:/home/albert/ws_moveit2/install/moveit_common:/home/albert/umov_ws/install/description:/home/albert/umov_ws/install/arduinobot_utils:/home/albert/umov_ws/install/arduinobot_remote:/home/albert/umov_ws/install/arduino_cpp_examples:/home/albert/umov_ws/install/arduinobot_moveit:/home/albert/umov_ws/install/arduinobot_firmware:/home/albert/umov_ws/install/arduinobot_controller:/home/albert/umov_ws/install/arduinobot_bringup:/home/albert/unav_ws/install/turtlebot3_fake_node:/home/albert/unav_ws/install/robot_bringup:/home/albert/unav_ws/install/nav2_robot_description:/home/albert/udem2_ws/install/robot_bringup:/home/albert/udem2_ws/install/my_robot_bringup:/home/albert/udem2_ws/install/lifecycle_cpp:/home/albert/udem2_ws/install/final_project_cpp:/home/albert/udem2_ws/install/actions_cpp:/home/albert/udem2_ws/install/robot_interfaces:/home/albert/udem2_ws/install/executors_cpp:/home/albert/udem2_ws/install/components_cpp:/home/albert/udem_ws/install/my_robot_bringup:/home/albert/udem_ws/install/my_cpp_pkg:/home/albert/udem_ws/install/my_robot_interfaces:/home/albert/udem_ws/install/my_robot_description:/home/albert/udem_ws/install/lifecycle_cpp:/home/albert/bcdc_ws/install/aggiebot_cpp:/home/albert/bcdc_ws/install/aggiebot_msgs:/home/albert/bcdc_ws/install/aggiebot_description:/home/albert/bcdc_ws/install/aggiebot_controller:/home/albert/bcdc_ws/install/aggiebot_bringup:/home/albert/bcdc_ws/install/aggiebot_arm_moveit:/home/albert/bcdc_ws/install/aggiebot_arm_description:/home/albert/bcdc_ws/install/aggiebot_arm_controller:/home/albert/bcdc_ws/install/agbot_setup_moveit:/home/albert/bcdc_ws/install/agbot_cpp:/home/albert/bcdc_ws/install/agbot_msgs:/home/albert/bcdc_ws/install/agbot_moveit:/home/albert/bcdc_ws/install/agbot_description:/home/albert/bcdc_ws/install/agbot_controller:/home/albert/bcdc_ws/install/agbot_bringup:/home/albert/bcdc_ws/install/agbot_arm_controller:/home/albert/arduinobot_ws/install/arduinobot_utils:/home/albert/arduinobot_ws/install/arduinobot_remote:/home/albert/arduinobot_ws/install/arduinobot_cpp_examples:/home/albert/arduinobot_ws/install/arduinobot_msgs:/home/albert/arduinobot_ws/install/arduinobot_moveit_setup:/home/albert/arduinobot_ws/install/arduinobot_moveit:/home/albert/arduinobot_ws/install/arduinobot_description:/home/albert/arduinobot_ws/install/arduinobot_controller:/home/albert/rad_ws/install/agbot_full_nav2:/home/albert/rad_ws/install/agbot_full_msgs:/home/albert/rad_ws/install/agbot_full_moveit_setup:/home/albert/rad_ws/install/agbot_full_moveit:/home/albert/rad_ws/install/agbot_full_description:/home/albert/rad_ws/install/agbot_full_cpp:/home/albert/rad_ws/install/agbot_full_controller:/home/albert/rad_ws/install/agbot_full_cartogropher:/home/albert/dev_ws/install/my_bot:/home/albert/ag_car_ws/install/car_nav2:/home/albert/ag_car_ws/install/car_description:/home/albert/ag_car_ws/install/car_controller:/home/albert/ag_car_ws/install/car_cartographer:/home/albert/ws_moveit2/install/moveit_configs_utils:/home/albert/ws_moveit2/install/launch_param_builder:/home/albert/umov_ws/install/arduino_py_examples:/home/albert/udem2_ws/install/actions_py:/home/albert/udem2_ws/install/lifecycle_py:/home/albert/udem2_ws/install/executors_py:/home/albert/udem2_ws/install/components_py:/home/albert/udem_ws/install/turtlesim_catcher:/home/albert/udem_ws/install/my_py_pkg:/home/albert/udem_ws/install/lifecycle_py:/home/albert/bcdc_ws/install/agbot_teleop:/home/albert/bcdc_ws/install/agbot_py:/home/albert/arduinobot_ws/install/arduinobot_py_examples:/opt/ros/humble LD_LIBRARY_PATH=/home/albert/umov_ws/install/arduinobot_msgs/lib:/home/albert/ws_moveit2/install/pilz_industrial_motion_planner_testutils/lib:/home/albert/ws_moveit2/install/pilz_industrial_motion_planner/lib:/home/albert/ws_moveit2/install/moveit_visual_tools/lib:/home/albert/ws_moveit2/install/moveit_task_constructor_visualization/lib:/home/albert/ws_moveit2/install/moveit_task_constructor_demo/lib:/home/albert/ws_moveit2/install/moveit_task_constructor_capabilities/lib:/home/albert/ws_moveit2/install/moveit_task_constructor_core/lib:/home/albert/ws_moveit2/install/moveit_ros_control_interface/lib:/home/albert/ws_moveit2/install/moveit_simple_controller_manager/lib:/home/albert/ws_moveit2/install/moveit_setup_assistant/lib:/home/albert/ws_moveit2/install/moveit_setup_srdf_plugins/lib:/home/albert/ws_moveit2/install/moveit_setup_core_plugins/lib:/home/albert/ws_moveit2/install/moveit_setup_controllers/lib:/home/albert/ws_moveit2/install/moveit_setup_app_plugins/lib:/home/albert/ws_moveit2/install/moveit_setup_framework/lib:/home/albert/ws_moveit2/install/moveit_servo/lib:/home/albert/ws_moveit2/install/moveit_ros_visualization/lib:/home/albert/ws_moveit2/install/moveit_hybrid_planning/lib:/home/albert/ws_moveit2/install/moveit_ros_planning_interface/lib:/home/albert/ws_moveit2/install/moveit_ros_benchmarks/lib:/home/albert/ws_moveit2/install/moveit_ros_warehouse/lib:/home/albert/ws_moveit2/install/moveit_ros_robot_interaction/lib:/home/albert/ws_moveit2/install/moveit_ros_perception/lib:/home/albert/ws_moveit2/install/moveit_ros_move_group/lib:/home/albert/ws_moveit2/install/moveit_planners_ompl/lib:/home/albert/ws_moveit2/install/moveit_ros_planning/lib:/home/albert/ws_moveit2/install/moveit_ros_occupancy_map_monitor/lib:/home/albert/ws_moveit2/install/moveit_resources_prbt_ikfast_manipulator_plugin/lib:/home/albert/ws_moveit2/install/moveit_planners_chomp/lib:/home/albert/ws_moveit2/install/moveit_kinematics/lib:/home/albert/ws_moveit2/install/moveit_chomp_optimizer_adapter/lib:/home/albert/ws_moveit2/install/chomp_motion_planner/lib:/home/albert/ws_moveit2/install/moveit_core/lib:/home/albert/ws_moveit2/install/srdfdom/lib:/home/albert/ws_moveit2/install/rviz_marker_tools/lib:/home/albert/ws_moveit2/install/rosparam_shortcuts/lib:/home/albert/ws_moveit2/install/moveit_task_constructor_msgs/lib:/home/albert/umov_ws/install/arduinobot_remote/lib:/home/albert/umov_ws/install/arduino_cpp_examples/lib:/home/albert/umov_ws/install/arduinobot_controller/lib:/home/albert/udem2_ws/install/final_project_cpp/lib:/home/albert/udem2_ws/install/robot_interfaces/lib:/home/albert/udem2_ws/install/components_cpp/lib:/home/albert/udem_ws/install/my_robot_interfaces/lib:/home/albert/bcdc_ws/install/aggiebot_msgs/lib:/home/albert/bcdc_ws/install/agbot_msgs/lib:/home/albert/arduinobot_ws/install/arduinobot_remote/lib:/home/albert/arduinobot_ws/install/arduinobot_cpp_examples/lib:/home/albert/arduinobot_ws/install/arduinobot_msgs/lib:/usr/lib/x86_64-linux-gnu/gazebo-11/plugins:/opt/ros/humble/opt/rviz_ogre_vendor/lib:/opt/ros/humble/lib/x86_64-linux-gnu:/opt/ros/humble/lib:/usr/share/gazebo/../../lib/x86_64-linux-gnu/gazebo-11/plugins /home/albert/.local/bin/cmake --install /home/albert/umov_ws/build/arduinobot_utils
[3.404s] Level 1:colcon.colcon_core.environment:checking '/home/albert/umov_ws/install/arduinobot_utils' for CMake config files
[3.405s] Level 1:colcon.colcon_core.shell:create_environment_hook('arduinobot_utils', 'cmake_prefix_path')
[3.406s] INFO:colcon.colcon_core.shell:Creating environment hook '/home/albert/umov_ws/install/arduinobot_utils/share/arduinobot_utils/hook/cmake_prefix_path.ps1'
[3.413s] INFO:colcon.colcon_core.shell:Creating environment descriptor '/home/albert/umov_ws/install/arduinobot_utils/share/arduinobot_utils/hook/cmake_prefix_path.dsv'
[3.414s] INFO:colcon.colcon_core.shell:Creating environment hook '/home/albert/umov_ws/install/arduinobot_utils/share/arduinobot_utils/hook/cmake_prefix_path.sh'
[3.415s] Level 1:colcon.colcon_core.environment:checking '/home/albert/umov_ws/install/arduinobot_utils/lib'
[3.415s] Level 1:colcon.colcon_core.environment:checking '/home/albert/umov_ws/install/arduinobot_utils/bin'
[3.415s] Level 1:colcon.colcon_core.environment:checking '/home/albert/umov_ws/install/arduinobot_utils/lib/pkgconfig/arduinobot_utils.pc'
[3.416s] Level 1:colcon.colcon_core.environment:checking '/home/albert/umov_ws/install/arduinobot_utils/lib/python3.10/site-packages'
[3.416s] Level 1:colcon.colcon_core.environment:checking '/home/albert/umov_ws/install/arduinobot_utils/bin'
[3.416s] INFO:colcon.colcon_core.shell:Creating package script '/home/albert/umov_ws/install/arduinobot_utils/share/arduinobot_utils/package.ps1'
[3.417s] INFO:colcon.colcon_core.shell:Creating package descriptor '/home/albert/umov_ws/install/arduinobot_utils/share/arduinobot_utils/package.dsv'
[3.418s] INFO:colcon.colcon_core.shell:Creating package script '/home/albert/umov_ws/install/arduinobot_utils/share/arduinobot_utils/package.sh'
[3.419s] INFO:colcon.colcon_core.shell:Creating package script '/home/albert/umov_ws/install/arduinobot_utils/share/arduinobot_utils/package.bash'
[3.420s] INFO:colcon.colcon_core.shell:Creating package script '/home/albert/umov_ws/install/arduinobot_utils/share/arduinobot_utils/package.zsh'
[3.420s] Level 1:colcon.colcon_core.environment:create_file_with_runtime_dependencies(/home/albert/umov_ws/install/arduinobot_utils/share/colcon-core/packages/arduinobot_utils)
[3.421s] Level 1:colcon.colcon_core.environment:create_environment_scripts_only(arduinobot_utils)
[3.422s] Level 1:colcon.colcon_core.environment:checking '/home/albert/umov_ws/install/arduinobot_utils' for CMake module files
[3.423s] Level 1:colcon.colcon_core.environment:checking '/home/albert/umov_ws/install/arduinobot_utils' for CMake config files
[3.424s] Level 1:colcon.colcon_core.shell:create_environment_hook('arduinobot_utils', 'cmake_prefix_path')
[3.425s] INFO:colcon.colcon_core.shell:Creating environment hook '/home/albert/umov_ws/install/arduinobot_utils/share/arduinobot_utils/hook/cmake_prefix_path.ps1'
[3.426s] INFO:colcon.colcon_core.shell:Creating environment descriptor '/home/albert/umov_ws/install/arduinobot_utils/share/arduinobot_utils/hook/cmake_prefix_path.dsv'
[3.427s] INFO:colcon.colcon_core.shell:Creating environment hook '/home/albert/umov_ws/install/arduinobot_utils/share/arduinobot_utils/hook/cmake_prefix_path.sh'
[3.427s] Level 1:colcon.colcon_core.environment:checking '/home/albert/umov_ws/install/arduinobot_utils/lib'
[3.428s] Level 1:colcon.colcon_core.environment:checking '/home/albert/umov_ws/install/arduinobot_utils/bin'
[3.428s] Level 1:colcon.colcon_core.environment:checking '/home/albert/umov_ws/install/arduinobot_utils/lib/pkgconfig/arduinobot_utils.pc'
[3.428s] Level 1:colcon.colcon_core.environment:checking '/home/albert/umov_ws/install/arduinobot_utils/lib/python3.10/site-packages'
[3.428s] Level 1:colcon.colcon_core.environment:checking '/home/albert/umov_ws/install/arduinobot_utils/bin'
[3.429s] INFO:colcon.colcon_core.shell:Creating package script '/home/albert/umov_ws/install/arduinobot_utils/share/arduinobot_utils/package.ps1'
[3.430s] INFO:colcon.colcon_core.shell:Creating package descriptor '/home/albert/umov_ws/install/arduinobot_utils/share/arduinobot_utils/package.dsv'
[3.430s] INFO:colcon.colcon_core.shell:Creating package script '/home/albert/umov_ws/install/arduinobot_utils/share/arduinobot_utils/package.sh'
[3.431s] INFO:colcon.colcon_core.shell:Creating package script '/home/albert/umov_ws/install/arduinobot_utils/share/arduinobot_utils/package.bash'
[3.432s] INFO:colcon.colcon_core.shell:Creating package script '/home/albert/umov_ws/install/arduinobot_utils/share/arduinobot_utils/package.zsh'
[3.432s] Level 1:colcon.colcon_core.environment:create_file_with_runtime_dependencies(/home/albert/umov_ws/install/arduinobot_utils/share/colcon-core/packages/arduinobot_utils)
[3.973s] Level 1:colcon.colcon_core.environment:checking '/home/albert/umov_ws/install/arduino_py_examples' for CMake module files
[3.974s] DEBUG:colcon.colcon_core.event_handler.log_command:Invoked command in '/home/albert/umov_ws/src/arduino_py_examples' returned '0': CMAKE_PREFIX_PATH=/home/albert/umov_ws/install/arduinobot_msgs:/home/albert/umov_ws/install/MoveitAssistant:/home/albert/ag_arm_ws/install/arm_setup_moveit:/home/albert/ag_arm_ws/install/arm_moveit:/home/albert/ag_arm_ws/install/arm_description:/home/albert/ag_arm_ws/install/arm_cpp:/home/albert/ag_arm_ws/install/arm_controller:/home/albert/ws_moveit2/install/pilz_industrial_motion_planner_testutils:/home/albert/ws_moveit2/install/moveit_runtime:/home/albert/ws_moveit2/install/moveit2_tutorials:/home/albert/ws_moveit2/install/moveit:/home/albert/ws_moveit2/install/moveit_planners:/home/albert/ws_moveit2/install/pilz_industrial_motion_planner:/home/albert/ws_moveit2/install/moveit_visual_tools:/home/albert/ws_moveit2/install/moveit_task_constructor_visualization:/home/albert/ws_moveit2/install/moveit_task_constructor_demo:/home/albert/ws_moveit2/install/moveit_task_constructor_capabilities:/home/albert/ws_moveit2/install/moveit_task_constructor_core:/home/albert/ws_moveit2/install/moveit_ros_control_interface:/home/albert/ws_moveit2/install/moveit_plugins:/home/albert/ws_moveit2/install/moveit_simple_controller_manager:/home/albert/ws_moveit2/install/moveit_setup_assistant:/home/albert/ws_moveit2/install/moveit_setup_srdf_plugins:/home/albert/ws_moveit2/install/moveit_setup_core_plugins:/home/albert/ws_moveit2/install/moveit_setup_controllers:/home/albert/ws_moveit2/install/moveit_setup_app_plugins:/home/albert/ws_moveit2/install/moveit_setup_framework:/home/albert/ws_moveit2/install/moveit_servo:/home/albert/ws_moveit2/install/moveit_ros:/home/albert/ws_moveit2/install/moveit_ros_visualization:/home/albert/ws_moveit2/install/moveit_hybrid_planning:/home/albert/ws_moveit2/install/moveit_ros_planning_interface:/home/albert/ws_moveit2/install/moveit_ros_benchmarks:/home/albert/ws_moveit2/install/moveit_ros_warehouse:/home/albert/ws_moveit2/install/moveit_ros_robot_interaction:/home/albert/ws_moveit2/install/moveit_ros_perception:/home/albert/ws_moveit2/install/moveit_resources_prbt_pg70_support:/home/albert/ws_moveit2/install/moveit_resources_prbt_moveit_config:/home/albert/ws_moveit2/install/moveit_ros_move_group:/home/albert/ws_moveit2/install/moveit_planners_ompl:/home/albert/ws_moveit2/install/moveit_ros_planning:/home/albert/ws_moveit2/install/moveit_ros_occupancy_map_monitor:/home/albert/ws_moveit2/install/moveit_resources_prbt_ikfast_manipulator_plugin:/home/albert/ws_moveit2/install/moveit_planners_chomp:/home/albert/ws_moveit2/install/moveit_kinematics:/home/albert/ws_moveit2/install/moveit_chomp_optimizer_adapter:/home/albert/ws_moveit2/install/chomp_motion_planner:/home/albert/ws_moveit2/install/moveit_core:/home/albert/ws_moveit2/install/srdfdom:/home/albert/ws_moveit2/install/rviz_marker_tools:/home/albert/ws_moveit2/install/rosparam_shortcuts:/home/albert/ws_moveit2/install/moveit_task_constructor_msgs:/home/albert/ws_moveit2/install/moveit_resources_prbt_support:/home/albert/ws_moveit2/install/moveit_resources:/home/albert/ws_moveit2/install/moveit_resources_pr2_description:/home/albert/ws_moveit2/install/moveit_resources_panda_moveit_config:/home/albert/ws_moveit2/install/moveit_resources_panda_description:/home/albert/ws_moveit2/install/moveit_resources_fanuc_moveit_config:/home/albert/ws_moveit2/install/moveit_resources_fanuc_description:/home/albert/ws_moveit2/install/moveit_common:/home/albert/umov_ws/install/description:/home/albert/umov_ws/install/arduinobot_utils:/home/albert/umov_ws/install/arduinobot_remote:/home/albert/umov_ws/install/arduino_cpp_examples:/home/albert/umov_ws/install/arduinobot_moveit:/home/albert/umov_ws/install/arduinobot_firmware:/home/albert/umov_ws/install/arduinobot_controller:/home/albert/umov_ws/install/arduinobot_bringup:/home/albert/unav_ws/install/turtlebot3_fake_node:/home/albert/unav_ws/install/robot_bringup:/home/albert/unav_ws/install/nav2_robot_description:/home/albert/udem2_ws/install/robot_bringup:/home/albert/udem2_ws/install/my_robot_bringup:/home/albert/udem2_ws/install/lifecycle_cpp:/home/albert/udem2_ws/install/final_project_cpp:/home/albert/udem2_ws/install/actions_cpp:/home/albert/udem2_ws/install/robot_interfaces:/home/albert/udem2_ws/install/executors_cpp:/home/albert/udem2_ws/install/components_cpp:/home/albert/udem_ws/install/my_robot_bringup:/home/albert/udem_ws/install/my_cpp_pkg:/home/albert/udem_ws/install/my_robot_interfaces:/home/albert/udem_ws/install/my_robot_description:/home/albert/udem_ws/install/lifecycle_cpp:/home/albert/bcdc_ws/install/aggiebot_cpp:/home/albert/bcdc_ws/install/aggiebot_msgs:/home/albert/bcdc_ws/install/aggiebot_description:/home/albert/bcdc_ws/install/aggiebot_controller:/home/albert/bcdc_ws/install/aggiebot_bringup:/home/albert/bcdc_ws/install/aggiebot_arm_moveit:/home/albert/bcdc_ws/install/aggiebot_arm_description:/home/albert/bcdc_ws/install/aggiebot_arm_controller:/home/albert/bcdc_ws/install/agbot_setup_moveit:/home/albert/bcdc_ws/install/agbot_cpp:/home/albert/bcdc_ws/install/agbot_msgs:/home/albert/bcdc_ws/install/agbot_moveit:/home/albert/bcdc_ws/install/agbot_description:/home/albert/bcdc_ws/install/agbot_controller:/home/albert/bcdc_ws/install/agbot_bringup:/home/albert/bcdc_ws/install/agbot_arm_controller:/home/albert/arduinobot_ws/install/arduinobot_utils:/home/albert/arduinobot_ws/install/arduinobot_remote:/home/albert/arduinobot_ws/install/arduinobot_cpp_examples:/home/albert/arduinobot_ws/install/arduinobot_msgs:/home/albert/arduinobot_ws/install/arduinobot_moveit_setup:/home/albert/arduinobot_ws/install/arduinobot_moveit:/home/albert/arduinobot_ws/install/arduinobot_description:/home/albert/arduinobot_ws/install/arduinobot_controller:/home/albert/rad_ws/install/agbot_full_nav2:/home/albert/rad_ws/install/agbot_full_msgs:/home/albert/rad_ws/install/agbot_full_moveit_setup:/home/albert/rad_ws/install/agbot_full_moveit:/home/albert/rad_ws/install/agbot_full_description:/home/albert/rad_ws/install/agbot_full_cpp:/home/albert/rad_ws/install/agbot_full_controller:/home/albert/rad_ws/install/agbot_full_cartogropher:/home/albert/dev_ws/install/my_bot:/home/albert/ag_car_ws/install/car_nav2:/home/albert/ag_car_ws/install/car_description:/home/albert/ag_car_ws/install/car_controller:/home/albert/ag_car_ws/install/car_cartographer LD_LIBRARY_PATH=/home/albert/umov_ws/install/arduinobot_msgs/lib:/home/albert/ws_moveit2/install/pilz_industrial_motion_planner_testutils/lib:/home/albert/ws_moveit2/install/pilz_industrial_motion_planner/lib:/home/albert/ws_moveit2/install/moveit_visual_tools/lib:/home/albert/ws_moveit2/install/moveit_task_constructor_visualization/lib:/home/albert/ws_moveit2/install/moveit_task_constructor_demo/lib:/home/albert/ws_moveit2/install/moveit_task_constructor_capabilities/lib:/home/albert/ws_moveit2/install/moveit_task_constructor_core/lib:/home/albert/ws_moveit2/install/moveit_ros_control_interface/lib:/home/albert/ws_moveit2/install/moveit_simple_controller_manager/lib:/home/albert/ws_moveit2/install/moveit_setup_assistant/lib:/home/albert/ws_moveit2/install/moveit_setup_srdf_plugins/lib:/home/albert/ws_moveit2/install/moveit_setup_core_plugins/lib:/home/albert/ws_moveit2/install/moveit_setup_controllers/lib:/home/albert/ws_moveit2/install/moveit_setup_app_plugins/lib:/home/albert/ws_moveit2/install/moveit_setup_framework/lib:/home/albert/ws_moveit2/install/moveit_servo/lib:/home/albert/ws_moveit2/install/moveit_ros_visualization/lib:/home/albert/ws_moveit2/install/moveit_hybrid_planning/lib:/home/albert/ws_moveit2/install/moveit_ros_planning_interface/lib:/home/albert/ws_moveit2/install/moveit_ros_benchmarks/lib:/home/albert/ws_moveit2/install/moveit_ros_warehouse/lib:/home/albert/ws_moveit2/install/moveit_ros_robot_interaction/lib:/home/albert/ws_moveit2/install/moveit_ros_perception/lib:/home/albert/ws_moveit2/install/moveit_ros_move_group/lib:/home/albert/ws_moveit2/install/moveit_planners_ompl/lib:/home/albert/ws_moveit2/install/moveit_ros_planning/lib:/home/albert/ws_moveit2/install/moveit_ros_occupancy_map_monitor/lib:/home/albert/ws_moveit2/install/moveit_resources_prbt_ikfast_manipulator_plugin/lib:/home/albert/ws_moveit2/install/moveit_planners_chomp/lib:/home/albert/ws_moveit2/install/moveit_kinematics/lib:/home/albert/ws_moveit2/install/moveit_chomp_optimizer_adapter/lib:/home/albert/ws_moveit2/install/chomp_motion_planner/lib:/home/albert/ws_moveit2/install/moveit_core/lib:/home/albert/ws_moveit2/install/srdfdom/lib:/home/albert/ws_moveit2/install/rviz_marker_tools/lib:/home/albert/ws_moveit2/install/rosparam_shortcuts/lib:/home/albert/ws_moveit2/install/moveit_task_constructor_msgs/lib:/home/albert/umov_ws/install/arduinobot_remote/lib:/home/albert/umov_ws/install/arduino_cpp_examples/lib:/home/albert/umov_ws/install/arduinobot_controller/lib:/home/albert/udem2_ws/install/final_project_cpp/lib:/home/albert/udem2_ws/install/robot_interfaces/lib:/home/albert/udem2_ws/install/components_cpp/lib:/home/albert/udem_ws/install/my_robot_interfaces/lib:/home/albert/bcdc_ws/install/aggiebot_msgs/lib:/home/albert/bcdc_ws/install/agbot_msgs/lib:/home/albert/arduinobot_ws/install/arduinobot_remote/lib:/home/albert/arduinobot_ws/install/arduinobot_cpp_examples/lib:/home/albert/arduinobot_ws/install/arduinobot_msgs/lib:/usr/lib/x86_64-linux-gnu/gazebo-11/plugins:/opt/ros/humble/opt/rviz_ogre_vendor/lib:/opt/ros/humble/lib/x86_64-linux-gnu:/opt/ros/humble/lib:/usr/share/gazebo/../../lib/x86_64-linux-gnu/gazebo-11/plugins PYTHONPATH=/home/albert/umov_ws/build/arduino_py_examples/prefix_override:/usr/lib/python3/dist-packages/colcon_core/task/python/colcon_distutils_commands:/home/albert/umov_ws/install/arduino_py_examples/lib/python3.10/site-packages:${PYTHONPATH} /usr/bin/python3 -W ignore:setup.py install is deprecated -W ignore:easy_install command is deprecated setup.py egg_info --egg-base ../../build/arduino_py_examples build --build-base /home/albert/umov_ws/build/arduino_py_examples/build install --record /home/albert/umov_ws/build/arduino_py_examples/install.log --single-version-externally-managed install_data
[3.974s] Level 1:colcon.colcon_core.environment:checking '/home/albert/umov_ws/install/arduino_py_examples' for CMake config files
[3.975s] Level 1:colcon.colcon_core.environment:checking '/home/albert/umov_ws/install/arduino_py_examples/lib'
[3.975s] Level 1:colcon.colcon_core.environment:checking '/home/albert/umov_ws/install/arduino_py_examples/bin'
[3.975s] Level 1:colcon.colcon_core.environment:checking '/home/albert/umov_ws/install/arduino_py_examples/lib/pkgconfig/arduino_py_examples.pc'
[3.976s] Level 1:colcon.colcon_core.environment:checking '/home/albert/umov_ws/install/arduino_py_examples/lib/python3.10/site-packages'
[3.976s] Level 1:colcon.colcon_core.shell:create_environment_hook('arduino_py_examples', 'pythonpath')
[3.976s] INFO:colcon.colcon_core.shell:Creating environment hook '/home/albert/umov_ws/install/arduino_py_examples/share/arduino_py_examples/hook/pythonpath.ps1'
[3.977s] INFO:colcon.colcon_core.shell:Creating environment descriptor '/home/albert/umov_ws/install/arduino_py_examples/share/arduino_py_examples/hook/pythonpath.dsv'
[3.977s] INFO:colcon.colcon_core.shell:Creating environment hook '/home/albert/umov_ws/install/arduino_py_examples/share/arduino_py_examples/hook/pythonpath.sh'
[3.978s] Level 1:colcon.colcon_core.environment:checking '/home/albert/umov_ws/install/arduino_py_examples/bin'
[3.978s] Level 1:colcon.colcon_core.environment:create_environment_scripts_only(arduino_py_examples)
[3.978s] INFO:colcon.colcon_core.shell:Creating package script '/home/albert/umov_ws/install/arduino_py_examples/share/arduino_py_examples/package.ps1'
[3.979s] INFO:colcon.colcon_core.shell:Creating package descriptor '/home/albert/umov_ws/install/arduino_py_examples/share/arduino_py_examples/package.dsv'
[3.980s] INFO:colcon.colcon_core.shell:Creating package script '/home/albert/umov_ws/install/arduino_py_examples/share/arduino_py_examples/package.sh'
[3.980s] INFO:colcon.colcon_core.shell:Creating package script '/home/albert/umov_ws/install/arduino_py_examples/share/arduino_py_examples/package.bash'
[3.981s] INFO:colcon.colcon_core.shell:Creating package script '/home/albert/umov_ws/install/arduino_py_examples/share/arduino_py_examples/package.zsh'
[3.981s] Level 1:colcon.colcon_core.environment:create_file_with_runtime_dependencies(/home/albert/umov_ws/install/arduino_py_examples/share/colcon-core/packages/arduino_py_examples)
[11.629s] DEBUG:colcon.colcon_core.event_handler.log_command:Invoked command in '/home/albert/umov_ws/build/arduino_cpp_examples' returned '0': CMAKE_PREFIX_PATH=/home/albert/umov_ws/install/arduinobot_msgs:/home/albert/umov_ws/install/MoveitAssistant:/home/albert/ag_arm_ws/install/arm_setup_moveit:/home/albert/ag_arm_ws/install/arm_moveit:/home/albert/ag_arm_ws/install/arm_description:/home/albert/ag_arm_ws/install/arm_cpp:/home/albert/ag_arm_ws/install/arm_controller:/home/albert/ws_moveit2/install/pilz_industrial_motion_planner_testutils:/home/albert/ws_moveit2/install/moveit_runtime:/home/albert/ws_moveit2/install/moveit2_tutorials:/home/albert/ws_moveit2/install/moveit:/home/albert/ws_moveit2/install/moveit_planners:/home/albert/ws_moveit2/install/pilz_industrial_motion_planner:/home/albert/ws_moveit2/install/moveit_visual_tools:/home/albert/ws_moveit2/install/moveit_task_constructor_visualization:/home/albert/ws_moveit2/install/moveit_task_constructor_demo:/home/albert/ws_moveit2/install/moveit_task_constructor_capabilities:/home/albert/ws_moveit2/install/moveit_task_constructor_core:/home/albert/ws_moveit2/install/moveit_ros_control_interface:/home/albert/ws_moveit2/install/moveit_plugins:/home/albert/ws_moveit2/install/moveit_simple_controller_manager:/home/albert/ws_moveit2/install/moveit_setup_assistant:/home/albert/ws_moveit2/install/moveit_setup_srdf_plugins:/home/albert/ws_moveit2/install/moveit_setup_core_plugins:/home/albert/ws_moveit2/install/moveit_setup_controllers:/home/albert/ws_moveit2/install/moveit_setup_app_plugins:/home/albert/ws_moveit2/install/moveit_setup_framework:/home/albert/ws_moveit2/install/moveit_servo:/home/albert/ws_moveit2/install/moveit_ros:/home/albert/ws_moveit2/install/moveit_ros_visualization:/home/albert/ws_moveit2/install/moveit_hybrid_planning:/home/albert/ws_moveit2/install/moveit_ros_planning_interface:/home/albert/ws_moveit2/install/moveit_ros_benchmarks:/home/albert/ws_moveit2/install/moveit_ros_warehouse:/home/albert/ws_moveit2/install/moveit_ros_robot_interaction:/home/albert/ws_moveit2/install/moveit_ros_perception:/home/albert/ws_moveit2/install/moveit_resources_prbt_pg70_support:/home/albert/ws_moveit2/install/moveit_resources_prbt_moveit_config:/home/albert/ws_moveit2/install/moveit_ros_move_group:/home/albert/ws_moveit2/install/moveit_planners_ompl:/home/albert/ws_moveit2/install/moveit_ros_planning:/home/albert/ws_moveit2/install/moveit_ros_occupancy_map_monitor:/home/albert/ws_moveit2/install/moveit_resources_prbt_ikfast_manipulator_plugin:/home/albert/ws_moveit2/install/moveit_planners_chomp:/home/albert/ws_moveit2/install/moveit_kinematics:/home/albert/ws_moveit2/install/moveit_chomp_optimizer_adapter:/home/albert/ws_moveit2/install/chomp_motion_planner:/home/albert/ws_moveit2/install/moveit_core:/home/albert/ws_moveit2/install/srdfdom:/home/albert/ws_moveit2/install/rviz_marker_tools:/home/albert/ws_moveit2/install/rosparam_shortcuts:/home/albert/ws_moveit2/install/moveit_task_constructor_msgs:/home/albert/ws_moveit2/install/moveit_resources_prbt_support:/home/albert/ws_moveit2/install/moveit_resources:/home/albert/ws_moveit2/install/moveit_resources_pr2_description:/home/albert/ws_moveit2/install/moveit_resources_panda_moveit_config:/home/albert/ws_moveit2/install/moveit_resources_panda_description:/home/albert/ws_moveit2/install/moveit_resources_fanuc_moveit_config:/home/albert/ws_moveit2/install/moveit_resources_fanuc_description:/home/albert/ws_moveit2/install/moveit_common:/home/albert/umov_ws/install/description:/home/albert/umov_ws/install/arduinobot_utils:/home/albert/umov_ws/install/arduinobot_remote:/home/albert/umov_ws/install/arduino_cpp_examples:/home/albert/umov_ws/install/arduinobot_moveit:/home/albert/umov_ws/install/arduinobot_firmware:/home/albert/umov_ws/install/arduinobot_controller:/home/albert/umov_ws/install/arduinobot_bringup:/home/albert/unav_ws/install/turtlebot3_fake_node:/home/albert/unav_ws/install/robot_bringup:/home/albert/unav_ws/install/nav2_robot_description:/home/albert/udem2_ws/install/robot_bringup:/home/albert/udem2_ws/install/my_robot_bringup:/home/albert/udem2_ws/install/lifecycle_cpp:/home/albert/udem2_ws/install/final_project_cpp:/home/albert/udem2_ws/install/actions_cpp:/home/albert/udem2_ws/install/robot_interfaces:/home/albert/udem2_ws/install/executors_cpp:/home/albert/udem2_ws/install/components_cpp:/home/albert/udem_ws/install/my_robot_bringup:/home/albert/udem_ws/install/my_cpp_pkg:/home/albert/udem_ws/install/my_robot_interfaces:/home/albert/udem_ws/install/my_robot_description:/home/albert/udem_ws/install/lifecycle_cpp:/home/albert/bcdc_ws/install/aggiebot_cpp:/home/albert/bcdc_ws/install/aggiebot_msgs:/home/albert/bcdc_ws/install/aggiebot_description:/home/albert/bcdc_ws/install/aggiebot_controller:/home/albert/bcdc_ws/install/aggiebot_bringup:/home/albert/bcdc_ws/install/aggiebot_arm_moveit:/home/albert/bcdc_ws/install/aggiebot_arm_description:/home/albert/bcdc_ws/install/aggiebot_arm_controller:/home/albert/bcdc_ws/install/agbot_setup_moveit:/home/albert/bcdc_ws/install/agbot_cpp:/home/albert/bcdc_ws/install/agbot_msgs:/home/albert/bcdc_ws/install/agbot_moveit:/home/albert/bcdc_ws/install/agbot_description:/home/albert/bcdc_ws/install/agbot_controller:/home/albert/bcdc_ws/install/agbot_bringup:/home/albert/bcdc_ws/install/agbot_arm_controller:/home/albert/arduinobot_ws/install/arduinobot_utils:/home/albert/arduinobot_ws/install/arduinobot_remote:/home/albert/arduinobot_ws/install/arduinobot_cpp_examples:/home/albert/arduinobot_ws/install/arduinobot_msgs:/home/albert/arduinobot_ws/install/arduinobot_moveit_setup:/home/albert/arduinobot_ws/install/arduinobot_moveit:/home/albert/arduinobot_ws/install/arduinobot_description:/home/albert/arduinobot_ws/install/arduinobot_controller:/home/albert/rad_ws/install/agbot_full_nav2:/home/albert/rad_ws/install/agbot_full_msgs:/home/albert/rad_ws/install/agbot_full_moveit_setup:/home/albert/rad_ws/install/agbot_full_moveit:/home/albert/rad_ws/install/agbot_full_description:/home/albert/rad_ws/install/agbot_full_cpp:/home/albert/rad_ws/install/agbot_full_controller:/home/albert/rad_ws/install/agbot_full_cartogropher:/home/albert/dev_ws/install/my_bot:/home/albert/ag_car_ws/install/car_nav2:/home/albert/ag_car_ws/install/car_description:/home/albert/ag_car_ws/install/car_controller:/home/albert/ag_car_ws/install/car_cartographer:/home/albert/ws_moveit2/install/moveit_configs_utils:/home/albert/ws_moveit2/install/launch_param_builder:/home/albert/umov_ws/install/arduino_py_examples:/home/albert/udem2_ws/install/actions_py:/home/albert/udem2_ws/install/lifecycle_py:/home/albert/udem2_ws/install/executors_py:/home/albert/udem2_ws/install/components_py:/home/albert/udem_ws/install/turtlesim_catcher:/home/albert/udem_ws/install/my_py_pkg:/home/albert/udem_ws/install/lifecycle_py:/home/albert/bcdc_ws/install/agbot_teleop:/home/albert/bcdc_ws/install/agbot_py:/home/albert/arduinobot_ws/install/arduinobot_py_examples:/opt/ros/humble LD_LIBRARY_PATH=/home/albert/umov_ws/install/arduinobot_msgs/lib:/home/albert/ws_moveit2/install/pilz_industrial_motion_planner_testutils/lib:/home/albert/ws_moveit2/install/pilz_industrial_motion_planner/lib:/home/albert/ws_moveit2/install/moveit_visual_tools/lib:/home/albert/ws_moveit2/install/moveit_task_constructor_visualization/lib:/home/albert/ws_moveit2/install/moveit_task_constructor_demo/lib:/home/albert/ws_moveit2/install/moveit_task_constructor_capabilities/lib:/home/albert/ws_moveit2/install/moveit_task_constructor_core/lib:/home/albert/ws_moveit2/install/moveit_ros_control_interface/lib:/home/albert/ws_moveit2/install/moveit_simple_controller_manager/lib:/home/albert/ws_moveit2/install/moveit_setup_assistant/lib:/home/albert/ws_moveit2/install/moveit_setup_srdf_plugins/lib:/home/albert/ws_moveit2/install/moveit_setup_core_plugins/lib:/home/albert/ws_moveit2/install/moveit_setup_controllers/lib:/home/albert/ws_moveit2/install/moveit_setup_app_plugins/lib:/home/albert/ws_moveit2/install/moveit_setup_framework/lib:/home/albert/ws_moveit2/install/moveit_servo/lib:/home/albert/ws_moveit2/install/moveit_ros_visualization/lib:/home/albert/ws_moveit2/install/moveit_hybrid_planning/lib:/home/albert/ws_moveit2/install/moveit_ros_planning_interface/lib:/home/albert/ws_moveit2/install/moveit_ros_benchmarks/lib:/home/albert/ws_moveit2/install/moveit_ros_warehouse/lib:/home/albert/ws_moveit2/install/moveit_ros_robot_interaction/lib:/home/albert/ws_moveit2/install/moveit_ros_perception/lib:/home/albert/ws_moveit2/install/moveit_ros_move_group/lib:/home/albert/ws_moveit2/install/moveit_planners_ompl/lib:/home/albert/ws_moveit2/install/moveit_ros_planning/lib:/home/albert/ws_moveit2/install/moveit_ros_occupancy_map_monitor/lib:/home/albert/ws_moveit2/install/moveit_resources_prbt_ikfast_manipulator_plugin/lib:/home/albert/ws_moveit2/install/moveit_planners_chomp/lib:/home/albert/ws_moveit2/install/moveit_kinematics/lib:/home/albert/ws_moveit2/install/moveit_chomp_optimizer_adapter/lib:/home/albert/ws_moveit2/install/chomp_motion_planner/lib:/home/albert/ws_moveit2/install/moveit_core/lib:/home/albert/ws_moveit2/install/srdfdom/lib:/home/albert/ws_moveit2/install/rviz_marker_tools/lib:/home/albert/ws_moveit2/install/rosparam_shortcuts/lib:/home/albert/ws_moveit2/install/moveit_task_constructor_msgs/lib:/home/albert/umov_ws/install/arduinobot_remote/lib:/home/albert/umov_ws/install/arduino_cpp_examples/lib:/home/albert/umov_ws/install/arduinobot_controller/lib:/home/albert/udem2_ws/install/final_project_cpp/lib:/home/albert/udem2_ws/install/robot_interfaces/lib:/home/albert/udem2_ws/install/components_cpp/lib:/home/albert/udem_ws/install/my_robot_interfaces/lib:/home/albert/bcdc_ws/install/aggiebot_msgs/lib:/home/albert/bcdc_ws/install/agbot_msgs/lib:/home/albert/arduinobot_ws/install/arduinobot_remote/lib:/home/albert/arduinobot_ws/install/arduinobot_cpp_examples/lib:/home/albert/arduinobot_ws/install/arduinobot_msgs/lib:/usr/lib/x86_64-linux-gnu/gazebo-11/plugins:/opt/ros/humble/opt/rviz_ogre_vendor/lib:/opt/ros/humble/lib/x86_64-linux-gnu:/opt/ros/humble/lib:/usr/share/gazebo/../../lib/x86_64-linux-gnu/gazebo-11/plugins /home/albert/.local/bin/cmake --build /home/albert/umov_ws/build/arduino_cpp_examples -- -j8 -l8
[11.632s] DEBUG:colcon.colcon_core.event_handler.log_command:Invoking command in '/home/albert/umov_ws/build/arduino_cpp_examples': CMAKE_PREFIX_PATH=/home/albert/umov_ws/install/arduinobot_msgs:/home/albert/umov_ws/install/MoveitAssistant:/home/albert/ag_arm_ws/install/arm_setup_moveit:/home/albert/ag_arm_ws/install/arm_moveit:/home/albert/ag_arm_ws/install/arm_description:/home/albert/ag_arm_ws/install/arm_cpp:/home/albert/ag_arm_ws/install/arm_controller:/home/albert/ws_moveit2/install/pilz_industrial_motion_planner_testutils:/home/albert/ws_moveit2/install/moveit_runtime:/home/albert/ws_moveit2/install/moveit2_tutorials:/home/albert/ws_moveit2/install/moveit:/home/albert/ws_moveit2/install/moveit_planners:/home/albert/ws_moveit2/install/pilz_industrial_motion_planner:/home/albert/ws_moveit2/install/moveit_visual_tools:/home/albert/ws_moveit2/install/moveit_task_constructor_visualization:/home/albert/ws_moveit2/install/moveit_task_constructor_demo:/home/albert/ws_moveit2/install/moveit_task_constructor_capabilities:/home/albert/ws_moveit2/install/moveit_task_constructor_core:/home/albert/ws_moveit2/install/moveit_ros_control_interface:/home/albert/ws_moveit2/install/moveit_plugins:/home/albert/ws_moveit2/install/moveit_simple_controller_manager:/home/albert/ws_moveit2/install/moveit_setup_assistant:/home/albert/ws_moveit2/install/moveit_setup_srdf_plugins:/home/albert/ws_moveit2/install/moveit_setup_core_plugins:/home/albert/ws_moveit2/install/moveit_setup_controllers:/home/albert/ws_moveit2/install/moveit_setup_app_plugins:/home/albert/ws_moveit2/install/moveit_setup_framework:/home/albert/ws_moveit2/install/moveit_servo:/home/albert/ws_moveit2/install/moveit_ros:/home/albert/ws_moveit2/install/moveit_ros_visualization:/home/albert/ws_moveit2/install/moveit_hybrid_planning:/home/albert/ws_moveit2/install/moveit_ros_planning_interface:/home/albert/ws_moveit2/install/moveit_ros_benchmarks:/home/albert/ws_moveit2/install/moveit_ros_warehouse:/home/albert/ws_moveit2/install/moveit_ros_robot_interaction:/home/albert/ws_moveit2/install/moveit_ros_perception:/home/albert/ws_moveit2/install/moveit_resources_prbt_pg70_support:/home/albert/ws_moveit2/install/moveit_resources_prbt_moveit_config:/home/albert/ws_moveit2/install/moveit_ros_move_group:/home/albert/ws_moveit2/install/moveit_planners_ompl:/home/albert/ws_moveit2/install/moveit_ros_planning:/home/albert/ws_moveit2/install/moveit_ros_occupancy_map_monitor:/home/albert/ws_moveit2/install/moveit_resources_prbt_ikfast_manipulator_plugin:/home/albert/ws_moveit2/install/moveit_planners_chomp:/home/albert/ws_moveit2/install/moveit_kinematics:/home/albert/ws_moveit2/install/moveit_chomp_optimizer_adapter:/home/albert/ws_moveit2/install/chomp_motion_planner:/home/albert/ws_moveit2/install/moveit_core:/home/albert/ws_moveit2/install/srdfdom:/home/albert/ws_moveit2/install/rviz_marker_tools:/home/albert/ws_moveit2/install/rosparam_shortcuts:/home/albert/ws_moveit2/install/moveit_task_constructor_msgs:/home/albert/ws_moveit2/install/moveit_resources_prbt_support:/home/albert/ws_moveit2/install/moveit_resources:/home/albert/ws_moveit2/install/moveit_resources_pr2_description:/home/albert/ws_moveit2/install/moveit_resources_panda_moveit_config:/home/albert/ws_moveit2/install/moveit_resources_panda_description:/home/albert/ws_moveit2/install/moveit_resources_fanuc_moveit_config:/home/albert/ws_moveit2/install/moveit_resources_fanuc_description:/home/albert/ws_moveit2/install/moveit_common:/home/albert/umov_ws/install/description:/home/albert/umov_ws/install/arduinobot_utils:/home/albert/umov_ws/install/arduinobot_remote:/home/albert/umov_ws/install/arduino_cpp_examples:/home/albert/umov_ws/install/arduinobot_moveit:/home/albert/umov_ws/install/arduinobot_firmware:/home/albert/umov_ws/install/arduinobot_controller:/home/albert/umov_ws/install/arduinobot_bringup:/home/albert/unav_ws/install/turtlebot3_fake_node:/home/albert/unav_ws/install/robot_bringup:/home/albert/unav_ws/install/nav2_robot_description:/home/albert/udem2_ws/install/robot_bringup:/home/albert/udem2_ws/install/my_robot_bringup:/home/albert/udem2_ws/install/lifecycle_cpp:/home/albert/udem2_ws/install/final_project_cpp:/home/albert/udem2_ws/install/actions_cpp:/home/albert/udem2_ws/install/robot_interfaces:/home/albert/udem2_ws/install/executors_cpp:/home/albert/udem2_ws/install/components_cpp:/home/albert/udem_ws/install/my_robot_bringup:/home/albert/udem_ws/install/my_cpp_pkg:/home/albert/udem_ws/install/my_robot_interfaces:/home/albert/udem_ws/install/my_robot_description:/home/albert/udem_ws/install/lifecycle_cpp:/home/albert/bcdc_ws/install/aggiebot_cpp:/home/albert/bcdc_ws/install/aggiebot_msgs:/home/albert/bcdc_ws/install/aggiebot_description:/home/albert/bcdc_ws/install/aggiebot_controller:/home/albert/bcdc_ws/install/aggiebot_bringup:/home/albert/bcdc_ws/install/aggiebot_arm_moveit:/home/albert/bcdc_ws/install/aggiebot_arm_description:/home/albert/bcdc_ws/install/aggiebot_arm_controller:/home/albert/bcdc_ws/install/agbot_setup_moveit:/home/albert/bcdc_ws/install/agbot_cpp:/home/albert/bcdc_ws/install/agbot_msgs:/home/albert/bcdc_ws/install/agbot_moveit:/home/albert/bcdc_ws/install/agbot_description:/home/albert/bcdc_ws/install/agbot_controller:/home/albert/bcdc_ws/install/agbot_bringup:/home/albert/bcdc_ws/install/agbot_arm_controller:/home/albert/arduinobot_ws/install/arduinobot_utils:/home/albert/arduinobot_ws/install/arduinobot_remote:/home/albert/arduinobot_ws/install/arduinobot_cpp_examples:/home/albert/arduinobot_ws/install/arduinobot_msgs:/home/albert/arduinobot_ws/install/arduinobot_moveit_setup:/home/albert/arduinobot_ws/install/arduinobot_moveit:/home/albert/arduinobot_ws/install/arduinobot_description:/home/albert/arduinobot_ws/install/arduinobot_controller:/home/albert/rad_ws/install/agbot_full_nav2:/home/albert/rad_ws/install/agbot_full_msgs:/home/albert/rad_ws/install/agbot_full_moveit_setup:/home/albert/rad_ws/install/agbot_full_moveit:/home/albert/rad_ws/install/agbot_full_description:/home/albert/rad_ws/install/agbot_full_cpp:/home/albert/rad_ws/install/agbot_full_controller:/home/albert/rad_ws/install/agbot_full_cartogropher:/home/albert/dev_ws/install/my_bot:/home/albert/ag_car_ws/install/car_nav2:/home/albert/ag_car_ws/install/car_description:/home/albert/ag_car_ws/install/car_controller:/home/albert/ag_car_ws/install/car_cartographer:/home/albert/ws_moveit2/install/moveit_configs_utils:/home/albert/ws_moveit2/install/launch_param_builder:/home/albert/umov_ws/install/arduino_py_examples:/home/albert/udem2_ws/install/actions_py:/home/albert/udem2_ws/install/lifecycle_py:/home/albert/udem2_ws/install/executors_py:/home/albert/udem2_ws/install/components_py:/home/albert/udem_ws/install/turtlesim_catcher:/home/albert/udem_ws/install/my_py_pkg:/home/albert/udem_ws/install/lifecycle_py:/home/albert/bcdc_ws/install/agbot_teleop:/home/albert/bcdc_ws/install/agbot_py:/home/albert/arduinobot_ws/install/arduinobot_py_examples:/opt/ros/humble LD_LIBRARY_PATH=/home/albert/umov_ws/install/arduinobot_msgs/lib:/home/albert/ws_moveit2/install/pilz_industrial_motion_planner_testutils/lib:/home/albert/ws_moveit2/install/pilz_industrial_motion_planner/lib:/home/albert/ws_moveit2/install/moveit_visual_tools/lib:/home/albert/ws_moveit2/install/moveit_task_constructor_visualization/lib:/home/albert/ws_moveit2/install/moveit_task_constructor_demo/lib:/home/albert/ws_moveit2/install/moveit_task_constructor_capabilities/lib:/home/albert/ws_moveit2/install/moveit_task_constructor_core/lib:/home/albert/ws_moveit2/install/moveit_ros_control_interface/lib:/home/albert/ws_moveit2/install/moveit_simple_controller_manager/lib:/home/albert/ws_moveit2/install/moveit_setup_assistant/lib:/home/albert/ws_moveit2/install/moveit_setup_srdf_plugins/lib:/home/albert/ws_moveit2/install/moveit_setup_core_plugins/lib:/home/albert/ws_moveit2/install/moveit_setup_controllers/lib:/home/albert/ws_moveit2/install/moveit_setup_app_plugins/lib:/home/albert/ws_moveit2/install/moveit_setup_framework/lib:/home/albert/ws_moveit2/install/moveit_servo/lib:/home/albert/ws_moveit2/install/moveit_ros_visualization/lib:/home/albert/ws_moveit2/install/moveit_hybrid_planning/lib:/home/albert/ws_moveit2/install/moveit_ros_planning_interface/lib:/home/albert/ws_moveit2/install/moveit_ros_benchmarks/lib:/home/albert/ws_moveit2/install/moveit_ros_warehouse/lib:/home/albert/ws_moveit2/install/moveit_ros_robot_interaction/lib:/home/albert/ws_moveit2/install/moveit_ros_perception/lib:/home/albert/ws_moveit2/install/moveit_ros_move_group/lib:/home/albert/ws_moveit2/install/moveit_planners_ompl/lib:/home/albert/ws_moveit2/install/moveit_ros_planning/lib:/home/albert/ws_moveit2/install/moveit_ros_occupancy_map_monitor/lib:/home/albert/ws_moveit2/install/moveit_resources_prbt_ikfast_manipulator_plugin/lib:/home/albert/ws_moveit2/install/moveit_planners_chomp/lib:/home/albert/ws_moveit2/install/moveit_kinematics/lib:/home/albert/ws_moveit2/install/moveit_chomp_optimizer_adapter/lib:/home/albert/ws_moveit2/install/chomp_motion_planner/lib:/home/albert/ws_moveit2/install/moveit_core/lib:/home/albert/ws_moveit2/install/srdfdom/lib:/home/albert/ws_moveit2/install/rviz_marker_tools/lib:/home/albert/ws_moveit2/install/rosparam_shortcuts/lib:/home/albert/ws_moveit2/install/moveit_task_constructor_msgs/lib:/home/albert/umov_ws/install/arduinobot_remote/lib:/home/albert/umov_ws/install/arduino_cpp_examples/lib:/home/albert/umov_ws/install/arduinobot_controller/lib:/home/albert/udem2_ws/install/final_project_cpp/lib:/home/albert/udem2_ws/install/robot_interfaces/lib:/home/albert/udem2_ws/install/components_cpp/lib:/home/albert/udem_ws/install/my_robot_interfaces/lib:/home/albert/bcdc_ws/install/aggiebot_msgs/lib:/home/albert/bcdc_ws/install/agbot_msgs/lib:/home/albert/arduinobot_ws/install/arduinobot_remote/lib:/home/albert/arduinobot_ws/install/arduinobot_cpp_examples/lib:/home/albert/arduinobot_ws/install/arduinobot_msgs/lib:/usr/lib/x86_64-linux-gnu/gazebo-11/plugins:/opt/ros/humble/opt/rviz_ogre_vendor/lib:/opt/ros/humble/lib/x86_64-linux-gnu:/opt/ros/humble/lib:/usr/share/gazebo/../../lib/x86_64-linux-gnu/gazebo-11/plugins /home/albert/.local/bin/cmake --install /home/albert/umov_ws/build/arduino_cpp_examples
[11.643s] Level 1:colcon.colcon_core.environment:create_environment_scripts_only(arduino_cpp_examples)
[11.643s] Level 1:colcon.colcon_core.environment:checking '/home/albert/umov_ws/install/arduino_cpp_examples' for CMake module files
[11.644s] DEBUG:colcon.colcon_core.event_handler.log_command:Invoked command in '/home/albert/umov_ws/build/arduino_cpp_examples' returned '0': CMAKE_PREFIX_PATH=/home/albert/umov_ws/install/arduinobot_msgs:/home/albert/umov_ws/install/MoveitAssistant:/home/albert/ag_arm_ws/install/arm_setup_moveit:/home/albert/ag_arm_ws/install/arm_moveit:/home/albert/ag_arm_ws/install/arm_description:/home/albert/ag_arm_ws/install/arm_cpp:/home/albert/ag_arm_ws/install/arm_controller:/home/albert/ws_moveit2/install/pilz_industrial_motion_planner_testutils:/home/albert/ws_moveit2/install/moveit_runtime:/home/albert/ws_moveit2/install/moveit2_tutorials:/home/albert/ws_moveit2/install/moveit:/home/albert/ws_moveit2/install/moveit_planners:/home/albert/ws_moveit2/install/pilz_industrial_motion_planner:/home/albert/ws_moveit2/install/moveit_visual_tools:/home/albert/ws_moveit2/install/moveit_task_constructor_visualization:/home/albert/ws_moveit2/install/moveit_task_constructor_demo:/home/albert/ws_moveit2/install/moveit_task_constructor_capabilities:/home/albert/ws_moveit2/install/moveit_task_constructor_core:/home/albert/ws_moveit2/install/moveit_ros_control_interface:/home/albert/ws_moveit2/install/moveit_plugins:/home/albert/ws_moveit2/install/moveit_simple_controller_manager:/home/albert/ws_moveit2/install/moveit_setup_assistant:/home/albert/ws_moveit2/install/moveit_setup_srdf_plugins:/home/albert/ws_moveit2/install/moveit_setup_core_plugins:/home/albert/ws_moveit2/install/moveit_setup_controllers:/home/albert/ws_moveit2/install/moveit_setup_app_plugins:/home/albert/ws_moveit2/install/moveit_setup_framework:/home/albert/ws_moveit2/install/moveit_servo:/home/albert/ws_moveit2/install/moveit_ros:/home/albert/ws_moveit2/install/moveit_ros_visualization:/home/albert/ws_moveit2/install/moveit_hybrid_planning:/home/albert/ws_moveit2/install/moveit_ros_planning_interface:/home/albert/ws_moveit2/install/moveit_ros_benchmarks:/home/albert/ws_moveit2/install/moveit_ros_warehouse:/home/albert/ws_moveit2/install/moveit_ros_robot_interaction:/home/albert/ws_moveit2/install/moveit_ros_perception:/home/albert/ws_moveit2/install/moveit_resources_prbt_pg70_support:/home/albert/ws_moveit2/install/moveit_resources_prbt_moveit_config:/home/albert/ws_moveit2/install/moveit_ros_move_group:/home/albert/ws_moveit2/install/moveit_planners_ompl:/home/albert/ws_moveit2/install/moveit_ros_planning:/home/albert/ws_moveit2/install/moveit_ros_occupancy_map_monitor:/home/albert/ws_moveit2/install/moveit_resources_prbt_ikfast_manipulator_plugin:/home/albert/ws_moveit2/install/moveit_planners_chomp:/home/albert/ws_moveit2/install/moveit_kinematics:/home/albert/ws_moveit2/install/moveit_chomp_optimizer_adapter:/home/albert/ws_moveit2/install/chomp_motion_planner:/home/albert/ws_moveit2/install/moveit_core:/home/albert/ws_moveit2/install/srdfdom:/home/albert/ws_moveit2/install/rviz_marker_tools:/home/albert/ws_moveit2/install/rosparam_shortcuts:/home/albert/ws_moveit2/install/moveit_task_constructor_msgs:/home/albert/ws_moveit2/install/moveit_resources_prbt_support:/home/albert/ws_moveit2/install/moveit_resources:/home/albert/ws_moveit2/install/moveit_resources_pr2_description:/home/albert/ws_moveit2/install/moveit_resources_panda_moveit_config:/home/albert/ws_moveit2/install/moveit_resources_panda_description:/home/albert/ws_moveit2/install/moveit_resources_fanuc_moveit_config:/home/albert/ws_moveit2/install/moveit_resources_fanuc_description:/home/albert/ws_moveit2/install/moveit_common:/home/albert/umov_ws/install/description:/home/albert/umov_ws/install/arduinobot_utils:/home/albert/umov_ws/install/arduinobot_remote:/home/albert/umov_ws/install/arduino_cpp_examples:/home/albert/umov_ws/install/arduinobot_moveit:/home/albert/umov_ws/install/arduinobot_firmware:/home/albert/umov_ws/install/arduinobot_controller:/home/albert/umov_ws/install/arduinobot_bringup:/home/albert/unav_ws/install/turtlebot3_fake_node:/home/albert/unav_ws/install/robot_bringup:/home/albert/unav_ws/install/nav2_robot_description:/home/albert/udem2_ws/install/robot_bringup:/home/albert/udem2_ws/install/my_robot_bringup:/home/albert/udem2_ws/install/lifecycle_cpp:/home/albert/udem2_ws/install/final_project_cpp:/home/albert/udem2_ws/install/actions_cpp:/home/albert/udem2_ws/install/robot_interfaces:/home/albert/udem2_ws/install/executors_cpp:/home/albert/udem2_ws/install/components_cpp:/home/albert/udem_ws/install/my_robot_bringup:/home/albert/udem_ws/install/my_cpp_pkg:/home/albert/udem_ws/install/my_robot_interfaces:/home/albert/udem_ws/install/my_robot_description:/home/albert/udem_ws/install/lifecycle_cpp:/home/albert/bcdc_ws/install/aggiebot_cpp:/home/albert/bcdc_ws/install/aggiebot_msgs:/home/albert/bcdc_ws/install/aggiebot_description:/home/albert/bcdc_ws/install/aggiebot_controller:/home/albert/bcdc_ws/install/aggiebot_bringup:/home/albert/bcdc_ws/install/aggiebot_arm_moveit:/home/albert/bcdc_ws/install/aggiebot_arm_description:/home/albert/bcdc_ws/install/aggiebot_arm_controller:/home/albert/bcdc_ws/install/agbot_setup_moveit:/home/albert/bcdc_ws/install/agbot_cpp:/home/albert/bcdc_ws/install/agbot_msgs:/home/albert/bcdc_ws/install/agbot_moveit:/home/albert/bcdc_ws/install/agbot_description:/home/albert/bcdc_ws/install/agbot_controller:/home/albert/bcdc_ws/install/agbot_bringup:/home/albert/bcdc_ws/install/agbot_arm_controller:/home/albert/arduinobot_ws/install/arduinobot_utils:/home/albert/arduinobot_ws/install/arduinobot_remote:/home/albert/arduinobot_ws/install/arduinobot_cpp_examples:/home/albert/arduinobot_ws/install/arduinobot_msgs:/home/albert/arduinobot_ws/install/arduinobot_moveit_setup:/home/albert/arduinobot_ws/install/arduinobot_moveit:/home/albert/arduinobot_ws/install/arduinobot_description:/home/albert/arduinobot_ws/install/arduinobot_controller:/home/albert/rad_ws/install/agbot_full_nav2:/home/albert/rad_ws/install/agbot_full_msgs:/home/albert/rad_ws/install/agbot_full_moveit_setup:/home/albert/rad_ws/install/agbot_full_moveit:/home/albert/rad_ws/install/agbot_full_description:/home/albert/rad_ws/install/agbot_full_cpp:/home/albert/rad_ws/install/agbot_full_controller:/home/albert/rad_ws/install/agbot_full_cartogropher:/home/albert/dev_ws/install/my_bot:/home/albert/ag_car_ws/install/car_nav2:/home/albert/ag_car_ws/install/car_description:/home/albert/ag_car_ws/install/car_controller:/home/albert/ag_car_ws/install/car_cartographer:/home/albert/ws_moveit2/install/moveit_configs_utils:/home/albert/ws_moveit2/install/launch_param_builder:/home/albert/umov_ws/install/arduino_py_examples:/home/albert/udem2_ws/install/actions_py:/home/albert/udem2_ws/install/lifecycle_py:/home/albert/udem2_ws/install/executors_py:/home/albert/udem2_ws/install/components_py:/home/albert/udem_ws/install/turtlesim_catcher:/home/albert/udem_ws/install/my_py_pkg:/home/albert/udem_ws/install/lifecycle_py:/home/albert/bcdc_ws/install/agbot_teleop:/home/albert/bcdc_ws/install/agbot_py:/home/albert/arduinobot_ws/install/arduinobot_py_examples:/opt/ros/humble LD_LIBRARY_PATH=/home/albert/umov_ws/install/arduinobot_msgs/lib:/home/albert/ws_moveit2/install/pilz_industrial_motion_planner_testutils/lib:/home/albert/ws_moveit2/install/pilz_industrial_motion_planner/lib:/home/albert/ws_moveit2/install/moveit_visual_tools/lib:/home/albert/ws_moveit2/install/moveit_task_constructor_visualization/lib:/home/albert/ws_moveit2/install/moveit_task_constructor_demo/lib:/home/albert/ws_moveit2/install/moveit_task_constructor_capabilities/lib:/home/albert/ws_moveit2/install/moveit_task_constructor_core/lib:/home/albert/ws_moveit2/install/moveit_ros_control_interface/lib:/home/albert/ws_moveit2/install/moveit_simple_controller_manager/lib:/home/albert/ws_moveit2/install/moveit_setup_assistant/lib:/home/albert/ws_moveit2/install/moveit_setup_srdf_plugins/lib:/home/albert/ws_moveit2/install/moveit_setup_core_plugins/lib:/home/albert/ws_moveit2/install/moveit_setup_controllers/lib:/home/albert/ws_moveit2/install/moveit_setup_app_plugins/lib:/home/albert/ws_moveit2/install/moveit_setup_framework/lib:/home/albert/ws_moveit2/install/moveit_servo/lib:/home/albert/ws_moveit2/install/moveit_ros_visualization/lib:/home/albert/ws_moveit2/install/moveit_hybrid_planning/lib:/home/albert/ws_moveit2/install/moveit_ros_planning_interface/lib:/home/albert/ws_moveit2/install/moveit_ros_benchmarks/lib:/home/albert/ws_moveit2/install/moveit_ros_warehouse/lib:/home/albert/ws_moveit2/install/moveit_ros_robot_interaction/lib:/home/albert/ws_moveit2/install/moveit_ros_perception/lib:/home/albert/ws_moveit2/install/moveit_ros_move_group/lib:/home/albert/ws_moveit2/install/moveit_planners_ompl/lib:/home/albert/ws_moveit2/install/moveit_ros_planning/lib:/home/albert/ws_moveit2/install/moveit_ros_occupancy_map_monitor/lib:/home/albert/ws_moveit2/install/moveit_resources_prbt_ikfast_manipulator_plugin/lib:/home/albert/ws_moveit2/install/moveit_planners_chomp/lib:/home/albert/ws_moveit2/install/moveit_kinematics/lib:/home/albert/ws_moveit2/install/moveit_chomp_optimizer_adapter/lib:/home/albert/ws_moveit2/install/chomp_motion_planner/lib:/home/albert/ws_moveit2/install/moveit_core/lib:/home/albert/ws_moveit2/install/srdfdom/lib:/home/albert/ws_moveit2/install/rviz_marker_tools/lib:/home/albert/ws_moveit2/install/rosparam_shortcuts/lib:/home/albert/ws_moveit2/install/moveit_task_constructor_msgs/lib:/home/albert/umov_ws/install/arduinobot_remote/lib:/home/albert/umov_ws/install/arduino_cpp_examples/lib:/home/albert/umov_ws/install/arduinobot_controller/lib:/home/albert/udem2_ws/install/final_project_cpp/lib:/home/albert/udem2_ws/install/robot_interfaces/lib:/home/albert/udem2_ws/install/components_cpp/lib:/home/albert/udem_ws/install/my_robot_interfaces/lib:/home/albert/bcdc_ws/install/aggiebot_msgs/lib:/home/albert/bcdc_ws/install/agbot_msgs/lib:/home/albert/arduinobot_ws/install/arduinobot_remote/lib:/home/albert/arduinobot_ws/install/arduinobot_cpp_examples/lib:/home/albert/arduinobot_ws/install/arduinobot_msgs/lib:/usr/lib/x86_64-linux-gnu/gazebo-11/plugins:/opt/ros/humble/opt/rviz_ogre_vendor/lib:/opt/ros/humble/lib/x86_64-linux-gnu:/opt/ros/humble/lib:/usr/share/gazebo/../../lib/x86_64-linux-gnu/gazebo-11/plugins /home/albert/.local/bin/cmake --install /home/albert/umov_ws/build/arduino_cpp_examples
[11.644s] Level 1:colcon.colcon_core.environment:checking '/home/albert/umov_ws/install/arduino_cpp_examples' for CMake config files
[11.645s] Level 1:colcon.colcon_core.shell:create_environment_hook('arduino_cpp_examples', 'cmake_prefix_path')
[11.645s] INFO:colcon.colcon_core.shell:Creating environment hook '/home/albert/umov_ws/install/arduino_cpp_examples/share/arduino_cpp_examples/hook/cmake_prefix_path.ps1'
[11.646s] INFO:colcon.colcon_core.shell:Creating environment descriptor '/home/albert/umov_ws/install/arduino_cpp_examples/share/arduino_cpp_examples/hook/cmake_prefix_path.dsv'
[11.646s] INFO:colcon.colcon_core.shell:Creating environment hook '/home/albert/umov_ws/install/arduino_cpp_examples/share/arduino_cpp_examples/hook/cmake_prefix_path.sh'
[11.647s] Level 1:colcon.colcon_core.environment:checking '/home/albert/umov_ws/install/arduino_cpp_examples/lib'
[11.647s] Level 1:colcon.colcon_core.shell:create_environment_hook('arduino_cpp_examples', 'ld_library_path_lib')
[11.647s] INFO:colcon.colcon_core.shell:Creating environment hook '/home/albert/umov_ws/install/arduino_cpp_examples/share/arduino_cpp_examples/hook/ld_library_path_lib.ps1'
[11.647s] INFO:colcon.colcon_core.shell:Creating environment descriptor '/home/albert/umov_ws/install/arduino_cpp_examples/share/arduino_cpp_examples/hook/ld_library_path_lib.dsv'
[11.648s] INFO:colcon.colcon_core.shell:Creating environment hook '/home/albert/umov_ws/install/arduino_cpp_examples/share/arduino_cpp_examples/hook/ld_library_path_lib.sh'
[11.648s] Level 1:colcon.colcon_core.environment:checking '/home/albert/umov_ws/install/arduino_cpp_examples/bin'
[11.648s] Level 1:colcon.colcon_core.environment:checking '/home/albert/umov_ws/install/arduino_cpp_examples/lib/pkgconfig/arduino_cpp_examples.pc'
[11.648s] Level 1:colcon.colcon_core.environment:checking '/home/albert/umov_ws/install/arduino_cpp_examples/lib/python3.10/site-packages'
[11.649s] Level 1:colcon.colcon_core.environment:checking '/home/albert/umov_ws/install/arduino_cpp_examples/bin'
[11.649s] INFO:colcon.colcon_core.shell:Creating package script '/home/albert/umov_ws/install/arduino_cpp_examples/share/arduino_cpp_examples/package.ps1'
[11.649s] INFO:colcon.colcon_core.shell:Creating package descriptor '/home/albert/umov_ws/install/arduino_cpp_examples/share/arduino_cpp_examples/package.dsv'
[11.650s] INFO:colcon.colcon_core.shell:Creating package script '/home/albert/umov_ws/install/arduino_cpp_examples/share/arduino_cpp_examples/package.sh'
[11.650s] INFO:colcon.colcon_core.shell:Creating package script '/home/albert/umov_ws/install/arduino_cpp_examples/share/arduino_cpp_examples/package.bash'
[11.651s] INFO:colcon.colcon_core.shell:Creating package script '/home/albert/umov_ws/install/arduino_cpp_examples/share/arduino_cpp_examples/package.zsh'
[11.651s] Level 1:colcon.colcon_core.environment:create_file_with_runtime_dependencies(/home/albert/umov_ws/install/arduino_cpp_examples/share/colcon-core/packages/arduino_cpp_examples)
[11.652s] Level 1:colcon.colcon_core.environment:create_environment_scripts_only(arduino_cpp_examples)
[11.652s] Level 1:colcon.colcon_core.environment:checking '/home/albert/umov_ws/install/arduino_cpp_examples' for CMake module files
[11.653s] Level 1:colcon.colcon_core.environment:checking '/home/albert/umov_ws/install/arduino_cpp_examples' for CMake config files
[11.653s] Level 1:colcon.colcon_core.shell:create_environment_hook('arduino_cpp_examples', 'cmake_prefix_path')
[11.653s] INFO:colcon.colcon_core.shell:Creating environment hook '/home/albert/umov_ws/install/arduino_cpp_examples/share/arduino_cpp_examples/hook/cmake_prefix_path.ps1'
[11.654s] INFO:colcon.colcon_core.shell:Creating environment descriptor '/home/albert/umov_ws/install/arduino_cpp_examples/share/arduino_cpp_examples/hook/cmake_prefix_path.dsv'
[11.654s] INFO:colcon.colcon_core.shell:Creating environment hook '/home/albert/umov_ws/install/arduino_cpp_examples/share/arduino_cpp_examples/hook/cmake_prefix_path.sh'
[11.654s] Level 1:colcon.colcon_core.environment:checking '/home/albert/umov_ws/install/arduino_cpp_examples/lib'
[11.655s] Level 1:colcon.colcon_core.shell:create_environment_hook('arduino_cpp_examples', 'ld_library_path_lib')
[11.655s] INFO:colcon.colcon_core.shell:Creating environment hook '/home/albert/umov_ws/install/arduino_cpp_examples/share/arduino_cpp_examples/hook/ld_library_path_lib.ps1'
[11.655s] INFO:colcon.colcon_core.shell:Creating environment descriptor '/home/albert/umov_ws/install/arduino_cpp_examples/share/arduino_cpp_examples/hook/ld_library_path_lib.dsv'
[11.655s] INFO:colcon.colcon_core.shell:Creating environment hook '/home/albert/umov_ws/install/arduino_cpp_examples/share/arduino_cpp_examples/hook/ld_library_path_lib.sh'
[11.656s] Level 1:colcon.colcon_core.environment:checking '/home/albert/umov_ws/install/arduino_cpp_examples/bin'
[11.656s] Level 1:colcon.colcon_core.environment:checking '/home/albert/umov_ws/install/arduino_cpp_examples/lib/pkgconfig/arduino_cpp_examples.pc'
[11.656s] Level 1:colcon.colcon_core.environment:checking '/home/albert/umov_ws/install/arduino_cpp_examples/lib/python3.10/site-packages'
[11.656s] Level 1:colcon.colcon_core.environment:checking '/home/albert/umov_ws/install/arduino_cpp_examples/bin'
[11.657s] INFO:colcon.colcon_core.shell:Creating package script '/home/albert/umov_ws/install/arduino_cpp_examples/share/arduino_cpp_examples/package.ps1'
[11.657s] INFO:colcon.colcon_core.shell:Creating package descriptor '/home/albert/umov_ws/install/arduino_cpp_examples/share/arduino_cpp_examples/package.dsv'
[11.658s] INFO:colcon.colcon_core.shell:Creating package script '/home/albert/umov_ws/install/arduino_cpp_examples/share/arduino_cpp_examples/package.sh'
[11.658s] INFO:colcon.colcon_core.shell:Creating package script '/home/albert/umov_ws/install/arduino_cpp_examples/share/arduino_cpp_examples/package.bash'
[11.659s] INFO:colcon.colcon_core.shell:Creating package script '/home/albert/umov_ws/install/arduino_cpp_examples/share/arduino_cpp_examples/package.zsh'
[11.659s] Level 1:colcon.colcon_core.environment:create_file_with_runtime_dependencies(/home/albert/umov_ws/install/arduino_cpp_examples/share/colcon-core/packages/arduino_cpp_examples)
[11.660s] DEBUG:colcon.colcon_parallel_executor.executor.parallel:closing loop
[11.660s] DEBUG:colcon.colcon_parallel_executor.executor.parallel:loop closed
[11.660s] DEBUG:colcon.colcon_parallel_executor.executor.parallel:run_until_complete finished with '0'
[11.660s] DEBUG:colcon.colcon_core.event_reactor:joining thread
[11.668s] INFO:colcon.colcon_core.plugin_system:Skipping extension 'colcon_notification.desktop_notification.terminal_notifier': Not used on non-Darwin systems
[11.668s] INFO:colcon.colcon_core.plugin_system:Skipping extension 'colcon_notification.desktop_notification.win32': Not used on non-Windows systems
[11.668s] INFO:colcon.colcon_notification.desktop_notification:Sending desktop notification using 'notify2'
[11.680s] DEBUG:colcon.colcon_core.event_reactor:joined thread
[11.680s] INFO:colcon.colcon_core.shell:Creating prefix script '/home/albert/umov_ws/install/local_setup.ps1'
[11.681s] INFO:colcon.colcon_core.shell:Creating prefix util module '/home/albert/umov_ws/install/_local_setup_util_ps1.py'
[11.683s] INFO:colcon.colcon_core.shell:Creating prefix chain script '/home/albert/umov_ws/install/setup.ps1'
[11.692s] INFO:colcon.colcon_core.shell:Creating prefix script '/home/albert/umov_ws/install/local_setup.sh'
[11.693s] INFO:colcon.colcon_core.shell:Creating prefix util module '/home/albert/umov_ws/install/_local_setup_util_sh.py'
[11.693s] INFO:colcon.colcon_core.shell:Creating prefix chain script '/home/albert/umov_ws/install/setup.sh'
[11.702s] INFO:colcon.colcon_core.shell:Creating prefix script '/home/albert/umov_ws/install/local_setup.bash'
[11.702s] INFO:colcon.colcon_core.shell:Creating prefix chain script '/home/albert/umov_ws/install/setup.bash'
[11.710s] INFO:colcon.colcon_core.shell:Creating prefix script '/home/albert/umov_ws/install/local_setup.zsh'
[11.711s] INFO:colcon.colcon_core.shell:Creating prefix chain script '/home/albert/umov_ws/install/setup.zsh'
